# callgrind format
version: 1
creator: callgrind-3.25.1
pid: 1501462
cmd:  ./pearson_par data/1024.data data_o/1024_par_t8.data 8
part: 1


desc: I1 cache: 
desc: D1 cache: 
desc: LL cache: 

desc: Timerange: Basic block 0 - 3440912127
desc: Trigger: Program termination

positions: line
events: Ir
summary: 33885140643


ob=(1) /usr/lib/ld-linux-x86-64.so.2
fl=(1) ???
fn=(564) 0x0000000000013160
0 234

fn=(656) 0x000000000001a940
0 369

fn=(718) 0x000000000000b430
0 396

fn=(878) 0x0000000000004ee0
0 8
cfn=(220) __tunable_get_val
calls=1 0 
0 18
0 7

fn=(890) 0x0000000000025ee0
0 113867

fn=(1136) 0x0000000000025310
0 450

fn=(1222) 0x0000000000011da0
0 6

fn=(1298) _dl_catch_exception
0 294
cfn=(1300) 0x0000000000024960
calls=14 0 
0 336
0 84
cfn=(1878) 0x0000000000003740
calls=13 0 
0 25738
cfn=(1302) 0x000000000001d700
calls=1 0 
0 2579
0 238

fn=(1300)
0 336

fn=(1776) 0x0000000000005760
0 55
cfn=(1778) 0x0000000000003580
calls=5 0 
0 35
0 130

fn=(2636) 0x0000000000011e10
0 144
cfn=(220)
calls=1 0 
0 18
0 17
cfn=(220)
calls=1 0 
0 18
0 37

fn=(3716) 0x000000000000b280
0 136
cfn=(3728) 0x000000000000b1a0
calls=3 0 
0 610
0 42

fn=(3800) 0x0000000000001f00
0 14
cfn=(3716)
calls=1 0 
0 253
0 12
cob=(2) /usr/lib/libc.so.6
cfi=(2) ???
cfn=(3810) __libc_early_init
calls=1 0 
0 303

fn=(3890) 0x0000000000015930
0 4

fn=(650) 0x0000000000012a10
0 17

fn=(1020) 0x000000000001b090
0 88
cfn=(1022) 0x000000000001af20
calls=11 0 
0 467
0 6
cfn=(1022)
calls=3 0 
0 192
0 106
cfn=(1060) 0x000000000001afd0
calls=6 0 
0 30
0 45

fn=(1394) 0x0000000000005800
0 95
cfn=(1398) 0x0000000000024490
calls=5 0 
0 105
0 55
cfn=(1412) 0x0000000000024530
calls=5 0 
0 30
0 256
cfn=(2180) 0x0000000000024500
calls=1 0 
0 7
0 13

fn=(1900) 0x0000000000006c50
0 96

fn=(1942) 0x000000000000b680
0 11
cfn=(1398)
calls=1 0 
0 21
0 7
cfn=(1452) 0x0000000000024240
calls=1 0 
0 6
0 10
cfn=(1734) 0x0000000000024370
calls=1 0 
0 6
0 13
cfn=(1574) 0x0000000000024650
calls=1 0 
0 26
0 3

fn=(7624) 0x0000000000001f70
0 148
cob=(6) /usr/lib/libgcc_s.so.1
cfi=(109) /usr/src/debug/gcc/gcc/libgcc/unwind-dw2-fde.c
cfn=(7772) release_registered_frames
calls=1 58 
0 42
cob=(3) /usr/lib/libm.so.6
cfi=(3) ???
cfn=(7742) 0x000000000000f670
calls=1 0 
0 42
cob=(7) /usr/lib/libstdc++.so.6.0.34
cfi=(43) ???
cfn=(7690) 0x00000000000ae4a0
calls=1 0 
0 1601
cob=(5) /usr/lib/valgrind/vgpreload_core-amd64-linux.so
cfi=(5) ???
cfn=(7674) 0x0000000000001090
calls=1 0 
0 116
cob=(8) /home/nithin/CLionProjects/1dv1674_a2/pearson/pearson_par
cfi=(55) ???
cfn=(7632) 0x0000000000002330
calls=1 0 
0 116
0 2
cob=(6)
cfi=(9) ???
cfn=(7776) 0x00000000000053c0
calls=1 0 
0 116
cob=(3)
cfi=(3)
cfn=(7756) 0x000000000000f710
calls=1 0 
0 116
0 82
cob=(4) ???
cfi=(4) ???
cfn=(7790) 0x0000000004c477c8
calls=1 0 
0 4
cob=(4)
cfi=(4)
cfn=(7770) 0x0000000004bbd588
calls=1 0 
0 4
cob=(4)
cfi=(4)
cfn=(7740) 0x0000000004a80264
calls=1 0 
0 4
cob=(4)
cfi=(4)
cfn=(7688) 0x0000000004848274
calls=1 0 
0 4
cob=(4)
cfi=(4)
cfn=(7662) 0x0000000004007f20
calls=1 0 
0 4
0 12

fn=(360) 0x00000000000168b0
0 372
cfn=(366) 0x0000000000016640
calls=12 0 
0 4044
0 84
cfn=(366)
calls=12 0 
0 1307
0 24

fn=(702) 0x000000000000baa0
0 117
cfn=(628) 0x0000000000027520
calls=5 0 
0 103
0 45
cfn=(714) 0x000000000000b580
calls=5 0 
0 250
0 3
cfn=(714)
calls=1 0 
0 35
0 84
cfn=(732) 0x0000000000025320
calls=6 0 
0 77
0 412
cfn=(628)
calls=5 0 
0 175
0 55
cfn=(1136)
calls=5 0 
0 73
0 477
cfn=(718)
calls=5 0 
0 90
0 40

fn=(1022)
0 291
cfn=(1042) 0x0000000000025cb0
calls=9 0 
0 216
0 90
cfn=(628)
calls=3 0 
0 51
0 18

fn=(1158) 0x0000000000025510
0 1321

fn=(2412) 0x00000000000022e0
0 13
cfn=(2416) 0x000000000001de70
calls=1 0 
0 28515
0 8

fn=(2626) 0x0000000000011c10
0 12
cfn=(220)
calls=1 0 
0 17
0 5
cfn=(220)
calls=1 0 
0 17
0 22

fn=(2906) 0x0000000000009840
0 70032
cfn=(890)
calls=316 0 
0 16586
0 83227
cfn=(890)
calls=2820 0 
0 83016
0 14100

fn=(3866) 0x0000000000014d80
0 9
cfn=(3870) 0x0000000000024730
calls=1 0 
0 6
0 4

fn=(1302)
0 15
cfn=(1304) 0x0000000000008900
calls=1 0 
0 2560
0 4

fn=(1316) 0x000000000000b750
0 1197
cfn=(890)
calls=133 0 
0 4219
0 1638
cfn=(890)
calls=151 0 
0 5466
0 967

fn=(1364) 0x0000000000006420
0 112
cfn=(1042)
calls=14 0 
0 456
0 98

fn=(1412)
0 30

fn=(2234) 0x0000000000024590
0 125

fn=(2326) 0x00000000000111f0
0 300
cfn=(2344) 0x00000000000110c0
calls=14 0 
0 513
0 102
cfn=(732)
calls=2 0 
0 38
0 2

fn=(7582) 0x0000000000004f60
0 23
cob=(2)
cfi=(2)
cfn=(6338) pthread_mutex_lock
calls=1 0 
0 41
0 34
cfn=(3860) 0x00000000000185b0
calls=1 0 
0 9
0 123
cfn=(2326)
calls=1 0 
0 511
0 2
cob=(2)
cfi=(2)
cfn=(6340) pthread_mutex_unlock
calls=1 0 
0 41
0 91
cfn=(7624)
calls=7 0 
0 2413
0 14
cfn=(7666) 0x00000000000187a0
calls=7 0 
0 35
0 33
cfn=(3860)
calls=1 0 
0 9
0 2

fn=(246) 0x0000000000015ff0
0 71

fn=(2418) 0x00000000000141d0
0 56
cfn=(2426) 0x0000000000013880
calls=7 0 
0 28409
0 35

fn=(2758) 0x000000000000e160
0 302623
cfn=(2852) 0x000000000000a560
calls=2813 0 
0 2043931
0 148392
cfn=(3708) 0x00000000000184b0
calls=1 0 
0 6
cob=(3)
cfi=(3)
cfn=(3340) cosf
calls=1 0 
0 10
cob=(3)
cfi=(3)
cfn=(3338) __exp_finite
calls=1 0 
0 9
cob=(3)
cfi=(3)
cfn=(3336) expf
calls=1 0 
0 10
cob=(3)
cfi=(3)
cfn=(3334) cos
calls=1 0 
0 9
cob=(3)
cfi=(3)
cfn=(3332) logf
calls=1 0 
0 10
cob=(3)
cfi=(3)
cfn=(3330) tan
calls=1 0 
0 9
cob=(3)
cfi=(3)
cfn=(3328) log2
calls=1 0 
0 10
cob=(3)
cfi=(3)
cfn=(3326) sincosf
calls=1 0 
0 10
cob=(3)
cfi=(3)
cfn=(3324) powf
calls=1 0 
0 10
cob=(3)
cfi=(3)
cfn=(3322) __pow_finite
calls=1 0 
0 8
cob=(3)
cfi=(3)
cfn=(3320) log2f
calls=1 0 
0 10
cob=(3)
cfi=(3)
cfn=(3316) 0x0000000000059b70
calls=1 0 
0 10
cob=(3)
cfi=(3)
cfn=(3314) __log_finite
calls=1 0 
0 9
cob=(3)
cfi=(3)
cfn=(3312) atan
calls=1 0 
0 9
cob=(3)
cfi=(3)
cfn=(3310) __acos_finite
calls=1 0 
0 8
cob=(3)
cfi=(3)
cfn=(3308) sinf
calls=1 0 
0 10
cob=(3)
cfi=(3)
cfn=(3306) fma
calls=1 0 
0 6
cob=(3)
cfi=(3)
cfn=(3304) roundeven
calls=1 0 
0 7
cob=(3)
cfi=(3)
cfn=(3302) __asin_finite
calls=1 0 
0 8
cob=(3)
cfi=(3)
cfn=(3300) expm1
calls=1 0 
0 10
cob=(3)
cfi=(3)
cfn=(3298) exp2f
calls=1 0 
0 10
cob=(3)
cfi=(3)
cfn=(3296) __sinh_finite
calls=1 0 
0 10
cob=(3)
cfi=(3)
cfn=(3294) __atanh_finite
calls=1 0 
0 10
cob=(3)
cfi=(3)
cfn=(3292) __atan2_finite
calls=1 0 
0 9
cob=(3)
cfi=(3)
cfn=(3290) sin
calls=1 0 
0 9
cob=(3)
cfi=(3)
cfn=(3288) fmaf
calls=1 0 
0 6
cob=(3)
cfi=(3)
cfn=(3286) sincos
calls=1 0 
0 8
cob=(2)
cfi=(2)
cfn=(3148) strspn
calls=1 0 
0 7
cob=(2)
cfi=(2)
cfn=(3146) memchr
calls=1 0 
0 21
cob=(2)
cfi=(2)
cfn=(3144) memmove
calls=1 0 
0 22
cob=(2)
cfi=(2)
cfn=(3142) strncpy
calls=1 0 
0 21
cob=(2)
cfi=(2)
cfn=(3140) strlen
calls=1 0 
0 25
cob=(2)
cfi=(2)
cfn=(3138) strcasecmp_l
calls=1 0 
0 22
cob=(2)
cfi=(2)
cfn=(3136) strcpy
calls=1 0 
0 19
cob=(2)
cfi=(2)
cfn=(3134) bcmp
calls=1 0 
0 25
cob=(2)
cfi=(2)
cfn=(3132) strchrnul
calls=1 0 
0 25
cob=(2)
cfi=(2)
cfn=(3130) strncasecmp_l
calls=1 0 
0 22
cob=(2)
cfi=(2)
cfn=(3128) wcscpy
calls=1 0 
0 17
cob=(2)
cfi=(2)
cfn=(3126) strcspn
calls=1 0 
0 7
cob=(2)
cfi=(2)
cfn=(3124) strcasecmp
calls=1 0 
0 22
cob=(2)
cfi=(2)
cfn=(3122) strncmp
calls=1 0 
0 22
cob=(2)
cfi=(2)
cfn=(3120) wmemchr
calls=2 0 
0 42
cob=(2)
cfi=(2)
cfn=(3118) stpncpy
calls=1 0 
0 21
cob=(2)
cfi=(2)
cfn=(3116) wcscmp
calls=1 0 
0 25
cob=(2)
cfi=(2)
cfn=(3114) rindex
calls=1 0 
0 25
cob=(2)
cfi=(2)
cfn=(3112) index
calls=1 0 
0 21
cob=(2)
cfi=(2)
cfn=(3110) wcschr
calls=2 0 
0 50
cob=(2)
cfi=(2)
cfn=(3108) memrchr
calls=1 0 
0 25
cob=(2)
cfi=(2)
cfn=(3106) strcmp
calls=1 0 
0 20
cob=(2)
cfi=(2)
cfn=(3104) strpbrk
calls=1 0 
0 7
cob=(2)
cfi=(2)
cfn=(3102) strnlen
calls=2 0 
0 50
cob=(2)
cfi=(2)
cfn=(3100) wcsnlen
calls=1 0 
0 20
cob=(2)
cfi=(2)
cfn=(3098) memset
calls=1 0 
0 23
cob=(2)
cfi=(2)
cfn=(3096) wcslen
calls=1 0 
0 20
cob=(2)
cfi=(2)
cfn=(3094) __mempcpy_chk
calls=1 0 
0 22
cob=(2)
cfi=(2)
cfn=(3092) __memcpy_chk
calls=1 0 
0 22
cob=(2)
cfi=(2)
cfn=(3090) wcsncpy
calls=1 0 
0 18
cob=(2)
cfi=(2)
cfn=(3088) memcpy
calls=1 0 
0 22
cob=(2)
cfi=(2)
cfn=(3086) __memset_chk
calls=1 0 
0 23
cob=(2)
cfi=(2)
cfn=(3084) strcat
calls=1 0 
0 19
cob=(2)
cfi=(2)
cfn=(3082) wmemset
calls=2 0 
0 20
cob=(2)
cfi=(2)
cfn=(3080) wcscat
calls=1 0 
0 18
cob=(2)
cfi=(2)
cfn=(3078) wmemcmp
calls=1 0 
0 25
cob=(2)
cfi=(2)
cfn=(3076) __memmove_chk
calls=1 0 
0 22
cob=(2)
cfi=(2)
cfn=(3074) stpcpy
calls=1 0 
0 19
cob=(2)
cfi=(2)
cfn=(3072) wcpncpy
calls=1 0 
0 18
cob=(2)
cfi=(2)
cfn=(3070) mempcpy
calls=1 0 
0 22
cob=(2)
cfi=(2)
cfn=(3068) strncasecmp
calls=1 0 
0 22
cob=(2)
cfi=(2)
cfn=(3058) 0x00000000000bfad0
calls=1 0 
0 30
0 630
cfn=(732)
calls=1 0 
0 71
0 792
cob=(2)
cfi=(2)
cfn=(3082)
calls=1 0 
0 10
cob=(2)
cfi=(2)
cfn=(3076)
calls=1 0 
0 22
cob=(2)
cfi=(2)
cfn=(3116)
calls=1 0 
0 25
cob=(2)
cfi=(2)
cfn=(3142)
calls=1 0 
0 21
cob=(2)
cfi=(2)
cfn=(3134)
calls=1 0 
0 25
cob=(2)
cfi=(2)
cfn=(3106)
calls=1 0 
0 20
cob=(2)
cfi=(2)
cfn=(3112)
calls=1 0 
0 21
cob=(2)
cfi=(2)
cfn=(3148)
calls=1 0 
0 7
cob=(2)
cfi=(2)
cfn=(3450) strstr
calls=1 0 
0 7
cob=(2)
cfi=(2)
cfn=(3120)
calls=1 0 
0 21
cob=(2)
cfi=(2)
cfn=(3092)
calls=1 0 
0 22
cob=(2)
cfi=(2)
cfn=(3122)
calls=1 0 
0 22
cob=(2)
cfi=(2)
cfn=(3442) gettimeofday
calls=1 0 
0 7
cob=(2)
cfi=(2)
cfn=(3078)
calls=1 0 
0 25
cob=(2)
cfi=(2)
cfn=(3146)
calls=1 0 
0 21
cob=(2)
cfi=(2)
cfn=(3096)
calls=1 0 
0 20
cob=(2)
cfi=(2)
cfn=(3086)
calls=2 0 
0 46
cob=(2)
cfi=(2)
cfn=(3144)
calls=3 0 
0 66
cob=(2)
cfi=(2)
cfn=(3088)
calls=3 0 
0 66
cob=(2)
cfi=(2)
cfn=(3098)
calls=2 0 
0 46
cob=(2)
cfi=(2)
cfn=(3140)
calls=3 0 
0 75
0 25024
cfn=(2852)
calls=6 0 
0 3770
0 7090

fn=(3178) 0x0000000000024700
0 42

fn=(3714) 0x000000000001b570
0 12
cfn=(3716)
calls=1 0 
0 267
0 18
cfn=(3716)
calls=1 0 
0 268
0 14

fn=(3772) 0x000000000001b2d0
0 60
cfn=(2852)
calls=4 0 
0 2980
0 96

fn=(3860)
0 27

fn=(3900) 0x0000000000005220
0 248
cob=(4)
cfi=(4)
cfn=(4016) 0x000000000492c000
calls=1 0 
0 7
cob=(4)
cfi=(4)
cfn=(4006) 0x0000000004b38000
calls=1 0 
0 7
cob=(4)
cfi=(4)
cfn=(3990) 0x0000000004c25000
calls=1 0 
0 7
cob=(4)
cfi=(4)
cfn=(3914) 0x0000000004848000
calls=1 0 
0 7
0 148
cob=(7)
cfi=(54) /usr/src/debug/gcc/gcc/libstdc++-v3/src/c++11/locale-inst.cc
cfn=(4536) _GLOBAL__sub_I_wlocale_inst.cc
calls=1 160 
0 50
cob=(7)
cfi=(54)
cfn=(4528) _GLOBAL__sub_I_locale_inst.cc
calls=1 160 
0 50
cob=(7)
cfi=(54)
cfn=(4520) _GLOBAL__sub_I_cxx11_wlocale_inst.cc
calls=1 160 
0 34
cob=(7)
cfi=(54)
cfn=(4512) _GLOBAL__sub_I_cxx11_locale_inst.cc
calls=1 160 
0 34
cob=(7)
cfi=(53) /usr/src/debug/gcc/gcc/libstdc++-v3/src/c++98/parallel_settings.cc
cfn=(4510) _GLOBAL__sub_I_parallel_settings.cc
calls=1 42 
0 47
cob=(7)
cfi=(50) /usr/src/debug/gcc/gcc/libstdc++-v3/src/c++98/bitmap_allocator.cc
cfn=(4504) _GLOBAL__sub_I_bitmap_allocator.cc
calls=1 127 
0 74
cob=(7)
cfi=(48) /usr/src/debug/gcc/gcc/libstdc++-v3/libsupc++/eh_alloc.cc
cfn=(4292) _GLOBAL__sub_I_eh_alloc.cc
calls=1 456 
0 2325
cob=(7)
cfi=(46) /usr/src/debug/gcc/gcc/libstdc++-v3/src/c++11/compatibility-thread-c++0x.cc
cfn=(4288) _GLOBAL__sub_I_compatibility_thread_c__0x.cc
calls=1 128 
0 11
cob=(7)
cfi=(45) /usr/src/debug/gcc/gcc/libstdc++-v3/src/c++11/compatibility-condvar.cc
cfn=(4286) _GLOBAL__sub_I_compatibility_condvar.cc
calls=1 108 
0 3
cob=(7)
cfi=(44) /usr/src/debug/gcc/gcc/libstdc++-v3/src/c++11/compatibility-c++0x.cc
cfn=(4282) _GLOBAL__sub_I_compatibility_c__0x.cc
calls=1 260 
0 184
cob=(7)
cfi=(43)
cfn=(4276) 0x00000000000ae4f0
calls=1 0 
0 12
cob=(7)
cfi=(42) /usr/src/debug/gcc/gcc/libstdc++-v3/src/c++20/tzdb.cc
cfn=(4268) _GLOBAL__sub_I.00098_tzdb.cc
calls=1 2174 
0 81
cob=(6)
cfi=(9)
cfn=(4000) 0x0000000000005410
calls=1 0 
0 12
cob=(2)
cfi=(2)
cfn=(3982) 0x0000000000027500
calls=1 0 
0 22
cob=(2)
cfi=(2)
cfn=(3974) 0x0000000000027490
calls=1 0 
0 12
0 20
cob=(7)
cfi=(10) /usr/src/debug/gcc/gcc/libstdc++-v3/src/c++98/globals_io.cc
cfn=(4020) _GLOBAL__sub_I.00090_globals_io.cc
calls=1 118 
0 39394
cob=(3)
cfi=(3)
cfn=(4010) 0x000000000000f760
calls=1 0 
0 12
cob=(6)
cfi=(6) /usr/src/debug/gcc/gcc/libgcc/config/i386/cpuinfo.c
cfn=(3994) __cpu_indicator_init@GCC_4.8.0
calls=1 60 
0 362
cob=(2)
cfi=(2)
cfn=(3948) 0x0000000000027420
calls=1 0 
0 69
cob=(5)
cfi=(5)
cfn=(3926) 0x00000000000010e0
calls=1 0 
0 12
0 126

fn=(6320) _dl_allocate_tls
0 48
cfn=(2674) 0x00000000000118c0
calls=8 0 
0 3122
0 32
cfn=(3624) _dl_allocate_tls_init
calls=8 0 
0 3096

fn=(218) 0x00000000000111c0
0 8
cfn=(220)
calls=1 0 
0 18
0 6

fn=(272) 0x00000000000169a0
0 196

fn=(714)
0 302
cfn=(1574)
calls=3 0 
0 78
0 21
cfn=(2094) 0x0000000000024760
calls=3 0 
0 55
0 280

fn=(996) 0x000000000001ab00
0 18
cfn=(998) 0x000000000001ae90
calls=1 0 
0 36
0 8
cfn=(1020)
calls=1 0 
0 20
0 24
cfn=(1020)
calls=2 0 
0 140
0 2
cfn=(1020)
calls=1 0 
0 158
0 12
cfn=(718)
calls=1 0 
0 18
0 13
cfn=(1022)
calls=1 0 
0 7
0 40
cfn=(1020)
calls=2 0 
0 140
0 2
cfn=(1020)
calls=1 0 
0 158
0 39
cfn=(1100) 0x0000000000025040
calls=1 0 
0 19
0 30
cfn=(718)
calls=1 0 
0 18
0 14
cfn=(1124) 0x000000000001aa60
calls=1 0 
0 46
0 5
cfn=(1124)
calls=1 0 
0 394
0 17

fn=(1100)
0 19

fn=(136) 0x000000000001cf60
0 9
cfn=(138) 0x000000000001c040
calls=1 0 
0 487
0 2
cfn=(160) 0x0000000000013180
calls=1 0 
0 15500
0 1
cfn=(218)
calls=1 0 
0 32
0 2
cfn=(226) 0x0000000000022500
calls=1 0 
0 8
0 1
cfn=(234) 0x00000000000184e0
calls=1 0 
0 7184
0 4
cfn=(628)
calls=1 0 
0 17
0 3
cfn=(636) 0x0000000000022e30
calls=1 0 
0 13
0 11
cfn=(648) 0x000000000001e9a0
calls=1 0 
0 2607477
0 4

fn=(220)
0 695

fn=(648)
0 22
cfn=(650)
calls=1 0 
0 17
0 11
cfn=(656)
calls=1 0 
0 363
0 2
cfn=(656)
calls=1 0 
0 6
0 84
cfn=(702)
calls=1 0 
0 286
0 13
cfn=(770) 0x000000000000ba00
calls=1 0 
0 36
0 289
cfn=(836) 0x0000000000007030
calls=1 0 
0 54
0 154
cfn=(878)
calls=1 0 
0 33
0 13
cfn=(890)
calls=1 0 
0 43
0 326
cfn=(126) 0x0000000000011000
calls=1 0 
0 27
0 10
cfn=(994) 0x0000000000006cc0
calls=1 0 
0 1508
0 3
cfn=(1178) 0x00000000000035d0
calls=1 0 
0 32
0 48
cfn=(1222)
calls=1 0 
0 6
0 10
cfn=(1230) _dl_debug_state
calls=1 0 
0 2
0 4
cfn=(1234) 0x0000000000018510
calls=1 0 
0 5
0 10
cfn=(1822) 0x0000000000024210
calls=1 0 
0 9
0 21
cfn=(1846) 0x0000000000003790
calls=1 0 
0 30433
0 127
cfn=(2412)
calls=1 0 
0 28536
0 133
cfn=(2740) 0x00000000000159b0
calls=1 0 
0 25
0 17
cfn=(2754) 0x0000000000010910
calls=1 0 
0 83250
0 137
cfn=(2754)
calls=7 0 
0 2450890
0 32
cfn=(3208) 0x0000000000012720
calls=3 0 
0 81
0 14
cfn=(3606) 0x00000000000126d0
calls=1 0 
0 43
0 10
cfn=(3624)
calls=1 0 
0 314
0 6
cfn=(3634) 0x00000000000238f0
calls=1 0 
0 1070
0 12
cfn=(2758)
calls=1 0 
0 260
0 6
cfn=(3714)
calls=1 0 
0 579
0 2
cfn=(3766) 0x000000000001b3a0
calls=1 0 
0 3251
0 2
cfn=(3172) 0x000000000000dff0
calls=1 0 
0 35
0 3
cfn=(3800)
calls=1 0 
0 582
0 1
cfn=(3852) 0x000000000001d020
calls=1 0 
0 2
0 2
cfn=(1778)
calls=1 0 
0 7
0 3
cfn=(1230)
calls=1 0 
0 2
0 4
cfn=(3860)
calls=1 0 
0 9
0 1
cfn=(3866)
calls=1 0 
0 19
0 111
cfn=(2620) 0x000000000001e100
calls=1 0 
0 943
0 23
cfn=(1244) 0x000000000001e880
calls=1 0 
0 3018
0 35

fn=(994)
0 14
cfn=(996)
calls=1 0 
0 1378
0 3
cfn=(718)
calls=1 0 
0 18
0 12
cfn=(718)
calls=1 0 
0 18
0 21
cfn=(1158)
calls=1 0 
0 14
0 30

fn=(1042)
0 792

fn=(1878)
0 234
cfn=(1304)
calls=13 0 
0 25452
0 52

fn=(2142) 0x0000000000011cb0
0 33

fn=(3624)
0 162
cob=(2)
cfi=(2)
cfn=(6338)
calls=8 0 
0 328
cfn=(772) 0x0000000000012a00
calls=1 0 
0 3
0 1197
cfn=(1136)
calls=27 0 
0 351
0 162
cfn=(1158)
calls=27 0 
0 468
0 309
cob=(2)
cfi=(2)
cfn=(6340)
calls=8 0 
0 328
cfn=(772)
calls=1 0 
0 3
0 99

fn=(3638) 0x00000000000232c0
0 449

fn=(3650) 0x0000000000023330
0 272
cfn=(3638)
calls=6 0 
0 377
0 24

fn=(3686) 0x0000000000023830
0 265

fn=(3728)
0 93
cfn=(890)
calls=3 0 
0 232
0 36
cfn=(890)
calls=3 0 
0 213
0 36

fn=(3852)
0 2

fn=(770)
0 54
cfn=(772)
calls=6 0 
0 18
0 229

fn=(1178)
0 32

fn=(1378) 0x00000000000274c0
0 72
cfn=(628)
calls=4 0 
0 140
0 12
cfn=(718)
calls=4 0 
0 72
0 36

fn=(7718) __tls_get_addr
0 24

fn=(4590) 0x0000000000010940
0 1585
cfn=(2852)
calls=7 0 
0 5749
0 171
cfn=(2852)
calls=19 0 
0 14701
0 994
cob=(2)
cfi=(2)
cfn=(3088)
calls=1 0 
0 22
cob=(2)
cfi=(2)
cfn=(3140)
calls=1 0 
0 25
0 6

fn=(0) 0x000000000001d5c0
0 2
cfn=(2) 0x000000000001e1d0
calls=1 0 
0 2631394
0 8
cfn=(3890)
calls=1 0 
0 4
0 10
cfn=(3896) 0x0000000000005350
calls=1 0 
0 43472
0 3
cob=(8)
cfi=(55)
cfn=(4550) (below main)
calls=1 0 
0 5671152503

fn=(998)
0 36

fn=(1574)
0 601

fn=(2584) 0x00000000000276c0
0 32

fn=(2664) 0x0000000000012020
0 11
cfn=(718)
calls=1 0 
0 18
0 318
cfn=(2674)
calls=1 0 
0 116
0 8

fn=(2694) 0x0000000000012a60
0 33
cfn=(220)
calls=1 0 
0 18
0 21
cfn=(1158)
calls=1 0 
0 13
0 10

fn=(2852)
0 896536
cfn=(2872) 0x00000000000099c0
calls=2849 0 
0 1044970
0 129625

fn=(3634)
0 10
cfn=(3650)
calls=1 0 
0 133
0 4
cfn=(718)
calls=1 0 
0 18
0 8
cfn=(3650)
calls=1 0 
0 540
0 11
cfn=(3638)
calls=1 0 
0 72
0 2
cfn=(3686)
calls=1 0 
0 265
0 7

fn=(3708)
0 6

fn=(3766)
0 88
cfn=(3772)
calls=1 0 
0 746
0 5
cfn=(3772)
calls=1 0 
0 783
0 5
cfn=(3772)
calls=1 0 
0 844
0 5
cfn=(3772)
calls=1 0 
0 763
0 12

fn=(836)
0 474

fn=(1778)
0 42

fn=(1846)
0 187
cfn=(718)
calls=5 0 
0 90
0 40
cfn=(732)
calls=5 0 
0 63
0 30
cfn=(732)
calls=5 0 
0 63
0 555
cfn=(1364)
calls=13 0 
0 603
0 104
cfn=(1298)
calls=13 0 
0 26622
0 1233
cfn=(718)
calls=1 0 
0 18
0 122
cfn=(2326)
calls=1 0 
0 444
0 86
cfn=(2234)
calls=5 0 
0 125
0 24
cfn=(732)
calls=1 0 
0 19
0 5

fn=(1980) 0x0000000000014350
0 772
cfn=(1988) 0x0000000000014260
calls=46 0 
0 3544
0 284
cfn=(1988)
calls=4 0 
0 326
0 200

fn=(2344)
0 513

fn=(7666)
0 35

fn=(2)
0 563
cfn=(122) 0x000000000001b100
calls=1 0 
0 10
0 8
cfn=(126)
calls=1 0 
0 27
0 8
cfn=(136)
calls=1 0 
0 2630755
0 23

fn=(466) 0x0000000000016190
0 225

fn=(628)
0 729

fn=(732)
0 394

fn=(1060)
0 30

fn=(1294) 0x000000000001dc20
0 19
cfn=(1296) 0x0000000000002540
calls=1 0 
0 2675
0 12

fn=(1362) 0x0000000000006640
0 9
cfn=(1364)
calls=1 0 
0 63
0 34
cfn=(628)
calls=1 0 
0 35
0 3
cfn=(718)
calls=1 0 
0 18
0 9

fn=(1398)
0 126

fn=(2674)
0 81
cob=(2)
cfi=(2)
cfn=(6322) calloc
calls=8 0 
0 2962
cfn=(714)
calls=1 0 
0 96
0 99

fn=(2754)
0 144
cfn=(3178)
calls=6 0 
0 36
0 86
cfn=(2758)
calls=6 0 
0 2533856
0 18

fn=(3386) 0x000000000000b7b0
0 159

fn=(3606)
0 43

fn=(3870)
0 6

fn=(3896)
0 33
cfn=(3900)
calls=1 0 
0 41
0 42
cfn=(3900)
calls=6 0 
0 43245
0 24
cfn=(3900)
calls=1 0 
0 84
0 3

fn=(122)
0 10

fn=(160)
0 15500

fn=(2426)
0 748
cfn=(1316)
calls=73 0 
0 6865
0 11829
cfn=(890)
calls=61 0 
0 2752
0 375
cfn=(890)
calls=3 0 
0 195
0 1308
cfn=(714)
calls=6 0 
0 239
0 4064
cfn=(2584)
calls=1 0 
0 32
0 2

fn=(2740)
0 25

fn=(2872)
0 728994
cfn=(2906)
calls=2839 0 
0 266961
0 29604
cfn=(772)
calls=82 0 
0 246
0 9848
cfn=(714)
calls=1 0 
0 29
0 1260
cfn=(772)
calls=82 0 
0 246
0 4035
cfn=(3386)
calls=2 0 
0 159
0 8
cfn=(714)
calls=2 0 
0 58
0 2334
cfn=(3424) 0x000000000000b5c0
calls=2 0 
0 10
0 1178

fn=(3208)
0 81

fn=(3424)
0 10

fn=(226)
0 8

fn=(636)
0 13

fn=(1452)
0 36

fn=(1734)
0 36

fn=(1936) 0x0000000000014a00
0 85
cfn=(1980)
calls=4 0 
0 5126
0 28
cfn=(628)
calls=4 0 
0 140
0 68
cfn=(732)
calls=4 0 
0 44
0 8
cfn=(1378)
calls=4 0 
0 332
0 17
cfn=(1942)
calls=1 0 
0 103
0 39

fn=(6828) _dl_deallocate_tls
0 80
cob=(2)
cfi=(2)
cfn=(5390) free
calls=4 0 
0 16
0 320
cob=(2)
cfi=(2)
cfn=(5390)
calls=64 0 
0 256
0 152
cob=(2)
cfi=(2)
cfn=(5390)
calls=4 0 
0 240
0 32

fn=(1234)
0 5

fn=(1250) 0x0000000000027340
0 238

fn=(126)
0 189

fn=(138)
0 487

fn=(366)
0 5351

fn=(1124)
0 48
cfn=(1136)
calls=2 0 
0 26
0 22
cfn=(1020)
calls=2 0 
0 140
0 4
cfn=(1020)
calls=2 0 
0 178
0 22

fn=(1988)
0 3870

fn=(2180)
0 14

fn=(4588) 0x0000000000012dc0
0 676
cfn=(4590)
calls=26 0 
0 23253
0 390

fn=(4564) _dl_audit_preinit
0 5

fn=(772)
0 516

fn=(1304)
0 1187
cfn=(1316)
calls=60 0 
0 6622
0 683
cfn=(890)
calls=28 0 
0 1020
0 252
cfn=(1042)
calls=5 0 
0 120
0 21
cfn=(1362)
calls=1 0 
0 171
0 15
cfn=(1394)
calls=1 0 
0 105
0 23
cfn=(1448) 0x0000000000007220
calls=1 0 
0 1817
0 72
cfn=(1448)
calls=4 0 
0 8829
0 41
cfn=(628)
calls=4 0 
0 68
0 68
cfn=(1900)
calls=4 0 
0 32
0 44
cfn=(1936)
calls=4 0 
0 5990
0 72
cfn=(1394)
calls=4 0 
0 456
0 60
cfn=(1900)
calls=4 0 
0 32
0 116
cfn=(1900)
calls=4 0 
0 32
0 64

fn=(1448)
0 155
cfn=(702)
calls=5 0 
0 1750
0 2191
cfn=(1574)
calls=5 0 
0 140
0 295
cfn=(1158)
calls=5 0 
0 826
0 280
cfn=(1574)
calls=15 0 
0 315
0 45
cfn=(1452)
calls=5 0 
0 30
0 293
cfn=(2180)
calls=1 0 
0 7
0 2274
cfn=(836)
calls=5 0 
0 420
0 408
cfn=(1734)
calls=5 0 
0 30
0 60
cfn=(126)
calls=5 0 
0 135
0 129
cfn=(2142)
calls=3 0 
0 33
0 15
cfn=(770)
calls=5 0 
0 265
0 30
cfn=(1776)
calls=5 0 
0 220
0 21
cfn=(1574)
calls=2 0 
0 42
0 59
cfn=(890)
calls=4 0 
0 125
0 53

fn=(1822)
0 9

fn=(2416)
0 10
cfn=(2418)
calls=1 0 
0 28500
0 5

fn=(2620)
0 14
cfn=(714)
calls=1 0 
0 29
0 5
cfn=(2626)
calls=1 0 
0 73
0 1
cfn=(2636)
calls=1 0 
0 234
0 1
cfn=(2664)
calls=1 0 
0 471
0 14
cfn=(2694)
calls=1 0 
0 95
0 6

fn=(3172)
0 24
cfn=(3178)
calls=1 0 
0 6
0 5

fn=(234)
0 28
cfn=(246)
calls=1 0 
0 71
0 28
cfn=(272)
calls=1 0 
0 196
0 96
cfn=(220)
calls=1 0 
0 17
0 7
cfn=(220)
calls=1 0 
0 17
0 15
cfn=(220)
calls=1 0 
0 17
0 10
cfn=(220)
calls=1 0 
0 17
0 11
cfn=(220)
calls=1 0 
0 17
0 8
cfn=(220)
calls=1 0 
0 17
0 14
cfn=(564)
calls=1 0 
0 39
0 12
cfn=(564)
calls=1 0 
0 39
0 9
cfn=(564)
calls=1 0 
0 39
0 10
cfn=(564)
calls=1 0 
0 39
0 11
cfn=(564)
calls=1 0 
0 39
0 10
cfn=(564)
calls=1 0 
0 39
0 16
cfn=(220)
calls=1 0 
0 16
0 4
cfn=(220)
calls=1 0 
0 18
0 11
cfn=(220)
calls=1 0 
0 16
0 4
cfn=(220)
calls=1 0 
0 16
0 12
cfn=(220)
calls=1 0 
0 18
0 37
cfn=(360)
calls=1 0 
0 456
0 3
cfn=(360)
calls=1 0 
0 523
0 5
cfn=(360)
calls=1 0 
0 473
0 3
cfn=(360)
calls=1 0 
0 465
0 5
cfn=(360)
calls=1 0 
0 446
0 3
cfn=(360)
calls=1 0 
0 448
0 3
cfn=(360)
calls=1 0 
0 498
0 3
cfn=(360)
calls=1 0 
0 488
0 3
cfn=(360)
calls=1 0 
0 490
0 4
cfn=(360)
calls=1 0 
0 513
0 3
cfn=(360)
calls=1 0 
0 515
0 3
cfn=(360)
calls=1 0 
0 516
0 7
cfn=(466)
calls=1 0 
0 225
0 43

fn=(1230)
0 4

fn=(1244)
0 30
cfn=(1294)
calls=1 0 
0 2706
0 6
cfn=(1250)
calls=1 0 
0 238
0 8
cfn=(732)
calls=1 0 
0 19
0 11

fn=(1296)
0 14
cfn=(1298)
calls=1 0 
0 2647
0 14

fn=(2094)
0 27
cfn=(220)
calls=1 0 
0 18
0 10

ob=(2)
fl=(2)
fn=(4552) (below main)
0 19
cfn=(4240) __cxa_atexit
calls=1 0 
0 76
0 12
cob=(1)
cfi=(1)
cfn=(4564)
calls=1 0 
0 5
0 6
cfn=(4566) 0x0000000000027640
calls=1 0 
0 5671152319
0 11
cob=(4)
cfi=(4)
cfn=(4554) 0x0000000004002000
calls=1 0 
0 7
0 20
cob=(8)
cfi=(55)
cfn=(4558) 0x0000000000002380
calls=1 0 
0 12
0 4

fn=(4040) pthread_once
0 12583022
cfn=(4042) 0x000000000009abc0
calls=2 0 
0 200
0 6

fn=(4062) _pthread_cleanup_pop
0 60

fn=(3068)
0 22

fn=(3094)
0 22

fn=(3100)
0 20

fn=(3816) 0x0000000000098300
0 11
cob=(1)
cfi=(1)
cfn=(220)
calls=1 0 
0 18
0 4
cob=(1)
cfi=(1)
cfn=(220)
calls=1 0 
0 17
0 4
cob=(1)
cfi=(1)
cfn=(220)
calls=1 0 
0 18
0 6

fn=(3826) 0x00000000000419a0
0 18

fn=(4118) wctype_l
0 130
cob=(4)
cfi=(4)
cfn=(4120) 0x0000000004c72240
calls=10 0 
0 160
0 338
cob=(4)
cfi=(4)
cfn=(4120)
calls=48 0 
0 768
0 20
cob=(4)
cfi=(4)
cfn=(4120)
calls=10 0 
0 160
0 370
cfn=(4128) 0x000000000016b820
calls=49 0 
0 1048
0 208

fn=(4122) 0x000000000016ed00
0 29361122

fn=(4772) 0x000000000008f6c0
0 52

fn=(5248) 0x0000000000053fe0
0 74618973
cfn=(5256) 0x00000000000543b0
calls=2016729 0 
0 55230141
0 8066916

fn=(5868) 0x00000000000a34c0
0 33
cfn=(5874) mmap
calls=1 0 
0 26
0 9
cfn=(5884) 0x0000000000119a80
calls=1 0 
0 49
0 15

fn=(6472) 0x00000000000926a0
0 32
cfn=(4806) 0x0000000000091f80
calls=1 0 
0 49
0 6

fn=(6622) 0x000000000005a930
0 18874512

fn=(6684) 0x0000000000092be0
0 48

fn=(6690) 0x00000000000a97a0
0 224
cfn=(6692) 0x00000000001602f0
calls=8 0 
0 96
0 8
cfn=(6698) 0x0000000000132760
calls=8 0 
0 264
0 8
cfn=(6710) 0x00000000000bfc80
calls=8 0 
0 160
0 8
cfn=(6716) 0x0000000000091e20
calls=8 0 
0 48
0 16

fn=(6754) madvise
0 48

fn=(6958) vsnprintf
0 24117248
cfn=(6510) 0x0000000000063920
calls=1048576 0 
0 2420284708
0 6291456
cfn=(6622)
calls=1048576 0 
0 18874368
0 6291456

fn=(4104) uselocale
0 46137388

fn=(3074)
0 19

fn=(3086)
0 69

fn=(3122)
0 44

fn=(3130)
0 22

fn=(3132)
0 25

fn=(3948)
0 33
cob=(4)
cfi=(4)
cfn=(3960) 0x0000000004c72320
calls=1 0 
0 24
0 12

fn=(4128)
0 1095

fn=(4416) __default_morecore
0 3324
cfn=(4418) sbrk
calls=554 0 
0 9983
0 2217

fn=(4418)
0 9047
cfn=(4420) brk
calls=61 0 
0 551
0 370
cfn=(4420)
calls=1 0 
0 9
0 6

fn=(4786) 0x0000000000092720
0 78

fn=(4822) 0x000000000016e120
0 42

fn=(5352) 0x0000000000048d60
0 12576540

fn=(5982) fclose
0 38
cfn=(6032) _IO_file_finish
calls=2 0 
0 50
0 30
cfn=(5390)
calls=2 0 
0 120
0 14
cfn=(5984) _IO_un_link
calls=2 0 
0 220
0 59
cfn=(6022) _IO_file_close_it
calls=2 0 
0 188
0 13

fn=(6032)
0 10
cfn=(6034) _IO_default_finish
calls=2 0 
0 40

fn=(6700) 0x000000000013a6a0
0 176

fn=(6716)
0 48

fn=(7828) _IO_flush_all
0 16
cfn=(4786)
calls=1 0 
0 13
0 141
cfn=(4790) 0x0000000000092770
calls=1 0 
0 10
0 18

fn=(4050) _pthread_cleanup_push
0 70

fn=(3072)
0 18

fn=(3098)
0 69

fn=(3106)
0 40

fn=(3108)
0 25

fn=(3116)
0 50

fn=(3982)
0 22

fn=(4314) 0x00000000000a29f0
0 794
cob=(1)
cfi=(1)
cfn=(220)
calls=1 0 
0 17
0 4
cob=(1)
cfi=(1)
cfn=(220)
calls=1 0 
0 18
0 4
cob=(1)
cfi=(1)
cfn=(220)
calls=1 0 
0 17
0 4
cob=(1)
cfi=(1)
cfn=(220)
calls=1 0 
0 17
0 4
cob=(1)
cfi=(1)
cfn=(220)
calls=1 0 
0 18
0 4
cob=(1)
cfi=(1)
cfn=(220)
calls=1 0 
0 17
0 4
cob=(1)
cfi=(1)
cfn=(220)
calls=1 0 
0 17
0 4
cob=(1)
cfi=(1)
cfn=(220)
calls=1 0 
0 17
0 4
cob=(1)
cfi=(1)
cfn=(220)
calls=1 0 
0 17
0 4
cob=(1)
cfi=(1)
cfn=(220)
calls=1 0 
0 17
0 4
cob=(1)
cfi=(1)
cfn=(220)
calls=1 0 
0 17
0 4
cob=(1)
cfi=(1)
cfn=(220)
calls=1 0 
0 17
0 8

fn=(4622) __isoc23_strtol
0 107

fn=(4784) _IO_link_in
0 76
cfn=(4786)
calls=2 0 
0 26
0 99
cfn=(4790)
calls=2 0 
0 20
0 26

fn=(4954) 0x000000000016b580
0 20645560

fn=(5256)
0 437471049

fn=(5310) 0x0000000000053e60
0 50306288

fn=(5578) 0x00000000000a2650
0 178996

fn=(6030) _IO_setb
0 38

fn=(6310) 0x00000000000935f0
0 280

fn=(6318) mprotect
0 48

fn=(6340)
0 369

fn=(6366) 0x0000000000092930
0 96

fn=(6384) 0x0000000000119160
0 16

fn=(4570) __sigsetjmp
0 252

fn=(3092)
0 44

fn=(3810)
0 11
cob=(1)
cfi=(1)
cfn=(220)
calls=1 0 
0 18
0 4
cob=(1)
cfi=(1)
cfn=(220)
calls=1 0 
0 18
0 4
cob=(1)
cfi=(1)
cfn=(220)
calls=1 0 
0 18
0 4
cob=(1)
cfi=(1)
cfn=(220)
calls=1 0 
0 18
0 4
cob=(1)
cfi=(1)
cfn=(220)
calls=1 0 
0 18
0 19
cfn=(3812) __ctype_init
calls=1 0 
0 17
0 7
cfn=(3814) getrlimit
calls=1 0 
0 10
0 29
cfn=(3816)
calls=1 0 
0 78
0 2
cfn=(3826)
calls=1 0 
0 18
0 6

fn=(4108) wctob
0 2432

fn=(4110) btowc
0 8192
cfn=(4112) _dl_mcount_wrapper_check
calls=128 0 
0 640
0 1280

fn=(4240)
0 95
cfn=(4248) 0x000000000003fcc0
calls=5 0 
0 162
0 120

fn=(4248)
0 162

fn=(4762) fopen
0 28
cfn=(4312) malloc
calls=2 0 
0 228
0 24
cfn=(4770) 0x000000000008f730
calls=2 0 
0 114
0 8
cfn=(4782) 0x000000000008c050
calls=2 0 
0 245
0 10
cfn=(4798) _IO_file_fopen
calls=2 0 
0 502
0 32

fn=(4770)
0 24
cfn=(4772)
calls=2 0 
0 52
0 38

fn=(4806)
0 26222160
cfn=(6488) 0x000000000009ddf0
calls=1048578 0 
0 15728670
0 9441057

fn=(5288) 0x00000000000491f0
0 81509563

fn=(5390)
0 47359383
cfn=(5528) 0x00000000000a3ec0
calls=4106 0 
0 604814
0 5263523
cfn=(7474) 0x00000000000a1d00
calls=2 0 
0 70
0 2
cfn=(7474)
calls=1 0 
0 35
0 10486019

fn=(5874)
0 312

fn=(6022)
0 38
cfn=(6024) _IO_unsave_markers
calls=2 0 
0 12
0 20
cfn=(6026) _IO_file_close
calls=2 0 
0 18
0 18
cfn=(6030)
calls=2 0 
0 38
0 12
cfn=(5984)
calls=2 0 
0 8
0 24

fn=(6028) __close_nocancel
0 12

fn=(6164) 0x00000000000a35c0
0 54
cfn=(5874)
calls=3 0 
0 78
0 30
cfn=(5884)
calls=3 0 
0 48
0 99

fn=(6306) __libc_sigaction
0 51

fn=(6448) pthread_join
0 368
cfn=(6798) 0x0000000000092d40
calls=8 0 
0 1720
0 160
cfn=(4050)
calls=8 0 
0 56
0 13
cfn=(6472)
calls=1 0 
0 87
0 71
cfn=(4062)
calls=8 0 
0 48
0 32

fn=(6488)
0 15728670

fn=(6504) snprintf
0 168
cfn=(6506) 0x0000000000089dc0
calls=8 0 
0 4200
0 40

fn=(6692)
0 96

fn=(7558) 0x00000000000403f0
0 125
cfn=(7884) _Exit
calls=1 0 
0 3
0 13
cob=(1)
cfi=(1)
cfn=(7582)
calls=1 0 
0 3381
0 5
cfn=(7826) 0x00000000000900d0
calls=1 0 
0 409
0 2
cfn=(6680) __call_tls_dtors
calls=1 0 
0 13
0 1

fn=(7640) 0x0000000000100180
0 90

fn=(7826)
0 12
cfn=(7828)
calls=1 0 
0 198
0 6
cfn=(4786)
calls=1 0 
0 13
0 152
cfn=(4790)
calls=1 0 
0 10
0 18

fn=(4568) _setjmp
0 27
cfn=(4570)
calls=9 0 
0 252

fn=(3084)
0 19

fn=(3090)
0 18

fn=(3128)
0 17

fn=(3442)
0 7

fn=(3450)
0 7

fn=(4296) getenv
0 19
cob=(4)
cfi=(4)
cfn=(4120)
calls=1 0 
0 16
0 419
cob=(4)
cfi=(4)
cfn=(4298) 0x0000000004c722e0
calls=2 0 
0 54
0 16

fn=(4312)
0 44155678
cfn=(4354) 0x00000000000a5c60
calls=1 0 
0 483
0 8274
cfn=(4360) 0x00000000000a4c60
calls=3 0 
0 878
0 39
cfn=(4314)
calls=1 0 
0 1052
0 12350
cfn=(4360)
calls=4116 0 
0 1132279
0 32926

fn=(4400) 0x00000000000a4190
0 4566
cfn=(6164)
calls=3 0 
0 309
0 1060
cfn=(5868)
calls=1 0 
0 132
0 371
cfn=(4416)
calls=61 0 
0 2706
0 1641
cfn=(4416)
calls=1 0 
0 26
0 21
cfn=(5528)
calls=1 0 
0 87
0 6

fn=(4420)
0 560

fn=(4566)
0 10
cfn=(4568)
calls=1 0 
0 31
0 14
cob=(8)
cfi=(56) /home/nithin/CLionProjects/1dv1674_a2/pearson/pearson_par.cpp
cfn=(4580) main
calls=1 119 
0 5671148303
0 2
cfn=(7556) exit
calls=1 0 
0 3959

fn=(5536) 0x00000000000a3d50
0 73181
cfn=(5578)
calls=1022 0 
0 22484
0 6132
cfn=(5554) 0x00000000000a28d0
calls=1022 0 
0 28689
0 32
cfn=(5554)
calls=8 0 
0 286
0 9243

fn=(6304) pthread_create
0 200
cfn=(6308) pthread_getattr_default_np
calls=8 0 
0 440
0 48
cfn=(6316) getpagesize
calls=8 0 
0 48
0 296
cfn=(6422) pthread_attr_destroy
calls=8 0 
0 48
0 1072
cfn=(6370) 0x0000000000095270
calls=8 0 
0 1029
0 112
cfn=(6306)
calls=1 0 
0 51
0 46
cfn=(6368) _IO_enable_locks
calls=1 0 
0 42
0 130
cfn=(5874)
calls=8 0 
0 208
0 160
cfn=(6318)
calls=8 0 
0 48
0 136
cob=(1)
cfi=(1)
cfn=(6320)
calls=8 0 
0 6298
0 112
cfn=(6366)
calls=8 0 
0 96
0 56

fn=(6492) 0x0000000000095500
0 136
cfn=(3812)
calls=8 0 
0 136
0 24
cfn=(6498) 0x0000000000095430
calls=8 0 
0 4816
0 144
cfn=(4568)
calls=8 0 
0 248
0 232
cfn=(6680)
calls=8 0 
0 104
0 8
cfn=(6684)
calls=8 0 
0 48
0 8
cfn=(6690)
calls=8 0 
0 832
0 240
cfn=(6740) 0x0000000000041ae0
calls=8 0 
0 32
0 64
cfn=(6316)
calls=8 0 
0 48
0 160
cfn=(6498)
calls=8 0 
0 328
0 16
cob=(8)
cfi=(56)
cfn=(6662) worker(void*)
calls=8 54 
0 28211305479
0 32
cfn=(6754)
calls=8 0 
0 48
0 8

fn=(6498)
0 296
cfn=(6504)
calls=8 0 
0 4408
0 32
cfn=(5884)
calls=8 0 
0 128
0 280

fn=(6514) 0x000000000016e360
0 39846192

fn=(6522) 0x000000000005ae70
0 52429288
cfn=(4704) 0x000000000016bf80
calls=1048592 0 
0 11539824
0 27263248

fn=(6820) 0x0000000000092970
0 128
cob=(1)
cfi=(1)
cfn=(6828)
calls=4 0 
0 1096
0 12
cfn=(6832) munmap
calls=4 0 
0 24
0 48

fn=(6982) 0x000000000005d450
0 22020096
cob=(4)
cfi=(4)
cfn=(4120)
calls=1048576 0 
0 16777216
0 34603008
cfn=(6996) 0x000000000005b090
calls=1048576 0 
0 2046991652
0 1048576

fn=(7556)
0 7
cfn=(7558)
calls=1 0 
0 3952

fn=(7710) fflush
0 190
cfn=(7712) _IO_file_sync
calls=10 0 
0 180
0 350

fn=(7884)
0 3

fn=(3112)
0 42

fn=(3114)
0 25

fn=(3118)
0 21

fn=(3138)
0 22

fn=(3140)
0 125

fn=(3148)
0 14

fn=(3812)
0 153

fn=(4354)
0 15
cfn=(4360)
calls=1 0 
0 369
0 99

fn=(4360)
0 913680
cfn=(5578)
calls=2725 0 
0 84418
0 98353
cfn=(5578)
calls=3 0 
0 66
0 168
cfn=(5578)
calls=21 0 
0 651
0 4152
cfn=(4468) 0x00000000000a1ce0
calls=1002 0 
0 5010
0 16723
cfn=(4468)
calls=1 0 
0 5
0 64
cfn=(4468)
calls=4 0 
0 20
0 261
cfn=(4400)
calls=64 0 
0 10925
0 384
cfn=(4468)
calls=64 0 
0 320
0 160

fn=(4620) atoi
0 6
cfn=(4622)
calls=1 0 
0 107
0 2

fn=(4704)
0 36805835

fn=(4802) open
0 43
cfn=(4804) 0x0000000000092010
calls=2 0 
0 92
0 17

fn=(4804)
0 6296088
cfn=(4806)
calls=1049348 0 
0 51391838
0 8394784

fn=(5126) strtod_l
0 25165824
cob=(4)
cfi=(4)
cfn=(4120)
calls=1048576 0 
0 16777216
0 237745885
cfn=(5238) 0x000000000016bf50
calls=1047522 0 
0 20950440
0 24987019
cfn=(5248)
calls=943493 0 
0 58496566
0 27034746
cfn=(5288)
calls=1047522 0 
0 81482890
0 51380605
cfn=(5288)
calls=523 0 
0 26673
0 21966
cfn=(5310)
calls=523 0 
0 8368
0 5230
cfn=(5340) 0x0000000000048da0
calls=523 0 
0 50731
0 5238133
cfn=(5340)
calls=1047522 0 
0 98001081
0 48186012
cfn=(5310)
calls=1047522 0 
0 16760352
0 5237610
cfn=(5310)
calls=1047522 0 
0 16760352
0 14145163
cfn=(5238)
calls=943493 0 
0 18869860
0 5137797

fn=(6034)
0 40

fn=(6316)
0 96

fn=(6370)
0 312
cfn=(6378) 0x0000000000119080
calls=8 0 
0 565
0 152

fn=(6380) 0x0000000000119010
0 38
cfn=(6384)
calls=1 0 
0 16
0 39

fn=(6510)
0 27263184
cob=(4)
cfi=(4)
cfn=(6512) 0x0000000004c72290
calls=1048584 0 
0 22020264
0 7340088
cfn=(6522)
calls=1048584 0 
0 19923336
0 126878176
cob=(4)
cfi=(4)
cfn=(6512)
calls=1048584 0 
0 22020264
0 6291504
cfn=(6522)
calls=1048584 0 
0 19923096
0 22020248
cfn=(6570) 0x0000000000059400
calls=8 0 
0 840
0 352
cfn=(6522)
calls=8 0 
0 424
0 1048736
cfn=(6982)
calls=1048576 0 
0 2121440548
0 24117424

fn=(6680)
0 117

fn=(7006) 0x0000000000055300
0 22020096

fn=(7284) 0x0000000000055050
0 23144868

fn=(7474)
0 87
cfn=(6832)
calls=3 0 
0 18

fn=(7638) __cxa_finalize
0 357
cfn=(7640)
calls=5 0 
0 90
0 116
cob=(7)
cfi=(11) /usr/src/debug/gcc/gcc/libstdc++-v3/src/c++98/ios_init.cc
cfn=(7704) std::ios_base::Init::~Init()
calls=1 123 
0 1365
cob=(7)
cfi=(106) /usr/src/debug/gcc/gcc-build/x86_64-pc-linux-gnu/libstdc++-v3/include/bits/shared_ptr_atomic.h
cfn=(7702) std::atomic<std::shared_ptr<std::chrono::tzdb_list::_Node> >::~atomic()
calls=1 631 
0 7
cob=(7)
cfi=(44)
cfn=(7700) std::(anonymous namespace)::generic_error_category::~generic_error_category()
calls=1 188 
0 6
cob=(7)
cfi=(44)
cfn=(7696) std::(anonymous namespace)::system_error_category::~system_error_category()
calls=1 203 
0 6
0 28

fn=(4042)
0 80
cfn=(4050)
calls=2 0 
0 14
0 4
cob=(7)
cfi=(13) /usr/src/debug/gcc/gcc/libstdc++-v3/src/c++11/locale_init.cc
cfn=(4030) std::locale::_S_initialize_once()
calls=1 324 
0 5
cob=(7)
cfi=(14) /usr/src/debug/gcc/gcc/libstdc++-v3/src/c++98/locale.cc
cfn=(4054) std::locale::facet::_S_initialize_once()
calls=1 208 
0 59
0 6
cfn=(4062)
calls=2 0 
0 12
0 20

fn=(4058) newlocale
0 38

fn=(3070)
0 22

fn=(3082)
0 30

fn=(3096)
0 40

fn=(3104)
0 7

fn=(3120)
0 63

fn=(3144)
0 88

fn=(3146)
0 42

fn=(4112)
0 640

fn=(4800) _IO_file_open
0 32
cfn=(4802)
calls=2 0 
0 152
0 30
cfn=(4784)
calls=2 0 
0 28
0 12

fn=(4816) 0x00000000000aeca0
0 40
cob=(4)
cfi=(4)
cfn=(4820) 0x0000000004c72330
calls=2 0 
0 46
0 32

fn=(4890) fileno
0 7345422

fn=(5238)
0 39820300

fn=(5528)
0 11316
cfn=(4416)
calls=492 0 
0 12792
0 131042
cfn=(5578)
calls=1005 0 
0 22146
0 6030
cfn=(5554)
calls=1005 0 
0 28450
0 8288
cfn=(5554)
calls=2072 0 
0 122235
0 102020
cfn=(5536)
calls=1030 0 
0 140047
0 20535

fn=(5984)
0 26
cfn=(4786)
calls=2 0 
0 26
0 109
cfn=(4790)
calls=2 0 
0 20
0 47

fn=(6368)
0 42

fn=(6408) clone
0 208
cfn=(6492)
calls=8 0 
0 28211313191

fn=(6506)
0 184
cfn=(6510)
calls=8 0 
0 3776
0 48
cfn=(6622)
calls=8 0 
0 144
0 48

fn=(6698)
0 32
cfn=(6700)
calls=8 0 
0 176
0 56

fn=(6798)
0 332
cfn=(6820)
calls=4 0 
0 1308
0 80

fn=(7048) __libc_alloca_cutoff
0 10485760

fn=(7062) 0x000000000005af40
0 398767248
cfn=(5256)
calls=17825792 0 
0 374341632
0 259801152

fn=(3058)
0 30

fn=(3076)
0 44

fn=(3078)
0 50

fn=(3080)
0 18

fn=(3124)
0 22

fn=(3134)
0 50

fn=(3962) 0x0000000000170bb0
0 22

fn=(4468)
0 5355

fn=(4790)
0 60

fn=(4894) read
0 7700
cfn=(4804)
calls=770 0 
0 22330
0 1540

fn=(5340)
0 35757338
cfn=(5352)
calls=7738 0 
0 92856
0 22524463
cfn=(5352)
calls=1040307 0 
0 12483684
0 27193471

fn=(6322)
0 472
cfn=(4360)
calls=8 0 
0 1834
0 656

fn=(6338)
0 369

fn=(6378)
0 104
cfn=(6380)
calls=8 0 
0 93
0 144
cfn=(6408)
calls=8 0 
0 152
0 72

fn=(6570)
0 840

fn=(6996)
0 163530240
cfn=(7048)
calls=1048576 0 
0 10485760
0 28325440
cfn=(7062)
calls=2656 0 
0 135456
0 157232592
cfn=(7062)
calls=18100464 0 
0 972979696
0 133544228
cfn=(7006)
calls=1048576 0 
0 22020096
0 11534336
cfn=(7062)
calls=1048576 0 
0 59744704
0 66879532
cfn=(6522)
calls=1048576 0 
0 51385504
0 21941360
cfn=(5310)
calls=1024 0 
0 16384
0 22560250
cfn=(7062)
calls=1024 0 
0 50176
0 14091768
cfn=(5310)
calls=1047552 0 
0 16760832
0 127644174
cfn=(5256)
calls=239372 0 
0 7899276
0 12817532
cfn=(5248)
calls=1073236 0 
0 79419464
0 8031522
cfn=(7284)
calls=1046454 0 
0 18836172
0 25022682
cfn=(7284)
calls=239372 0 
0 4308696
0 9793780

fn=(7238) write
0 10485760
cfn=(4804)
calls=1048576 0 
0 66060288
0 2097152

fn=(3088)
0 110

fn=(3102)
0 50

fn=(3110)
0 50

fn=(3126)
0 7

fn=(3136)
0 19

fn=(3142)
0 42

fn=(3814)
0 10

fn=(3974)
0 12

fn=(4294) secure_getenv
0 6
cfn=(4296)
calls=1 0 
0 524

fn=(4300) 0x000000000016fde0
0 50

fn=(4782)
0 18
cfn=(4784)
calls=2 0 
0 219
0 8

fn=(4798)
0 94
cfn=(4800)
calls=2 0 
0 254
0 12
cfn=(4816)
calls=2 0 
0 118
0 24

fn=(5554)
0 120121
cfn=(5578)
calls=1717 0 
0 49231
0 10308

fn=(5884)
0 200
cob=(1)
cfi=(1)
cfn=(220)
calls=1 0 
0 18
0 7

fn=(6024)
0 12

fn=(6026)
0 6
cfn=(6028)
calls=2 0 
0 12

fn=(6308)
0 96
cfn=(6310)
calls=8 0 
0 280
0 64

fn=(6422)
0 48

fn=(6710)
0 64
cfn=(5390)
calls=8 0 
0 32
0 32
cfn=(5390)
calls=8 0 
0 32

fn=(6740)
0 32

fn=(6832)
0 42

fn=(7712)
0 180

ob=(7)
fl=(18) /usr/src/debug/gcc/gcc/libstdc++-v3/src/c++98/codecvt.cc
fn=(4884) std::codecvt<char, char, __mbstate_t>::do_always_noconv() const
100 6293769

fn=(4082) std::codecvt<char, char, __mbstate_t>::codecvt(unsigned long)
38 2
fi=(17) /usr/src/debug/gcc/gcc-build/x86_64-pc-linux-gnu/libstdc++-v3/include/bits/locale_classes.h
436 3
fe=(18)
38 4
fi=(17)
436 1
fe=(18)
41 4
cfi=(14)
cfn=(4038) std::locale::facet::_S_get_c_locale()
calls=1 221 
* 18
* 1
+1 4

fn=(4140) std::codecvt<wchar_t, char, __mbstate_t>::codecvt(unsigned long)
118 2
fi=(17)
436 3
fe=(18)
118 4
fi=(17)
436 1
fe=(18)
121 4
cfi=(14)
cfn=(4038)
calls=1 221 
* 18
* 1
+1 4

fl=(68) /usr/src/debug/gcc/gcc-build/x86_64-pc-linux-gnu/libstdc++-v3/include/bits/istream.tcc
fn=(4872) std::istream::sentry::sentry(std::istream&, bool)
51 8396824
+4 1049603
-4 1049603
+1 1049603
+3 2099206
fi=(34) /usr/src/debug/gcc/gcc-build/x86_64-pc-linux-gnu/libstdc++-v3/include/bits/basic_ios.h
+92 1049603
fe=(68)
-92 3148809
fi=(34)
311 2099206
fe=(68)
59 2099206
fi=(34)
+88 1048577
fe=(68)
-58 2097154
-28 4196360
+29 1049603
+6 6297618
fi=(34)
338 1048577
fi=(69) /usr/src/debug/gcc/gcc-build/x86_64-pc-linux-gnu/libstdc++-v3/include/streambuf
494 1048577
350 2097154
fe=(68)
67 1048576
fi=(71) /usr/src/debug/gcc/gcc-build/x86_64-pc-linux-gnu/libstdc++-v3/include/bits/char_traits.h
452 1048576
fi=(34)
51 2097152
fi=(72) /usr/src/debug/gcc/gcc-build/x86_64-pc-linux-gnu/libstdc++-v3/include/x86_64-pc-linux-gnu/bits/ctype_inline.h
-7 2097154
fe=(68)
+25 2097154
fi=(69)
494 1047552
+3 1047552
328 2095104
507 2095104
350 2095104
fi=(71)
452 1047552
fi=(72)
44 2095104
fe=(68)
+25 2095104
+20 4194308
fi=(69)
353 3
cfi=(64) /usr/src/debug/gcc/gcc-build/x86_64-pc-linux-gnu/libstdc++-v3/include/bits/fstream.tcc
cfn=(4878) std::basic_filebuf<char, std::char_traits<char> >::underflow()
calls=1 -26 
* 147
fe=(68)
67 4
fi=(34)
-16 2
fe=(68)
+18 3

fn=(5086) std::istream& std::istream::_M_extract<double>(double&)
101 2097152
+3 1048576
-3 4194304
+3 1048576
-3 4194304
+3 2097152
cfn=(4872)
calls=1048576 -53 
* 67095552
+1 2097152
+6 1048576
-4 1048576
+4 3145728
fi=(34)
-60 2097152
fi=(19) /usr/src/debug/gcc/gcc-build/x86_64-pc-linux-gnu/libstdc++-v3/include/bits/locale_facets.h
2114 5242880
+2 8388608
cfi=(73) /usr/src/debug/gcc/gcc-build/x86_64-pc-linux-gnu/libstdc++-v3/include/bits/locale_facets.tcc
cfn=(5090) std::num_get<char, std::istreambuf_iterator<char, std::char_traits<char> > >::do_get(std::istreambuf_iterator<char, std::char_traits<char> >, std::istreambuf_iterator<char, std::char_traits<char> >, std::ios_base&, std::_Ios_Iostate&, double&) const
calls=1048576 709 
* 1689947174
* 2097152
fe=(68)
125 3145728
+4 9437184
-3 3072
fi=(36) /usr/src/debug/gcc/gcc-build/x86_64-pc-linux-gnu/libstdc++-v3/include/bits/ios_base.h
+72 1024
fi=(34)
-31 1024
cfi=(38) /usr/src/debug/gcc/gcc-build/x86_64-pc-linux-gnu/libstdc++-v3/include/bits/basic_ios.tcc
cfn=(4852) std::basic_ios<char, std::char_traits<char> >::clear(std::_Ios_Iostate)
calls=1024 46 
* 9216
* 1024
fe=(68)

fn=(4870) std::istream& std::istream::_M_extract<unsigned int>(unsigned int&)
101 2
+3 1
-3 4
+3 1
-3 4
+3 2
cfn=(4872)
calls=1 -53 
* 206
+1 2
+6 1
-4 1
+4 3
fi=(34)
-60 2
fi=(19)
2056 5
+2 8
cfn=(4904) std::num_get<char, std::istreambuf_iterator<char, std::char_traits<char> > >::do_get(std::istreambuf_iterator<char, std::char_traits<char> >, std::istreambuf_iterator<char, std::char_traits<char> >, std::ios_base&, std::_Ios_Iostate&, unsigned int&) const
calls=1 2238 
* 368
* 2
fe=(68)
125 3
+4 9

fl=(104) /usr/src/debug/gcc/gcc-build/x86_64-pc-linux-gnu/libstdc++-v3/include/bits/streambuf.tcc
fn=(7196) std::basic_streambuf<char, std::char_traits<char> >::xsputn(char const*, long)
84 11534336
+3 1048576
-3 1048576
+4 4194304
fi=(69)
541 1048576
fe=(104)
91 3145728
+2 1048575
fi=(71)
429 1048575
fe=(104)
93 1048575
fi=(49) /usr/src/debug/gcc/gcc-build/x86_64-pc-linux-gnu/libstdc++-v3/include/bits/stl_algobase.h
239 2097150
fe=(104)
96 1048575
fi=(71)
429 1048575
fe=(104)
97 1048575
fi=(71)
429 1048575
cob=(2)
cfi=(2)
cfn=(4704)
calls=1048575 0 
* 11539540
fi=(69)
807 1048575
fe=(104)
101 2097150
+2 2
fi=(71)
452 2
fe=(104)
114 9437184
fi=(71)
452 1
fe=(104)
103 2
cfi=(64)
cfn=(7202) std::basic_filebuf<char, std::char_traits<char> >::overflow(int)
calls=1 545 
* 48
+1 2
+2 1
+1 2

fl=(43)
fn=(7734) 0x00000000000ae430
0 5

fn=(4276)
0 12

fn=(7690)
0 9
cob=(2)
cfi=(2)
cfn=(7638)
calls=1 0 
0 1583
0 1
cfn=(7734)
calls=1 0 
0 5
0 3

fl=(64)
fn=(5976) std::basic_filebuf<char, std::char_traits<char> >::_M_terminate_output()
952 20
+5 2
-5 6
+5 4
+9 4
-1 1
fi=(34)
51 2
fi=(29) /usr/src/debug/gcc/gcc-build/x86_64-pc-linux-gnu/libstdc++-v3/include/bits/codecvt.h
219 2
cfi=(18)
cfn=(4884)
calls=1 100 
* 3
* 1
fe=(64)
965 2
+44 24

fn=(7230) std::basic_filebuf<char, std::char_traits<char> >::sync()
1013 1048576
+6 3145728
-6 1048576
+8 2097152
-8 1048576
+8 1048576
cfn=(7202)
calls=1048576 545 
* 216006656
+5 1048576
-4 4194304
+4 1048576

fn=(7190) std::basic_filebuf<char, std::char_traits<char> >::xsputn(char const*, long)
759 8388608
+8 1048576
+1 1048576
-1 1048576
fi=(34)
51 2097152
fi=(29)
219 2097152
-1 1048576
+1 1048576
cfi=(18)
cfn=(4884)
calls=1048576 100 
* 3145728
fe=(64)
769 7340032
fi=(69)
541 1048576
fe=(64)
771 2097152
+3 2097153
+1 3
+2 2097152
+23 1048576
-2 2097152
+2 4194304
-2 1048576
cfi=(104)
cfn=(7196)
calls=1048576 84 
* 55579780

fn=(4878)
327 8470
+5 2310
+2 1540
fi=(69)
494 770
fi=(63) /usr/src/debug/gcc/gcc-build/x86_64-pc-linux-gnu/libstdc++-v3/include/fstream
230 1540
fi=(69)
497 770
fe=(64)
346 1540
+4 1540
+7 770
-7 2310
fi=(34)
51 1540
fi=(29)
219 1540
cfi=(18)
cfn=(4884)
calls=770 100 
* 2310
fe=(64)
357 1540
-27 2
fi=(71)
452 769
fe=(64)
+30 7700
359 3080
cfi=(65) /usr/src/debug/gcc/gcc-build/x86_64-pc-linux-gnu/libstdc++-v3/src/c++11/basic_file.cc
cfn=(4886) std::__basic_file<char>::xsgetn(char*, long)
calls=770 -25 
* 60060
* 770
+2 1540
+94 769
fi=(63)
+54 769
fi=(69)
+58 769
fe=(64)
458 769
fi=(63)
+51 3845
fi=(69)
+11 769
+46 769
-44 769
+44 1538
fi=(63)
-55 1
fi=(69)
+56 1
fe=(64)
467 1
fi=(69)
+53 1
+2 1
+44 1
-46 1
+46 1
-46 2
fe=(64)

fn=(4742) std::basic_filebuf<char, std::char_traits<char> >::basic_filebuf()
85 10
fi=(69)
475 2
fe=(64)
85 2
fi=(69)
475 2
-1 2
+1 14
cfi=(13)
cfn=(4026) std::locale::locale()
calls=2 269 
* 64
fe=(64)
92 2
-6 8
+6 2
-6 2
+6 2
-6 4
cfi=(65)
cfn=(4744) std::__basic_file<char>::__basic_file(pthread_mutex_t*)
calls=2 207 
* 8
+4 2
-3 2
fi=(40) /usr/src/debug/gcc/gcc-build/x86_64-pc-linux-gnu/libstdc++-v3/include/bits/locale_classes.tcc
+32 2
fe=(64)
-32 4
+1 6
+1 2
+1 2
+1 2
-1 2
+1 4
fi=(40)
+28 2
cfi=(14)
cfn=(4076) std::locale::id::_M_id() const
calls=2 507 
* 12
* 2
+1 2
+11 2
fe=(64)
-37 4
+1 6

fn=(4844) std::basic_filebuf<char, std::char_traits<char> >::_M_allocate_internal_buffer()
54 2
+5 8
-5 8
+7 6
cfi=(66) /usr/src/debug/gcc/gcc/libstdc++-v3/libsupc++/new_opv.cc
cfn=(4846) operator new[](unsigned long)
calls=2 -30 
* 497
* 4
+1 2
+2 4

fn=(7232) std::basic_filebuf<char, std::char_traits<char> >::_M_convert_to_external(char*, long)
610 12582912
+6 1048576
fi=(34)
51 2097152
fi=(29)
219 4194304
cfi=(18)
cfn=(4884)
calls=1048576 100 
* 3145728
fe=(64)
616 2097152
+30 4194304
cfi=(65)
cfn=(7236) std::__basic_file<char>::xsputn(char const*, long)
calls=1048576 356 
* 117440512
+22 2097152
+1 11534336

fn=(5974) std::basic_filebuf<char, std::char_traits<char> >::close()
253 10
fi=(63)
+26 2
fe=(64)
-26 10
fi=(63)
+26 4
cfi=(65)
cfn=(4756) std::__basic_file<char>::is_open() const
calls=2 +25 
* 8
fe=(64)
-23 4
+9 2
+15 4
cfn=(5976)
calls=2 952 
* 71
* 2
-10 2
-2 2
+1 2
+1 2
cfn=(5978) std::basic_filebuf<char, std::char_traits<char> >::_M_destroy_internal_buffer()
calls=2 68 
* 397
+1 2
fi=(69)
567 2
fe=(64)
290 2
fi=(63)
511 2
fe=(64)
271 2
+3 2
fi=(69)
520 2
+2 2
+44 2
-46 2
fe=(64)
274 4
fi=(69)
520 2
+46 2
fe=(64)
290 2
cfi=(65)
cfn=(5980) std::__basic_file<char>::close()
calls=2 +28 
* 780
+3 8
+4 20

fn=(5978)
68 12
+3 4
+2 8
cfi=(96) /usr/src/debug/gcc/gcc/libstdc++-v3/libsupc++/del_opv.cc
cfn=(5526) operator delete[](void*)
calls=2 -39 
* 349
+1 2
+1 2
+2 6
+1 2
+2 2
-1 2
+1 2
+2 6

fn=(4754) std::basic_filebuf<char, std::char_traits<char> >::open(char const*, std::_Ios_Openmode)
183 20
fi=(63)
+96 4
cfi=(65)
cfn=(4756)
calls=2 +25 
* 8
fe=(64)
-92 4
+2 10
cfi=(65)
cfn=(4758) std::__basic_file<char>::open(char const*, std::_Ios_Openmode, int)
calls=2 +66 
* 1281
fi=(63)
+90 4
cfi=(65)
cfn=(4756)
calls=2 +25 
* 8
fe=(64)
-89 4
+2 4
cfn=(4844)
calls=2 54 
* 531
+4 2
fi=(63)
511 2
fe=(64)
193 2
+3 2
+5 2
fi=(69)
520 2
+2 2
+44 2
-46 2
+47 2
fe=(64)
201 4
fi=(69)
520 2
+46 2
fe=(64)
205 4
+4 2
+4 12

fn=(7202)
545 9437193
+6 4194308
+3 2097154
fi=(69)
-16 1048577
+3 1048577
fe=(64)
+21 2097154
+3 2097152
+8 3145728
cfn=(7232)
calls=1048576 +37 
* 160432128
* 2097152
fi=(63)
-62 1048576
-5 2097152
fi=(69)
+16 2097152
-2 1048576
fi=(63)
-14 1048576
+7 3145728
+1 2097152
fi=(69)
+53 1048576
-1 2097152
fi=(71)
465 2097153
fe=(64)
606 8388616
-26 3
fi=(71)
465 2097152
fi=(63)
+46 1
-5 2
+8 1
fi=(69)
+54 1
-48 1
+1 1
+1 1
+44 2
+1 1
fe=(64)
+19 1
+1 2
fi=(71)
446 1
fi=(69)
554 1
fi=(71)
-89 1
fe=(64)

fl=(105) /usr/src/debug/gcc/gcc-build/x86_64-pc-linux-gnu/libstdc++-v3/include/ostream
fn=(7220) std::basic_ostream<char, std::char_traits<char> >& std::endl<char, std::char_traits<char> >(std::basic_ostream<char, std::char_traits<char> >&)
66 6291456
+1 3145728
fi=(34)
-16 2097152
fi=(19)
884 2097152
fe=(105)
67 3145728
cfi=(101) /usr/src/debug/gcc/gcc-build/x86_64-pc-linux-gnu/libstdc++-v3/include/bits/ostream.tcc
cfn=(7224) std::ostream::put(char)
calls=1048576 +90 
* 57671680
* 2097152
+22 2097152
cfi=(101)
cfn=(7228) std::ostream::flush()
calls=1048576 225 
* 291504128

fl=(33) /usr/src/debug/gcc/gcc-build/x86_64-pc-linux-gnu/libstdc++-v3/include/ext/stdio_sync_filebuf.h
fn=(7726) __gnu_cxx::stdio_sync_filebuf<wchar_t, std::char_traits<wchar_t> >::sync()
193 5
+1 10
cob=(2)
cfi=(2)
cfn=(7710)
calls=5 0 
* 360

fn=(7708) __gnu_cxx::stdio_sync_filebuf<char, std::char_traits<char> >::sync()
193 5
+1 10
cob=(2)
cfi=(2)
cfn=(7710)
calls=5 0 
* 360

fl=(32) /usr/src/debug/gcc/gcc-build/x86_64-pc-linux-gnu/libstdc++-v3/src/c++98/monetary_members_cow.cc
fn=(4172) std::moneypunct<wchar_t, false>::_M_initialize_moneypunct(__locale_struct*, char const*)
741 13
+1 2
+3 2
914 11
748 2
+5 1
-3 1
-2 1
+12 1
-7 1
+7 1
-5 1
+2 1
+3 1
-10 1
+1 1
+1 1
+2 1
+2 1
+2 1
+1 1
+2 2
+5 1
-1 1
+1 1
-2 2
+2 2
-2 3
+2 20
-2 31

fn=(4166) std::moneypunct<char, true>::_M_initialize_moneypunct(__locale_struct*, char const*)
216 11
+1 2
+3 2
+3 1
+12 1
-10 1
-2 1
+1 1
+11 1
-11 1
+1 2
+1 1
+1 1
+1 1
+1 1
+1 1
+1 1
+1 1
+1 1
+1 1
+1 1
+1 2
+3 2
-1 2
+1 3
-1 3
+1 30
-1 30
366 8

fn=(4174) std::moneypunct<wchar_t, true>::_M_initialize_moneypunct(__locale_struct*, char const*)
558 13
+1 2
+3 2
731 11
565 2
+5 1
-3 1
-2 1
+12 1
-7 1
+7 1
-5 1
+2 1
+3 1
-10 1
+1 1
+1 1
+2 1
+2 1
+2 1
+1 1
+2 2
+5 1
-1 1
+1 1
-2 2
+2 2
-2 3
+2 20
-2 31

fn=(4164) std::moneypunct<char, false>::_M_initialize_moneypunct(__locale_struct*, char const*)
372 11
+1 2
+3 2
+3 1
+12 1
-10 1
-2 1
+1 1
+11 1
-11 1
+1 2
+1 1
+1 1
+1 1
+1 1
+1 1
+1 1
+1 1
+1 1
+1 1
+1 1
+1 2
+3 2
-1 2
+1 3
-1 3
+1 30
-1 30
517 8

fl=(19)
fn=(4904)
2238 1
+2 1
cfi=(73)
cfn=(4906) std::istreambuf_iterator<char, std::char_traits<char> > std::num_get<char, std::istreambuf_iterator<char, std::char_traits<char> > >::_M_extract_int<unsigned int>(std::istreambuf_iterator<char, std::char_traits<char> >, std::istreambuf_iterator<char, std::char_traits<char> >, std::ios_base&, std::_Ios_Iostate&, unsigned int&) const
calls=1 378 
* 366

fl=(44)
fn=(4284) std::error_category::error_category()
180 10

fn=(4282)
260 2
-72 1
+30 1
+42 1
-72 1
cfn=(4284)
calls=1 -8 
* 5
* 1
+30 3
-30 1
+30 1
cob=(2)
cfi=(2)
cfn=(4240)
calls=1 0 
* 76
-15 1
+16 1
-16 1
cfn=(4284)
calls=1 -23 
* 5
* 1
+57 1
-42 1
-15 1
+15 3
cob=(2)
cfi=(2)
cfn=(4240)
calls=1 0 
* 76

fn=(7698) std::error_category::~error_category()
182 4

fn=(7700)
188 4
cfn=(7698)
calls=1 -6 
* 2

fn=(7696)
203 4
cfn=(7698)
calls=1 -21 
* 2

fl=(13)
fn=(4026)
269 36050
+2 5150
cfn=(4028) std::locale::_S_initialize()
calls=5150 +69 
* 77464
+11 5150
+1 5150
-1 10300
+1 10300
+6 20600

fn=(4028)
340 5150
fi=(12) /usr/src/debug/gcc/gcc-build/x86_64-pc-linux-gnu/libstdc++-v3/include/ext/atomicity.h
54 5150
fe=(13)
342 10300
+3 20583
fi=(98) /usr/src/debug/gcc/gcc-build/x86_64-pc-linux-gnu/libstdc++-v3/include/x86_64-pc-linux-gnu/bits/gthr-default.h
746 8
fe=(13)
340 8
fi=(98)
746 4
cob=(2)
cfi=(2)
cfn=(4040)
calls=4 0 
* 101
fe=(13)
345 12
+2 8
-1 1
cfn=(4030)
calls=1 -22 
* 36139

fn=(4032) std::locale::_Impl::_Impl(unsigned long)
490 2
+5 2
-5 11
+2 2
+3 2
+1 2
-1 49
+1 51
+3 16
+1 2
+1 1
cfi=(14)
cfn=(4034) std::locale::facet::_S_get_c_name()
calls=1 233 
* 3
+9 3
fi=(111) /usr/include/bits/string_fortified.h
29 1
fe=(13)
510 1
fi=(111)
29 1
fe=(13)
510 1
cfi=(15) /usr/src/debug/gcc/gcc-build/x86_64-pc-linux-gnu/libstdc++-v3/src/c++11/ctype_configure_char.cc
cfn=(4036) std::ctype<char>::ctype(unsigned short const*, bool, unsigned long)
calls=1 121 
* 269
fi=(17)
652 4
cfi=(14)
cfn=(4074) std::locale::_Impl::_M_install_facet(std::locale::id const*, std::locale::facet const*)
calls=1 325 
* 398
fe=(13)
511 3
cfi=(18)
cfn=(4082)
calls=1 38 
* 37
fi=(17)
652 4
cfi=(14)
cfn=(4074)
calls=1 325 
* 398
fi=(19)
1636 1
-1 1
+85 1
fi=(17)
436 1
fi=(19)
1633 1
+87 1
-84 1
-4 1
+4 1
+83 1
-87 1
+87 1
-85 1
+85 2
-85 2
+1 2
+1 1
fi=(17)
436 1
fi=(19)
1719 1
+1 1
cfi=(20) /usr/src/debug/gcc/gcc-build/x86_64-pc-linux-gnu/libstdc++-v3/src/c++98/numeric_members.cc
cfn=(4086) std::__cxx11::numpunct<char>::_M_initialize_numpunct(__locale_struct*)
calls=1 92 
* 421
fi=(17)
652 4
cfi=(14)
cfn=(4074)
calls=1 325 
* 398
fi=(19)
1983 1
fi=(17)
652 2
436 1
652 1
fi=(19)
1983 2
fi=(17)
652 1
cfi=(14)
cfn=(4074)
calls=1 325 
* 398
fi=(19)
2347 1
fi=(17)
652 2
436 1
652 1
fi=(19)
2347 2
fi=(17)
652 1
cfi=(14)
cfn=(4074)
calls=1 325 
* 398
+63 1
436 1
715 3
cfi=(14)
cfn=(4038)
calls=1 221 
* 18
* 1
-63 4
cfi=(14)
cfn=(4074)
calls=1 325 
* 398
fi=(21) /usr/src/debug/gcc/gcc-build/x86_64-pc-linux-gnu/libstdc++-v3/include/bits/locale_facets_nonio.h
1026 1
-6 1
+88 1
fi=(17)
436 1
fi=(21)
1020 1
+88 2
-82 1
fi=(17)
436 1
fi=(21)
1026 1
+81 1
-88 1
+88 1
-88 2
+2 2
+1 2
+1 2
+1 1
+1 1
+1 1
fi=(17)
436 1
fi=(21)
1107 2
+1 1
cfi=(22) /usr/src/debug/gcc/gcc-build/x86_64-pc-linux-gnu/libstdc++-v3/src/c++98/monetary_members.cc
cfn=(4090) std::__cxx11::moneypunct<char, false>::_M_initialize_moneypunct(__locale_struct*, char const*)
calls=1 372 
* 114
fi=(17)
652 4
cfi=(14)
cfn=(4074)
calls=1 325 
* 398
fi=(21)
1026 1
+82 2
fi=(17)
436 1
fi=(21)
1019 1
+89 1
-82 1
-7 1
+7 1
-6 2
+87 1
-88 1
+88 1
-86 1
+86 2
-86 1
+1 2
+1 2
+1 1
+1 1
+1 1
fi=(17)
436 1
fi=(21)
1107 1
+1 1
cfi=(22)
cfn=(4092) std::__cxx11::moneypunct<char, true>::_M_initialize_moneypunct(__locale_struct*, char const*)
calls=1 216 
* 114
fi=(17)
652 4
cfi=(14)
cfn=(4074)
calls=1 325 
* 398
fi=(21)
1530 1
fi=(17)
652 2
436 1
652 1
fi=(21)
1530 2
fi=(17)
652 1
cfi=(14)
cfn=(4074)
calls=1 325 
* 398
fi=(21)
1690 1
fi=(17)
652 2
436 1
652 1
fi=(21)
1690 2
fi=(17)
652 1
cfi=(14)
cfn=(4074)
calls=1 325 
* 398
fi=(21)
138 1
-13 1
fi=(17)
436 1
fe=(13)
+97 1
fi=(21)
138 1
fe=(13)
533 2
fi=(21)
138 1
-13 1
+13 2
-13 22
fe=(13)
533 1
cfi=(23) /usr/src/debug/gcc/gcc-build/x86_64-pc-linux-gnu/libstdc++-v3/include/x86_64-pc-linux-gnu/bits/time_members.h
cfn=(4094) std::__timepunct<char>::__timepunct(std::__timepunct_cache<char>*, unsigned long)
calls=1 48 
* 179
fi=(17)
652 4
cfi=(14)
cfn=(4074)
calls=1 325 
* 398
fi=(21)
422 1
fi=(17)
652 2
436 1
652 1
fi=(21)
422 2
fi=(17)
652 1
cfi=(14)
cfn=(4074)
calls=1 325 
* 398
fi=(21)
859 1
fi=(17)
652 2
436 1
652 1
fi=(21)
859 2
fi=(17)
652 1
cfi=(14)
cfn=(4074)
calls=1 325 
* 398
fe=(13)
537 3
cfi=(25) /usr/src/debug/gcc/gcc-build/x86_64-pc-linux-gnu/libstdc++-v3/include/x86_64-pc-linux-gnu/bits/messages_members.h
cfn=(4098) std::__cxx11::messages<char>::messages(unsigned long)
calls=1 44 
* 42
fi=(17)
652 4
cfi=(14)
cfn=(4074)
calls=1 325 
* 398
fe=(13)
540 3
cfi=(26) /usr/src/debug/gcc/gcc/libstdc++-v3/src/c++11/ctype.cc
cfn=(4100) std::ctype<wchar_t>::ctype(unsigned long)
calls=1 103 
* 18710
fi=(17)
652 4
cfi=(14)
cfn=(4074)
calls=1 325 
* 398
fe=(13)
541 3
cfi=(18)
cfn=(4140)
calls=1 118 
* 37
fi=(17)
652 4
cfi=(14)
cfn=(4074)
calls=1 325 
* 398
fi=(19)
1636 1
+84 1
fi=(17)
436 2
fi=(19)
1633 1
+87 1
-84 1
-4 1
+4 1
+83 1
-87 1
+87 1
-85 3
+1 2
+1 1
fi=(17)
436 1
fi=(19)
1719 2
+1 1
cfi=(20)
cfn=(4142) std::__cxx11::numpunct<wchar_t>::_M_initialize_numpunct(__locale_struct*)
calls=1 183 
* 353
fi=(17)
652 4
cfi=(14)
cfn=(4074)
calls=1 325 
* 398
fi=(19)
1983 1
fi=(17)
652 2
436 1
652 1
fi=(19)
1983 2
fi=(17)
652 1
cfi=(14)
cfn=(4074)
calls=1 325 
* 398
fi=(19)
2347 1
fi=(17)
652 2
436 1
652 1
fi=(19)
2347 2
fi=(17)
652 1
cfi=(14)
cfn=(4074)
calls=1 325 
* 398
+63 1
436 1
715 3
cfi=(14)
cfn=(4038)
calls=1 221 
* 18
* 8
-64 2
+1 8
cfi=(14)
cfn=(4074)
calls=1 325 
* 398
fi=(21)
1026 1
+82 2
fi=(17)
436 1
fi=(21)
1019 1
+89 1
-82 1
-7 1
+7 1
+81 1
-88 1
+88 1
-87 1
+87 2
-86 2
+1 2
+1 2
+1 1
+1 1
+1 1
fi=(17)
436 1
fi=(21)
1107 1
+1 1
cfi=(22)
cfn=(4144) std::__cxx11::moneypunct<wchar_t, false>::_M_initialize_moneypunct(__locale_struct*, char const*)
calls=1 741 
* 109
fi=(17)
652 4
cfi=(14)
cfn=(4074)
calls=1 325 
* 398
fi=(21)
1026 1
+82 2
fi=(17)
436 1
fi=(21)
1019 1
+89 1
-82 1
-7 1
+7 1
+81 1
-88 1
+88 1
-87 1
+1 2
+1 2
+1 2
+1 1
+1 1
+1 1
fi=(17)
436 1
fi=(21)
1107 2
+1 1
cfi=(22)
cfn=(4146) std::__cxx11::moneypunct<wchar_t, true>::_M_initialize_moneypunct(__locale_struct*, char const*)
calls=1 558 
* 109
fi=(17)
652 4
cfi=(14)
cfn=(4074)
calls=1 325 
* 398
fi=(21)
1530 1
fi=(17)
652 2
436 1
652 1
fi=(21)
1530 2
fi=(17)
652 1
cfi=(14)
cfn=(4074)
calls=1 325 
* 398
fi=(21)
1690 1
fi=(17)
652 2
436 1
652 1
fi=(21)
1690 2
fi=(17)
652 1
cfi=(14)
cfn=(4074)
calls=1 325 
* 398
fi=(21)
138 1
-13 1
fi=(17)
436 1
fe=(13)
563 1
fi=(21)
138 1
fe=(13)
563 2
fi=(21)
138 1
-13 1
+13 2
-13 22
fe=(13)
563 1
cfi=(23)
cfn=(4148) std::__timepunct<wchar_t>::__timepunct(std::__timepunct_cache<wchar_t>*, unsigned long)
calls=1 48 
* 175
fi=(17)
+89 4
cfi=(14)
cfn=(4074)
calls=1 325 
* 398
fi=(21)
422 1
fi=(17)
652 2
436 1
652 1
fi=(21)
422 2
fi=(17)
652 1
cfi=(14)
cfn=(4074)
calls=1 325 
* 398
fi=(21)
859 1
fi=(17)
652 2
436 1
652 1
fi=(21)
859 2
fi=(17)
652 1
cfi=(14)
cfn=(4074)
calls=1 325 
* 398
fe=(13)
-85 3
cfi=(25)
cfn=(4152) std::__cxx11::messages<wchar_t>::messages(unsigned long)
calls=1 44 
* 42
fi=(17)
+85 4
cfi=(14)
cfn=(4074)
calls=1 325 
* 398
fi=(29)
489 1
fi=(17)
652 2
436 1
652 1
fi=(29)
489 2
fi=(17)
652 1
cfi=(14)
cfn=(4074)
calls=1 325 
* 398
fi=(29)
546 1
fi=(17)
652 2
436 1
652 1
fi=(29)
546 2
fi=(17)
652 1
cfi=(14)
cfn=(4074)
calls=1 325 
* 398
fi=(29)
-48 1
fi=(17)
+48 2
436 1
652 1
fi=(29)
-48 2
fi=(17)
+48 1
cfi=(14)
cfn=(4074)
calls=1 325 
* 398
fi=(29)
+9 1
fi=(17)
-9 2
436 1
652 1
fi=(29)
+9 2
fi=(17)
-9 1
cfi=(14)
cfn=(4074)
calls=1 325 
* 398
fe=(13)
-62 2
+3 2
-3 4
+3 1
cfi=(30) /usr/src/debug/gcc/gcc/libstdc++-v3/src/c++11/cow-locale_init.cc
cfn=(4156) std::locale::_Impl::_M_init_extra(std::locale::facet**)
calls=1 100 
* 1926
+5 3
cfi=(14)
cfn=(4076)
calls=1 -91 
* 6
* 1
+1 1
-1 1
+1 2
cfi=(14)
cfn=(4076)
calls=1 -92 
* 6
+1 1
-1 1
+1 2
cfi=(14)
cfn=(4076)
calls=1 -93 
* 6
* 1
+1 1
-1 1
+1 2
cfi=(14)
cfn=(4076)
calls=1 -94 
* 6
* 1
+2 1
-2 1
+2 2
cfi=(14)
cfn=(4076)
calls=1 -96 
* 6
+1 1
-1 1
+1 2
cfi=(14)
cfn=(4076)
calls=1 -97 
* 6
* 1
+1 1
-1 1
+1 2
cfi=(14)
cfn=(4076)
calls=1 -98 
* 6
+1 2
-1 1
+1 1
cfi=(14)
cfn=(4076)
calls=1 -99 
* 6
* 2
+2 11

fn=(4030)
324 2
+4 7
-4 1
+9 2
-9 1
+9 1
cfn=(4032)
calls=1 490 
* 36118
* 2
+2 2
-2 1
+1 2
+2 1
-1 1
cfi=(14)
cfn=(4178) std::locale::locale(std::locale::_Impl*)
calls=1 88 
* 3

fl=(84) /usr/src/debug/gcc/gcc-build/x86_64-pc-linux-gnu/libstdc++-v3/include/sstream
fn=(5044) std::__cxx11::basic_stringstream<char, std::char_traits<char>, std::allocator<char> >::basic_stringstream(std::__cxx11::basic_string<char, std::char_traits<char>, std::allocator<char> > const&, std::_Ios_Openmode)
1072 11264
fi=(34)
477 1024
fe=(84)
1072 9216
fi=(34)
477 1024
cfi=(35) /usr/src/debug/gcc/gcc/libstdc++-v3/src/c++11/ios.cc
cfn=(4184) std::ios_base::ios_base()
calls=1024 76 
* 88064
fi=(41) /usr/src/debug/gcc/gcc-build/x86_64-pc-linux-gnu/libstdc++-v3/include/istream
702 1024
fi=(34)
476 1024
fi=(41)
703 1024
fi=(34)
477 1024
fi=(41)
702 2048
+1 1024
fi=(34)
476 2048
fi=(41)
702 2048
fi=(34)
477 2048
fi=(41)
703 1024
cfi=(38)
cfn=(4190) std::basic_ios<char, std::char_traits<char> >::init(std::basic_streambuf<char, std::char_traits<char> >*)
calls=1024 131 
* 160768
fi=(37) /usr/src/debug/gcc/gcc-build/x86_64-pc-linux-gnu/libstdc++-v3/include/bits/ostream.h
441 7168
cfi=(38)
cfn=(4190)
calls=1024 131 
* 160768
fe=(84)
1074 3072
fi=(69)
475 1024
fe=(84)
1074 7168
fi=(69)
475 1024
cfi=(13)
cfn=(4026)
calls=1024 269 
* 26624
fe=(84)
151 1024
fi=(78) /usr/src/debug/gcc/gcc-build/x86_64-pc-linux-gnu/libstdc++-v3/include/bits/basic_string.h
+88 1024
fe=(84)
-89 1024
fi=(78)
1165 1024
246 1024
fe=(84)
-95 1024
fi=(78)
+54 1024
fe=(84)
-54 1024
fi=(78)
689 2048
fi=(80) /usr/src/debug/gcc/gcc-build/x86_64-pc-linux-gnu/libstdc++-v3/include/bits/basic_string.tcc
233 2048
fi=(78)
+1 1024
fe=(84)
344 1024
fi=(71)
+8 1024
fe=(84)
-9 1024
+2 2048
+2 4096
cfi=(85) /usr/src/debug/gcc/gcc-build/x86_64-pc-linux-gnu/libstdc++-v3/include/bits/sstream.tcc
cfn=(5062) std::__cxx11::basic_stringbuf<char, std::char_traits<char>, std::allocator<char> >::_M_sync(char*, unsigned long, unsigned long)
calls=1024 -98 
* 35840
1075 3072
cfi=(38)
cfn=(4190)
calls=1024 131 
* 160768
* 8192
fi=(71)
353 1024
fi=(80)
164 2048
fi=(88) /usr/src/debug/gcc/gcc-build/x86_64-pc-linux-gnu/libstdc++-v3/include/bits/new_allocator.h
-13 1024
cfi=(67) /usr/src/debug/gcc/gcc/libstdc++-v3/libsupc++/new_op.cc
cfn=(4848) operator new(unsigned long)
calls=1024 43 
* 491380
fi=(78)
266 2048
-37 1024
fi=(88)
-78 1024
fi=(78)
266 1024
fi=(71)
429 2048
cob=(2)
cfi=(2)
cfn=(4704)
calls=1024 0 
* 619480
fi=(78)
239 2048
fi=(71)
429 1024
fe=(84)

fn=(5572) std::__cxx11::basic_stringstream<char, std::char_traits<char>, std::allocator<char> >::~basic_stringstream()
1083 6144
+1 6144
fi=(78)
257 1024
fe=(84)
1084 1024
fi=(78)
239 1024
+41 2048
fi=(88)
172 1024
cfi=(89) /usr/src/debug/gcc/gcc/libstdc++-v3/libsupc++/del_op.cc
cfn=(5388) operator delete(void*)
calls=1024 48 
* 178979
fi=(69)
+35 5120
cfi=(14)
cfn=(4196) std::locale::~locale()
calls=1024 91 
* 6144
fi=(37)
101 1024
fi=(41)
+7 1024
fi=(34)
296 1024
fi=(37)
101 1024
fi=(41)
+7 2048
fi=(34)
296 3072
fe=(84)
1084 2048
fi=(34)
296 1024
cfi=(35)
cfn=(5596) std::ios_base::~ios_base()
calls=1024 87 
* 62464
fe=(84)

fl=(50)
fn=(4504)
127 1
fi=(51) /usr/src/debug/gcc/gcc-build/x86_64-pc-linux-gnu/libstdc++-v3/include/ext/bitmap_allocator.h
1113 4
106 5
1126 3
+5 3
fi=(52) /usr/src/debug/gcc/gcc-build/x86_64-pc-linux-gnu/libstdc++-v3/include/ext/concurrence.h
134 1
fi=(51)
1131 1
fi=(52)
134 13
fi=(51)
1113 4
106 5
1126 3
+5 3
fi=(52)
134 1
fi=(51)
1131 1
fi=(52)
134 13
fe=(50)
-7 1
fi=(51)
1126 1
412 2
+9 1
-9 1
+10 1
1126 1
412 2
+9 1
-9 1
+10 1
fe=(50)

fl=(101)
fn=(7228)
225 7340053
+8 1048579
-8 3145737
fi=(34)
338 1048579
fe=(101)
233 2097158
+2 3145737
cfn=(6940) std::ostream::sentry::sentry(std::ostream&)
calls=1048579 50 
* 15728833
+1 2097158
+5 1048579
fi=(34)
+97 2097158
fi=(69)
-58 2097158
cfi=(33)
cfn=(7708)
calls=3 -87 
* 225
cfi=(64)
cfn=(7230)
calls=1048576 1013 
* 231735296
fe=(101)
-39 2097158
fi=(37)
577 4194316
+1 2097158
fe=(101)
256 10485790
fi=(37)
577 3
+1 2
cfi=(107) /usr/src/debug/gcc/gcc/libstdc++-v3/libsupc++/eh_catch.cc
cfn=(7714) std::uncaught_exception()
calls=1 138 
* 29
* 2
-63 1
fi=(34)
338 1
fi=(37)
515 1
+1 1
+69 2
fi=(69)
280 2
cfi=(33)
cfn=(7708)
calls=1 -87 
* 75
fi=(37)
585 2
-66 5
fe=(101)

fn=(7229) std::ostream::flush()'2
225 7
+8 1
-8 3
fi=(34)
338 1
fe=(101)
233 2
+2 3
cfn=(6941) std::ostream::sentry::sentry(std::ostream&)'2
calls=1 50 
* 15
+1 2
+5 1
fi=(34)
+97 2
fi=(69)
-58 2
cfi=(33)
cfn=(7708)
calls=1 -87 
* 75
fe=(101)
-39 2
fi=(37)
577 4
+1 2
fe=(101)
256 10

fn=(6938) std::ostream& std::ostream::_M_insert<double>(double)
67 11534336
+3 5242880
cfn=(6940)
calls=1048576 -20 
* 15728640
+1 2097152
+6 4194304
fi=(34)
-26 2097152
389 2097152
fi=(19)
2474 1048576
fi=(34)
338 1048576
fi=(19)
2474 4194304
fi=(74) /usr/src/debug/gcc/gcc-build/x86_64-pc-linux-gnu/libstdc++-v3/include/bits/streambuf_iterator.h
287 2097152
fi=(19)
2474 1048576
cfi=(73)
cfn=(6946) std::num_put<char, std::ostreambuf_iterator<char, std::char_traits<char> > >::do_put(std::ostreambuf_iterator<char, std::char_traits<char> >, std::ios_base&, char, double) const
calls=1048576 1182 
* 2954016272
fe=(101)
82 2097152
fi=(37)
577 4194304
+1 2097152
fe=(101)
96 12582912

fn=(7722) std::basic_ostream<wchar_t, std::char_traits<wchar_t> >::flush()
225 21
+8 3
-8 9
fi=(34)
338 3
fe=(101)
233 6
+2 9
cfn=(7724) std::basic_ostream<wchar_t, std::char_traits<wchar_t> >::sentry::sentry(std::basic_ostream<wchar_t, std::char_traits<wchar_t> >&)
calls=3 50 
* 193
+1 6
+5 3
fi=(34)
+97 6
fi=(69)
-58 6
cfi=(33)
cfn=(7726)
calls=3 -87 
* 225
fe=(101)
-39 6
fi=(37)
577 12
+1 6
fe=(101)
256 30
fi=(37)
577 3
+1 2
cfi=(107)
cfn=(7714)
calls=1 138 
* 29
* 2
-63 1
fi=(34)
338 1
fi=(37)
515 1
+1 1
+69 2
fi=(69)
280 2
cfi=(33)
cfn=(7726)
calls=1 -87 
* 75
fi=(37)
585 2
-66 5
fe=(101)

fn=(7723) std::basic_ostream<wchar_t, std::char_traits<wchar_t> >::flush()'2
225 7
+8 1
-8 3
fi=(34)
338 1
fe=(101)
233 2
+2 3
cfn=(7725) std::basic_ostream<wchar_t, std::char_traits<wchar_t> >::sentry::sentry(std::basic_ostream<wchar_t, std::char_traits<wchar_t> >&)'2
calls=1 50 
* 15
+1 2
+5 1
fi=(34)
+97 2
fi=(69)
-58 2
cfi=(33)
cfn=(7726)
calls=1 -87 
* 75
fe=(101)
-39 2
fi=(37)
577 4
+1 2
fe=(101)
256 10

fn=(7724)
50 3
+5 3
-3 3
-2 3
+2 3
+3 6
fi=(34)
311 3
147 3
fe=(101)
-92 8
-5 1
+6 1
-6 4
+6 1
cfn=(7723)
calls=1 225 
* 132
+2 4
fi=(34)
+89 1
fe=(101)
-89 3
+1 1
+3 2
-4 4
+1 4

fn=(7725)
50 1
+5 1
-3 1
-2 1
+2 1
+3 2
fi=(34)
311 1
147 1
fe=(101)
-92 2
+3 2
+1 2

fn=(6940)
50 3145731
+5 3145731
-3 3145731
-2 3145731
+2 3145731
+3 6291462
fi=(34)
311 3145731
147 3145731
fe=(101)
-92 6291464
-5 1
+6 1
-6 4
+6 1
cfn=(7229)
calls=1 225 
* 132
+2 4
fi=(34)
+89 1
fe=(101)
-89 3
+1 1
+3 2
-4 6291460
+1 6291460

fn=(6941)
50 1
+5 1
-3 1
-2 1
+2 1
+3 2
fi=(34)
311 1
147 1
fe=(101)
-92 2
+3 2
+1 2

fn=(7224)
157 11534336
+9 3145728
cfn=(6940)
calls=1048576 50 
* 15728640
+1 2097152
+5 1048576
fi=(34)
338 2097152
fi=(69)
541 1048576
436 2097152
+2 1048576
554 1048576
fi=(37)
+23 4194304
+1 2097152
fe=(101)
187 10485760

fl=(66)
fn=(4846)
31 3073
+1 3073
cfi=(67)
cfn=(4848)
calls=3073 +11 
* 869911

fl=(102) /usr/src/debug/gcc/gcc/libstdc++-v3/src/c++98/locale_facets.cc
fn=(6952) std::__num_base::_S_format_float(std::ios_base const&, char*, char)
64 3145728
+2 1048576
fi=(36)
695 1048576
fe=(102)
66 1048576
+2 2097152
+2 2097152
fi=(36)
+17 3145728
fe=(102)
-10 2097152
+4 2097152
+4 2097152
+9 3145728
-1 2097152
-11 1048576
+9 2097152
+9 3145728
+1 1048576
+1 1048576

fl=(27) /usr/src/debug/gcc/gcc-build/x86_64-pc-linux-gnu/libstdc++-v3/src/c++11/ctype_members.cc
fn=(4236) std::ctype<wchar_t>::do_widen(char) const
205 16

fn=(4102) std::ctype<wchar_t>::_M_initialize_ctype()
273 8
+2 3
cob=(2)
cfi=(2)
cfn=(4104)
calls=1 0 
* 22
* 1
+3 1
+6 128
-6 384
fi=(28) /usr/include/wchar.h
+73 256
cob=(2)
cfi=(2)
cfn=(4108)
calls=128 0 
* 2432
fe=(27)
-70 256
+5 1
+5 3
fi=(28)
+54 2
cob=(2)
cfi=(2)
cfn=(4110)
calls=1 0 
* 22
* 510
cob=(2)
cfi=(2)
cfn=(4110)
calls=255 0 
* 10090
fe=(27)
-53 256
-2 256
+1 512
+3 1
+2 28
+1 8
-1 8
+1 16
cfn=(4116) std::ctype<wchar_t>::_M_convert_to_wmask(unsigned short) const
calls=8 60 
* 1671
-1 8
+1 8
-3 8
+2 36
+1 4
-1 4
+1 4
cfn=(4116)
calls=4 60 
* 1677
* 4
-3 12
+8 1
-2 1
+2 4
-2 1
cob=(2)
cfi=(2)
cfn=(4104)
calls=1 0 
* 22
* 2

fn=(4116)
60 12
+2 73
+36 3
cob=(2)
cfi=(2)
cfn=(4118)
calls=1 -98 
* 487
-36 21
+6 3
cob=(2)
cfi=(2)
cfn=(4118)
calls=1 -68 
* 381
+3 3
cob=(2)
cfi=(2)
cfn=(4118)
calls=1 -71 
* 540
-9 6
+18 3
cob=(2)
cfi=(2)
cfn=(4118)
calls=1 -80 
* 197
-3 3
cob=(2)
cfi=(2)
cfn=(4118)
calls=1 -77 
* 144
-3 3
cob=(2)
cfi=(2)
cfn=(4118)
calls=1 -74 
* 91
+9 3
cob=(2)
cfi=(2)
cfn=(4118)
calls=1 -83 
* 250
+21 4
-39 3
cob=(2)
cfi=(2)
cfn=(4118)
calls=1 -65 
* 328
+24 3
cob=(2)
cfi=(2)
cfn=(4118)
calls=1 -89 
* 191
-3 3
cob=(2)
cfi=(2)
cfn=(4118)
calls=1 -86 
* 593

fl=(47) /usr/src/debug/gcc/gcc/libstdc++-v3/src/c++11/future.cc
fn=(4290) std::future_category()
89 3

fl=(107)
fn=(7714)
138 6
+2 2
cfi=(108) /usr/src/debug/gcc/gcc/libstdc++-v3/libsupc++/eh_globals.cc
cfn=(7716) __cxa_get_globals
calls=2 -78 
* 40
+5 2
-4 6
+4 2

fl=(15)
fn=(4036)
121 2
fi=(17)
436 1
fe=(15)
121 8
fi=(17)
436 3
fe=(15)
127 3
-5 1
cfi=(14)
cfn=(4038)
calls=1 +99 
* 149
+1 1
-1 1
+1 3
+1 2
+1 2
+1 2
+3 3
-3 1
+3 1
-2 1
+2 1
-2 1
+2 36
+1 39
+1 6
-5 2

fl=(37)
fn=(7218) std::ostream::operator<<(std::ostream& (*)(std::ostream&))
116 1048576
+5 1048576
cfi=(105)
cfn=(7220)
calls=1048576 -55 
* 370147328

fn=(6936) std::ostream::operator<<(double)
231 1048576
+1 1048576
cfi=(101)
cfn=(6938)
calls=1048576 67 
* 3027416592

fl=(89)
fn=(5388)
48 1052695
+1 1052695
cob=(2)
cfi=(2)
cfn=(5390)
calls=1052695 -49 
* 63713150

fl=(16) /usr/src/debug/gcc/gcc-build/x86_64-pc-linux-gnu/libstdc++-v3/src/c++98/c++locale.cc
fn=(4056) std::locale::facet::_S_create_c_locale(__locale_struct*&, char const*, __locale_struct*)
134 5
+1 1
-1 1
+1 1
cob=(2)
cfi=(2)
cfn=(4058)
calls=1 0 
* 38
* 1
+1 2
+6 3

fn=(5124) void std::__convert_to_v<double>(char const*, double&, std::_Ios_Iostate&, __locale_struct* const&)
75 6291456
+2 1048576
-2 6291456
+2 2097152
cob=(2)
cfi=(2)
cfn=(5126)
calls=1048576 -77 
* 772470519
+4 1048576
-4 1048576
+4 4194304
+15 9437184
-10 3145728
+5 3145728

fl=(78)
fn=(4942) std::basic_istream<char, std::char_traits<char> >& std::getline<char, std::char_traits<char>, std::allocator<char> >(std::basic_istream<char, std::char_traits<char> >&, std::__cxx11::basic_string<char, std::char_traits<char>, std::allocator<char> >&)
4407 7182
+2 3078
fi=(34)
51 3078
fi=(19)
884 2052
fe=(78)
4409 8208
cfi=(79) /usr/src/debug/gcc/gcc/libstdc++-v3/src/c++98/istream-string.cc
cfn=(4946) std::basic_istream<char, std::char_traits<char> >& std::getline<char, std::char_traits<char>, std::allocator<char> >(std::basic_istream<char, std::char_traits<char> >&, std::__cxx11::basic_string<char, std::char_traits<char>, std::allocator<char> >&, char)
calls=1026 124 
* 1710047

fl=(31) /usr/src/debug/gcc/gcc-build/x86_64-pc-linux-gnu/libstdc++-v3/src/c++98/numeric_members_cow.cc
fn=(4158) std::numpunct<char>::_M_initialize_numpunct(__locale_struct*)
92 10
+1 2
+3 2
+68 2
+1 1
-1 1
+3 2
+1 1
+1 7
-70 3
+1 1
+1 1
+2 1
+1 2
+3 2
-1 4
+1 3
-1 3
+1 105
-1 105
+4 2
-1 4
+1 3
-1 3
+1 75
-1 76

fn=(4170) std::numpunct<wchar_t>::_M_initialize_numpunct(__locale_struct*)
183 9
+1 2
+3 2
+69 1
+1 1
-1 1
+3 2
+1 1
+1 6
-71 3
+4 1
-3 1
+3 1
+6 1
-8 1
+8 1
-2 4
+2 2
-2 3
+2 70
-2 105
+6 2
-2 2
+2 2
-2 3
+2 50
-2 76

fl=(53)
fn=(4510)
42 1
fi=(112) /usr/src/debug/gcc/gcc-build/x86_64-pc-linux-gnu/libstdc++-v3/include/parallel/settings.h
290 1
+10 1
+3 1
-5 1
-9 1
+1 3
+13 2
-13 1
+10 1
+2 1
-2 1
+9 1
-9 1
+3 1
+8 1
+3 1
+3 1
+5 3
+8 1
-28 1
-13 1
+41 2
-41 3
+39 1
+2 2
-2 1
-39 1
+27 1
-27 1
+14 1
+27 1
+6 1
+2 1
+2 1
-4 1
+2 1
fe=(53)
42 1

fl=(11)
fn=(7704)
123 1
fi=(12)
-69 1
+32 1
+14 2
-32 2
fe=(11)
+59 2
-4 1
+11 1
-11 1
+11 1
cfi=(101)
cfn=(7228)
calls=1 +91 
* 132
+1 2
cfi=(101)
cfn=(7228)
calls=1 +90 
* 406
+1 2
cfi=(101)
cfn=(7228)
calls=1 +89 
* 132
+3 2
cfi=(101)
cfn=(7722)
calls=1 +86 
* 132
+1 2
cfi=(101)
cfn=(7722)
calls=1 +85 
* 406
+1 2
cfi=(101)
cfn=(7722)
calls=1 +84 
* 132
+6 2

fn=(4022) std::ios_base::Init::Init()
78 9
fi=(12)
+22 1
-14 1
+14 2
-14 1
+1 2
fe=(11)
-7 3
fi=(69)
475 2
-1 1
+1 22
fe=(11)
83 1
fi=(69)
475 1
fe=(11)
83 1
+2 1
fi=(69)
475 1
fe=(11)
85 1
fi=(69)
475 1
cfi=(13)
cfn=(4026)
calls=1 269 
* 36165
fi=(33)
83 1
fi=(69)
475 2
fi=(33)
83 1
fi=(69)
475 1
fi=(33)
83 1
fe=(11)
+3 1
fi=(69)
475 2
fe=(11)
86 1
fi=(69)
475 1
fi=(33)
83 2
fi=(69)
474 1
+1 1
cfi=(13)
cfn=(4026)
calls=1 269 
* 26
fe=(11)
87 1
fi=(69)
475 5
fi=(33)
83 1
fe=(11)
+4 1
fi=(69)
475 1
fi=(33)
83 2
fi=(69)
474 1
+1 1
cfi=(13)
cfn=(4026)
calls=1 269 
* 26
fi=(34)
+2 1
fi=(33)
83 3
fi=(34)
477 2
cfi=(35)
cfn=(4184)
calls=1 76 
* 86
fi=(37)
93 1
fi=(34)
476 1
+1 1
-1 1
fi=(37)
93 2
fi=(34)
476 1
+1 2
fi=(37)
93 2
cfi=(38)
cfn=(4190)
calls=1 +38 
* 958
fi=(34)
477 3
cfi=(35)
cfn=(4184)
calls=1 76 
* 86
* 1
-1 1
fi=(41)
99 1
-1 1
fi=(34)
476 1
fi=(41)
99 1
fi=(34)
476 1
fi=(41)
98 5
fi=(34)
477 2
fi=(41)
99 1
cfi=(38)
cfn=(4190)
calls=1 +32 
* 157
fi=(34)
477 3
cfi=(35)
cfn=(4184)
calls=1 76 
* 86
fi=(37)
93 1
fi=(34)
477 1
-1 2
fi=(37)
93 2
fi=(34)
476 1
+1 2
fi=(37)
93 2
cfi=(38)
cfn=(4190)
calls=1 +38 
* 157
fi=(34)
477 4
cfi=(35)
cfn=(4184)
calls=1 76 
* 86
fi=(37)
93 1
fi=(34)
477 1
-1 2
fi=(37)
93 2
fi=(34)
476 1
+1 2
fi=(37)
93 2
cfi=(38)
cfn=(4190)
calls=1 +38 
* 157
fe=(11)
+9 1
fi=(69)
475 2
fi=(34)
325 2
fi=(69)
475 1
fe=(11)
102 1
fi=(69)
475 1
fi=(36)
107 1
fi=(69)
475 2
-1 1
+1 1
cfi=(13)
cfn=(4026)
calls=1 269 
* 26
fi=(33)
83 1
fi=(69)
475 2
fi=(33)
83 1
fi=(69)
475 1
fi=(33)
83 1
fe=(11)
+20 1
fi=(69)
475 2
fe=(11)
103 1
fi=(69)
475 1
fi=(33)
83 2
fi=(69)
474 1
+1 1
cfi=(13)
cfn=(4026)
calls=1 269 
* 26
fe=(11)
104 1
fi=(69)
475 5
fi=(33)
83 1
fe=(11)
+21 1
fi=(69)
475 1
fi=(33)
83 2
fi=(69)
474 1
+1 1
cfi=(13)
cfn=(4026)
calls=1 269 
* 26
fi=(34)
+2 1
fi=(33)
83 3
fi=(34)
477 2
cfi=(35)
cfn=(4184)
calls=1 76 
* 86
fi=(37)
93 1
fi=(34)
477 1
-1 2
fi=(37)
93 2
fi=(34)
476 1
+1 2
fi=(37)
93 2
cfi=(38)
cfn=(4228) std::basic_ios<wchar_t, std::char_traits<wchar_t> >::init(std::basic_streambuf<wchar_t, std::char_traits<wchar_t> >*)
calls=1 +38 
* 159
fi=(34)
477 3
cfi=(35)
cfn=(4184)
calls=1 76 
* 86
fi=(41)
98 1
fi=(34)
477 1
-1 2
fi=(41)
99 2
-1 2
fi=(34)
476 1
fi=(41)
98 3
fi=(34)
477 2
fi=(41)
99 1
cfi=(38)
cfn=(4228)
calls=1 +32 
* 159
fi=(34)
477 3
cfi=(35)
cfn=(4184)
calls=1 76 
* 86
fi=(37)
93 1
fi=(34)
477 1
-1 2
fi=(37)
93 2
fi=(34)
476 1
+1 2
fi=(37)
93 2
cfi=(38)
cfn=(4228)
calls=1 +38 
* 159
fi=(34)
477 4
cfi=(35)
cfn=(4184)
calls=1 76 
* 86
fi=(37)
93 1
fi=(34)
477 1
-1 2
fi=(37)
93 2
fi=(34)
476 1
+1 2
fi=(37)
93 2
cfi=(38)
cfn=(4228)
calls=1 +38 
* 159
fi=(12)
+17 1
fi=(34)
325 1
fi=(36)
107 1
fi=(34)
325 1
fi=(12)
110 2
-16 1
fe=(11)
+27 8

fl=(45)
fn=(4286)
108 1
-26 1
+26 1

fl=(48)
fn=(4292)
456 2
fi=(52)
134 1
fe=(48)
+61 1
456 10
fi=(52)
134 2
fe=(48)
+53 1
fi=(52)
-53 1
fe=(48)
+53 2
+8 1
cob=(2)
cfi=(2)
cfn=(4294)
calls=1 0 
* 530
+7 1
-7 1
+7 3
fi=(113) /usr/src/debug/gcc/gcc-build/x86_64-pc-linux-gnu/libstdc++-v3/include/string_view
-56 1
-1 1
+1 1
fi=(114) /usr/src/debug/gcc/gcc-build/x86_64-pc-linux-gnu/libstdc++-v3/include/bits/stl_pair.h
902 1
fe=(48)
203 2
fi=(49)
+36 2
fe=(48)
-49 1
fi=(49)
+49 2
fe=(48)
-11 1
-38 2
+42 2
-94 3
+94 1
+1 1
456 11
235 2
cob=(2)
cfi=(2)
cfn=(4312)
calls=1 0 
* 1727
* 1
+1 2
+12 1
-3 1
+2 1
+1 2

fl=(85)
fn=(5062)
249 1024
fi=(78)
-10 1024
fe=(85)
+10 1024
fi=(78)
+8 1024
1165 1024
280 2048
1279 1024
fe=(85)
252 1024
+2 1024
+1 1024
+2 2048
+8 2048
+1 1024
+1 1024
fi=(69)
520 1024
fe=(85)
266 1024
fi=(69)
522 1024
fe=(85)
267 1024
+2 3072
cfn=(5066) std::__cxx11::basic_stringbuf<char, std::char_traits<char>, std::allocator<char> >::_M_pbump(char*, char*, long)
calls=1024 +11 
* 11264

fn=(5066)
280 1024
fi=(69)
566 1024
fe=(85)
280 1024
fi=(69)
567 1024
fe=(85)
284 3072
fi=(69)
554 3072
fe=(85)
290 1024

fn=(5448) std::__cxx11::basic_stringbuf<char, std::char_traits<char>, std::allocator<char> >::underflow()
153 1024
+5 2048
fi=(69)
541 1024
-44 1024
fi=(84)
-77 2048
+3 4096
fi=(69)
+71 1024
fe=(85)
163 2048
-7 2048

fl=(106)
fn=(7702)
631 1
fi=(115) /usr/src/debug/gcc/gcc-build/x86_64-pc-linux-gnu/libstdc++-v3/include/bits/atomic_base.h
501 1
fe=(106)
-76 2
+1 3

fl=(74)
fn=(4910) std::istreambuf_iterator<char, std::char_traits<char> >::equal(std::istreambuf_iterator<char, std::char_traits<char> > const&) const
201 10483150
+8 29352820
-7 10483150
fi=(69)
350 6289890
fe=(74)
201 4193260

fn=(4914) std::istreambuf_iterator<char, std::char_traits<char> >::_M_get() const
206 2096630
+3 2096630
-1 2096630
+1 8386520
fi=(69)
494 2096630
350 4193260
fi=(71)
452 4193260
fe=(74)

fl=(54)
fn=(4520)
160 1
fi=(21)
1653 4
1818 4
1415 8
fi=(19)
1893 4
fi=(21)
796 4
2024 4
fi=(17)
838 4
fe=(54)
160 1

fn=(4528)
160 1
fi=(19)
2310 4
2603 4
fi=(21)
1653 4
1818 4
1415 8
fi=(19)
1893 4
fi=(21)
328 4
929 4
796 4
2024 4
fi=(17)
838 4
fe=(54)
160 1

fn=(4536)
160 1
fi=(19)
2310 4
2603 4
fi=(21)
1653 4
1818 4
1415 8
fi=(19)
1893 4
fi=(21)
328 4
929 4
796 4
2024 4
fi=(17)
838 4
fe=(54)
160 1

fn=(4512)
160 1
fi=(21)
1653 4
1818 4
1415 8
fi=(19)
1893 4
fi=(21)
796 4
2024 4
fi=(17)
838 4
fe=(54)
160 1

fl=(46)
fn=(4288)
128 3
-74 1
cfi=(47)
cfn=(4290)
calls=1 +35 
* 3
* 2
+74 2

fl=(14)
fn=(4194) std::locale::operator=(std::locale const&)
120 6168
+1 15420
+4 6168
+2 6168
-4 9252

fn=(4076)
507 3155045
+1 9465135
fi=(12)
54 48
fe=(14)
521 96
+22 288
+2 48
+1 48
-1 3154997
+1 3154997

fn=(4034)
233 21

fn=(4038)
221 2097166
fi=(98)
746 4194332
fe=(14)
221 4194332
fi=(98)
746 2097166
cob=(2)
cfi=(2)
cfn=(4040)
calls=2097166 0 
* 12583127
fe=(14)
226 8388664
+3 4194332

fn=(4054)
208 1
+4 3
+4 3
cfi=(16)
cfn=(4056)
calls=1 -82 
* 52

fn=(4196)
91 5136
+2 20544
fi=(17)
605 5136
fe=(14)

fn=(4074)
325 320
+1 128
+2 32
cfn=(4076)
calls=32 507 
* 480
+3 32
-3 32
+3 96
fi=(12)
54 32
+40 32
+16 64
-16 32
fe=(14)
369 64
+1 32
-1 32
+1 64
+36 96
+15 4768
+2 1536
+1 4608
+7 256

fn=(4178)
88 2
+1 1

fl=(42)
fn=(4268)
2174 1
198 4
cob=(2)
cfi=(2)
cfn=(4240)
calls=1 0 
* 76

fl=(34)
fn=(5036) std::basic_ios<char, std::char_traits<char> >::operator bool() const
124 1025
+1 3075

fn=(4862) std::basic_ios<char, std::char_traits<char> >::operator!() const
133 1048578
+81 2097156
-80 1048578

fl=(67)
fn=(4848)
43 2105390
+4 1052695
-4 3158085
+4 3158085
+3 2105390
cob=(2)
cfi=(2)
cfn=(4312)
calls=1052695 -50 
* 45342004
* 2105390
+9 3158085

fl=(35)
fn=(5600) std::ios_base::_M_dispose_callbacks()
177 8208
+1 1026
+1 2052
+6 1026
+1 6156

fn=(5598) std::ios_base::_M_call_callbacks(std::ios_base::event)
163 7182
+1 1026
+1 2052
+8 6156

fn=(4184)
76 1034
+3 1034
-2 1034
+2 1034
-2 1034
+1 1034
fi=(36)
640 2068
fe=(35)
79 3102
-2 1034
+1 4136
fi=(36)
640 1034
fe=(35)
79 1034
fi=(36)
640 1034
fe=(35)
79 2068
fi=(36)
640 7238
fe=(35)
79 7238
fi=(36)
640 7238
fe=(35)
79 18612
cfi=(13)
cfn=(4026)
calls=1034 269 
* 26973

fn=(5596)
87 2052
+2 1026
-2 7182
+2 1026
cfn=(5598)
calls=1026 +74 
* 16416
+1 2052
cfn=(5600)
calls=1026 +87 
* 18468
+1 4104
+5 4104
cfi=(14)
cfn=(4196)
calls=1026 -5 
* 6156

fl=(100) /usr/src/debug/gcc/gcc-build/x86_64-pc-linux-gnu/libstdc++-v3/include/iomanip
fn=(6930) std::basic_ostream<char, std::char_traits<char> >& std::operator<< <char, std::char_traits<char> >(std::basic_ostream<char, std::char_traits<char> >&, std::_Setprecision)
220 1048576
+2 2097152
-2 1048576
fi=(36)
777 1048576
fe=(100)
222 1048576
+2 1048576

fl=(41)
fn=(4868) std::istream::operator>>(unsigned int&)
186 1
+1 1
cfi=(68)
cfn=(4870)
calls=1 -86 
* 624

fn=(5084) std::istream::operator>>(double&)
225 1048576
+1 1048576
cfi=(68)
cfn=(5086)
calls=1048576 101 
* 1809486886

fl=(25)
fn=(4152)
44 2
fi=(17)
436 3
fe=(25)
44 4
fi=(17)
436 1
fe=(25)
46 3
-1 1
cfi=(14)
cfn=(4038)
calls=1 221 
* 18
* 1
+1 1
cfi=(14)
cfn=(4034)
calls=1 233 
* 3
* 1
+1 4

fn=(4176) std::messages<wchar_t>::messages(unsigned long)
44 2
fi=(17)
436 3
fe=(25)
44 4
fi=(17)
436 1
fe=(25)
46 3
-1 1
cfi=(14)
cfn=(4038)
calls=1 221 
* 18
* 1
+1 1
cfi=(14)
cfn=(4034)
calls=1 233 
* 3
* 1
+1 4

fn=(4168) std::messages<char>::messages(unsigned long)
44 2
fi=(17)
436 3
fe=(25)
44 4
fi=(17)
436 1
fe=(25)
46 3
-1 1
cfi=(14)
cfn=(4038)
calls=1 221 
* 18
* 1
+1 1
cfi=(14)
cfn=(4034)
calls=1 233 
* 3
* 1
+1 4

fn=(4098)
44 2
fi=(17)
436 3
fe=(25)
44 4
fi=(17)
436 1
fe=(25)
46 3
-1 1
cfi=(14)
cfn=(4038)
calls=1 221 
* 18
* 1
+1 1
cfi=(14)
cfn=(4034)
calls=1 233 
* 3
* 1
+1 4

fl=(96)
fn=(5526)
34 3073
+1 3073
cfi=(89)
cfn=(5388)
calls=3073 +13 
* 625306

fl=(75) /usr/src/debug/gcc/gcc-build/x86_64-pc-linux-gnu/libstdc++-v3/include/bits/cow_string.h
fn=(5096) std::string::_Rep::_S_create(unsigned long, unsigned long, std::allocator<char> const&)
3706 1048576
+6 1048576
-6 4194304
+6 3145728
+35 5242880
+8 1048576
+1 2097152
+7 1048576
fi=(88)
151 1048576
cfi=(67)
cfn=(4848)
calls=1048576 43 
* 60817914
fe=(75)
3770 1048576
+10 1048576
233 1048576
3780 2097152

fn=(5108) std::string::push_back(char)
1437 16773032
330 2096629
961 2096629
1439 2096629
+1 4193258
fi=(12)
54 2096629
fe=(75)
221 4193258
1440 6289887
fi=(71)
352 2096629
fe=(75)
-22 2096629
+8 2096629
-99 4193258
1440 4193258
233 2096629
+10 2096629
fi=(71)
352 2096629
fe=(75)
1444 12579774

fn=(5094) std::string::_Rep::_M_clone(std::allocator<char> const&, unsigned long)
3784 6291456
+4 2097152
+1 3145728
cfn=(5096)
calls=1048576 -83 
* 85983738
+2 1048576
-2 1048576
252 1048576
3791 2097152
239 2097152
-6 1048576
3796 1048576
243 1048576
fi=(71)
352 1048576
fe=(75)
3796 3145728

fn=(4928) std::basic_string<char, std::char_traits<char>, std::allocator<char> >::~basic_string()
758 1048577
330 1048577
+8 1048577
-69 2097154
759 1048577

fn=(5092) std::string::reserve(unsigned long)
3652 6291456
330 1048576
3652 3145728
1060 2097152
3661 2097152
+10 4194304
cfn=(5094)
calls=1048576 3784 
* 112198138
* 1048576
330 1048576
+8 1048576
-69 2097152
+65 1048576
3674 8388608

fl=(38)
fn=(4190)
131 24640
+3 3080
cfi=(39) /usr/src/debug/gcc/gcc/libstdc++-v3/src/c++98/ios_locale.cc
cfn=(4192) std::ios_base::_M_init()
calls=3080 -95 
* 224864
+3 9240
cfn=(4200) std::basic_ios<char, std::char_traits<char> >::_M_cache_locale(std::locale const&)
calls=3080 +32 
* 154000
+16 12320
fi=(19)
884 6160
+1 3079
fe=(38)
155 6158
+1 3079
+8 9237
-2 3079
-1 3079
+2 3079
+1 3079
+1 15395
-10 2
+1 1
+8 3
-2 1
-1 1
+2 1
+1 1
+1 5
fi=(19)
886 2
cfi=(26)
cfn=(4206) std::ctype<char>::_M_widen_init() const
calls=1 90 
* 794
+1 6
fe=(38)

fn=(4230) std::basic_ios<wchar_t, std::char_traits<wchar_t> >::_M_cache_locale(std::locale const&)
169 28
fi=(40)
-50 8
cfi=(14)
cfn=(4076)
calls=4 507 
* 24
* 8
+1 4
+23 4
fe=(38)
+28 8
fi=(40)
-52 4
cfi=(14)
cfn=(4076)
calls=4 507 
* 24
* 8
+1 4
+25 4
fe=(38)
+27 8
fi=(40)
-53 4
cfi=(14)
cfn=(4076)
calls=4 507 
* 24
* 4
+1 4
+24 4
fe=(38)
+29 8
+1 16

fn=(4852)
46 1027
fi=(36)
198 5135
-5 1027
fe=(38)
52 2054

fn=(4228)
131 28
+3 4
cfi=(39)
cfn=(4192)
calls=4 -95 
* 292
+3 12
cfn=(4230)
calls=4 +32 
* 200
+16 16
fi=(19)
299 12
cfi=(27)
cfn=(4236)
calls=4 -94 
* 16
fe=(38)
155 8
+1 4
+8 12
-2 4
-1 4
+2 4
+1 4
+1 16

fn=(4200)
169 21560
fi=(40)
-50 6160
cfi=(14)
cfn=(4076)
calls=3080 507 
* 18480
* 6160
+1 3080
+8 3080
fe=(38)
+43 6160
fi=(40)
-52 3080
cfi=(14)
cfn=(4076)
calls=3080 507 
* 18480
* 6160
+1 3080
+10 3080
fe=(38)
+42 6160
fi=(40)
-53 3080
cfi=(14)
cfn=(4076)
calls=3080 507 
* 18480
* 3080
+1 3080
+9 3080
fe=(38)
+44 6160
+1 12320

fl=(23)
fn=(4148)
48 2
fi=(17)
436 2
fe=(23)
49 1
fi=(17)
436 1
fe=(23)
48 4
fi=(17)
436 1
fe=(23)
50 1
-1 1
+1 3
cfi=(14)
cfn=(4034)
calls=1 233 
* 3
+1 2
-1 1
+1 1
cfi=(24) /usr/src/debug/gcc/gcc-build/x86_64-pc-linux-gnu/libstdc++-v3/src/c++98/time_members.cc
cfn=(4150) std::__timepunct<wchar_t>::_M_initialize_timepunct(__locale_struct*)
calls=1 222 
* 148
* 4

fn=(4094)
48 2
fi=(17)
436 2
fe=(23)
49 1
fi=(17)
436 1
fe=(23)
48 4
fi=(17)
436 1
fe=(23)
50 1
-1 1
+1 3
cfi=(14)
cfn=(4034)
calls=1 233 
* 3
+1 2
-1 1
+1 1
cfi=(24)
cfn=(4096) std::__timepunct<char>::_M_initialize_timepunct(__locale_struct*)
calls=1 +15 
* 152
* 4

fl=(108)
fn=(7716)
62 10
cob=(1)
cfi=(1)
cfn=(7718)
calls=2 -62 
* 24
* 6

fl=(26)
fn=(4206)
90 2
+3 10
-3 2
+3 9
-3 2
+3 1
-3 3
+3 4
-1 1
+1 1
-1 1
+1 1
-1 3
+1 410
-1 15
+1 180
-1 30
+1 6
-1 1
+1 12
-1 2
+2 5
fi=(19)
1120 32
fe=(26)
98 4
cob=(2)
cfi=(2)
cfn=(4128)
calls=1 -98 
* 47
+1 4
+1 6

fn=(4100)
103 2
fi=(17)
436 3
fe=(26)
103 4
fi=(17)
436 1
fe=(26)
105 4
cfi=(14)
cfn=(4038)
calls=1 221 
* 18
* 1
+1 1
-1 1
+1 4
cfi=(27)
cfn=(4102)
calls=1 273 
* 18671

fl=(39)
fn=(4192)
39 18504
+2 3084
-2 9252
+4 3084
-2 3084
+3 6168
cfi=(13)
cfn=(4026)
calls=3084 269 
* 80208
* 9252
cfi=(14)
cfn=(4194)
calls=3084 +76 
* 43176
* 6168
cfi=(14)
cfn=(4196)
calls=3084 +47 
* 18504
+1 24672

fl=(103) /usr/src/debug/gcc/gcc-build/x86_64-pc-linux-gnu/libstdc++-v3/include/x86_64-pc-linux-gnu/bits/c++locale.h
fn=(6956) std::__convert_from_v(__locale_struct* const&, char*, int, char const*, ...)
78 27262976
+2 2097152
cob=(2)
cfi=(2)
cfn=(4104)
calls=1048576 -80 
* 23068672
+17 3145728
-17 1048576
+14 2097152
+3 1048576
-3 4194304
+3 1048576
cob=(2)
cfi=(2)
cfn=(6958)
calls=1048576 -97 
* 2475859236
+8 1048576
-8 1048576
+8 1048576
cob=(2)
cfi=(2)
cfn=(4104)
calls=1048576 0 
* 23068672
+9 11534336

fl=(79)
fn=(4946)
124 9234
+12 1026
-12 3078
+12 5130
cfi=(68)
cfn=(4872)
calls=1026 -85 
* 30780
+1 2052
+63 3
fi=(36)
-2 1
fi=(34)
-31 1
cfi=(38)
cfn=(4852)
calls=1 46 
* 9
fe=(79)
+35 12312
fi=(78)
+32 1026
+5 1026
fi=(71)
352 1026
fe=(79)
144 1026
fi=(34)
338 2052
fi=(69)
494 1026
350 2052
fi=(71)
452 1025
fi=(78)
259 1025
fi=(71)
452 1025
fe=(79)
153 1025
fi=(78)
259 1025
fi=(71)
452 2050
fe=(79)
148 2050
fi=(78)
259 1
fi=(71)
452 1
fe=(79)
153 1
fi=(78)
259 1
fi=(71)
452 2
fe=(79)
148 1538
fi=(71)
405 3586
fe=(79)
149 5634
fi=(69)
494 1792
fe=(79)
152 1792
+1 3584
fi=(78)
1165 1792
fe=(79)
152 1792
fi=(49)
+87 3584
fe=(79)
-85 3584
fi=(71)
405 10752
cob=(2)
cfi=(2)
cfn=(4954)
calls=1792 0 
* 722616
fe=(79)
160 1792
fi=(78)
422 1792
fi=(71)
-17 1792
fe=(79)
160 5376
fi=(78)
422 5376
1570 8960
cfi=(80)
cfn=(4984) std::__cxx11::basic_string<char, std::char_traits<char>, std::allocator<char> >::_M_append(char const*, unsigned long) [clone .isra.0]
calls=1792 444 
* 699351
fi=(69)
804 5376
fe=(79)
163 1792
fi=(69)
804 1792
350 3584
fe=(79)
149 1024
fi=(71)
452 1024
fe=(79)
149 2048
fi=(69)
494 1025
fe=(79)
178 1025
fi=(69)
328 2050
507 2050
fe=(79)
197 1025
fi=(69)
353 2304
cfi=(64)
cfn=(4878)
calls=768 -26 
* 112896
fe=(79)
149 2304
+48 3
+2 1
fi=(69)
353 3
cfi=(64)
cfn=(4878)
calls=1 -26 
* 144
* 1
fe=(79)

fl=(22)
fn=(4144)
741 13
+1 2
+3 2
914 11
748 2
+5 1
-3 1
-2 1
+12 1
-7 1
+7 1
-5 1
+2 1
+3 1
-10 1
+1 1
+1 1
+2 1
+2 1
+2 1
+1 1
+2 2
+5 1
-1 1
+1 1
-2 2
+2 2
-2 3
+2 20
-2 31

fn=(4092)
216 11
+1 2
+3 2
+3 1
+12 1
-10 1
-2 1
+1 1
+11 1
-11 1
+1 2
+1 1
+1 1
+1 1
+1 1
+1 1
+1 1
+1 1
+1 1
+1 1
+1 1
+1 2
+3 2
-1 2
+1 3
-1 3
+1 30
-1 30
366 8

fn=(4146)
558 13
+1 2
+3 2
731 11
565 2
+5 1
-3 1
-2 1
+12 1
-7 1
+7 1
-5 1
+2 1
+3 1
-10 1
+1 1
+1 1
+2 1
+2 1
+2 1
+1 1
+2 2
+5 1
-1 1
+1 1
-2 2
+2 2
-2 3
+2 20
-2 31

fn=(4090)
372 11
+1 2
+3 2
+3 1
+12 1
-10 1
-2 1
+1 1
+11 1
-11 1
+1 2
+1 1
+1 1
+1 1
+1 1
+1 1
+1 1
+1 1
+1 1
+1 1
+1 1
+1 2
+3 2
-1 2
+1 3
-1 3
+1 30
-1 30
517 8

fl=(69)
fn=(5114) std::basic_streambuf<char, std::char_traits<char> >::sbumpc() [clone .isra.0]
494 1048053
328 2096106
507 2096106
336 1048053

fl=(20)
fn=(4142)
183 9
+1 2
+3 2
+69 1
+1 1
-1 1
+3 2
+1 1
+1 6
-71 3
+4 1
-3 1
+3 1
+6 1
-8 1
+8 1
-2 4
+2 2
-2 3
+2 70
-2 105
+6 2
-2 2
+2 2
-2 3
+2 50
-2 76

fn=(4086)
92 10
+1 2
+3 2
+68 2
+1 1
-1 1
+3 2
+1 1
+1 7
-70 3
+1 1
+1 1
+2 1
+1 2
+3 2
-1 4
+1 3
-1 3
+1 105
-1 105
+4 2
-1 4
+1 3
-1 3
+1 75
-1 76

fl=(97) /usr/src/debug/gcc/gcc/libstdc++-v3/libsupc++/del_ops.cc
fn=(5704) operator delete(void*, unsigned long)
32 22
+1 22
cfi=(89)
cfn=(5388)
calls=22 +15 
* 2543

fl=(24)
fn=(4096)
66 8
+1 2
+3 2
192 9
73 1
cfi=(14)
cfn=(4038)
calls=1 221 
* 18
+2 3
-2 1
+2 19
+54 1
-54 63
+54 1
-54 19
192 5

fn=(4150)
222 7
+1 2
+3 2
396 8
229 1
cfi=(14)
cfn=(4038)
calls=1 -8 
* 18
+2 3
-2 1
+2 18
+54 1
-54 57
396 1
231 2
+54 1
-54 24
396 2

fl=(30)
fn=(4156)
100 10
fi=(19)
1720 1
fe=(30)
100 1
+3 1
-2 1
+1 1
fi=(19)
1720 1
fi=(17)
436 1
fe=(30)
103 1
fi=(19)
1719 4
+1 1
cfi=(31)
cfn=(4158)
calls=1 92 
* 421
fi=(12)
54 1
+56 2
-16 1
fi=(17)
659 4
cfi=(14)
cfn=(4076)
calls=1 507 
* 15
* 3
+56 1
436 1
715 3
cfi=(14)
cfn=(4038)
calls=1 221 
* 18
* 1
fi=(12)
110 2
-16 1
fi=(17)
659 4
cfi=(14)
cfn=(4076)
calls=1 507 
* 15
* 1
fi=(21)
1108 1
fi=(17)
659 1
fi=(21)
1108 1
fi=(17)
659 1
fi=(21)
1107 1
+1 1
fi=(17)
436 1
fi=(21)
1107 3
+1 1
cfi=(32)
cfn=(4164)
calls=1 372 
* 114
fi=(12)
110 2
-16 1
fi=(17)
659 4
cfi=(14)
cfn=(4076)
calls=1 507 
* 15
* 2
fi=(21)
1108 1
fi=(17)
659 1
fi=(21)
1107 1
+1 2
fi=(17)
436 1
fi=(21)
1107 4
+1 1
cfi=(32)
cfn=(4166)
calls=1 216 
* 114
fi=(12)
110 2
-16 1
fi=(17)
659 4
cfi=(14)
cfn=(4076)
calls=1 507 
* 15
* 3
fi=(21)
1530 1
fi=(17)
436 1
fi=(21)
1530 2
fi=(12)
110 2
-16 1
fi=(17)
659 4
cfi=(14)
cfn=(4076)
calls=1 507 
* 15
* 3
fi=(21)
1690 1
fi=(17)
436 1
fi=(21)
1690 2
fi=(12)
110 2
-16 1
fi=(17)
659 4
cfi=(14)
cfn=(4076)
calls=1 507 
* 15
* 3
fi=(21)
422 1
fi=(17)
+14 1
fi=(21)
-14 2
fi=(12)
110 2
-16 1
fi=(17)
659 4
cfi=(14)
cfn=(4076)
calls=1 507 
* 15
* 2
fe=(30)
112 1
fi=(17)
659 1
fe=(30)
112 2
cfi=(25)
cfn=(4168)
calls=1 -68 
* 42
fi=(12)
-2 2
-16 1
fi=(17)
659 4
cfi=(14)
cfn=(4076)
calls=1 507 
* 15
* 1
fi=(19)
1720 1
fi=(17)
659 1
fi=(19)
1720 1
fi=(17)
659 1
fe=(30)
115 1
fi=(17)
436 1
fe=(30)
114 1
+1 1
fi=(19)
1719 1
fe=(30)
114 1
+2 1
fi=(19)
1719 3
+1 1
cfi=(31)
cfn=(4170)
calls=1 183 
* 353
fi=(12)
110 2
-16 1
fi=(17)
659 4
cfi=(14)
cfn=(4076)
calls=1 507 
* 15
* 3
+56 1
436 1
715 3
cfi=(14)
cfn=(4038)
calls=1 221 
* 18
* 1
fi=(12)
110 2
-16 1
fi=(17)
659 4
cfi=(14)
cfn=(4076)
calls=1 507 
* 15
* 1
fi=(21)
1108 1
fi=(17)
659 1
fi=(21)
1108 1
fi=(17)
659 1
fi=(21)
1107 1
+1 1
fi=(17)
436 1
fi=(21)
1107 4
+1 1
cfi=(32)
cfn=(4172)
calls=1 741 
* 109
fi=(12)
110 2
-16 1
fi=(17)
659 4
cfi=(14)
cfn=(4076)
calls=1 507 
* 15
* 2
fi=(21)
1108 1
fi=(17)
659 1
fi=(21)
1107 1
+1 2
fi=(17)
436 1
fi=(21)
1107 3
+1 1
cfi=(32)
cfn=(4174)
calls=1 558 
* 109
fi=(12)
110 2
-16 1
fi=(17)
659 4
cfi=(14)
cfn=(4076)
calls=1 507 
* 15
* 3
fi=(21)
1530 1
fi=(17)
436 1
fi=(21)
1530 2
fi=(12)
110 2
-16 1
fi=(17)
659 4
cfi=(14)
cfn=(4076)
calls=1 507 
* 15
* 3
fi=(21)
1690 1
fi=(17)
436 1
fi=(21)
1690 2
fi=(12)
110 2
-16 1
fi=(17)
659 4
cfi=(14)
cfn=(4076)
calls=1 507 
* 15
* 3
fi=(21)
422 1
fi=(17)
+14 1
fi=(21)
-14 2
fi=(12)
110 2
-16 1
fi=(17)
659 4
cfi=(14)
cfn=(4076)
calls=1 507 
* 15
* 2
fe=(30)
125 1
fi=(17)
659 1
fe=(30)
125 2
cfi=(25)
cfn=(4176)
calls=1 -81 
* 42
fi=(12)
-15 2
-16 1
fi=(17)
659 3
cfi=(14)
cfn=(4076)
calls=1 507 
* 15
* 1
fe=(30)
129 1
fi=(17)
659 1
fe=(30)
129 2
cfi=(14)
cfn=(4076)
calls=1 507 
* 6
+1 1
-1 1
+1 2
cfi=(14)
cfn=(4076)
calls=1 507 
* 6
+1 1
-1 1
+1 2
cfi=(14)
cfn=(4076)
calls=1 507 
* 6
* 1
+2 1
-2 1
+2 2
cfi=(14)
cfn=(4076)
calls=1 507 
* 6
* 1
+1 1
-1 1
+1 2
cfi=(14)
cfn=(4076)
calls=1 507 
* 6
* 1
+1 2
-1 1
+1 1
cfi=(14)
cfn=(4076)
calls=1 507 
* 6
* 1
+2 8

fl=(10)
fn=(4020)
118 2
-38 1
+38 1
-38 1
cfi=(11)
cfn=(4022)
calls=1 -2 
* 39311
* 2
+38 1
-38 2
cob=(2)
cfi=(2)
cfn=(4240)
calls=1 -80 
* 73

fl=(63)
fn=(7420) std::basic_ofstream<char, std::char_traits<char> >::~basic_ofstream()
917 5
+1 1
-1 1
+1 10
261 1
cfi=(64)
cfn=(5974)
calls=1 -8 
* 699
+3 2
cfi=(65)
cfn=(6036) std::__basic_file<char>::~__basic_file()
calls=1 -54 
* 23
fi=(69)
-57 5
cfi=(14)
cfn=(4196)
calls=1 91 
* 6
fi=(37)
101 1
fi=(34)
296 1
fi=(37)
101 1
fi=(34)
296 3
fe=(63)
918 2
fi=(34)
296 1
cfi=(35)
cfn=(5596)
calls=1 87 
* 61
fe=(63)

fn=(6910) std::basic_ofstream<char, std::char_traits<char> >::open(std::__cxx11::basic_string<char, std::char_traits<char>, std::allocator<char> > const&, std::_Ios_Openmode)
1018 2
fi=(36)
151 1
fe=(63)
1018 3
+2 1
-2 1
345 2
cfi=(64)
cfn=(4754)
calls=1 183 
* 981
1021 3
-1 2
+6 1
-1 1
+1 1
-1 1
cfi=(38)
cfn=(4852)
calls=1 46 
* 9

fn=(6892) std::basic_ofstream<char, std::char_traits<char> >::basic_ofstream()
834 7
fi=(34)
477 1
fe=(63)
834 1
fi=(34)
477 1
cfi=(35)
cfn=(4184)
calls=1 76 
* 175
-1 1
+1 1
fi=(37)
-36 1
fi=(34)
+35 1
fi=(37)
-35 4
fi=(34)
+35 1
fi=(37)
-35 1
fi=(34)
+36 2
fi=(37)
-36 1
cfi=(38)
cfn=(4190)
calls=1 131 
* 169
fe=(63)
834 7
cfi=(64)
cfn=(4742)
calls=1 85 
* 97
+1 3
cfi=(38)
cfn=(4190)
calls=1 131 
* 169
* 6

fn=(4752) std::basic_ifstream<char, std::char_traits<char> >::open(std::__cxx11::basic_string<char, std::char_traits<char>, std::allocator<char> > const&, std::_Ios_Openmode)
743 2
fi=(36)
151 1
fe=(63)
743 3
+2 1
-2 1
345 2
cfi=(64)
cfn=(4754)
calls=1 183 
* 943
746 3
-1 2
+6 1
-1 1
+1 1
-1 1
cfi=(38)
cfn=(4852)
calls=1 46 
* 9

fn=(5972) std::basic_ifstream<char, std::char_traits<char> >::~basic_ifstream()
642 5
+1 1
-1 1
+1 4
264 1
643 1
264 2
-3 1
cfi=(64)
cfn=(5974)
calls=1 -8 
* 661
+3 2
cfi=(65)
cfn=(6036)
calls=1 -54 
* 23
fi=(69)
-57 5
cfi=(14)
cfn=(4196)
calls=1 91 
* 6
fi=(41)
-99 2
fi=(34)
296 1
fi=(41)
108 1
fi=(34)
296 3
fe=(63)
643 2
fi=(34)
296 1
cfi=(35)
cfn=(5596)
calls=1 87 
* 61
fe=(63)

fn=(4738) std::basic_ifstream<char, std::char_traits<char> >::basic_ifstream()
561 7
fi=(34)
-84 1
fe=(63)
+84 1
fi=(34)
-84 1
cfi=(35)
cfn=(4184)
calls=1 76 
* 86
fi=(41)
702 1
fi=(34)
476 1
fi=(41)
703 1
fi=(34)
477 1
fi=(41)
702 2
+1 1
fi=(34)
476 2
fi=(41)
702 2
fi=(34)
477 2
fi=(41)
703 1
cfi=(38)
cfn=(4190)
calls=1 131 
* 157
fe=(63)
561 7
cfi=(64)
cfn=(4742)
calls=1 85 
* 85
+1 3
cfi=(38)
cfn=(4190)
calls=1 131 
* 157
* 6

fl=(65)
fn=(4744)
207 2
+1 6

fn=(4760) (anonymous namespace)::fopen_mode(std::_Ios_Openmode)
93 14
+8 2
-6 2

fn=(4886)
334 8470
+14 1540
cfn=(4888) std::__basic_file<char>::fd()
calls=770 -39 
* 7700
fi=(70) /usr/include/bits/unistd.h
32 3080
cob=(2)
cfi=(2)
cfn=(4894)
calls=770 -32 
* 31570
* 770
fe=(65)
349 1540
+3 5390

fn=(6036)
210 6
+1 2
cfn=(5980)
calls=2 318 
* 34
* 4

fn=(5980)
318 24
+2 4
cfn=(4756)
calls=4 -16 
* 16
* 8
+3 4
+4 2
+3 6
-6 4
cob=(2)
cfi=(2)
cfn=(5982)
calls=2 0 
* 732
+1 2
+1 4
+4 2
-11 2
+11 4

fn=(4758)
255 14
+2 2
-2 2
+2 2
cfn=(4760)
calls=2 93 
* 18
+1 12
cfn=(4756)
calls=2 +46 
* 8
* 4
+2 6
cob=(2)
cfi=(2)
cfn=(4762)
calls=2 0 
* 1191
* 6
+2 2
+5 2
-4 2
+4 10

fn=(4888)
309 3148038
cob=(2)
cfi=(2)
cfn=(4890)
calls=1049346 0 
* 7345422

fn=(4756)
304 48

fn=(7236)
356 9437184
132 1048576
360 1048576
cfn=(4888)
calls=1048576 -51 
* 10485760
* 1048576
141 4194304
cob=(2)
cfi=(2)
cfn=(7238)
calls=1048576 0 
* 78643200
+1 2097152
+6 2097152
362 7340032

fl=(73)
fn=(4906)
378 19
fi=(36)
853 3
fe=(73)
388 1
cfn=(4908) std::__use_cache<std::__numpunct_cache<char> >::operator()(std::locale const&) const [clone .isra.0]
calls=1 57 
* 28
* 1
fi=(36)
87 3
fe=(73)
396 6
fi=(74)
238 6
cfn=(4910)
calls=1 -37 
* 29
* 5
fe=(73)
403 2
fi=(74)
154 2
cfn=(4914)
calls=1 +52 
* 12
fe=(73)
406 1
fi=(74)
154 2
fe=(73)
408 1
fi=(71)
+38 1
fe=(73)
-39 4
+13 1
+1 1
+3 2
+1 2
+2 2
+10 3
+29 5
fi=(75)
312 3
fe=(73)
472 4
+8 2
+5 1
-5 3
+5 2
+2 2
fi=(74)
209 1
fe=(73)
475 1
fi=(19)
2178 1
fi=(74)
209 1
fe=(73)
481 2
+16 8
+1 12
fi=(69)
-4 4
fe=(73)
+5 4
+1 4
fi=(69)
328 8
507 8
350 8
fi=(74)
209 20
fe=(73)
503 8
fi=(74)
209 8
fi=(69)
494 4
350 8
fi=(71)
452 4
fe=(73)
+35 4
fi=(19)
2176 10
+2 18
+6 4
fe=(73)
493 8
fi=(75)
961 1
fe=(73)
559 2
+14 3
+16 2
+2 1
+1 1
-1 3
+1 1
cfi=(75)
cfn=(4928)
calls=1 758 
* 6
* 13
-19 2
+5 2
474 3
587 7
406 2

fn=(6948) std::ostreambuf_iterator<char, std::char_traits<char> > std::num_put<char, std::ostreambuf_iterator<char, std::char_traits<char> > >::_M_insert_float<double>(std::ostreambuf_iterator<char, std::char_traits<char> >, std::ios_base&, char, char, double) const
999 16777216
fi=(36)
853 3145728
fe=(73)
1006 1048576
cfn=(4908)
calls=1048576 57 
* 29360128
fi=(36)
766 1048576
fe=(73)
1018 2097152
-12 1048576
+3 3145728
+9 4194304
cfi=(102)
cfn=(6952)
calls=1048576 64 
* 33554432
fi=(36)
87 1048576
fe=(73)
1028 1048576
fi=(36)
87 1048576
fe=(73)
1028 7340032
+1 2097152
+1 1048576
cfi=(14)
cfn=(4038)
calls=1048576 221 
* 18874368
* 11534336
cfi=(103)
cfn=(6956)
calls=1048576 78 
* 2578619684
* 1048576
+7 2097152
fi=(40)
119 2097152
cfi=(14)
cfn=(4076)
calls=1048576 507 
* 6291456
* 1048576
+1 1048576
+8 2097152
228 2097152
fe=(73)
1071 13631488
+2 1048576
-2 2097152
+2 1048576
fi=(19)
911 1048576
fe=(73)
1071 1048576
fi=(19)
911 2097152
fi=(71)
399 1048576
+6 4194304
cob=(2)
cfi=(2)
cfn=(4954)
calls=1048576 0 
* 19922944
fe=(73)
1078 2097152
fi=(71)
405 1048576
fe=(73)
1078 1048576
+3 1047552
-1 2095104
+1 1047552
+6 2097152
+27 1048576
fi=(36)
790 1048576
fe=(73)
1114 3145728
fi=(36)
801 2097152
+1 1048576
fi=(74)
329 2097152
fi=(69)
460 5242880
cfi=(64)
cfn=(7190)
calls=1048576 759 
* 99619976
fi=(74)
331 5242880
fe=(73)
1126 11534336
fi=(19)
913 3145728
+1 5242880
cob=(2)
cfi=(2)
cfn=(4704)
calls=1048576 0 
* 11539556
fi=(71)
399 2097152
fe=(73)
1071 2097152

fn=(5090)
709 5242880
+5 1048576
-5 1048576
+5 1048576
-5 7340032
+5 1048576
-5 6291456
fi=(75)
312 5242880
fe=(73)
714 1048576
cfi=(75)
cfn=(5092)
calls=1048576 3652 
* 145752570
+1 9437184
cfn=(5102) std::num_get<char, std::istreambuf_iterator<char, std::char_traits<char> > >::_M_extract_float(std::istreambuf_iterator<char, std::char_traits<char> >, std::istreambuf_iterator<char, std::char_traits<char> >, std::ios_base&, std::_Ios_Iostate&, std::string&) const
calls=1048576 152 
* 545234741
* 5242880
+1 1048576
cfi=(14)
cfn=(4038)
calls=1048576 221 
* 18874368
* 6291456
cfi=(16)
cfn=(5124)
calls=1048576 75 
* 810219255
fi=(74)
209 11534336
fe=(73)
717 2097152
fi=(36)
198 1024
fe=(73)
719 7168
fi=(75)
330 1024
+8 1024
-69 2048
fe=(73)
719 7332864
fi=(75)
330 1047552
+8 1047552
-69 2095104
fe=(73)
720 13631488
fi=(69)
350 4190208
fi=(12)
54 1048576
+46 2097152
-14 1048576
+1 2097152
fi=(75)
282 2097152
fi=(88)
172 1048576
cfi=(89)
cfn=(5388)
calls=1048576 48 
* 65011712
fi=(75)
3598 1048576
fe=(73)

fn=(5102)
152 2097152
fi=(36)
853 1048576
fe=(73)
152 16777216
+8 1048576
cfn=(4908)
calls=1048576 57 
* 29360128
fi=(74)
+78 1048576
fe=(73)
-78 1048576
fi=(74)
+78 5242880
cfn=(4910)
calls=1048576 -37 
* 30408704
fe=(73)
-70 2097152
371 1048576
+1 1048576
-1 3145728
+1 1048576
cfi=(75)
cfn=(4928)
calls=1048576 758 
* 6291456
* 13631488
fi=(74)
238 1048576
-84 1048576
+84 2097152
-84 1048576
cfn=(4914)
calls=1048576 +52 
* 12582912
fe=(73)
+17 1048576
fi=(74)
-17 2097152
fi=(71)
446 1048576
fe=(73)
173 1048576
fi=(74)
-19 1048576
fe=(73)
+19 1048576
-1 4194304
+14 2097152
-1 1048576
+1 5242880
+3 2097152
+1 4193258
+2 2097152
+2 2096106
fi=(74)
-19 1048053
fe=(73)
+24 1048053
fi=(74)
-24 1048053
cfi=(69)
cfn=(5114)
calls=1048053 494 
* 6288318
+71 7336371
cfn=(4910)
calls=1048053 -45 
* 30393537
fe=(73)
-45 2096106
fi=(74)
+45 2096106
-92 2096106
cfn=(4914)
calls=1048053 +52 
* 12576636
* 2096106
fi=(71)
446 2096106
fe=(73)
189 4192212
fi=(75)
1276 3144159
cfn=(5108)
calls=1048053 1437 
* 36681855
+1 1048053
961 1048576
fe=(73)
359 2097152
fi=(69)
-25 2097152
fe=(73)
186 3145728
fi=(12)
54 3146251
fi=(75)
221 6292502
1440 12585004
fi=(71)
352 3146251
fi=(75)
-22 3146251
fe=(73)
226 3146251
fi=(75)
338 3146251
-99 6292502
fi=(69)
494 4194827
+3 4194827
328 8389654
507 8389654
350 8389654
fi=(74)
209 29356621
fe=(73)
+52 8387606
fi=(74)
-52 8387606
fi=(69)
494 4193803
350 8387606
fi=(71)
452 4193803
fe=(73)
220 4193803
fi=(19)
2178 15727137
fi=(75)
330 3146251
961 3146251
1439 3146251
+1 6292502
fe=(73)
228 4192256
+6 2095104
+1 2095104
fi=(69)
353 3072
cfi=(85)
cfn=(5448)
calls=1024 153 
* 16384
* 1024
fi=(74)
209 10240
fe=(73)
+52 2048
fi=(75)
-28 3146251
+10 3146251
fi=(71)
352 3146251
fi=(75)
248 3146251
fe=(73)
-19 3145728
+3 1048576
fi=(75)
1276 3145728
cfn=(5108)
calls=1048576 1437 
* 36700160
+1 2097152
fi=(74)
210 2048
fi=(75)
312 12582912
fe=(73)
-98 2097152
+4 2097152

fn=(6946)
1182 1048576
+2 3145728
cfn=(6948)
calls=1048576 999 
* 2949821968

fn=(4908)
57 12582918
+2 2097153
-2 2097153
+2 2097153
cfi=(14)
cfn=(4076)
calls=2097153 507 
* 12582918
* 2097153
+1 2097153
+1 10485765
+16 12582918

fl=(80)
fn=(4984)
444 5376
fi=(78)
259 1792
fe=(80)
444 3584
fi=(78)
1165 1792
239 1792
+41 3584
1279 1791
fe=(80)
447 1791
+2 3582
-2 1
+2 2
+2 3582
+1 1791
fi=(78)
-2 5373
fi=(71)
-21 5373
cob=(2)
cfi=(2)
cfn=(4704)
calls=1791 0 
* 643960
fi=(78)
239 1791
454 1791
239 1791
-5 1791
fi=(71)
352 1791
fe=(80)
459 3583
-4 5
cfn=(4988) std::__cxx11::basic_string<char, std::char_traits<char>, std::allocator<char> >::_M_mutate(unsigned long, unsigned long, char const*, unsigned long)
calls=1 -99 
* 1633
fi=(78)
239 3
-5 1
fi=(71)
352 1
fe=(80)
459 2
fi=(78)
1279 2
fe=(80)

fn=(4988)
356 2
+6 2
-6 10
fi=(78)
1165 3
fe=(80)
362 2
fi=(78)
257 2
+23 2
1279 2
fe=(80)
363 2
-3 1
+3 2
cob=(8)
cfi=(60) /usr/include/c++/15.1.1/bits/basic_string.tcc
cfn=(4992) std::__cxx11::basic_string<char, std::char_traits<char>, std::allocator<char> >::_M_create(unsigned long&, unsigned long)
calls=1 143 
* 962

ob=(5)
fl=(5)
fn=(3926)
0 12

fn=(7674)
0 9
cob=(2)
cfi=(2)
cfn=(7638)
calls=1 0 
0 98
0 1
cfn=(7682) 0x0000000000001020
calls=1 0 
0 5
0 3

ob=(7)
fl=(80)
fn=(4988)
365 2
-2 1
+2 1
+2 4
+1 1
fi=(78)
+82 2
fi=(71)
-21 4
cob=(2)
cfi=(2)
cfn=(4704)
calls=1 0 
* 603
* 2
fe=(80)
-60 2
fi=(78)
239 1
+41 2
-14 1
-37 1
+37 1
fe=(80)
376 11

ob=(5)
fl=(5)
fn=(7682)
0 5

ob=(7)
fl=(80)
fn=(4988)
fi=(78)
1279 2
fe=(80)

ob=(8)
fl=(59) /usr/include/c++/15.1.1/bits/char_traits.h
fn=(4716) std::char_traits<char>::assign(char&, char const&)
345 12
+7 12
+1 9

fn=(4698) std::char_traits<char>::copy(char*, char const*, unsigned long)
421 12
+2 4
+6 16
cob=(2)
cfi=(2)
cfn=(4704)
calls=1 0 
* 11
cob=(1)
cfi=(1)
cfn=(4588)
calls=1 0 
* 1069
* 6
* 2
+1 4

fn=(4678) std::char_traits<char>::length(char const*)
387 8
fi=(116) /usr/include/c++/15.1.1/x86_64-pc-linux-gnu/bits/c++config.h
589 2
fe=(59)
390 4
+3 6
cob=(2)
cfi=(2)
cfn=(4122)
calls=1 0 
* 14
cob=(1)
cfi=(1)
cfn=(4588)
calls=1 0 
* 916
* 6
* 2
+1 4

fl=(57) /usr/include/c++/15.1.1/bits/basic_string.h
fn=(4932) std::__cxx11::basic_string<char, std::char_traits<char>, std::allocator<char> >::_Alloc_hider::_Alloc_hider(char*, std::allocator<char>&&)
208 7
fi=(117) /usr/include/c++/15.1.1/bits/move.h
-69 8
fi=(77) /usr/include/c++/15.1.1/bits/new_allocator.h
-47 1
fi=(76) /usr/include/c++/15.1.1/bits/allocator.h
+81 1
fe=(57)
+36 6

fn=(5000) std::__cxx11::basic_string<char, std::char_traits<char>, std::allocator<char> >::_M_get_allocator()
359 12
+1 12

fn=(4676) std::__cxx11::basic_string<char, std::char_traits<char>, std::allocator<char> >::_Alloc_hider::_Alloc_hider(char*, std::allocator<char> const&)
204 26
fi=(77)
92 2
fi=(76)
+81 2
fe=(57)
+32 12

fn=(4712) std::__cxx11::basic_string<char, std::char_traits<char>, std::allocator<char> >::_M_set_length(unsigned long)
270 24
+2 15
cfn=(4714) std::__cxx11::basic_string<char, std::char_traits<char>, std::allocator<char> >::_M_length(unsigned long)
calls=3 -39 
* 30
+1 12
cfn=(4692) std::__cxx11::basic_string<char, std::char_traits<char>, std::allocator<char> >::_M_data() const
calls=3 -35 
* 21
* 18
cfi=(59)
cfn=(4716)
calls=3 +72 
* 33
+1 18

fn=(4714)
233 12
+1 18

fn=(5950) std::__cxx11::basic_string<char, std::char_traits<char>, std::allocator<char> >::_M_dispose()
296 12
+2 9
cfn=(5952) std::__cxx11::basic_string<char, std::char_traits<char>, std::allocator<char> >::_M_is_local() const
calls=3 -20 
* 148
* 9
+1 12
cfn=(5958) std::__cxx11::basic_string<char, std::char_traits<char>, std::allocator<char> >::_M_destroy(unsigned long)
calls=2 +5 
* 351
+1 9

fn=(5954) std::__cxx11::basic_string<char, std::char_traits<char>, std::allocator<char> >::_M_local_data() const
254 12
+3 12
cfi=(58) /usr/include/c++/15.1.1/bits/ptr_traits.h
cfn=(5956) std::__ptr_traits_ptr_to<char const*, char const, false>::pointer_to(char const&)
calls=3 134 
* 33
+4 6

fn=(5958)
304 14
+1 10
cfn=(4692)
calls=2 -67 
* 14
* 8
cfn=(5000)
calls=2 +54 
* 12
* 6
fi=(82) /usr/include/c++/15.1.1/bits/alloc_traits.h
649 12
cfi=(77)
cfn=(5960) std::__new_allocator<char>::deallocate(char*, unsigned long)
calls=2 156 
* 261
* 2
fe=(57)
305 12

fn=(4694) void std::__cxx11::basic_string<char, std::char_traits<char>, std::allocator<char> >::_S_copy_chars<char const*>(char*, char const*, char const*)
483 12
+6 10
fi=(94) /usr/include/c++/15.1.1/bits/stl_iterator.h
3011 2
fe=(57)
489 8
cfn=(4696) std::__cxx11::basic_string<char, std::char_traits<char>, std::allocator<char> >::_S_copy(char*, char const*, unsigned long)
calls=2 -41 
* 1158
+17 6

fn=(4696)
448 12
+2 4
+3 12
cfi=(59)
cfn=(4698)
calls=2 -32 
* 1124
+1 6

fn=(5948) std::__cxx11::basic_string<char, std::char_traits<char>, std::allocator<char> >::~basic_string()
895 12
+1 9
cfn=(5950)
calls=3 296 
* 550
* 9
cfn=(5964) std::__cxx11::basic_string<char, std::char_traits<char>, std::allocator<char> >::_Alloc_hider::~_Alloc_hider()
calls=3 197 
* 57
* 9

fn=(5952)
278 15
+2 9
cfn=(4692)
calls=3 -42 
* 21
* 12
cfn=(5954)
calls=3 -26 
* 63
* 12
+2 3
+2 2
+2 2
+1 9

fn=(6842) std::__cxx11::basic_string<char, std::char_traits<char>, std::allocator<char> >::_M_data(char*)
228 4
+1 6

fn=(4670) std::__cxx11::basic_string<char, std::char_traits<char>, std::allocator<char> >::basic_string<std::allocator<char> >(char const*, std::allocator<char> const&)
706 14
+1 8
cfn=(4672) std::__cxx11::basic_string<char, std::char_traits<char>, std::allocator<char> >::_M_local_data()
calls=2 243 
* 42
* 12
cfn=(4676)
calls=2 204 
* 42
+3 4
+3 6
cfi=(59)
cfn=(4678)
calls=2 387 
* 962
* 6
+1 12
cfi=(60)
cfn=(4688) void std::__cxx11::basic_string<char, std::char_traits<char>, std::allocator<char> >::_M_construct<char const*>(char const*, char const*, std::forward_iterator_tag)
calls=2 227 
* 1709
+1 8

fn=(4672)
243 12
+3 12
cfi=(58)
cfn=(4674) std::__ptr_traits_ptr_to<char*, char, false>::pointer_to(char&)
calls=3 134 
* 33
+4 6

fn=(4994) std::__cxx11::basic_string<char, std::char_traits<char>, std::allocator<char> >::max_size() const
1181 14
+2 4
+2 6
cfn=(4996) std::__cxx11::basic_string<char, std::char_traits<char>, std::allocator<char> >::_M_get_allocator() const
calls=2 364 
* 12
* 10
fi=(77)
233 2
-50 2
fi=(82)
712 2
fe=(57)
1185 2
+1 10
cfi=(81) /usr/include/c++/15.1.1/bits/stl_algobase.h
cfn=(4998) unsigned long const& std::min<unsigned long>(unsigned long const&, unsigned long const&)
calls=2 234 
* 26
* 4
+1 10

fn=(5964)
197 18
fi=(76)
-8 9
cfi=(77)
cfn=(4936) std::__new_allocator<char>::~__new_allocator()
calls=3 -85 
* 18
* 3
fe=(57)
+8 9

fn=(4692)
238 30
+1 40

fn=(4930) std::__cxx11::basic_string<char, std::char_traits<char>, std::allocator<char> >::basic_string()
585 8
+5 3
fi=(77)
88 1
fi=(76)
+80 1
fe=(57)
590 3
cfn=(4672)
calls=1 243 
* 21
* 6
cfn=(4932)
calls=1 208 
* 23
fi=(76)
189 3
cfi=(77)
cfn=(4936)
calls=1 -85 
* 6
* 3
fe=(57)
378 1
593 4
cfn=(4712)
calls=1 270 
* 57
+1 7

fn=(5002) std::__cxx11::basic_string<char, std::char_traits<char>, std::allocator<char> >::_S_allocate(std::allocator<char>&, unsigned long)
140 18
fi=(82)
614 12
cfi=(77)
cfn=(5004) std::__new_allocator<char>::allocate(unsigned long, void const*)
calls=2 126 
* 927
* 2
fe=(57)
142 2
+10 2
+1 4

fn=(4996)
364 6
+1 6

fn=(6844) std::__cxx11::basic_string<char, std::char_traits<char>, std::allocator<char> >::_M_capacity(unsigned long)
265 4
+1 6

fl=(86) /home/nithin/CLionProjects/1dv1674_a2/pearson/vector.cpp
fn=(5490) Vector::Vector(Vector const&)
35 10235
+1 12282
cfn=(5068) Vector::Vector(unsigned int)
calls=2047 -11 
* 636917
+2 4094
+2 29345792
-2 12587003
+4 8188

fn=(5520) Vector::~Vector()
15 12284
+2 12284
+2 24568
cob=(7)
cfi=(96)
cfn=(5526)
calls=3070 +15 
* 630960
cob=(1)
cfi=(1)
cfn=(4588)
calls=1 -19 
* 783
* 3075
+3 6142
+1 9213

fn=(5068)
25 15355
+1 33781
cob=(7)
cfi=(66)
cfn=(4846)
calls=3070 +5 
* 875375
cob=(1)
cfi=(1)
cfn=(4588)
calls=1 -26 
* 829
* 3075
* 9213
+2 9213

fn=(6132) Vector::get_size() const
45 9216
+1 6144
+1 6144

fn=(6140) Vector::operator[](unsigned int) const
55 4299161600
+1 6448742400
+1 2149580800

fn=(5074) Vector::get_data()
50 3072
+1 2048
+1 2048

fl=(87) /usr/include/c++/15.1.1/bits/stream_iterator.h
fn=(5076) std::istream_iterator<double, char, std::char_traits<char>, long>::istream_iterator(std::istream&)
81 7168
fi=(117)
-28 1024
fe=(87)
+29 4096
+1 3072
cfn=(5078) std::istream_iterator<double, char, std::char_traits<char>, long>::_M_read()
calls=1024 +67 
* 1793259
* 3072

fn=(5402) std::istream_iterator<double, char, std::char_traits<char>, long>::operator*() const
106 3145728
+5 2097152
+1 2097152

fn=(5398) std::istream_iterator<double, char, std::char_traits<char>, long>::istream_iterator(std::istream_iterator<double, char, std::char_traits<char>, long> const&)
86 8192
+2 16384
+1 8192
+1 6144

fn=(5404) std::istream_iterator<double, char, std::char_traits<char>, long>::operator++()
120 4190208
+5 3142656
cfn=(5078)
calls=1047552 +25 
* 1846491652
+1 1047552
+1 2095104

fn=(5078)
150 4194304
+2 11534336
cob=(7)
cfi=(41)
cfn=(5084)
calls=1048575 +73 
* 1811582160
cob=(1)
cfi=(1)
cfn=(4588)
calls=1 0 
* 2587
* 1048580
* 6291456
cob=(7)
cfi=(34)
cfn=(4862)
calls=1048576 -19 
* 4194304
* 1048576
* 5242880
+5 3145728

fl=(92) /usr/include/c++/15.1.1/new
fn=(5486) operator new(unsigned long, void*)
208 11049479

fl=(94)
fn=(5498) Vector const* std::__make_move_if_noexcept_iterator<Vector, Vector const*>(Vector*)
1822 66
+1 66

fl=(83) /usr/include/c++/15.1.1/bits/ios_base.h
fn=(5038) std::operator|(std::_Ios_Openmode, std::_Ios_Openmode)
151 8192

fl=(91) /usr/include/c++/15.1.1/bits/vector.tcc
fn=(5492) std::vector<Vector, std::allocator<Vector> >::_M_realloc_append<Vector const&>(Vector const&)::_Guard_elts::_Guard_elts(Vector*, std::allocator<Vector>&)
613 55
+1 110
+1 33

fn=(5512) std::vector<Vector, std::allocator<Vector> >::_M_realloc_append<Vector const&>(Vector const&)::_Guard_elts::~_Guard_elts()
618 44
+1 99
fi=(82)
1045 55
cfi=(95) /usr/include/c++/15.1.1/bits/stl_construct.h
cfn=(5514) void std::_Destroy<Vector*>(Vector*, Vector*)
calls=11 202 
* 279133
+1 11
fe=(91)
619 33

fn=(5460) void std::vector<Vector, std::allocator<Vector> >::_M_realloc_append<Vector const&>(Vector const&)
557 132
+9 55
cfi=(62) /usr/include/c++/15.1.1/bits/stl_vector.h
cfn=(5462) std::vector<Vector, std::allocator<Vector> >::_M_check_len(unsigned long, char const*) const
calls=11 2196 
* 2751
* 11
+1 11
+2 33
+1 33
+1 33
cfi=(62)
cfn=(5474) std::vector<Vector, std::allocator<Vector> >::begin()
calls=11 998 
* 209
* 44
cfi=(62)
cfn=(5476) std::vector<Vector, std::allocator<Vector> >::end()
calls=11 1018 
* 220
* 33
fi=(94)
1166 11
1340 33
1166 11
1340 44
fe=(91)
571 11
+1 55
cfi=(62)
cfn=(5478) std::_Vector_base<Vector, std::allocator<Vector> >::_M_allocate(unsigned long)
calls=11 384 
* 3786
* 11
+1 22
+3 66
cfi=(62)
cfn=(5484) std::vector<Vector, std::allocator<Vector> >::_Guard_alloc::_Guard_alloc(Vector*, unsigned long, std::_Vector_base<Vector, std::allocator<Vector> >&)
calls=11 1875 
* 198
* 22
fi=(117)
73 11
fe=(91)
587 33
-1 33
fi=(58)
211 11
fe=(91)
586 66
fi=(117)
73 66
fi=(77)
191 44
cfi=(92)
cfn=(5486)
calls=11 +17 
* 77
* 44
fi=(117)
73 11
fi=(77)
191 33
cfi=(86)
cfn=(5490)
calls=11 35 
* 229252
* 44
fi=(82)
680 11
fe=(91)
-54 110
cfn=(5492)
calls=11 -13 
* 198
+4 33
cfi=(62)
cfn=(5494) std::_Vector_base<Vector, std::allocator<Vector> >::_M_get_Tp_allocator()
calls=11 307 
* 66
* 11
-2 55
cfi=(93) /usr/include/c++/15.1.1/bits/stl_uninitialized.h
cfn=(5496) Vector* std::__uninitialized_move_if_noexcept_a<Vector*, Vector*, std::allocator<Vector> >(Vector*, Vector*, Vector*, std::allocator<Vector>&)
calls=11 +30 
* 21252550
* 22
+4 11
+3 22
+1 22
+1 33
cfn=(5512)
calls=11 -19 
* 279375
+1 22
+1 55
+1 33
cfi=(62)
cfn=(5518) std::vector<Vector, std::allocator<Vector> >::_Guard_alloc::~_Guard_alloc()
calls=11 1880 
* 2415
+4 33
+1 33
+1 77
+1 121

fl=(90) /usr/include/c++/15.1.1/bits/stl_algo.h
fn=(5394) double* std::copy_n<std::istream_iterator<double, char, std::char_traits<char>, long>, unsigned int, double*>(std::istream_iterator<double, char, std::char_traits<char>, long>, unsigned int, double*)
684 10240
+7 3072
cfi=(81)
cfn=(5396) std::__size_to_integer(unsigned int)
calls=1024 1020 
* 6144
* 1024
+1 2048
+6 2048
fi=(94)
3011 1024
fe=(90)
698 5120
cfi=(87)
cfn=(5398)
calls=1024 86 
* 19456
* 3072
fi=(94)
3011 4096
cfi=(87)
cfn=(5398)
calls=1024 86 
* 19456
fe=(90)
698 6144
cfi=(81)
cfn=(5400) double* std::__copy_n_a<std::istream_iterator<double, char, std::char_traits<char>, long>, unsigned int, double*>(std::istream_iterator<double, char, std::char_traits<char>, long>, unsigned int, double*, bool)
calls=1024 535 
* 1881094660
* 1024
fi=(117)
139 1024
fe=(90)
700 2048
fi=(94)
3082 1024
fe=(90)
700 1024
+1 6144

fl=(56)
fn=(6138) compute_mean_vec(Vector const&)
97 4096
+1 3072
cfi=(86)
cfn=(6132)
calls=1024 -53 
* 7168
* 1024
+1 2048
+1 2048
+1 5244928
cfi=(86)
cfn=(6140)
calls=1048576 -46 
* 12582912
* 7343104
+1 8192
+1 3072

fn=(6146) compute_invstd_from_mean_vec(Vector const&, double)
106 5120
+1 3072
cfi=(86)
cfn=(6132)
calls=1024 -62 
* 7168
* 1024
+1 2048
+1 2048
+1 2048
+1 5242880
cfi=(86)
cfn=(6140)
calls=1048576 -56 
* 12582912
* 4194304
+1 5242880
-2 4197376
+4 9216
+1 3072
+1 3072
cob=(3)
cfi=(3)
cfn=(6152) sqrt
calls=1023 0 
* 8184
cob=(1)
cfi=(1)
cfn=(4588)
calls=1 0 
* 728
* 1028
* 3072
+1 2048

fn=(4580)
119 9
+1 2
+4 3
+1 3
+1 5
cob=(1)
cfi=(1)
cfn=(4588)
calls=1 0 
* 951
* 5
* 1
+1 2
+4 4
fi=(77)
-43 1
fi=(76)
+80 1
fe=(56)
-34 6
cfi=(57)
cfn=(4670)
calls=1 706 
* 2281
* 5
cfi=(61) /home/nithin/CLionProjects/1dv1674_a2/pearson/dataset.cpp
cfn=(4720) Dataset::read(std::__cxx11::basic_string<char, std::char_traits<char>, std::allocator<char> >)
calls=1 18 
* 1930483034
* 3
cfi=(57)
cfn=(5948)
calls=1 895 
* 97
fi=(76)
+55 3
cfi=(77)
cfn=(4936)
calls=1 -85 
* 6
* 1
fe=(56)
-54 3
cfi=(62)
cfn=(5470) std::vector<Vector, std::allocator<Vector> >::size() const
calls=1 1117 
* 15
* 3
fi=(77)
-47 1
fi=(76)
+80 1
fe=(56)
-30 8
cfi=(62)
cfn=(6044) std::vector<double, std::allocator<double> >::vector(unsigned long, double const&, std::allocator<double> const&)
calls=1 599 
* 47712
fi=(76)
+51 3
cfi=(77)
cfn=(6050) std::__new_allocator<double>::~__new_allocator()
calls=1 -85 
* 6
* 3
fi=(77)
88 1
fi=(76)
+80 1
fe=(56)
-30 8
cfi=(62)
cfn=(6044)
calls=1 599 
* 47815
fi=(76)
+51 3
cfi=(77)
cfn=(6050)
calls=1 -85 
* 6
* 3
fi=(77)
88 1
fi=(76)
+80 1
fe=(56)
-29 7
cfi=(62)
cfn=(6086) std::vector<unsigned int, std::allocator<unsigned int> >::vector(unsigned long, unsigned int const&, std::allocator<unsigned int> const&)
calls=1 599 
* 47784
fi=(76)
+50 3
cfi=(77)
cfn=(6092) std::__new_allocator<unsigned int>::~__new_allocator()
calls=1 -85 
* 6
* 1
fe=(56)
-49 2
+1 5120
cfi=(62)
cfn=(6130) std::vector<Vector, std::allocator<Vector> >::operator[](unsigned long)
calls=1024 1261 
* 37888
* 2048
cfi=(86)
cfn=(6132)
calls=1024 -96 
* 7168
* 1024
+1 6144
cfi=(62)
cfn=(6134) std::vector<unsigned int, std::allocator<unsigned int> >::operator[](unsigned long)
calls=1024 1261 
* 37888
* 1024
+1 5120
cfi=(62)
cfn=(6130)
calls=1024 1261 
* 37888
* 2048
cfn=(6138)
calls=1024 -46 
* 25201664
* 2048
+1 7168
cfi=(62)
cfn=(6142) std::vector<double, std::allocator<double> >::operator[](unsigned long)
calls=1024 1261 
* 37888
* 2048
+1 5120
cfi=(62)
cfn=(6130)
calls=1024 1261 
* 37888
* 5120
cfn=(6146)
calls=1024 -39 
* 31513300
* 6144
cfi=(62)
cfn=(6142)
calls=1024 1261 
* 37888
* 1024
-5 4099
+9 9
fi=(77)
-61 1
fi=(76)
+80 1
fe=(56)
-18 8
cfi=(62)
cfn=(6044)
calls=1 599 
* 24094467
fi=(76)
+39 3
cfi=(77)
cfn=(6050)
calls=1 -85 
* 6
* 3
fi=(77)
88 1
fi=(76)
+80 1
fe=(56)
-15 7
cfi=(62)
cfn=(6192) std::vector<unsigned long, std::allocator<unsigned long> >::vector(unsigned long, unsigned long const&, std::allocator<unsigned long> const&)
calls=1 599 
* 47668
fi=(76)
+36 3
cfi=(77)
cfn=(6198) std::__new_allocator<unsigned long>::~__new_allocator()
calls=1 -85 
* 6
* 1
fe=(56)
-35 2
+1 3072
+1 8192
-1 5120
cfi=(62)
cfn=(6234) std::vector<unsigned long, std::allocator<unsigned long> >::operator[](unsigned long)
calls=1024 1261 
* 37888
* 1024
-1 4101
fi=(77)
-66 1
fi=(76)
+80 1
fe=(56)
-8 6
cfi=(62)
cfn=(6238) std::vector<unsigned long, std::allocator<unsigned long> >::vector(unsigned long, std::allocator<unsigned long> const&)
calls=1 586 
* 507
fi=(76)
+29 3
cfi=(77)
cfn=(6198)
calls=1 -85 
* 6
* 3
fi=(77)
88 1
fi=(76)
+80 1
fe=(56)
-7 6
cfi=(62)
cfn=(6256) std::vector<ThreadCtx, std::allocator<ThreadCtx> >::vector(unsigned long, std::allocator<ThreadCtx> const&)
calls=1 586 
* 619
fi=(76)
+28 3
cfi=(77)
cfn=(6262) std::__new_allocator<ThreadCtx>::~__new_allocator()
calls=1 -85 
* 6
* 1
fe=(56)
-27 2
+1 40
cfi=(62)
cfn=(6296) std::vector<ThreadCtx, std::allocator<ThreadCtx> >::operator[](unsigned long)
calls=8 1261 
* 296
* 144
+1 40
cfi=(62)
cfn=(6296)
calls=8 1261 
* 296
* 48
cfi=(62)
cfn=(6234)
calls=8 1261 
* 296
* 48
cob=(2)
cfi=(2)
cfn=(6304)
calls=7 0 
* 9122
cob=(1)
cfi=(1)
cfn=(4588)
calls=1 0 
* 2612
* 12
* 8
+1 16
-3 35
+8 2
+1 40
cfi=(62)
cfn=(6234)
calls=8 1261 
* 296
* 32
cob=(2)
cfi=(2)
cfn=(6448)
calls=7 0 
* 2314
cob=(1)
cfi=(1)
cfn=(4588)
calls=1 0 
* 1066
* 12
-1 37
fi=(77)
-82 1
fi=(76)
+80 1
fe=(56)
+7 11
cfi=(62)
cfn=(6044)
calls=1 599 
* 48235291
fi=(76)
+14 3
cfi=(77)
cfn=(6050)
calls=1 -85 
* 6
* 1
fe=(56)
-13 2
+1 8192
cfi=(62)
cfn=(6142)
calls=1024 1261 
* 37888
* 2048
+1 4096
+1 2618880
cfi=(62)
cfn=(6234)
calls=523776 1261 
* 19379712
* 3666432
+1 2618880
cfi=(62)
cfn=(6142)
calls=523776 1261 
* 19379712
* 1047552
+1 5761536
cfi=(62)
cfn=(6142)
calls=523776 1261 
* 19379712
* 1047552
+1 5761536
cfi=(62)
cfn=(6142)
calls=523776 1261 
* 19379712
* 1047552
-4 2098176
-2 4101
fi=(77)
-88 1
fi=(76)
+80 1
fe=(56)
+19 6
cfi=(57)
cfn=(4670)
calls=1 706 
* 544
* 5
cfi=(62)
cfn=(6846) std::vector<double, std::allocator<double> >::vector(std::vector<double, std::allocator<double> > const&)
calls=1 631 
* 923530
* 5
cfi=(61)
cfn=(6886) Dataset::write(std::vector<double, std::allocator<double> >, std::__cxx11::basic_string<char, std::char_traits<char>, std::allocator<char> >)
calls=1 50 
* 3506624379
* 3
cfi=(62)
cfn=(7462) std::vector<double, std::allocator<double> >::~vector()
calls=1 800 
* 192
* 3
cfi=(57)
cfn=(5948)
calls=1 895 
* 222
fi=(76)
+2 3
cfi=(77)
cfn=(4936)
calls=1 -85 
* 6
* 1
fe=(56)
-1 1
+1 3
cfi=(62)
cfn=(7462)
calls=1 800 
* 192
* 3
cfi=(62)
cfn=(7486) std::vector<ThreadCtx, std::allocator<ThreadCtx> >::~vector()
calls=1 800 
* 186
* 3
cfi=(62)
cfn=(7504) std::vector<unsigned long, std::allocator<unsigned long> >::~vector()
calls=1 800 
* 185
* 3
cfi=(62)
cfn=(7504)
calls=1 800 
* 270
* 3
cfi=(62)
cfn=(7462)
calls=1 800 
* 185
* 3
cfi=(62)
cfn=(7522) std::vector<unsigned int, std::allocator<unsigned int> >::~vector()
calls=1 800 
* 270
* 3
cfi=(62)
cfn=(7462)
calls=1 800 
* 301
* 3
cfi=(62)
cfn=(7462)
calls=1 800 
* 270
* 3
cfi=(62)
cfn=(7540) std::vector<Vector, std::allocator<Vector> >::~vector()
calls=1 800 
* 264782
* 4
fi=(76)
* 3
fe=(56)

fn=(6672) pearson_pair_kernel_unrolled_idx(Vector const&, Vector const&, unsigned int, double, double, double, double, double)
34 5761536
+1 1047552
+2 523776
+1 1571328
+1 523776
+1 670433280
cfi=(86)
cfn=(6140)
calls=134086656 +15 
* 1609039872
* 1474953216
cfi=(86)
cfn=(6140)
calls=134086656 +15 
* 1609039872
* 804519936
+1 804519936
cfi=(86)
cfn=(6140)
calls=134086656 +14 
* 1609039872
* 1609039872
cfi=(86)
cfn=(6140)
calls=134086656 +14 
* 1609039872
* 804519936
+1 804519936
cfi=(86)
cfn=(6140)
calls=134086656 +13 
* 1609039872
* 1609039872
cfi=(86)
cfn=(6140)
calls=134086656 +13 
* 1609039872
* 804519936
+1 804519936
cfi=(86)
cfn=(6140)
calls=134086656 +12 
* 1609039872
* 1609039872
cfi=(86)
cfn=(6140)
calls=134086656 +12 
* 1609039872
* 804519936
+1 2011299840
-5 537917952
+7 2095104
+5 1047552
+1 1047552

fn=(6662)
54 56
+1 16
+1 24
+1 24
+1 24
+3 56
+1 24
+1 72
cfi=(81)
cfn=(6664) unsigned int const& std::min<unsigned int>(unsigned int const&, unsigned int const&)
calls=8 234 
* 111
* 16
+2 24
+1 6144
cfi=(62)
cfn=(6666) std::vector<unsigned int, std::allocator<unsigned int> >::operator[](unsigned long) const
calls=1024 1280 
* 37888
* 2048
+1 6144
cfi=(62)
cfn=(6668) std::vector<double, std::allocator<double> >::operator[](unsigned long) const
calls=1024 1280 
* 37888
* 2048
+1 6144
cfi=(62)
cfn=(6668)
calls=1024 1280 
* 37888
* 2048
+1 11264
+2 6144
cfi=(62)
cfn=(6670) std::vector<Vector, std::allocator<Vector> >::operator[](unsigned long) const
calls=1024 1280 
* 37888
* 1024
+2 4096
+1 1047552
+2 3142656
cfi=(62)
cfn=(6666)
calls=523776 1280 
* 19379712
* 1047552
+1 3142656
cfi=(62)
cfn=(6668)
calls=523776 1280 
* 19379712
* 1047552
+1 3142656
cfi=(62)
cfn=(6668)
calls=523776 1280 
* 19379712
* 1047552
+1 5761536
+2 3666432
+1 4713984
+1 3142656
cfi=(62)
cfn=(6670)
calls=523776 1280 
* 19379712
* 523776
+1 8380416
cfn=(6672)
calls=523776 -50 
* 28039300608
* 1047552
+1 523776
+4 3142656
cfi=(62)
cfn=(6674) std::vector<unsigned long, std::allocator<unsigned long> >::operator[](unsigned long) const
calls=523776 1280 
* 19379712
* 3666432
+1 4190208
cfi=(62)
cfn=(6142)
calls=523776 1261 
* 19379712
* 1047552
-17 2098176
-8 4120
+28 8
+1 40

fl=(77)
fn=(5960)
156 12
+16 10
cob=(7)
cfi=(97)
cfn=(5704)
calls=2 32 
* 233
* 2
+1 4

fn=(7550) std::__new_allocator<Vector>::~__new_allocator()
104 6

fn=(6262)
104 18

fn=(7496) std::__new_allocator<ThreadCtx>::deallocate(ThreadCtx*, unsigned long)
156 6
+16 7
cob=(7)
cfi=(97)
cfn=(5704)
calls=1 32 
* 64
* 1
+1 2

fn=(5480) std::__new_allocator<Vector>::allocate(unsigned long, void const*)
126 88
233 11
-99 77
+17 44
cob=(7)
cfi=(67)
cfn=(4848)
calls=11 43 
* 3291
* 11
* 11
+1 22

fn=(5698) std::__new_allocator<Vector>::deallocate(Vector*, unsigned long)
156 66
+16 77
cob=(7)
cfi=(97)
cfn=(5704)
calls=10 32 
* 1329
cob=(1)
cfi=(1)
cfn=(4588)
calls=1 0 
* 720
* 15
+1 22

fn=(6198)
104 36

fn=(6212) std::__new_allocator<unsigned long>::allocate(unsigned long, void const*)
126 16
233 2
-99 14
+17 8
cob=(7)
cfi=(67)
cfn=(4848)
calls=2 43 
* 254
* 2
* 2
+1 4

fn=(6092)
104 18

fn=(6276) std::__new_allocator<ThreadCtx>::allocate(unsigned long, void const*)
126 8
233 1
-99 7
+17 4
cob=(7)
cfi=(67)
cfn=(4848)
calls=1 43 
* 58
* 1
* 1
+1 2

fn=(7514) std::__new_allocator<unsigned long>::deallocate(unsigned long*, unsigned long)
156 12
+16 12
cob=(7)
cfi=(97)
cfn=(5704)
calls=2 32 
* 213
* 2
+1 4

fn=(4936)
104 36

fn=(6050)
104 84

fn=(6064) std::__new_allocator<double>::allocate(unsigned long, void const*)
126 40
233 5
-99 35
+17 20
cob=(7)
cfi=(67)
cfn=(4848)
calls=5 43 
* 1763
* 5
* 5
+1 10

fn=(6106) std::__new_allocator<unsigned int>::allocate(unsigned long, void const*)
126 8
233 1
-99 7
+17 4
cob=(7)
cfi=(67)
cfn=(4848)
calls=1 43 
* 312
* 1
* 1
+1 2

fn=(7472) std::__new_allocator<double>::deallocate(double*, unsigned long)
156 30
+16 30
cob=(7)
cfi=(97)
cfn=(5704)
calls=5 32 
* 535
* 5
+1 10

fn=(5004)
126 16
233 2
-99 14
+17 6
cob=(7)
cfi=(67)
cfn=(4848)
calls=1 43 
* 58
cob=(1)
cfi=(1)
cfn=(4588)
calls=1 0 
* 819
* 6
* 2
+1 4

fn=(7532) std::__new_allocator<unsigned int>::deallocate(unsigned int*, unsigned long)
156 6
+16 6
cob=(7)
cfi=(97)
cfn=(5704)
calls=1 32 
* 149
* 1
+1 2

fl=(62)
fn=(4728) std::_Vector_base<Vector, std::allocator<Vector> >::_Vector_impl_data::_Vector_impl_data()
105 3
+1 6
+1 3

fn=(5484)
1875 66
+1 99
+1 33

fn=(6056) std::_Vector_base<double, std::allocator<double> >::_Vector_impl::_Vector_impl(std::allocator<double> const&)
152 65
fi=(77)
-60 5
fi=(76)
+81 5
fe=(62)
-20 15
cfn=(6058) std::_Vector_base<double, std::allocator<double> >::_Vector_impl_data::_Vector_impl_data()
calls=5 -48 
* 60
+1 15

fn=(6096) std::_Vector_base<unsigned int, std::allocator<unsigned int> >::_Vector_base(unsigned long, std::allocator<unsigned int> const&)
339 7
+1 5
cfn=(6098) std::_Vector_base<unsigned int, std::allocator<unsigned int> >::_Vector_impl::_Vector_impl(std::allocator<unsigned int> const&)
calls=1 152 
* 33
+1 5
cfn=(6102) std::_Vector_base<unsigned int, std::allocator<unsigned int> >::_M_create_storage(unsigned long)
calls=1 +62 
* 383
* 4

fn=(6100) std::_Vector_base<unsigned int, std::allocator<unsigned int> >::_Vector_impl_data::_Vector_impl_data()
105 3
+1 6
+1 3

fn=(6196) std::vector<unsigned long, std::allocator<unsigned long> >::_S_max_size(std::allocator<unsigned long> const&)
2216 14
+5 16
fi=(77)
233 2
-50 2
fi=(82)
712 2
fe=(62)
2223 2
+1 10
cfi=(81)
cfn=(4998)
calls=2 234 
* 26
* 2
+1 10

fn=(6236) std::vector<unsigned long, std::allocator<unsigned long> >::size() const
1117 3145776
+2 8388736
+1 1048592
+2 1048592
+1 2097184

fn=(6846)
631 11
+2 4
cfn=(6848) std::_Vector_base<double, std::allocator<double> >::_M_get_Tp_allocator() const
calls=1 312 
* 6
* 11
fi=(77)
92 1
fi=(76)
+81 1
fi=(82)
726 1
fi=(118) /usr/include/c++/15.1.1/ext/alloc_traits.h
100 1
fe=(62)
633 3
cfn=(6144) std::vector<double, std::allocator<double> >::size() const
calls=1 1117 
* 15
* 6
cfn=(6054) std::_Vector_base<double, std::allocator<double> >::_Vector_base(unsigned long, std::allocator<double> const&)
calls=1 339 
* 475
fi=(76)
189 3
cfi=(77)
cfn=(6050)
calls=1 -85 
* 6
* 1
fe=(62)
638 3
cfn=(6070) std::_Vector_base<double, std::allocator<double> >::_M_get_Tp_allocator()
calls=1 307 
* 6
* 1
-1 2
-1 3
cfn=(6852) std::vector<double, std::allocator<double> >::end() const
calls=1 1028 
* 20
* 4
cfn=(6854) std::vector<double, std::allocator<double> >::begin() const
calls=1 1008 
* 19
* 5
cfi=(93)
cfn=(6856) double* std::__uninitialized_copy_a<__gnu_cxx::__normal_iterator<double const*, std::vector<double, std::allocator<double> > >, __gnu_cxx::__normal_iterator<double const*, std::vector<double, std::allocator<double> > >, double*, double>(__gnu_cxx::__normal_iterator<double const*, std::vector<double, std::allocator<double> > >, __gnu_cxx::__normal_iterator<double const*, std::vector<double, std::allocator<double> > >, double*, std::allocator<double>&)
calls=1 -23 
* 922910
-1 2
+4 10

fn=(7492) std::_Vector_base<ThreadCtx, std::allocator<ThreadCtx> >::~_Vector_base()
373 4
+3 7
-1 7
cfn=(7494) std::_Vector_base<ThreadCtx, std::allocator<ThreadCtx> >::_M_deallocate(ThreadCtx*, unsigned long)
calls=1 +17 
* 104
+2 3
cfn=(7500) std::_Vector_base<ThreadCtx, std::allocator<ThreadCtx> >::_Vector_impl::~_Vector_impl()
calls=1 139 
* 19
* 3

fn=(7504)
800 8
+3 6
cfn=(6218) std::_Vector_base<unsigned long, std::allocator<unsigned long> >::_M_get_Tp_allocator()
calls=2 307 
* 12
-1 14
fi=(82)
1045 10
cfi=(95)
cfn=(7506) void std::_Destroy<unsigned long*>(unsigned long*, unsigned long*)
calls=2 202 
* 14
+1 2
fe=(62)
805 6
cfn=(7510) std::_Vector_base<unsigned long, std::allocator<unsigned long> >::~_Vector_base()
calls=2 373 
* 377
* 6

fn=(7530) std::_Vector_base<unsigned int, std::allocator<unsigned int> >::_M_deallocate(unsigned int*, unsigned long)
392 6
+3 2
+1 6
fi=(82)
649 6
cfi=(77)
cfn=(7532)
calls=1 156 
* 164
* 1
fe=(62)
397 3

fn=(4726) std::_Vector_base<Vector, std::allocator<Vector> >::_Vector_impl::_Vector_impl()
143 8
fi=(77)
-55 1
fi=(76)
+80 1
fe=(62)
-20 3
cfn=(4728)
calls=1 -43 
* 12
+1 3

fn=(5464) std::vector<Vector, std::allocator<Vector> >::max_size() const
1128 88
+1 66
cfn=(5466) std::_Vector_base<Vector, std::allocator<Vector> >::_M_get_Tp_allocator() const
calls=22 312 
* 132
* 44
cfn=(5468) std::vector<Vector, std::allocator<Vector> >::_S_max_size(std::allocator<Vector> const&)
calls=22 2216 
* 946
* 44

fn=(5466)
312 66
+1 66

fn=(6062) std::_Vector_base<double, std::allocator<double> >::_M_allocate(unsigned long)
384 25
+3 30
fi=(82)
614 30
cfi=(77)
cfn=(6064)
calls=5 126 
* 1883
* 10
fe=(62)
388 10

fn=(6090) std::vector<unsigned int, std::allocator<unsigned int> >::_S_max_size(std::allocator<unsigned int> const&)
2216 7
+5 8
fi=(77)
233 1
-50 1
fi=(82)
712 1
fe=(62)
2223 1
+1 5
cfi=(81)
cfn=(4998)
calls=1 234 
* 13
* 1
+1 5

fn=(6142)
1261 15733760
+2 9440256
cfn=(6144)
calls=3146752 1117 
* 47201280
* 22027264
+1 15733760
+1 6293504

fn=(6258) std::vector<ThreadCtx, std::allocator<ThreadCtx> >::_S_check_init_len(unsigned long, std::allocator<ThreadCtx> const&)
2207 15
fi=(77)
92 1
fi=(76)
+81 1
fe=(62)
2209 3
cfn=(6260) std::vector<ThreadCtx, std::allocator<ThreadCtx> >::_S_max_size(std::allocator<ThreadCtx> const&)
calls=1 +7 
* 43
* 2
fi=(76)
189 3
cfi=(77)
cfn=(6262)
calls=1 -85 
* 6
* 1
fe=(62)
2209 2
+3 1
+1 6

fn=(7470) std::_Vector_base<double, std::allocator<double> >::_M_deallocate(double*, unsigned long)
392 30
+3 10
+1 30
fi=(82)
649 30
cfi=(77)
cfn=(7472)
calls=5 156 
* 610
* 5
fe=(62)
397 15

fn=(7486)
800 4
+3 3
cfn=(6282) std::_Vector_base<ThreadCtx, std::allocator<ThreadCtx> >::_M_get_Tp_allocator()
calls=1 307 
* 6
-1 7
fi=(82)
1045 5
cfi=(95)
cfn=(7488) void std::_Destroy<ThreadCtx*>(ThreadCtx*, ThreadCtx*)
calls=1 202 
* 7
+1 1
fe=(62)
805 3
cfn=(7492)
calls=1 373 
* 147
* 3

fn=(4724) std::_Vector_base<Vector, std::allocator<Vector> >::_Vector_base()
321 7
cfn=(4726)
calls=1 143 
* 28
* 3

fn=(6044)
599 32
+2 24
cfn=(6046) std::vector<double, std::allocator<double> >::_S_check_init_len(unsigned long, std::allocator<double> const&)
calls=4 2207 
* 336
* 24
cfn=(6054)
calls=4 339 
* 1913
+1 24
cfn=(6068) std::vector<double, std::allocator<double> >::_M_fill_initialize(unsigned long, double const&)
calls=4 1996 
* 72422916
* 16

fn=(6098)
152 13
fi=(77)
-60 1
fi=(76)
+81 1
fe=(62)
-20 3
cfn=(6100)
calls=1 -48 
* 12
+1 3

fn=(6114) std::_Vector_base<unsigned int, std::allocator<unsigned int> >::_M_get_Tp_allocator()
307 6
+1 6

fn=(6134)
1261 5120
+2 3072
cfn=(6136) std::vector<unsigned int, std::allocator<unsigned int> >::size() const
calls=1024 1117 
* 15360
* 7168
+1 5120
+1 2048

fn=(6192)
599 8
+2 6
cfn=(6194) std::vector<unsigned long, std::allocator<unsigned long> >::_S_check_init_len(unsigned long, std::allocator<unsigned long> const&)
calls=1 2207 
* 84
* 6
cfn=(6202) std::_Vector_base<unsigned long, std::allocator<unsigned long> >::_Vector_base(unsigned long, std::allocator<unsigned long> const&)
calls=1 339 
* 321
+1 6
cfn=(6216) std::vector<unsigned long, std::allocator<unsigned long> >::_M_fill_initialize(unsigned long, unsigned long const&)
calls=1 1996 
* 47233
* 4

fn=(6208) std::_Vector_base<unsigned long, std::allocator<unsigned long> >::_M_create_storage(unsigned long)
403 10
+2 10
cfn=(6210) std::_Vector_base<unsigned long, std::allocator<unsigned long> >::_M_allocate(unsigned long)
calls=2 -21 
* 344
* 4
+1 8
+1 14
+1 6

fn=(6296)
1261 80
+2 48
cfn=(6298) std::vector<ThreadCtx, std::allocator<ThreadCtx> >::size() const
calls=16 1117 
* 240
* 112
+1 80
+1 32

fn=(6668)
1280 5248000
+2 3148800
cfn=(6144)
calls=1049600 1117 
* 15744000
* 7347200
+1 5248000
+1 2099200

fn=(6854)
1008 7
+1 2
fi=(94)
+50 4
fe=(62)
-50 6

fn=(7510)
373 8
+3 14
-1 14
cfn=(7512) std::_Vector_base<unsigned long, std::allocator<unsigned long> >::_M_deallocate(unsigned long*, unsigned long)
calls=2 +17 
* 291
+2 6
cfn=(7518) std::_Vector_base<unsigned long, std::allocator<unsigned long> >::_Vector_impl::~_Vector_impl()
calls=2 139 
* 38
* 6

fn=(7528) std::_Vector_base<unsigned int, std::allocator<unsigned int> >::~_Vector_base()
373 4
+3 7
-1 7
cfn=(7530)
calls=1 +17 
* 188
+2 3
cfn=(7536) std::_Vector_base<unsigned int, std::allocator<unsigned int> >::_Vector_impl::~_Vector_impl()
calls=1 139 
* 19
* 3

fn=(7536)
139 6
fi=(76)
+50 3
cfi=(77)
cfn=(6092)
calls=1 -85 
* 6
* 1
fe=(62)
-50 3

fn=(7540)
800 4
+3 3
cfn=(5494)
calls=1 307 
* 6
-1 7
fi=(82)
1045 5
cfi=(95)
cfn=(5514)
calls=1 202 
* 264418
+1 1
fe=(62)
805 3
cfn=(7546) std::_Vector_base<Vector, std::allocator<Vector> >::~_Vector_base()
calls=1 373 
* 332
* 3

fn=(5696) std::_Vector_base<Vector, std::allocator<Vector> >::_M_deallocate(Vector*, unsigned long)
392 66
+3 22
+1 66
fi=(82)
649 66
cfi=(77)
cfn=(5698)
calls=11 156 
* 2229
* 11
fe=(62)
397 33

fn=(6046)
2207 60
fi=(77)
92 4
fi=(76)
+81 4
fe=(62)
2209 12
cfn=(6048) std::vector<double, std::allocator<double> >::_S_max_size(std::allocator<double> const&)
calls=4 +7 
* 172
* 8
fi=(76)
189 12
cfi=(77)
cfn=(6050)
calls=4 -85 
* 24
* 4
fe=(62)
2209 8
+3 4
+1 24

fn=(6058)
105 15
+1 30
+1 15

fn=(6060) std::_Vector_base<double, std::allocator<double> >::_M_create_storage(unsigned long)
403 25
+2 25
cfn=(6062)
calls=5 -21 
* 1988
* 10
+1 20
+1 35
+1 15

fn=(6070)
307 30
+1 30

fn=(6088) std::vector<unsigned int, std::allocator<unsigned int> >::_S_check_init_len(unsigned long, std::allocator<unsigned int> const&)
2207 15
fi=(77)
92 1
fi=(76)
+81 1
fe=(62)
2209 3
cfn=(6090)
calls=1 +7 
* 43
* 2
fi=(76)
189 3
cfi=(77)
cfn=(6092)
calls=1 -85 
* 6
* 1
fe=(62)
2209 2
+3 1
+1 6

fn=(6144)
1117 15734790
+2 41959440
+1 5244930
+2 5244930
+1 10489860

fn=(6202)
339 14
+1 10
cfn=(6204) std::_Vector_base<unsigned long, std::allocator<unsigned long> >::_Vector_impl::_Vector_impl(std::allocator<unsigned long> const&)
calls=2 152 
* 66
+1 10
cfn=(6208)
calls=2 +62 
* 396
* 8

fn=(6234)
1261 2624080
+2 1574448
cfn=(6236)
calls=524816 1117 
* 7872240
* 3673712
+1 2624080
+1 1049632

fn=(6270) std::_Vector_base<ThreadCtx, std::allocator<ThreadCtx> >::_Vector_impl_data::_Vector_impl_data()
105 3
+1 6
+1 3

fn=(6282)
307 6
+1 6

fn=(6674)
1280 2618880
+2 1571328
cfn=(6236)
calls=523776 1117 
* 7856640
* 3666432
+1 2618880
+1 1047552

fn=(6848)
312 3
+1 3

fn=(7468) std::_Vector_base<double, std::allocator<double> >::~_Vector_base()
373 20
+3 35
-1 35
cfn=(7470)
calls=5 +17 
* 730
+2 15
cfn=(7482) std::_Vector_base<double, std::allocator<double> >::_Vector_impl::~_Vector_impl()
calls=5 139 
* 95
* 15

fn=(7546)
373 4
+3 7
-1 7
cfn=(5696)
calls=1 +17 
* 289
+2 3
cfn=(7548) std::_Vector_base<Vector, std::allocator<Vector> >::_Vector_impl::~_Vector_impl()
calls=1 139 
* 19
* 3

fn=(6068)
1996 24
+4 12
cfn=(6070)
calls=4 307 
* 24
* 4
-1 24
cfi=(93)
cfn=(6072) double* std::__uninitialized_fill_n_a<double*, unsigned long, double, double>(double*, unsigned long, double const&, std::allocator<double>&)
calls=4 720 
* 72422808
-1 8
+3 12

fn=(6102)
403 5
+2 5
cfn=(6104) std::_Vector_base<unsigned int, std::allocator<unsigned int> >::_M_allocate(unsigned long)
calls=1 -21 
* 357
* 2
+1 4
+1 7
+1 3

fn=(6112) std::vector<unsigned int, std::allocator<unsigned int> >::_M_fill_initialize(unsigned long, unsigned int const&)
1996 6
+4 3
cfn=(6114)
calls=1 307 
* 6
* 1
-1 6
cfi=(93)
cfn=(6116) unsigned int* std::__uninitialized_fill_n_a<unsigned int*, unsigned long, unsigned int, unsigned int>(unsigned int*, unsigned long, unsigned int const&, std::allocator<unsigned int>&)
calls=1 720 
* 47206
-1 2
+3 3

fn=(6210)
384 10
+3 12
fi=(82)
614 12
cfi=(77)
cfn=(6212)
calls=2 126 
* 302
* 4
fe=(62)
388 4

fn=(6218)
307 12
+1 12

fn=(6238)
586 7
+1 6
cfn=(6194)
calls=1 2207 
* 84
* 6
cfn=(6202)
calls=1 339 
* 183
+1 5
cfn=(6240) std::vector<unsigned long, std::allocator<unsigned long> >::_M_default_initialize(unsigned long)
calls=1 2007 
* 212
* 4

fn=(6256)
586 7
+1 6
cfn=(6258)
calls=1 2207 
* 84
* 6
cfn=(6266) std::_Vector_base<ThreadCtx, std::allocator<ThreadCtx> >::_Vector_base(unsigned long, std::allocator<ThreadCtx> const&)
calls=1 339 
* 183
+1 5
cfn=(6280) std::vector<ThreadCtx, std::allocator<ThreadCtx> >::_M_default_initialize(unsigned long)
calls=1 2007 
* 324
* 4

fn=(6280)
2007 5
+4 3
cfn=(6282)
calls=1 307 
* 6
* 1
-1 6
cfi=(93)
cfn=(6284) ThreadCtx* std::__uninitialized_default_n_a<ThreadCtx*, unsigned long, ThreadCtx>(ThreadCtx*, unsigned long, std::allocator<ThreadCtx>&)
calls=1 994 
* 298
-1 2
+3 3

fn=(6298)
1117 48
+2 128
+1 16
+2 16
+1 32

fn=(7500)
139 6
fi=(76)
+50 3
cfi=(77)
cfn=(6262)
calls=1 -85 
* 6
* 1
fe=(62)
-50 3

fn=(7512)
392 12
+3 4
+1 12
fi=(82)
649 12
cfi=(77)
cfn=(7514)
calls=2 156 
* 243
* 2
fe=(62)
397 6

fn=(7522)
800 4
+3 3
cfn=(6114)
calls=1 307 
* 6
-1 7
fi=(82)
1045 5
cfi=(95)
cfn=(7524) void std::_Destroy<unsigned int*>(unsigned int*, unsigned int*)
calls=1 202 
* 7
+1 1
fe=(62)
805 3
cfn=(7528)
calls=1 373 
* 231
* 3

fn=(5458) std::vector<Vector, std::allocator<Vector> >::push_back(Vector const&)
1416 9216
+2 6144
+3 9117
fi=(117)
73 6078
fi=(77)
191 4052
cfi=(92)
cfn=(5486)
calls=1013 +17 
* 7091
* 4052
fi=(117)
73 1013
fi=(77)
191 3039
cfi=(86)
cfn=(5490)
calls=1013 35 
* 21178413
* 4052
fi=(82)
680 1013
fe=(62)
1423 5065
+5 1013
-1 55
cfi=(91)
cfn=(5460)
calls=11 557 
* 21772868
+1 8192

fn=(5470)
1117 1583751
+2 4223336
+1 527917
+2 527917
+1 1055834

fn=(6130)
1261 15360
+2 9216
cfn=(5470)
calls=3072 1117 
* 46080
* 21504
+1 15360
+1 6144

fn=(6204)
152 26
fi=(77)
-60 2
fi=(76)
+81 2
fe=(62)
-20 6
cfn=(6206) std::_Vector_base<unsigned long, std::allocator<unsigned long> >::_Vector_impl_data::_Vector_impl_data()
calls=2 -48 
* 24
+1 6

fn=(6240)
2007 5
+4 3
cfn=(6218)
calls=1 307 
* 6
* 1
-1 6
cfi=(93)
cfn=(6242) unsigned long* std::__uninitialized_default_n_a<unsigned long*, unsigned long, unsigned long>(unsigned long*, unsigned long, std::allocator<unsigned long>&)
calls=1 994 
* 186
-1 2
+3 3

fn=(6268) std::_Vector_base<ThreadCtx, std::allocator<ThreadCtx> >::_Vector_impl::_Vector_impl(std::allocator<ThreadCtx> const&)
152 13
fi=(77)
-60 1
fi=(76)
+81 1
fe=(62)
-20 3
cfn=(6270)
calls=1 -48 
* 12
+1 3

fn=(6274) std::_Vector_base<ThreadCtx, std::allocator<ThreadCtx> >::_M_allocate(unsigned long)
384 5
+3 6
fi=(82)
614 6
cfi=(77)
cfn=(6276)
calls=1 126 
* 82
* 2
fe=(62)
388 2

fn=(7482)
139 30
fi=(76)
+50 15
cfi=(77)
cfn=(6050)
calls=5 -85 
* 30
* 5
fe=(62)
-50 15

fn=(5468)
2216 154
+5 176
fi=(77)
233 22
-50 22
fi=(82)
712 22
fe=(62)
2223 22
+1 110
cfi=(81)
cfn=(4998)
calls=22 234 
* 286
* 22
+1 110

fn=(5474)
998 77
+1 22
fi=(94)
+60 44
fe=(62)
-60 66

fn=(5476)
1018 77
+1 33
fi=(94)
+40 44
fe=(62)
-40 66

fn=(6048)
2216 28
+5 32
fi=(77)
233 4
-50 4
fi=(82)
712 4
fe=(62)
2223 4
+1 20
cfi=(81)
cfn=(4998)
calls=4 234 
* 52
* 4
+1 20

fn=(6054)
339 35
+1 25
cfn=(6056)
calls=5 152 
* 165
+1 25
cfn=(6060)
calls=5 +62 
* 2118
* 20

fn=(6104)
384 5
+3 6
fi=(82)
614 6
cfi=(77)
cfn=(6106)
calls=1 126 
* 336
* 2
fe=(62)
388 2

fn=(6216)
1996 6
+4 3
cfn=(6218)
calls=1 307 
* 6
* 1
-1 6
cfi=(93)
cfn=(6220) unsigned long* std::__uninitialized_fill_n_a<unsigned long*, unsigned long, unsigned long, unsigned long>(unsigned long*, unsigned long, unsigned long const&, std::allocator<unsigned long>&)
calls=1 720 
* 47206
-1 2
+3 3

fn=(6852)
1028 7
+1 3
fi=(94)
+30 4
fe=(62)
-30 6

fn=(7518)
139 12
fi=(76)
+50 6
cfi=(77)
cfn=(6198)
calls=2 -85 
* 12
* 2
fe=(62)
-50 6

fn=(4722) std::vector<Vector, std::allocator<Vector> >::vector()
561 7
cfn=(4724)
calls=1 321 
* 38
* 3

fn=(5462)
2196 110
+2 33
cfn=(5464)
calls=11 1128 
* 660
* 44
cfn=(5470)
calls=11 1117 
* 165
* 77
+3 33
cfn=(5470)
calls=11 1117 
* 165
* 44
cfn=(5470)
calls=11 1117 
* 165
* 66
cfi=(81)
cfn=(5472) unsigned long const& std::max<unsigned long>(unsigned long const&, unsigned long const&)
calls=11 258 
* 144
* 33
+1 33
cfn=(5470)
calls=11 1117 
* 165
* 55
cfn=(5464)
calls=11 1128 
* 660
* 33
+1 66

fn=(5494)
307 36
+1 36

fn=(6086)
599 8
+2 6
cfn=(6088)
calls=1 2207 
* 84
* 6
cfn=(6096)
calls=1 339 
* 437
+1 6
cfn=(6112)
calls=1 1996 
* 47233
* 4

fn=(6194)
2207 30
fi=(77)
92 2
fi=(76)
+81 2
fe=(62)
2209 6
cfn=(6196)
calls=2 +7 
* 86
* 4
fi=(76)
189 6
cfi=(77)
cfn=(6198)
calls=2 -85 
* 12
* 2
fe=(62)
2209 4
+3 2
+1 12

fn=(6206)
105 6
+1 12
+1 6

fn=(6266)
339 7
+1 5
cfn=(6268)
calls=1 152 
* 33
+1 5
cfn=(6272) std::_Vector_base<ThreadCtx, std::allocator<ThreadCtx> >::_M_create_storage(unsigned long)
calls=1 +62 
* 129
* 4

fn=(6272)
403 5
+2 5
cfn=(6274)
calls=1 -21 
* 103
* 2
+1 4
+1 7
+1 3

fn=(7494)
392 6
+3 2
+1 6
fi=(82)
649 6
cfi=(77)
cfn=(7496)
calls=1 156 
* 80
* 1
fe=(62)
397 3

fn=(7548)
139 6
fi=(76)
+50 3
cfi=(77)
cfn=(7550)
calls=1 -85 
* 6
* 1
fe=(62)
-50 3

fn=(5478)
384 55
+3 66
fi=(82)
614 66
cfi=(77)
cfn=(5480)
calls=11 126 
* 3555
* 22
fe=(62)
388 22

fn=(5518)
1880 44
+2 44
+1 90
cfn=(5696)
calls=10 392 
* 2204
+1 33

fn=(6136)
1117 1577472
+2 4206592
+1 525824
+2 525824
+1 1051648

fn=(6260)
2216 7
+5 8
fi=(77)
233 1
-50 1
fi=(82)
712 1
fe=(62)
2223 1
+1 5
cfi=(81)
cfn=(4998)
calls=1 234 
* 13
* 1
+1 5

fn=(6666)
1280 2624000
+2 1574400
cfn=(6136)
calls=524800 1117 
* 7872000
* 3673600
+1 2624000
+1 1049600

fn=(6670)
1280 2624000
+2 1574400
cfn=(5470)
calls=524800 1117 
* 7872000
* 3673600
+1 2624000
+1 1049600

fn=(7462)
800 20
+3 15
cfn=(6070)
calls=5 307 
* 30
-1 35
fi=(82)
1045 25
cfi=(95)
cfn=(7464) void std::_Destroy<double*>(double*, double*)
calls=5 202 
* 35
+1 5
fe=(62)
805 15
cfn=(7468)
calls=5 373 
* 945
* 15

fl=(61)
fn=(6886)
50 9
+1 3
cob=(1)
cfi=(1)
cfn=(4588)
calls=1 -51 
* 1624
* 5
+2 6
cob=(1)
cfi=(1)
cfn=(4588)
calls=1 -53 
* 2382
* 5
+2 4
cob=(7)
cfi=(34)
cfn=(4862)
calls=1 +78 
* 4
* 1
* 2
+6 2
+2 2097152
cfi=(99) /usr/include/c++/15.1.1/iomanip
cfn=(6912) std::setprecision(int)
calls=1048576 208 
* 6291456
* 5242880
cob=(7)
cfi=(100)
cfn=(6930)
calls=1048575 220 
* 7340025
cob=(1)
cfi=(1)
cfn=(4588)
calls=1 -63 
* 1191
* 1048580
* 7340032
cfi=(62)
cfn=(6142)
calls=1048576 1261 
* 38797312
* 4194304
cob=(7)
cfi=(37)
cfn=(6936)
calls=1048575 231 
* 3029511123
cob=(1)
cfi=(1)
cfn=(4588)
calls=1 -63 
* 3294
* 1048580
* 4194304
cob=(7)
cfi=(37)
cfn=(7218)
calls=1048575 +53 
* 372244125
cob=(1)
cfi=(1)
cfn=(4588)
calls=1 -63 
* 1119
* 1048580
-2 6291456
cfi=(62)
cfn=(6144)
calls=1048576 1117 
* 15728640
* 5
cfi=(62)
cfn=(6144)
calls=1 1117 
* 15
* 4194308
+4 4
cob=(1)
cfi=(1)
cfn=(4588)
calls=1 -65 
* 1835
* 5
* 7

fn=(4720)
18 10
+1 1
+1 7
cfi=(62)
cfn=(4722)
calls=1 561 
* 48
+1 3
cob=(1)
cfi=(1)
cfn=(4588)
calls=1 -21 
* 1478
* 5
+2 6
cob=(1)
cfi=(1)
cfn=(4588)
calls=1 -23 
* 2295
* 5
+2 4
cob=(1)
cfi=(1)
cfn=(4588)
calls=1 -25 
* 936
* 5
* 2
+6 5
cob=(1)
cfi=(1)
cfn=(4588)
calls=1 -31 
* 1346
* 5
+1 3
cfi=(57)
cfn=(4930)
calls=1 585 
* 147
+2 5
cob=(1)
cfi=(1)
cfn=(4588)
calls=1 -34 
* 1486
* 5
+2 1
+2 3072
cfi=(83)
cfn=(5038)
calls=1024 151 
* 8192
* 6144
cob=(7)
cfi=(84)
cfn=(5044)
calls=1023 1072 
* 1846632
cob=(1)
cfi=(1)
cfn=(4588)
calls=1 -38 
* 2899
* 1028
+1 5120
cfi=(86)
cfn=(5068)
calls=1024 -14 
* 309924
+1 3072
cfi=(86)
cfn=(5074)
calls=1024 +10 
* 7168
* 7168
cfi=(87)
cfn=(5076)
calls=1024 +41 
* 1811691
* 5120
cfi=(90)
cfn=(5394)
calls=1024 684 
* 1881189892
+3 5120
cfi=(62)
cfn=(5458)
calls=1024 1416 
* 43020473
+1 3072
cfi=(86)
cfn=(5520)
calls=1024 -29 
* 194807
* 3072
cob=(7)
cfi=(84)
cfn=(5572)
calls=1023 1083 
* 283153
cob=(1)
cfi=(1)
cfn=(4588)
calls=1 -44 
* 1348
* 1028
-8 5125
cob=(7)
cfi=(78)
cfn=(4942)
calls=1025 4407 
* 1733531
* 1025
* 6150
cob=(7)
cfi=(34)
cfn=(5036)
calls=1024 +88 
* 4096
cob=(1)
cfi=(1)
cfn=(4588)
calls=1 -36 
* 933
* 1029
* 2050
+11 3
cfi=(57)
cfn=(5948)
calls=1 895 
* 327
* 3
cob=(1)
cfi=(1)
cfn=(4588)
calls=1 -47 
* 1745
* 5
* 9

fl=(55)
fn=(4550)
0 12
cob=(2)
cfi=(2)
cfn=(4552)
calls=1 0 
0 5671152491

fn=(4558)
0 12

fn=(7632)
0 9
cob=(2)
cfi=(2)
cfn=(7638)
calls=1 0 
0 98
0 1
cfn=(7650) 0x00000000000022c0
calls=1 0 
0 5
0 3

fn=(7650)
0 5

fl=(95)
fn=(7464)
202 20
+20 15

fn=(7524)
202 4
+20 3

fn=(5514)
202 60
+9 4106
fi=(117)
53 2047
fe=(95)
212 4094
cfn=(5694) void std::_Destroy<Vector>(Vector*)
calls=2047 -51 
* 524972
-1 8224
+11 48

fn=(5692) void std::_Construct<Vector, Vector const&>(Vector*, Vector const&)
123 9207
+10 4092
cfi=(92)
cfn=(5486)
calls=1023 +75 
* 7161
* 4092
fi=(117)
-60 1023
fe=(95)
+60 3069
cfi=(86)
cfn=(5490)
calls=1023 -98 
* 21196846
* 3069
+1 8184

fn=(6124) void std::_Construct<unsigned int, unsigned int const&>(unsigned int*, unsigned int const&)
123 6144
+10 4096
cfi=(92)
cfn=(5486)
calls=1024 +75 
* 7168
* 2048
fi=(117)
-60 1024
fe=(95)
+60 5120
+1 4096

fn=(7488)
202 4
+20 3

fn=(5694)
161 8188
+5 6141
cfi=(86)
cfn=(5520)
calls=2047 15 
* 504502
+2 6141

fn=(6080) void std::_Construct<double, double const&>(double*, double const&)
123 9446400
+10 6297600
cfi=(92)
cfn=(5486)
calls=1574400 +75 
* 11020800
* 3148800
fi=(117)
-60 1574400
fe=(95)
+60 7872000
+1 6297600

fn=(6228) void std::_Construct<unsigned long, unsigned long const&>(unsigned long*, unsigned long const&)
123 6144
+10 4096
cfi=(92)
cfn=(5486)
calls=1024 +75 
* 7168
* 2048
fi=(117)
-60 1024
fe=(95)
+60 5120
+1 4096

fn=(6290) void std::_Construct<ThreadCtx>(ThreadCtx*)
123 5
+10 4
cfi=(92)
cfn=(5486)
calls=1 +75 
* 7
* 8
+1 4

fn=(6248) void std::_Construct<unsigned long>(unsigned long*)
123 5
+10 4
cfi=(92)
cfn=(5486)
calls=1 +75 
* 7
* 4
+1 4

fn=(7506)
202 8
+20 6

fl=(81)
fn=(5472)
258 44
+5 66
+1 2
+1 10
+1 22

fn=(6294) void std::__fill_a1<ThreadCtx*, ThreadCtx>(ThreadCtx*, ThreadCtx*, ThreadCtx const&)
897 6
+9 1
+17 2
+1 1
+1 126
-1 31
+2 5

fn=(5400)
535 8192
+46 2048
+4 3145728
cfi=(87)
cfn=(5402)
calls=1048576 106 
* 7340032
* 3145728
+1 1048576
+1 5242880
+1 3142656
cfi=(87)
cfn=(5404)
calls=1047552 120 
* 1856967172
-3 1047552
+5 1024
+3 1024
+1 2048

fn=(6254) void std::__fill_a1<unsigned long*, unsigned long>(unsigned long*, unsigned long*, unsigned long const&)
897 5
+9 1
+17 3
+1 1
+1 21
-1 31
+2 4

fn=(6664)
234 32
+5 48
+1 14
+1 1
+1 16

fn=(6250) std::__size_to_integer(unsigned long)
1024 12

fn=(4998)
234 128
+5 192
+2 32
+1 64

fn=(5396)
1020 6144

fl=(99)
fn=(6912)
208 6291456

fl=(60)
fn=(4718) std::__cxx11::basic_string<char, std::char_traits<char>, std::allocator<char> >::_M_construct<char const*>(char const*, char const*, std::forward_iterator_tag)::_Guard::~_Guard()
248 22

fn=(4688)
227 26
fi=(119) /usr/include/c++/15.1.1/bits/stl_iterator_base_types.h
+15 2
fi=(120) /usr/include/c++/15.1.1/bits/stl_iterator_base_funcs.h
-89 8
-45 4
+46 2
fe=(60)
+77 2
+2 6
+2 6
cfn=(4992)
calls=1 -92 
* 197
* 5
cfi=(57)
cfn=(6842)
calls=1 -7 
* 10
+1 5
cfi=(57)
cfn=(6844)
calls=1 +29 
* 10
* 3
fi=(57)
378 1
fe=(60)
251 5
cfn=(4690) std::__cxx11::basic_string<char, std::char_traits<char>, std::allocator<char> >::_M_construct<char const*>(char const*, char const*, std::forward_iterator_tag)::_Guard::_Guard(std::__cxx11::basic_string<char, std::char_traits<char>, std::allocator<char> >*)
calls=1 -6 
* 10
* 5
cfn=(4690)
calls=1 -6 
* 10
+2 6
cfi=(57)
cfn=(4692)
calls=2 -15 
* 14
* 12
cfi=(57)
cfn=(4694)
calls=2 483 
* 1196
+2 2
+2 10
cfi=(57)
cfn=(4712)
calls=2 +13 
* 114
+1 6
cfn=(4718)
calls=2 -10 
* 22
* 10

fn=(4992)
143 14
+5 10
cfi=(57)
cfn=(4994)
calls=2 1181 
* 104
* 8
+6 20
+10 12
cfi=(57)
cfn=(5000)
calls=2 359 
* 12
* 6
cfi=(57)
cfn=(5002)
calls=2 -24 
* 967
+1 6

fn=(4690)
245 20

fl=(58)
fn=(4674)
134 21
fi=(117)
-81 3
177 3
fe=(58)
-42 6

fn=(5956)
134 21
fi=(117)
-81 3
177 3
fe=(58)
-42 6

fl=(93)
fn=(5496)
658 88
+6 33
cfi=(94)
cfn=(5498)
calls=11 1822 
* 66
* 44
cfi=(94)
cfn=(5498)
calls=11 1822 
* 66
* 77
cfn=(5500) Vector* std::__uninitialized_copy_a<Vector const*, Vector const*, Vector*, Vector>(Vector const*, Vector const*, Vector*, std::allocator<Vector>&)
calls=11 -51 
* 21252143
+2 33

fn=(6226) std::_UninitDestroyGuard<unsigned long*, void>::_UninitDestroyGuard(unsigned long*&)
113 4
+1 7
+1 3

fn=(6284)
994 6
+2 5
cfn=(6286) ThreadCtx* std::__uninitialized_default_n<ThreadCtx*, unsigned long>(ThreadCtx*, unsigned long)
calls=1 -71 
* 285
* 2

fn=(6856)
613 7
+24 6
cfn=(6858) double* std::uninitialized_copy<__gnu_cxx::__normal_iterator<double const*, std::vector<double, std::allocator<double> > >, double*>(__gnu_cxx::__normal_iterator<double const*, std::vector<double, std::allocator<double> > >, __gnu_cxx::__normal_iterator<double const*, std::vector<double, std::allocator<double> > >, double*)
calls=1 231 
* 922895
+2 2

fn=(5502) Vector* std::uninitialized_copy<Vector const*, Vector*>(Vector const*, Vector const*, Vector*)
231 66
+35 66
cfn=(5504) Vector* std::__do_uninit_copy<Vector const*, Vector const*, Vector*>(Vector const*, Vector const*, Vector*)
calls=11 140 
* 21251824
+51 22

fn=(6118) unsigned int* std::uninitialized_fill_n<unsigned int*, unsigned long, unsigned int>(unsigned int*, unsigned long, unsigned int const&)
526 6
+45 6
cfn=(6120) unsigned int* std::__do_uninit_fill_n<unsigned int*, unsigned long, unsigned int>(unsigned int*, unsigned long, unsigned int const&)
calls=1 455 
* 47177
+9 2

fn=(6120)
455 10
+2 5
cfn=(6122) std::_UninitDestroyGuard<unsigned int*, void>::_UninitDestroyGuard(unsigned int*&)
calls=1 113 
* 14
+12 1
+1 2048
fi=(117)
53 1024
fe=(93)
470 4096
cfi=(95)
cfn=(6124)
calls=1024 123 
* 29696
-1 10247
+2 3
cfn=(6126) std::_UninitDestroyGuard<unsigned int*, void>::release()
calls=1 125 
* 8
+1 1
+1 3
cfn=(6128) std::_UninitDestroyGuard<unsigned int*, void>::~_UninitDestroyGuard()
calls=1 118 
* 14
-1 1
+1 6

fn=(6126)
125 8

fn=(6128)
118 4
+2 7
+2 3

fn=(6072)
720 28
+7 24
cfn=(6074) double* std::uninitialized_fill_n<double*, unsigned long, double>(double*, unsigned long, double const&)
calls=4 526 
* 72422748
+1 8

fn=(6078) std::_UninitDestroyGuard<double*, void>::_UninitDestroyGuard(double*&)
113 16
+1 28
+1 12

fn=(6286)
925 5
+11 1
+5 5
cfn=(6288) ThreadCtx* std::__uninitialized_default_n_1<true>::__uninit_default_n<ThreadCtx*, unsigned long>(ThreadCtx*, unsigned long)
calls=1 -53 
* 272
+1 2

fn=(5500)
613 77
+24 66
cfn=(5502)
calls=11 231 
* 21251978
+2 22

fn=(5506) std::_UninitDestroyGuard<Vector*, void>::_UninitDestroyGuard(Vector*&)
113 44
+1 77
+1 33

fn=(5508) std::_UninitDestroyGuard<Vector*, void>::release()
125 88

fn=(5510) std::_UninitDestroyGuard<Vector*, void>::~_UninitDestroyGuard()
118 44
+2 77
+2 33

fn=(6222) unsigned long* std::uninitialized_fill_n<unsigned long*, unsigned long, unsigned long>(unsigned long*, unsigned long, unsigned long const&)
526 6
+45 6
cfn=(6224) unsigned long* std::__do_uninit_fill_n<unsigned long*, unsigned long, unsigned long>(unsigned long*, unsigned long, unsigned long const&)
calls=1 455 
* 47177
+9 2

fn=(6224)
455 10
+2 5
cfn=(6226)
calls=1 113 
* 14
+12 1
+1 2048
fi=(117)
53 1024
fe=(93)
470 4096
cfi=(95)
cfn=(6228)
calls=1024 123 
* 29696
-1 10247
+2 3
cfn=(6230) std::_UninitDestroyGuard<unsigned long*, void>::release()
calls=1 125 
* 8
+1 1
+1 3
cfn=(6232) std::_UninitDestroyGuard<unsigned long*, void>::~_UninitDestroyGuard()
calls=1 118 
* 14
-1 1
+1 6

fn=(6230)
125 8

fn=(6232)
118 4
+2 7
+2 3

fn=(6074)
526 24
+45 24
cfn=(6076) double* std::__do_uninit_fill_n<double*, unsigned long, double>(double*, unsigned long, double const&)
calls=4 455 
* 72422692
+9 8

fn=(6244) unsigned long* std::__uninitialized_default_n<unsigned long*, unsigned long>(unsigned long*, unsigned long)
925 5
+11 1
+5 5
cfn=(6246) unsigned long* std::__uninitialized_default_n_1<true>::__uninit_default_n<unsigned long*, unsigned long>(unsigned long*, unsigned long)
calls=1 -53 
* 160
+1 2

fn=(6246)
888 8
+2 4
fi=(117)
53 1
fe=(93)
893 1
+1 3
cfi=(95)
cfn=(6248)
calls=1 123 
* 24
+1 1
+1 7
fi=(119)
242 1
fi=(81)
1178 3
cfn=(6250)
calls=1 1024 
* 6
* 5
-35 2
+5 9
979 6
cfn=(6254)
calls=1 -82 
* 66
* 1
1149 4
+30 1
fe=(93)
896 1
+2 1
+1 5

fn=(6076)
455 40
+2 20
cfn=(6078)
calls=4 113 
* 56
+12 4
+1 3148800
fi=(117)
53 1574400
fe=(93)
470 6297600
cfi=(95)
cfn=(6080)
calls=1574400 123 
* 45657600
-1 15744028
+2 12
cfn=(6082) std::_UninitDestroyGuard<double*, void>::release()
calls=4 125 
* 32
+1 4
+1 12
cfn=(6084) std::_UninitDestroyGuard<double*, void>::~_UninitDestroyGuard()
calls=4 118 
* 56
-1 4
+1 24

fn=(6116)
720 7
+7 6
cfn=(6118)
calls=1 526 
* 47191
+1 2

fn=(6858)
231 11
fi=(94)
1166 1
1340 3
1166 1
1340 4
fe=(93)
269 1
+1 2
+5 1
-2 3
fi=(94)
1166 1
3002 3
+9 1
fe=(93)
273 5
cob=(2)
cfi=(2)
cfn=(4704)
calls=1 0 
* 922848
* 1
+3 3
+2 1
+39 5

fn=(5504)
140 110
+3 55
cfn=(5506)
calls=11 -30 
* 154
+1 11
+1 2046
fi=(117)
-92 1023
fe=(93)
+92 4092
cfi=(95)
cfn=(5692)
calls=1023 -22 
* 21236743
-1 7194
+2 33
cfn=(5508)
calls=11 -21 
* 88
+1 11
+1 33
cfn=(5510)
calls=11 -30 
* 154
-1 11
+1 66

fn=(6122)
113 4
+1 7
+1 3

fn=(6242)
994 6
+2 5
cfn=(6244)
calls=1 -71 
* 173
* 2

fn=(6082)
125 32

fn=(6084)
118 16
+2 28
+2 12

fn=(6220)
720 7
+7 6
cfn=(6222)
calls=1 526 
* 47191
+1 2

fn=(6288)
888 8
+2 4
fi=(117)
53 1
fe=(93)
893 1
+1 3
cfi=(95)
cfn=(6290)
calls=1 123 
* 28
+1 1
+1 7
fi=(119)
242 1
fi=(81)
1178 3
cfn=(6250)
calls=1 1024 
* 6
* 5
-35 2
+5 10
979 6
cfn=(6294)
calls=1 -82 
* 172
* 1
1149 5
+30 1
fe=(93)
896 1
+2 1
+1 5

ob=(4)
fl=(4)
fn=(4554)
0 7

fn=(3914)
0 7

fn=(4298)
0 4
cob=(2)
cfi=(2)
cfn=(4300)
calls=2 0 
0 50

fn=(7740)
0 4

fn=(7770)
0 4

fn=(4006)
0 7

fn=(4820)
0 4
cob=(2)
cfi=(2)
cfn=(4822)
calls=2 0 
0 42

fn=(4016)
0 7

fn=(3990)
0 7

fn=(4120)
0 4194442
cob=(2)
cfi=(2)
cfn=(4122)
calls=2097221 0 
0 29361094

fn=(6512)
0 4194336
cob=(2)
cfi=(2)
cfn=(6514)
calls=2097168 0 
0 39846192

fn=(7662)
0 4

fn=(7790)
0 4

fn=(3960)
0 2
cob=(2)
cfi=(2)
cfn=(3962)
calls=1 0 
0 22

fn=(7688)
0 4

ob=(3)
fl=(3)
fn=(3286)
0 8

fn=(3298)
0 10

fn=(3336)
0 10

fn=(3314)
0 9

fn=(3320)
0 10

fn=(3324)
0 10

fn=(3332)
0 10

fn=(7742)
0 5
cfn=(7744) 0x000000000000f620
calls=1 0 
0 16
0 2
cfn=(7744)
calls=1 0 
0 16
0 3

fn=(3290)
0 9

fn=(3302)
0 8

fn=(3310)
0 8

fn=(3328)
0 10

fn=(3288)
0 6

fn=(3296)
0 10

fn=(3304)
0 7

fn=(3316)
0 10

fn=(6152)
0 5120
cfn=(6154) __sqrt_finite
calls=1024 0 
0 3072

fn=(7744)
0 32

fn=(7756)
0 9
cob=(2)
cfi=(2)
cfn=(7638)
calls=1 0 
0 98
0 1
cfn=(7764) 0x000000000000f6a0
calls=1 0 
0 5
0 3

fn=(3292)
0 9

fn=(3300)
0 10

fn=(3308)
0 10

fn=(3312)
0 9

fn=(3338)
0 9

fn=(6154)
0 3072

fn=(7764)
0 5

fn=(3306)
0 6

fn=(3326)
0 10

fn=(3334)
0 9

fn=(4010)
0 12

fn=(3322)
0 8

fn=(3330)
0 9

fn=(3294)
0 10

fn=(3340)
0 10

ob=(6)
fl=(109)
fn=(7772)
58 2
+3 1
-3 1
+3 1
cfi=(110) /usr/src/debug/gcc/gcc/libgcc/unwind-dw2-btree.h
cfn=(7774) btree_destroy
calls=1 354 
* 16
+1 2
cfi=(110)
cfn=(7774)
calls=1 354 
* 16
+1 1
+1 2

fl=(110)
fn=(7774)
354 2
+3 2
-3 8
+3 2
+1 4
+4 6
+6 8

fl=(6)
fn=(3994)
60 1
fi=(8) /usr/src/debug/gcc/gcc/libgcc/../gcc/common/config/i386/cpuinfo.h
1123 4
fe=(6)
60 1
fi=(7) /usr/src/debug/gcc/gcc-build/gcc/include/cpuid.h
309 1
fe=(6)
60 6
fi=(7)
309 1
+21 2
+3 4
fi=(8)
1136 2
fi=(7)
309 2
+21 2
+3 3
fi=(8)
1150 1
+1 1
fi=(7)
333 1
fi=(8)
1150 1
+1 1
-1 1
+1 1
-1 1
+2 1
+1 1
-2 1
+2 1
-1 1
+1 1
744 1
1152 1
744 1
1152 1
744 2
+24 2
92 1
770 2
92 1
772 2
92 1
774 2
92 1
+9 1
776 2
+2 2
+3 2
92 1
783 3
92 1
785 2
92 1
787 2
92 1
789 2
92 1
791 2
92 1
793 2
92 1
795 2
+2 2
+2 2
+2 2
92 1
803 2
+2 2
+2 2
+2 2
92 1
811 2
92 1
813 2
+5 2
+4 5
+1 2
92 1
825 2
+2 2
+2 2
+2 2
+2 2
92 1
835 2
+2 2
+3 2
92 1
842 2
+2 2
+2 2
+2 2
+2 2
+2 2
+3 2
+2 2
+2 2
+2 2
+2 2
+2 2
+2 2
+2 2
+2 2
+4 2
+2 2
+2 2
+2 2
+2 2
+2 2
+9 2
+30 2
+58 2
+2 3
+1 2
+2 2
+2 2
+5 2
+63 3
+4 2
+2 2
+2 2
+2 2
+2 3
+2 2
+2 2
+2 2
+2 2
+2 2
+3 2
+2 2
+2 2
+3 2
+2 2
+2 2
+5 2
+2 3
+1 2
+2 2
75 1
1159 2
+16 1
75 1
1216 2
66 1
1217 2
fe=(6)
64 7
fi=(8)
750 2
+3 4
+7 5
+2 1
-1 3
1162 2
+5 2
+8 2
101 1
+2 1
-2 1
+2 1
-2 1
+2 1
-2 1
+2 1
-2 1
+2 1
-2 1
+2 1
-2 1
+2 1
742 2
1222 1
101 1
1222 3
+1 4
101 4
1232 4
+1 3
101 8
1124 2
+44 2
348 11
+99 2
+2 1
757 2
-2 1
+2 4
101 1
+2 1
-2 1
+2 1
-2 1
+2 1
-2 1
+2 1
-2 1
+2 1
-2 1
+2 1
fe=(6)

fl=(9)
fn=(7776)
0 9
cob=(2)
cfi=(2)
cfn=(7638)
calls=1 0 
0 98
0 1
cfn=(7784) 0x0000000000005350
calls=1 0 
0 5
0 3

fn=(7784)
0 5

fn=(4000)
0 12

totals: 33885140643
