# callgrind format
version: 1
creator: callgrind-3.25.1
pid: 1503387
cmd:  ./pearson_par data/128.data data_o/128_par_t16.data 16
part: 1


desc: I1 cache: 
desc: D1 cache: 
desc: LL cache: 

desc: Timerange: Basic block 0 - 23106139
desc: Trigger: Program termination

positions: line
events: Ir
summary: 148482851


ob=(1) /usr/lib/ld-linux-x86-64.so.2
fl=(1) ???
fn=(4590) 0x0000000000010940
0 1585
cfn=(2852) 0x000000000000a560
calls=7 0 
0 5749
0 171
cfn=(2852)
calls=19 0 
0 14701
0 994
cob=(2) /usr/lib/libc.so.6
cfi=(2) ???
cfn=(3088) memcpy
calls=1 0 
0 22
cob=(2)
cfi=(2)
cfn=(3140) strlen
calls=1 0 
0 25
0 6

fn=(0) 0x000000000001d5c0
0 2
cfn=(2) 0x000000000001e1d0
calls=1 0 
0 2631394
0 8
cfn=(3890) 0x0000000000015930
calls=1 0 
0 4
0 10
cfn=(3896) 0x0000000000005350
calls=1 0 
0 43472
0 3
cob=(8) /home/nithin/CLionProjects/1dv1674_a2/pearson/pearson_par
cfi=(55) ???
cfn=(4550) (below main)
calls=1 0 
0 88503862

fn=(998) 0x000000000001ae90
0 36

fn=(1574) 0x0000000000024650
0 601

fn=(2584) 0x00000000000276c0
0 32

fn=(2664) 0x0000000000012020
0 11
cfn=(718) 0x000000000000b430
calls=1 0 
0 18
0 318
cfn=(2674) 0x00000000000118c0
calls=1 0 
0 116
0 8

fn=(2694) 0x0000000000012a60
0 33
cfn=(220) __tunable_get_val
calls=1 0 
0 18
0 21
cfn=(1158) 0x0000000000025510
calls=1 0 
0 13
0 10

fn=(2852)
0 896536
cfn=(2872) 0x00000000000099c0
calls=2849 0 
0 1044970
0 129625

fn=(3634) 0x00000000000238f0
0 10
cfn=(3650) 0x0000000000023330
calls=1 0 
0 133
0 4
cfn=(718)
calls=1 0 
0 18
0 8
cfn=(3650)
calls=1 0 
0 540
0 11
cfn=(3638) 0x00000000000232c0
calls=1 0 
0 72
0 2
cfn=(3686) 0x0000000000023830
calls=1 0 
0 265
0 7

fn=(3708) 0x00000000000184b0
0 6

fn=(3766) 0x000000000001b3a0
0 88
cfn=(3772) 0x000000000001b2d0
calls=1 0 
0 746
0 5
cfn=(3772)
calls=1 0 
0 783
0 5
cfn=(3772)
calls=1 0 
0 844
0 5
cfn=(3772)
calls=1 0 
0 763
0 12

fn=(836) 0x0000000000007030
0 474

fn=(1778) 0x0000000000003580
0 42

fn=(1846) 0x0000000000003790
0 187
cfn=(718)
calls=5 0 
0 90
0 40
cfn=(732) 0x0000000000025320
calls=5 0 
0 63
0 30
cfn=(732)
calls=5 0 
0 63
0 555
cfn=(1364) 0x0000000000006420
calls=13 0 
0 603
0 104
cfn=(1298) _dl_catch_exception
calls=13 0 
0 26622
0 1233
cfn=(718)
calls=1 0 
0 18
0 122
cfn=(2326) 0x00000000000111f0
calls=1 0 
0 444
0 86
cfn=(2234) 0x0000000000024590
calls=5 0 
0 125
0 24
cfn=(732)
calls=1 0 
0 19
0 5

fn=(1980) 0x0000000000014350
0 772
cfn=(1988) 0x0000000000014260
calls=46 0 
0 3544
0 284
cfn=(1988)
calls=4 0 
0 326
0 200

fn=(2344) 0x00000000000110c0
0 513

fn=(7592) 0x00000000000187a0
0 35

fn=(2)
0 563
cfn=(122) 0x000000000001b100
calls=1 0 
0 10
0 8
cfn=(126) 0x0000000000011000
calls=1 0 
0 27
0 8
cfn=(136) 0x000000000001cf60
calls=1 0 
0 2630755
0 23

fn=(466) 0x0000000000016190
0 225

fn=(628) 0x0000000000027520
0 729

fn=(732)
0 394

fn=(1060) 0x000000000001afd0
0 30

fn=(1294) 0x000000000001dc20
0 19
cfn=(1296) 0x0000000000002540
calls=1 0 
0 2675
0 12

fn=(1362) 0x0000000000006640
0 9
cfn=(1364)
calls=1 0 
0 63
0 34
cfn=(628)
calls=1 0 
0 35
0 3
cfn=(718)
calls=1 0 
0 18
0 9

fn=(1398) 0x0000000000024490
0 126

fn=(2674)
0 153
cob=(2)
cfi=(2)
cfn=(6174) calloc
calls=16 0 
0 4528
cfn=(714) 0x000000000000b580
calls=1 0 
0 96
0 187

fn=(2754) 0x0000000000010910
0 144
cfn=(3178) 0x0000000000024700
calls=6 0 
0 36
0 86
cfn=(2758) 0x000000000000e160
calls=6 0 
0 2533856
0 18

fn=(3386) 0x000000000000b7b0
0 159

fn=(3606) 0x00000000000126d0
0 43

fn=(3870) 0x0000000000024730
0 6

fn=(3896)
0 33
cfn=(3900) 0x0000000000005220
calls=1 0 
0 41
0 42
cfn=(3900)
calls=6 0 
0 43245
0 24
cfn=(3900)
calls=1 0 
0 84
0 3

fn=(122)
0 10

fn=(160) 0x0000000000013180
0 15500

fn=(2426) 0x0000000000013880
0 748
cfn=(1316) 0x000000000000b750
calls=73 0 
0 6865
0 11829
cfn=(890) 0x0000000000025ee0
calls=61 0 
0 2752
0 375
cfn=(890)
calls=3 0 
0 195
0 1308
cfn=(714)
calls=6 0 
0 239
0 4064
cfn=(2584)
calls=1 0 
0 32
0 2

fn=(2740) 0x00000000000159b0
0 25

fn=(2872)
0 728994
cfn=(2906) 0x0000000000009840
calls=2839 0 
0 266961
0 29604
cfn=(772) 0x0000000000012a00
calls=82 0 
0 246
0 9848
cfn=(714)
calls=1 0 
0 29
0 1260
cfn=(772)
calls=82 0 
0 246
0 4035
cfn=(3386)
calls=2 0 
0 159
0 8
cfn=(714)
calls=2 0 
0 58
0 2334
cfn=(3424) 0x000000000000b5c0
calls=2 0 
0 10
0 1178

fn=(3208) 0x0000000000012720
0 81

fn=(3424)
0 10

fn=(226) 0x0000000000022500
0 8

fn=(636) 0x0000000000022e30
0 13

fn=(1452) 0x0000000000024240
0 36

fn=(1734) 0x0000000000024370
0 36

fn=(1936) 0x0000000000014a00
0 85
cfn=(1980)
calls=4 0 
0 5126
0 28
cfn=(628)
calls=4 0 
0 140
0 68
cfn=(732)
calls=4 0 
0 44
0 8
cfn=(1378) 0x00000000000274c0
calls=4 0 
0 332
0 17
cfn=(1942) 0x000000000000b680
calls=1 0 
0 103
0 39

fn=(1234) 0x0000000000018510
0 5

fn=(1250) 0x0000000000027340
0 238

fn=(126)
0 189

fn=(138) 0x000000000001c040
0 487

fn=(366) 0x0000000000016640
0 5351

fn=(1124) 0x000000000001aa60
0 48
cfn=(1136) 0x0000000000025310
calls=2 0 
0 26
0 22
cfn=(1020) 0x000000000001b090
calls=2 0 
0 140
0 4
cfn=(1020)
calls=2 0 
0 178
0 22

fn=(1988)
0 3870

fn=(2180) 0x0000000000024500
0 14

fn=(4588) 0x0000000000012dc0
0 676
cfn=(4590)
calls=26 0 
0 23253
0 390

fn=(4564) _dl_audit_preinit
0 5

fn=(772)
0 516

fn=(1304) 0x0000000000008900
0 1187
cfn=(1316)
calls=60 0 
0 6622
0 683
cfn=(890)
calls=28 0 
0 1020
0 252
cfn=(1042) 0x0000000000025cb0
calls=5 0 
0 120
0 21
cfn=(1362)
calls=1 0 
0 171
0 15
cfn=(1394) 0x0000000000005800
calls=1 0 
0 105
0 23
cfn=(1448) 0x0000000000007220
calls=1 0 
0 1817
0 72
cfn=(1448)
calls=4 0 
0 8829
0 41
cfn=(628)
calls=4 0 
0 68
0 68
cfn=(1900) 0x0000000000006c50
calls=4 0 
0 32
0 44
cfn=(1936)
calls=4 0 
0 5990
0 72
cfn=(1394)
calls=4 0 
0 456
0 60
cfn=(1900)
calls=4 0 
0 32
0 116
cfn=(1900)
calls=4 0 
0 32
0 64

fn=(1448)
0 155
cfn=(702) 0x000000000000baa0
calls=5 0 
0 1750
0 2191
cfn=(1574)
calls=5 0 
0 140
0 295
cfn=(1158)
calls=5 0 
0 826
0 280
cfn=(1574)
calls=15 0 
0 315
0 45
cfn=(1452)
calls=5 0 
0 30
0 293
cfn=(2180)
calls=1 0 
0 7
0 2274
cfn=(836)
calls=5 0 
0 420
0 408
cfn=(1734)
calls=5 0 
0 30
0 60
cfn=(126)
calls=5 0 
0 135
0 129
cfn=(2142) 0x0000000000011cb0
calls=3 0 
0 33
0 15
cfn=(770) 0x000000000000ba00
calls=5 0 
0 265
0 30
cfn=(1776) 0x0000000000005760
calls=5 0 
0 220
0 21
cfn=(1574)
calls=2 0 
0 42
0 59
cfn=(890)
calls=4 0 
0 125
0 53

fn=(1822) 0x0000000000024210
0 9

fn=(2416) 0x000000000001de70
0 10
cfn=(2418) 0x00000000000141d0
calls=1 0 
0 28500
0 5

fn=(2620) 0x000000000001e100
0 14
cfn=(714)
calls=1 0 
0 29
0 5
cfn=(2626) 0x0000000000011c10
calls=1 0 
0 73
0 1
cfn=(2636) 0x0000000000011e10
calls=1 0 
0 234
0 1
cfn=(2664)
calls=1 0 
0 471
0 14
cfn=(2694)
calls=1 0 
0 95
0 6

fn=(3172) 0x000000000000dff0
0 24
cfn=(3178)
calls=1 0 
0 6
0 5

fn=(234) 0x00000000000184e0
0 28
cfn=(246) 0x0000000000015ff0
calls=1 0 
0 71
0 28
cfn=(272) 0x00000000000169a0
calls=1 0 
0 196
0 96
cfn=(220)
calls=1 0 
0 17
0 7
cfn=(220)
calls=1 0 
0 17
0 15
cfn=(220)
calls=1 0 
0 17
0 10
cfn=(220)
calls=1 0 
0 17
0 11
cfn=(220)
calls=1 0 
0 17
0 8
cfn=(220)
calls=1 0 
0 17
0 14
cfn=(564) 0x0000000000013160
calls=1 0 
0 39
0 12
cfn=(564)
calls=1 0 
0 39
0 9
cfn=(564)
calls=1 0 
0 39
0 10
cfn=(564)
calls=1 0 
0 39
0 11
cfn=(564)
calls=1 0 
0 39
0 10
cfn=(564)
calls=1 0 
0 39
0 16
cfn=(220)
calls=1 0 
0 16
0 4
cfn=(220)
calls=1 0 
0 18
0 11
cfn=(220)
calls=1 0 
0 16
0 4
cfn=(220)
calls=1 0 
0 16
0 12
cfn=(220)
calls=1 0 
0 18
0 37
cfn=(360) 0x00000000000168b0
calls=1 0 
0 456
0 3
cfn=(360)
calls=1 0 
0 523
0 5
cfn=(360)
calls=1 0 
0 473
0 3
cfn=(360)
calls=1 0 
0 465
0 5
cfn=(360)
calls=1 0 
0 446
0 3
cfn=(360)
calls=1 0 
0 448
0 3
cfn=(360)
calls=1 0 
0 498
0 3
cfn=(360)
calls=1 0 
0 488
0 3
cfn=(360)
calls=1 0 
0 490
0 4
cfn=(360)
calls=1 0 
0 513
0 3
cfn=(360)
calls=1 0 
0 515
0 3
cfn=(360)
calls=1 0 
0 516
0 7
cfn=(466)
calls=1 0 
0 225
0 43

fn=(1230) _dl_debug_state
0 4

fn=(1244) 0x000000000001e880
0 30
cfn=(1294)
calls=1 0 
0 2706
0 6
cfn=(1250)
calls=1 0 
0 238
0 8
cfn=(732)
calls=1 0 
0 19
0 11

fn=(1296)
0 14
cfn=(1298)
calls=1 0 
0 2647
0 14

fn=(2094) 0x0000000000024760
0 27
cfn=(220)
calls=1 0 
0 18
0 10

fn=(564)
0 234

fn=(656) 0x000000000001a940
0 369

fn=(718)
0 396

fn=(878) 0x0000000000004ee0
0 8
cfn=(220)
calls=1 0 
0 18
0 7

fn=(890)
0 113867

fn=(1136)
0 762

fn=(1222) 0x0000000000011da0
0 6

fn=(1298)
0 294
cfn=(1300) 0x0000000000024960
calls=14 0 
0 336
0 84
cfn=(1878) 0x0000000000003740
calls=13 0 
0 25738
cfn=(1302) 0x000000000001d700
calls=1 0 
0 2579
0 238

fn=(1300)
0 336

fn=(1776)
0 55
cfn=(1778)
calls=5 0 
0 35
0 130

fn=(2636)
0 144
cfn=(220)
calls=1 0 
0 18
0 17
cfn=(220)
calls=1 0 
0 18
0 37

fn=(3716) 0x000000000000b280
0 136
cfn=(3728) 0x000000000000b1a0
calls=3 0 
0 610
0 42

fn=(3800) 0x0000000000001f00
0 14
cfn=(3716)
calls=1 0 
0 253
0 12
cob=(2)
cfi=(2)
cfn=(3810) __libc_early_init
calls=1 0 
0 303

fn=(3890)
0 4

fn=(650) 0x0000000000012a10
0 17

fn=(1020)
0 88
cfn=(1022) 0x000000000001af20
calls=11 0 
0 467
0 6
cfn=(1022)
calls=3 0 
0 192
0 106
cfn=(1060)
calls=6 0 
0 30
0 45

fn=(1394)
0 95
cfn=(1398)
calls=5 0 
0 105
0 55
cfn=(1412) 0x0000000000024530
calls=5 0 
0 30
0 256
cfn=(2180)
calls=1 0 
0 7
0 13

fn=(1900)
0 96

fn=(1942)
0 11
cfn=(1398)
calls=1 0 
0 21
0 7
cfn=(1452)
calls=1 0 
0 6
0 10
cfn=(1734)
calls=1 0 
0 6
0 13
cfn=(1574)
calls=1 0 
0 26
0 3

fn=(7550) 0x0000000000001f70
0 148
cob=(6) /usr/lib/libgcc_s.so.1
cfi=(109) /usr/src/debug/gcc/gcc/libgcc/unwind-dw2-fde.c
cfn=(7698) release_registered_frames
calls=1 58 
0 42
cob=(3) /usr/lib/libm.so.6
cfi=(3) ???
cfn=(7668) 0x000000000000f670
calls=1 0 
0 42
cob=(7) /usr/lib/libstdc++.so.6.0.34
cfi=(43) ???
cfn=(7616) 0x00000000000ae4a0
calls=1 0 
0 1601
cob=(5) /usr/lib/valgrind/vgpreload_core-amd64-linux.so
cfi=(5) ???
cfn=(7600) 0x0000000000001090
calls=1 0 
0 116
cob=(8)
cfi=(55)
cfn=(7558) 0x0000000000002330
calls=1 0 
0 116
0 2
cob=(6)
cfi=(9) ???
cfn=(7702) 0x00000000000053c0
calls=1 0 
0 116
cob=(3)
cfi=(3)
cfn=(7682) 0x000000000000f710
calls=1 0 
0 116
0 82
cob=(4) ???
cfi=(4) ???
cfn=(7716) 0x0000000004c477c8
calls=1 0 
0 4
cob=(4)
cfi=(4)
cfn=(7696) 0x0000000004bbd588
calls=1 0 
0 4
cob=(4)
cfi=(4)
cfn=(7666) 0x0000000004a80264
calls=1 0 
0 4
cob=(4)
cfi=(4)
cfn=(7614) 0x0000000004848274
calls=1 0 
0 4
cob=(4)
cfi=(4)
cfn=(7588) 0x0000000004007f20
calls=1 0 
0 4
0 12

fn=(360)
0 372
cfn=(366)
calls=12 0 
0 4044
0 84
cfn=(366)
calls=12 0 
0 1307
0 24

fn=(702)
0 117
cfn=(628)
calls=5 0 
0 103
0 45
cfn=(714)
calls=5 0 
0 250
0 3
cfn=(714)
calls=1 0 
0 35
0 84
cfn=(732)
calls=6 0 
0 77
0 412
cfn=(628)
calls=5 0 
0 175
0 55
cfn=(1136)
calls=5 0 
0 73
0 477
cfn=(718)
calls=5 0 
0 90
0 40

fn=(1022)
0 291
cfn=(1042)
calls=9 0 
0 216
0 90
cfn=(628)
calls=3 0 
0 51
0 18

fn=(1158)
0 1737

fn=(2412) 0x00000000000022e0
0 13
cfn=(2416)
calls=1 0 
0 28515
0 8

fn=(2626)
0 12
cfn=(220)
calls=1 0 
0 17
0 5
cfn=(220)
calls=1 0 
0 17
0 22

fn=(2906)
0 70032
cfn=(890)
calls=316 0 
0 16586
0 83227
cfn=(890)
calls=2820 0 
0 83016
0 14100

fn=(3866) 0x0000000000014d80
0 9
cfn=(3870)
calls=1 0 
0 6
0 4

fn=(1302)
0 15
cfn=(1304)
calls=1 0 
0 2560
0 4

fn=(1316)
0 1197
cfn=(890)
calls=133 0 
0 4219
0 1638
cfn=(890)
calls=151 0 
0 5466
0 967

fn=(1364)
0 112
cfn=(1042)
calls=14 0 
0 456
0 98

fn=(1412)
0 30

fn=(2234)
0 125

fn=(2326)
0 300
cfn=(2344)
calls=14 0 
0 513
0 102
cfn=(732)
calls=2 0 
0 38
0 2

fn=(6694) _dl_deallocate_tls
0 240
cob=(2)
cfi=(2)
cfn=(5392) free
calls=12 0 
0 48
0 960
cob=(2)
cfi=(2)
cfn=(5392)
calls=192 0 
0 768
0 456
cob=(2)
cfi=(2)
cfn=(5392)
calls=12 0 
0 1366
0 96

fn=(7508) 0x0000000000004f60
0 23
cob=(2)
cfi=(2)
cfn=(6196) pthread_mutex_lock
calls=1 0 
0 41
0 34
cfn=(3860) 0x00000000000185b0
calls=1 0 
0 9
0 123
cfn=(2326)
calls=1 0 
0 511
0 2
cob=(2)
cfi=(2)
cfn=(6198) pthread_mutex_unlock
calls=1 0 
0 41
0 91
cfn=(7550)
calls=7 0 
0 2413
0 14
cfn=(7592)
calls=7 0 
0 35
0 33
cfn=(3860)
calls=1 0 
0 9
0 2

fn=(246)
0 71

fn=(2418)
0 56
cfn=(2426)
calls=7 0 
0 28409
0 35

fn=(2758)
0 302623
cfn=(2852)
calls=2813 0 
0 2043931
0 148392
cfn=(3708)
calls=1 0 
0 6
cob=(3)
cfi=(3)
cfn=(3340) cosf
calls=1 0 
0 10
cob=(3)
cfi=(3)
cfn=(3338) __exp_finite
calls=1 0 
0 9
cob=(3)
cfi=(3)
cfn=(3336) expf
calls=1 0 
0 10
cob=(3)
cfi=(3)
cfn=(3334) cos
calls=1 0 
0 9
cob=(3)
cfi=(3)
cfn=(3332) logf
calls=1 0 
0 10
cob=(3)
cfi=(3)
cfn=(3330) tan
calls=1 0 
0 9
cob=(3)
cfi=(3)
cfn=(3328) log2
calls=1 0 
0 10
cob=(3)
cfi=(3)
cfn=(3326) sincosf
calls=1 0 
0 10
cob=(3)
cfi=(3)
cfn=(3324) powf
calls=1 0 
0 10
cob=(3)
cfi=(3)
cfn=(3322) __pow_finite
calls=1 0 
0 8
cob=(3)
cfi=(3)
cfn=(3320) log2f
calls=1 0 
0 10
cob=(3)
cfi=(3)
cfn=(3316) 0x0000000000059b70
calls=1 0 
0 10
cob=(3)
cfi=(3)
cfn=(3314) __log_finite
calls=1 0 
0 9
cob=(3)
cfi=(3)
cfn=(3312) atan
calls=1 0 
0 9
cob=(3)
cfi=(3)
cfn=(3310) __acos_finite
calls=1 0 
0 8
cob=(3)
cfi=(3)
cfn=(3308) sinf
calls=1 0 
0 10
cob=(3)
cfi=(3)
cfn=(3306) fma
calls=1 0 
0 6
cob=(3)
cfi=(3)
cfn=(3304) roundeven
calls=1 0 
0 7
cob=(3)
cfi=(3)
cfn=(3302) __asin_finite
calls=1 0 
0 8
cob=(3)
cfi=(3)
cfn=(3300) expm1
calls=1 0 
0 10
cob=(3)
cfi=(3)
cfn=(3298) exp2f
calls=1 0 
0 10
cob=(3)
cfi=(3)
cfn=(3296) __sinh_finite
calls=1 0 
0 10
cob=(3)
cfi=(3)
cfn=(3294) __atanh_finite
calls=1 0 
0 10
cob=(3)
cfi=(3)
cfn=(3292) __atan2_finite
calls=1 0 
0 9
cob=(3)
cfi=(3)
cfn=(3290) sin
calls=1 0 
0 9
cob=(3)
cfi=(3)
cfn=(3288) fmaf
calls=1 0 
0 6
cob=(3)
cfi=(3)
cfn=(3286) sincos
calls=1 0 
0 8
cob=(2)
cfi=(2)
cfn=(3148) strspn
calls=1 0 
0 7
cob=(2)
cfi=(2)
cfn=(3146) memchr
calls=1 0 
0 21
cob=(2)
cfi=(2)
cfn=(3144) memmove
calls=1 0 
0 22
cob=(2)
cfi=(2)
cfn=(3142) strncpy
calls=1 0 
0 21
cob=(2)
cfi=(2)
cfn=(3140)
calls=1 0 
0 25
cob=(2)
cfi=(2)
cfn=(3138) strcasecmp_l
calls=1 0 
0 22
cob=(2)
cfi=(2)
cfn=(3136) strcpy
calls=1 0 
0 19
cob=(2)
cfi=(2)
cfn=(3134) bcmp
calls=1 0 
0 25
cob=(2)
cfi=(2)
cfn=(3132) strchrnul
calls=1 0 
0 25
cob=(2)
cfi=(2)
cfn=(3130) strncasecmp_l
calls=1 0 
0 22
cob=(2)
cfi=(2)
cfn=(3128) wcscpy
calls=1 0 
0 17
cob=(2)
cfi=(2)
cfn=(3126) strcspn
calls=1 0 
0 7
cob=(2)
cfi=(2)
cfn=(3124) strcasecmp
calls=1 0 
0 22
cob=(2)
cfi=(2)
cfn=(3122) strncmp
calls=1 0 
0 22
cob=(2)
cfi=(2)
cfn=(3120) wmemchr
calls=2 0 
0 42
cob=(2)
cfi=(2)
cfn=(3118) stpncpy
calls=1 0 
0 21
cob=(2)
cfi=(2)
cfn=(3116) wcscmp
calls=1 0 
0 25
cob=(2)
cfi=(2)
cfn=(3114) rindex
calls=1 0 
0 25
cob=(2)
cfi=(2)
cfn=(3112) index
calls=1 0 
0 21
cob=(2)
cfi=(2)
cfn=(3110) wcschr
calls=2 0 
0 50
cob=(2)
cfi=(2)
cfn=(3108) memrchr
calls=1 0 
0 25
cob=(2)
cfi=(2)
cfn=(3106) strcmp
calls=1 0 
0 20
cob=(2)
cfi=(2)
cfn=(3104) strpbrk
calls=1 0 
0 7
cob=(2)
cfi=(2)
cfn=(3102) strnlen
calls=2 0 
0 50
cob=(2)
cfi=(2)
cfn=(3100) wcsnlen
calls=1 0 
0 20
cob=(2)
cfi=(2)
cfn=(3098) memset
calls=1 0 
0 23
cob=(2)
cfi=(2)
cfn=(3096) wcslen
calls=1 0 
0 20
cob=(2)
cfi=(2)
cfn=(3094) __mempcpy_chk
calls=1 0 
0 22
cob=(2)
cfi=(2)
cfn=(3092) __memcpy_chk
calls=1 0 
0 22
cob=(2)
cfi=(2)
cfn=(3090) wcsncpy
calls=1 0 
0 18
cob=(2)
cfi=(2)
cfn=(3088)
calls=1 0 
0 22
cob=(2)
cfi=(2)
cfn=(3086) __memset_chk
calls=1 0 
0 23
cob=(2)
cfi=(2)
cfn=(3084) strcat
calls=1 0 
0 19
cob=(2)
cfi=(2)
cfn=(3082) wmemset
calls=2 0 
0 20
cob=(2)
cfi=(2)
cfn=(3080) wcscat
calls=1 0 
0 18
cob=(2)
cfi=(2)
cfn=(3078) wmemcmp
calls=1 0 
0 25
cob=(2)
cfi=(2)
cfn=(3076) __memmove_chk
calls=1 0 
0 22
cob=(2)
cfi=(2)
cfn=(3074) stpcpy
calls=1 0 
0 19
cob=(2)
cfi=(2)
cfn=(3072) wcpncpy
calls=1 0 
0 18
cob=(2)
cfi=(2)
cfn=(3070) mempcpy
calls=1 0 
0 22
cob=(2)
cfi=(2)
cfn=(3068) strncasecmp
calls=1 0 
0 22
cob=(2)
cfi=(2)
cfn=(3058) 0x00000000000bfad0
calls=1 0 
0 30
0 630
cfn=(732)
calls=1 0 
0 71
0 792
cob=(2)
cfi=(2)
cfn=(3082)
calls=1 0 
0 10
cob=(2)
cfi=(2)
cfn=(3076)
calls=1 0 
0 22
cob=(2)
cfi=(2)
cfn=(3116)
calls=1 0 
0 25
cob=(2)
cfi=(2)
cfn=(3142)
calls=1 0 
0 21
cob=(2)
cfi=(2)
cfn=(3134)
calls=1 0 
0 25
cob=(2)
cfi=(2)
cfn=(3106)
calls=1 0 
0 20
cob=(2)
cfi=(2)
cfn=(3112)
calls=1 0 
0 21
cob=(2)
cfi=(2)
cfn=(3148)
calls=1 0 
0 7
cob=(2)
cfi=(2)
cfn=(3450) strstr
calls=1 0 
0 7
cob=(2)
cfi=(2)
cfn=(3120)
calls=1 0 
0 21
cob=(2)
cfi=(2)
cfn=(3092)
calls=1 0 
0 22
cob=(2)
cfi=(2)
cfn=(3122)
calls=1 0 
0 22
cob=(2)
cfi=(2)
cfn=(3442) gettimeofday
calls=1 0 
0 7
cob=(2)
cfi=(2)
cfn=(3078)
calls=1 0 
0 25
cob=(2)
cfi=(2)
cfn=(3146)
calls=1 0 
0 21
cob=(2)
cfi=(2)
cfn=(3096)
calls=1 0 
0 20
cob=(2)
cfi=(2)
cfn=(3086)
calls=2 0 
0 46
cob=(2)
cfi=(2)
cfn=(3144)
calls=3 0 
0 66
cob=(2)
cfi=(2)
cfn=(3088)
calls=3 0 
0 66
cob=(2)
cfi=(2)
cfn=(3098)
calls=2 0 
0 46
cob=(2)
cfi=(2)
cfn=(3140)
calls=3 0 
0 75
0 25024
cfn=(2852)
calls=6 0 
0 3770
0 7090

fn=(3178)
0 42

fn=(3714) 0x000000000001b570
0 12
cfn=(3716)
calls=1 0 
0 267
0 18
cfn=(3716)
calls=1 0 
0 268
0 14

fn=(3772)
0 60
cfn=(2852)
calls=4 0 
0 2980
0 96

fn=(3860)
0 27

fn=(3900)
0 248
cob=(4)
cfi=(4)
cfn=(4016) 0x000000000492c000
calls=1 0 
0 7
cob=(4)
cfi=(4)
cfn=(4006) 0x0000000004b38000
calls=1 0 
0 7
cob=(4)
cfi=(4)
cfn=(3990) 0x0000000004c25000
calls=1 0 
0 7
cob=(4)
cfi=(4)
cfn=(3914) 0x0000000004848000
calls=1 0 
0 7
0 148
cob=(7)
cfi=(54) /usr/src/debug/gcc/gcc/libstdc++-v3/src/c++11/locale-inst.cc
cfn=(4536) _GLOBAL__sub_I_wlocale_inst.cc
calls=1 160 
0 50
cob=(7)
cfi=(54)
cfn=(4528) _GLOBAL__sub_I_locale_inst.cc
calls=1 160 
0 50
cob=(7)
cfi=(54)
cfn=(4520) _GLOBAL__sub_I_cxx11_wlocale_inst.cc
calls=1 160 
0 34
cob=(7)
cfi=(54)
cfn=(4512) _GLOBAL__sub_I_cxx11_locale_inst.cc
calls=1 160 
0 34
cob=(7)
cfi=(53) /usr/src/debug/gcc/gcc/libstdc++-v3/src/c++98/parallel_settings.cc
cfn=(4510) _GLOBAL__sub_I_parallel_settings.cc
calls=1 42 
0 47
cob=(7)
cfi=(50) /usr/src/debug/gcc/gcc/libstdc++-v3/src/c++98/bitmap_allocator.cc
cfn=(4504) _GLOBAL__sub_I_bitmap_allocator.cc
calls=1 127 
0 74
cob=(7)
cfi=(48) /usr/src/debug/gcc/gcc/libstdc++-v3/libsupc++/eh_alloc.cc
cfn=(4292) _GLOBAL__sub_I_eh_alloc.cc
calls=1 456 
0 2325
cob=(7)
cfi=(46) /usr/src/debug/gcc/gcc/libstdc++-v3/src/c++11/compatibility-thread-c++0x.cc
cfn=(4288) _GLOBAL__sub_I_compatibility_thread_c__0x.cc
calls=1 128 
0 11
cob=(7)
cfi=(45) /usr/src/debug/gcc/gcc/libstdc++-v3/src/c++11/compatibility-condvar.cc
cfn=(4286) _GLOBAL__sub_I_compatibility_condvar.cc
calls=1 108 
0 3
cob=(7)
cfi=(44) /usr/src/debug/gcc/gcc/libstdc++-v3/src/c++11/compatibility-c++0x.cc
cfn=(4282) _GLOBAL__sub_I_compatibility_c__0x.cc
calls=1 260 
0 184
cob=(7)
cfi=(43)
cfn=(4276) 0x00000000000ae4f0
calls=1 0 
0 12
cob=(7)
cfi=(42) /usr/src/debug/gcc/gcc/libstdc++-v3/src/c++20/tzdb.cc
cfn=(4268) _GLOBAL__sub_I.00098_tzdb.cc
calls=1 2174 
0 81
cob=(6)
cfi=(9)
cfn=(4000) 0x0000000000005410
calls=1 0 
0 12
cob=(2)
cfi=(2)
cfn=(3982) 0x0000000000027500
calls=1 0 
0 22
cob=(2)
cfi=(2)
cfn=(3974) 0x0000000000027490
calls=1 0 
0 12
0 20
cob=(7)
cfi=(10) /usr/src/debug/gcc/gcc/libstdc++-v3/src/c++98/globals_io.cc
cfn=(4020) _GLOBAL__sub_I.00090_globals_io.cc
calls=1 118 
0 39394
cob=(3)
cfi=(3)
cfn=(4010) 0x000000000000f760
calls=1 0 
0 12
cob=(6)
cfi=(6) /usr/src/debug/gcc/gcc/libgcc/config/i386/cpuinfo.c
cfn=(3994) __cpu_indicator_init@GCC_4.8.0
calls=1 60 
0 362
cob=(2)
cfi=(2)
cfn=(3948) 0x0000000000027420
calls=1 0 
0 69
cob=(5)
cfi=(5)
cfn=(3926) 0x00000000000010e0
calls=1 0 
0 12
0 126

fn=(6172) _dl_allocate_tls
0 96
cfn=(2674)
calls=16 0 
0 4848
0 64
cfn=(3624) _dl_allocate_tls_init
calls=16 0 
0 6192

fn=(218) 0x00000000000111c0
0 8
cfn=(220)
calls=1 0 
0 18
0 6

fn=(272)
0 196

fn=(714)
0 302
cfn=(1574)
calls=3 0 
0 78
0 21
cfn=(2094)
calls=3 0 
0 55
0 280

fn=(996) 0x000000000001ab00
0 18
cfn=(998)
calls=1 0 
0 36
0 8
cfn=(1020)
calls=1 0 
0 20
0 24
cfn=(1020)
calls=2 0 
0 140
0 2
cfn=(1020)
calls=1 0 
0 158
0 12
cfn=(718)
calls=1 0 
0 18
0 13
cfn=(1022)
calls=1 0 
0 7
0 40
cfn=(1020)
calls=2 0 
0 140
0 2
cfn=(1020)
calls=1 0 
0 158
0 39
cfn=(1100) 0x0000000000025040
calls=1 0 
0 19
0 30
cfn=(718)
calls=1 0 
0 18
0 14
cfn=(1124)
calls=1 0 
0 46
0 5
cfn=(1124)
calls=1 0 
0 394
0 17

fn=(1100)
0 19

fn=(136)
0 9
cfn=(138)
calls=1 0 
0 487
0 2
cfn=(160)
calls=1 0 
0 15500
0 1
cfn=(218)
calls=1 0 
0 32
0 2
cfn=(226)
calls=1 0 
0 8
0 1
cfn=(234)
calls=1 0 
0 7184
0 4
cfn=(628)
calls=1 0 
0 17
0 3
cfn=(636)
calls=1 0 
0 13
0 11
cfn=(648) 0x000000000001e9a0
calls=1 0 
0 2607477
0 4

fn=(220)
0 695

fn=(648)
0 22
cfn=(650)
calls=1 0 
0 17
0 11
cfn=(656)
calls=1 0 
0 363
0 2
cfn=(656)
calls=1 0 
0 6
0 84
cfn=(702)
calls=1 0 
0 286
0 13
cfn=(770)
calls=1 0 
0 36
0 289
cfn=(836)
calls=1 0 
0 54
0 154
cfn=(878)
calls=1 0 
0 33
0 13
cfn=(890)
calls=1 0 
0 43
0 326
cfn=(126)
calls=1 0 
0 27
0 10
cfn=(994) 0x0000000000006cc0
calls=1 0 
0 1508
0 3
cfn=(1178) 0x00000000000035d0
calls=1 0 
0 32
0 48
cfn=(1222)
calls=1 0 
0 6
0 10
cfn=(1230)
calls=1 0 
0 2
0 4
cfn=(1234)
calls=1 0 
0 5
0 10
cfn=(1822)
calls=1 0 
0 9
0 21
cfn=(1846)
calls=1 0 
0 30433
0 127
cfn=(2412)
calls=1 0 
0 28536
0 133
cfn=(2740)
calls=1 0 
0 25
0 17
cfn=(2754)
calls=1 0 
0 83250
0 137
cfn=(2754)
calls=7 0 
0 2450890
0 32
cfn=(3208)
calls=3 0 
0 81
0 14
cfn=(3606)
calls=1 0 
0 43
0 10
cfn=(3624)
calls=1 0 
0 314
0 6
cfn=(3634)
calls=1 0 
0 1070
0 12
cfn=(2758)
calls=1 0 
0 260
0 6
cfn=(3714)
calls=1 0 
0 579
0 2
cfn=(3766)
calls=1 0 
0 3251
0 2
cfn=(3172)
calls=1 0 
0 35
0 3
cfn=(3800)
calls=1 0 
0 582
0 1
cfn=(3852) 0x000000000001d020
calls=1 0 
0 2
0 2
cfn=(1778)
calls=1 0 
0 7
0 3
cfn=(1230)
calls=1 0 
0 2
0 4
cfn=(3860)
calls=1 0 
0 9
0 1
cfn=(3866)
calls=1 0 
0 19
0 111
cfn=(2620)
calls=1 0 
0 943
0 23
cfn=(1244)
calls=1 0 
0 3018
0 35

fn=(994)
0 14
cfn=(996)
calls=1 0 
0 1378
0 3
cfn=(718)
calls=1 0 
0 18
0 12
cfn=(718)
calls=1 0 
0 18
0 21
cfn=(1158)
calls=1 0 
0 14
0 30

fn=(1042)
0 792

fn=(1878)
0 234
cfn=(1304)
calls=13 0 
0 25452
0 52

fn=(2142)
0 33

fn=(3624)
0 306
cob=(2)
cfi=(2)
cfn=(6196)
calls=16 0 
0 656
cfn=(772)
calls=1 0 
0 3
0 2261
cfn=(1136)
calls=51 0 
0 663
0 306
cfn=(1158)
calls=51 0 
0 884
0 581
cob=(2)
cfi=(2)
cfn=(6198)
calls=16 0 
0 656
cfn=(772)
calls=1 0 
0 3
0 187

fn=(3638)
0 449

fn=(3650)
0 272
cfn=(3638)
calls=6 0 
0 377
0 24

fn=(3686)
0 265

fn=(3728)
0 93
cfn=(890)
calls=3 0 
0 232
0 6

ob=(6)
fl=(109)
fn=(7698)
58 2
+3 1
-3 1
+3 1
cfi=(110) /usr/src/debug/gcc/gcc/libgcc/unwind-dw2-btree.h
cfn=(7700) btree_destroy
calls=1 354 
* 16
+1 2
cfi=(110)
cfn=(7700)
calls=1 354 
* 16
+1 1
+1 2

fl=(6)
fn=(3994)
60 1
fi=(8) /usr/src/debug/gcc/gcc/libgcc/../gcc/common/config/i386/cpuinfo.h
1123 4
fe=(6)
60 1
fi=(7) /usr/src/debug/gcc/gcc-build/gcc/include/cpuid.h
309 1
fe=(6)
60 6
fi=(7)
309 1
+21 2
+3 4
fi=(8)
1136 2
fi=(7)
309 2
+21 2
+3 3
fi=(8)
1150 1
+1 1
fi=(7)
333 1
fi=(8)
1150 1
+1 1
-1 1
+1 1
-1 1
+2 1
+1 1
-2 1
+2 1
-1 1
+1 1
744 1
1152 1
744 1
1152 1
744 2
+24 2
92 1
770 2
92 1
772 2
92 1
774 2
92 1
+9 1
776 2
+2 2
+3 2
92 1
783 3
92 1
785 2
92 1
787 2
92 1
789 2
92 1
791 2
92 1
793 2
92 1
795 2
+2 2
+2 2
+2 2
fe=(6)

ob=(1)
fl=(1)
fn=(3728)
0 30
cfn=(890)
calls=3 0 
0 213
0 36

fn=(3852)
0 2

fn=(770)
0 54
cfn=(772)
calls=6 0 
0 18
0 229

fn=(1178)
0 11

ob=(6)
fl=(6)
fn=(3994)
fi=(8)
92 1
803 2
+2 2
+2 2
+2 2
92 1
811 2
92 1
813 2
+5 2
+4 5
+1 2
92 1
825 2
+2 2
+2 2
+2 2
+2 2
92 1
835 2
+2 2
+3 2
92 1
842 2
+2 2
+2 2
+2 2
+2 2
+2 2
+3 2
+2 2
+2 2
+2 2
+2 2
+2 2
+2 2
+2 2
+2 2
+4 2
+2 2
+2 2
+2 2
+2 2
+2 2
+9 2
+30 2
+58 2
+2 3
+1 2
+2 2
+2 2
+5 2
+63 3
+4 2
+2 2
+2 2
+2 2
+2 3
+2 2
+2 2
+2 2
+2 2
+2 2
+3 2
+2 2
+2 2
+3 2
+2 2
+2 2
+5 2
+2 3
+1 2
+2 2
75 1
1159 2
+16 1
75 1
1216 2
66 1
1217 2
fe=(6)
64 7
fi=(8)
750 2
+3 4
+7 5
+2 1
-1 3
1162 2
+5 2
+8 2
101 1
+2 1
-2 1
+2 1
-2 1
+2 1
-2 1
+2 1
-2 1
+2 1
-2 1
+2 1
-2 1
+2 1
742 2
1222 1
101 1
1222 3
+1 4
101 4
1232 4
+1 3
101 8
1124 2
+44 2
348 11
+99 2
+2 1
757 2
-2 1
+2 4
101 1
+2 1
-2 1
+2 1
-2 1
+2 1
-2 1
+2 1
-2 1
+2 1
-2 1
+2 1
fe=(6)

fl=(110)
fn=(7700)
354 2
+3 2
-3 8
+3 2
+1 4
+4 6
+6 8

fl=(9)
fn=(7702)
0 9
cob=(2)
cfi=(2)
cfn=(7564) __cxa_finalize
calls=1 0 
0 98

ob=(1)
fl=(1)
fn=(1178)
0 21

fn=(1378)
0 28

ob=(6)
fl=(9)
fn=(7702)
0 1
cfn=(7710) 0x0000000000005350
calls=1 0 
0 5
0 3

fn=(7710)
0 5

fn=(4000)
0 10

ob=(1)
fl=(1)
fn=(1378)
0 44
cfn=(628)
calls=4 0 
0 140
0 12
cfn=(718)
calls=4 0 
0 72
0 36

ob=(6)
fl=(9)
fn=(4000)
0 2

ob=(1)
fl=(1)
fn=(7644) __tls_get_addr
0 24

ob=(2)
fl=(2)
fn=(4552) (below main)
0 19
cfn=(4240) __cxa_atexit
calls=1 0 
0 76
0 12
cob=(1)
cfi=(1)
cfn=(4564)
calls=1 0 
0 5
0 6
cfn=(4566) 0x0000000000027640
calls=1 0 
0 88503678
0 11
cob=(4)
cfi=(4)
cfn=(4554) 0x0000000004002000
calls=1 0 
0 7
0 20
cob=(8)
cfi=(55)
cfn=(4558) 0x0000000000002380
calls=1 0 
0 12
0 4

fn=(4040) pthread_once
0 196718
cfn=(4042) 0x000000000009abc0
calls=2 0 
0 200
0 6

fn=(4062) _pthread_cleanup_pop
0 108

fn=(3068)
0 22

fn=(3094)
0 22

fn=(3100)
0 20

fn=(3816) 0x0000000000098300
0 11
cob=(1)
cfi=(1)
cfn=(220)
calls=1 0 
0 18
0 4
cob=(1)
cfi=(1)
cfn=(220)
calls=1 0 
0 17
0 4
cob=(1)
cfi=(1)
cfn=(220)
calls=1 0 
0 18
0 6

fn=(3826) 0x00000000000419a0
0 18

fn=(4118) wctype_l
0 130
cob=(4)
cfi=(4)
cfn=(4120) 0x0000000004c72240
calls=10 0 
0 160
0 338
cob=(4)
cfi=(4)
cfn=(4120)
calls=48 0 
0 768
0 20
cob=(4)
cfi=(4)
cfn=(4120)
calls=10 0 
0 160
0 370
cfn=(4128) 0x000000000016b820
calls=49 0 
0 1048
0 208

fn=(4122) 0x000000000016ed00
0 459746

fn=(4792) 0x0000000000092770
0 60

fn=(4896) read
0 140
cfn=(4806) 0x0000000000092010
calls=14 0 
0 406
0 28

fn=(5342) 0x0000000000048da0
0 558912
cfn=(5354) 0x0000000000048d60
calls=133 0 
0 1596
0 352098
cfn=(5354)
calls=16243 0 
0 194916
0 425139

fn=(6154) pthread_create
0 400
cfn=(6158) pthread_getattr_default_np
calls=16 0 
0 880
0 96
cfn=(6166) getpagesize
calls=16 0 
0 96
0 592
cfn=(6280) pthread_attr_destroy
calls=16 0 
0 96
0 2144
cfn=(6228) 0x0000000000095270
calls=16 0 
0 2029
0 216
cfn=(6156) __libc_sigaction
calls=1 0 
0 51
0 78
cfn=(6226) _IO_enable_locks
calls=1 0 
0 42
0 258
cfn=(6168) mmap
calls=16 0 
0 416
0 320
cfn=(6170) mprotect
calls=16 0 
0 96
0 272
cob=(1)
cfi=(1)
cfn=(6172)
calls=16 0 
0 11200
0 224
cfn=(6224) 0x0000000000092930
calls=16 0 
0 192
0 112

fn=(6566) 0x000000000013a6a0
0 352

fn=(6582) 0x0000000000091e20
0 96

fn=(6738) 0x00000000000a35c0
0 18
cfn=(6168)
calls=1 0 
0 26
0 10
cfn=(6494) 0x0000000000119a80
calls=1 0 
0 16
0 33

fn=(4104) uselocale
0 720940

fn=(3074)
0 19

fn=(3086)
0 69

fn=(3122)
0 44

fn=(3130)
0 22

fn=(3132)
0 25

fn=(3948)
0 33
cob=(4)
cfi=(4)
cfn=(3960) 0x0000000004c72320
calls=1 0 
0 24
0 12

fn=(4128)
0 1095

fn=(4416) __default_morecore
0 66
cfn=(4418) sbrk
calls=11 0 
0 308
0 44

fn=(4418)
0 188
cfn=(4420) brk
calls=6 0 
0 54
0 47
cfn=(4420)
calls=1 0 
0 9
0 10

fn=(4784) 0x000000000008c050
0 18
cfn=(4786) _IO_link_in
calls=2 0 
0 219
0 8

fn=(4800) _IO_file_fopen
0 94
cfn=(4802) _IO_file_open
calls=2 0 
0 254
0 12
cfn=(4818) 0x00000000000aeca0
calls=2 0 
0 118
0 24

fn=(5574) 0x00000000000a3d50
0 46
cfn=(4416)
calls=2 0 
0 52
0 18
cfn=(4416)
calls=2 0 
0 94
0 4
cfn=(4416)
calls=2 0 
0 52
0 5172
cfn=(5656) 0x00000000000a2650
calls=114 0 
0 2499
0 684
cfn=(5592) 0x00000000000a28d0
calls=114 0 
0 3254
0 80
cfn=(5592)
calls=20 0 
0 665
0 1746

fn=(5922) _IO_default_finish
0 40

fn=(6166)
0 192

fn=(6228)
0 624
cfn=(6236) 0x0000000000119080
calls=16 0 
0 1101
0 304

fn=(6238) 0x0000000000119010
0 70
cfn=(6242) 0x0000000000119160
calls=1 0 
0 16
0 71

fn=(6356) snprintf
0 336
cfn=(6358) 0x0000000000089dc0
calls=16 0 
0 8400
0 80

fn=(6424) 0x0000000000059400
0 1680

fn=(6886) 0x000000000005d450
0 344064
cob=(4)
cfi=(4)
cfn=(4120)
calls=16384 0 
0 262144
0 540672
cfn=(6900) 0x000000000005b090
calls=16384 0 
0 31332560
0 16384

fn=(7754) _IO_flush_all
0 16
cfn=(4788) 0x0000000000092720
calls=1 0 
0 13
0 141
cfn=(4792)
calls=1 0 
0 10
0 18

fn=(4050) _pthread_cleanup_push
0 126

fn=(3072)
0 18

fn=(3098)
0 69

fn=(3106)
0 40

fn=(3108)
0 25

fn=(3116)
0 50

fn=(3982)
0 22

fn=(4314) 0x00000000000a29f0
0 794
cob=(1)
cfi=(1)
cfn=(220)
calls=1 0 
0 17
0 4
cob=(1)
cfi=(1)
cfn=(220)
calls=1 0 
0 18
0 4
cob=(1)
cfi=(1)
cfn=(220)
calls=1 0 
0 17
0 4
cob=(1)
cfi=(1)
cfn=(220)
calls=1 0 
0 17
0 4
cob=(1)
cfi=(1)
cfn=(220)
calls=1 0 
0 18
0 4
cob=(1)
cfi=(1)
cfn=(220)
calls=1 0 
0 17
0 4
cob=(1)
cfi=(1)
cfn=(220)
calls=1 0 
0 17
0 4
cob=(1)
cfi=(1)
cfn=(220)
calls=1 0 
0 17
0 4
cob=(1)
cfi=(1)
cfn=(220)
calls=1 0 
0 17
0 4
cob=(1)
cfi=(1)
cfn=(220)
calls=1 0 
0 17
0 4
cob=(1)
cfi=(1)
cfn=(220)
calls=1 0 
0 17
0 4
cob=(1)
cfi=(1)
cfn=(220)
calls=1 0 
0 17
0 8

fn=(4622) __isoc23_strtol
0 127

fn=(4774) 0x000000000008f6c0
0 52

fn=(5250) 0x0000000000053fe0
0 1057534
cfn=(5258) 0x00000000000543b0
calls=28582 0 
0 766494
0 114328

fn=(5872) _IO_un_link
0 26
cfn=(4788)
calls=2 0 
0 26
0 109
cfn=(4792)
calls=2 0 
0 20
0 47

fn=(6170)
0 96

fn=(6226)
0 42

fn=(6266) clone
0 416
cfn=(6344) 0x0000000000095500
calls=16 0 
0 57303984

fn=(6350) 0x0000000000095430
0 592
cfn=(6356)
calls=16 0 
0 8816
0 64
cfn=(6494)
calls=16 0 
0 289
0 560

fn=(6366) 0x000000000016e360
0 623200

fn=(6374) 0x000000000005ae70
0 820176
cfn=(4706) 0x000000000016bf80
calls=16416 0 
0 181280
0 426528

fn=(6558) 0x00000000001602f0
0 192

fn=(6910) 0x0000000000055300
0 344064

fn=(4570) __sigsetjmp
0 476

fn=(3092)
0 44

fn=(3810)
0 11
cob=(1)
cfi=(1)
cfn=(220)
calls=1 0 
0 18
0 4
cob=(1)
cfi=(1)
cfn=(220)
calls=1 0 
0 18
0 4
cob=(1)
cfi=(1)
cfn=(220)
calls=1 0 
0 18
0 4
cob=(1)
cfi=(1)
cfn=(220)
calls=1 0 
0 18
0 4
cob=(1)
cfi=(1)
cfn=(220)
calls=1 0 
0 18
0 19
cfn=(3812) __ctype_init
calls=1 0 
0 17
0 7
cfn=(3814) getrlimit
calls=1 0 
0 10
0 29
cfn=(3816)
calls=1 0 
0 78
0 2
cfn=(3826)
calls=1 0 
0 18
0 6

fn=(4108) wctob
0 2432

fn=(4110) btowc
0 8192
cfn=(4112) _dl_mcount_wrapper_check
calls=128 0 
0 640
0 1280

fn=(4240)
0 95
cfn=(4248) 0x000000000003fcc0
calls=5 0 
0 162
0 120

fn=(4248)
0 162

fn=(4788)
0 78

fn=(4824) 0x000000000016e120
0 42

fn=(5354)
0 196512

fn=(5566) 0x00000000000a3ec0
0 3393
cfn=(5656)
calls=59 0 
0 1298
0 354
cfn=(5592)
calls=59 0 
0 1776
0 156
cfn=(5592)
calls=39 0 
0 1495
0 5996
cfn=(5574)
calls=134 0 
0 14366
0 1160

fn=(6196)
0 697

fn=(6236)
0 208
cfn=(6238)
calls=16 0 
0 157
0 288
cfn=(6266)
calls=16 0 
0 304
0 144

fn=(6362) 0x0000000000063920
0 426400
cob=(4)
cfi=(4)
cfn=(6364) 0x0000000004c72290
calls=16400 0 
0 344400
0 114800
cfn=(6374)
calls=16400 0 
0 312080
0 1983424
cob=(4)
cfi=(4)
cfn=(6364)
calls=16400 0 
0 344400
0 98400
cfn=(6374)
calls=16400 0 
0 311600
0 344368
cfn=(6424)
calls=16 0 
0 1680
0 704
cfn=(6374)
calls=16 0 
0 848
0 16704
cfn=(6886)
calls=16384 0 
0 32495824
0 377184

fn=(6476) 0x000000000005a930
0 295200

fn=(6698) munmap
0 78

fn=(6952) __libc_alloca_cutoff
0 163840

fn=(6966) 0x000000000005af40
0 6191034
cfn=(5258)
calls=278528 0 
0 5849088
0 3993952

fn=(7484) 0x00000000000403f0
0 125
cfn=(7810) _Exit
calls=1 0 
0 3
0 13
cob=(1)
cfi=(1)
cfn=(7508)
calls=1 0 
0 3381
0 5
cfn=(7752) 0x00000000000900d0
calls=1 0 
0 409
0 2
cfn=(6546) __call_tls_dtors
calls=1 0 
0 13
0 1

fn=(7566) 0x0000000000100180
0 90

fn=(7752)
0 12
cfn=(7754)
calls=1 0 
0 198
0 6
cfn=(4788)
calls=1 0 
0 13
0 152
cfn=(4792)
calls=1 0 
0 10
0 18

fn=(4568) _setjmp
0 51
cfn=(4570)
calls=17 0 
0 476

fn=(3084)
0 19

fn=(3090)
0 18

fn=(3128)
0 17

fn=(3442)
0 7

fn=(3450)
0 7

fn=(4296) getenv
0 19
cob=(4)
cfi=(4)
cfn=(4120)
calls=1 0 
0 16
0 419
cob=(4)
cfi=(4)
cfn=(4298) 0x0000000004c722e0
calls=2 0 
0 54
0 16

fn=(4312) malloc
0 707938
cfn=(4354) 0x00000000000a5c60
calls=1 0 
0 483
0 516
cfn=(4360) 0x00000000000a4c60
calls=3 0 
0 982
0 44
cfn=(4314)
calls=1 0 
0 1052
0 713
cfn=(4360)
calls=237 0 
0 47200
0 1896

fn=(4400) 0x00000000000a4190
0 325
cfn=(6738)
calls=1 0 
0 103
0 100
cfn=(4416)
calls=4 0 
0 194
0 120
cfn=(4416)
calls=1 0 
0 26
0 19

fn=(4420)
0 63

fn=(4566)
0 10
cfn=(4568)
calls=1 0 
0 31
0 14
cob=(8)
cfi=(56) /home/nithin/CLionProjects/1dv1674_a2/pearson/pearson_par.cpp
cfn=(4580) main
calls=1 119 
0 88499662
0 2
cfn=(7482) exit
calls=1 0 
0 3959

fn=(4786)
0 76
cfn=(4788)
calls=2 0 
0 26
0 99
cfn=(4792)
calls=2 0 
0 20
0 26

fn=(4956) 0x000000000016b580
0 328060

fn=(5258)
0 6797808

fn=(5312) 0x0000000000053e60
0 786048

fn=(5656)
0 6796

fn=(5912) _IO_unsave_markers
0 12

fn=(5914) _IO_file_close
0 6
cfn=(5916) __close_nocancel
calls=2 0 
0 12

fn=(6158)
0 192
cfn=(6160) 0x00000000000935f0
calls=16 0 
0 560
0 128

fn=(6280)
0 96

fn=(6324) 0x00000000000926a0
0 64
cfn=(4808) 0x0000000000091f80
calls=2 0 
0 98
0 12

fn=(6358)
0 368
cfn=(6362)
calls=16 0 
0 7552
0 96
cfn=(6476)
calls=16 0 
0 288
0 96

fn=(6546)
0 221

fn=(6900)
0 2555136
cfn=(6952)
calls=16384 0 
0 163840
0 442160
cfn=(6966)
calls=8 0 
0 408
0 2378158
cfn=(6966)
calls=275562 0 
0 15094578
0 2053274
cfn=(6910)
calls=16384 0 
0 344064
0 180224
cfn=(6966)
calls=16384 0 
0 932816
0 1055646
cfn=(6374)
calls=16384 0 
0 803456
0 264422
cfn=(5312)
calls=128 0 
0 2048
0 350350
cfn=(6966)
calls=128 0 
0 6272
0 220196
cfn=(5312)
calls=16256 0 
0 260096
0 1880580
cfn=(5258)
calls=5522 0 
0 182226
0 217444
cfn=(5250)
calls=13856 0 
0 1025344
0 158282
cfn=(7188) 0x0000000000055050
calls=11988 0 
0 215784
0 324904
cfn=(7188)
calls=5522 0 
0 99396
0 121456

fn=(7398) 0x00000000000a1d00
0 29
cfn=(6698)
calls=1 0 
0 6

fn=(7482)
0 7
cfn=(7484)
calls=1 0 
0 3952

fn=(7636) fflush
0 190
cfn=(7638) _IO_file_sync
calls=10 0 
0 180
0 350

fn=(7810)
0 3

fn=(3112)
0 42

fn=(3114)
0 25

fn=(3118)
0 21

fn=(3138)
0 22

fn=(3140)
0 125

fn=(3148)
0 14

fn=(3812)
0 289

fn=(4354)
0 15
cfn=(4360)
calls=1 0 
0 369
0 99

fn=(4360)
0 40233
cfn=(5656)
calls=78 0 
0 2409
0 2843
cfn=(5656)
calls=2 0 
0 62
0 596
cfn=(4468) 0x00000000000a1ce0
calls=146 0 
0 730
0 2885
cfn=(4468)
calls=15 0 
0 75
0 35
cfn=(4400)
calls=5 0 
0 887
0 30
cfn=(4468)
calls=5 0 
0 25
0 13

fn=(4620) atoi
0 6
cfn=(4622)
calls=1 0 
0 127
0 2

fn=(4764) fopen
0 28
cfn=(4312)
calls=2 0 
0 228
0 24
cfn=(4772) 0x000000000008f730
calls=2 0 
0 114
0 8
cfn=(4784)
calls=2 0 
0 245
0 10
cfn=(4800)
calls=2 0 
0 502
0 32

fn=(4772)
0 24
cfn=(4774)
calls=2 0 
0 52
0 38

fn=(4808)
0 409825
cfn=(6340) 0x000000000009ddf0
calls=16387 0 
0 245805
0 147558

fn=(5290) 0x00000000000491f0
0 1272934

fn=(5392)
0 763419
cfn=(5566)
calls=232 0 
0 29994
0 84659
cfn=(7398)
calls=1 0 
0 35
0 167211

fn=(5592)
0 6446
cfn=(5656)
calls=24 0 
0 528
0 216

fn=(6168)
0 442

fn=(6564) 0x0000000000132760
0 64
cfn=(6566)
calls=16 0 
0 352
0 112

fn=(7564)
0 357
cfn=(7566)
calls=5 0 
0 90
0 116
cob=(7)
cfi=(11) /usr/src/debug/gcc/gcc/libstdc++-v3/src/c++98/ios_init.cc
cfn=(7630) std::ios_base::Init::~Init()
calls=1 123 
0 1365
cob=(7)
cfi=(106) /usr/src/debug/gcc/gcc-build/x86_64-pc-linux-gnu/libstdc++-v3/include/bits/shared_ptr_atomic.h
cfn=(7628) std::atomic<std::shared_ptr<std::chrono::tzdb_list::_Node> >::~atomic()
calls=1 631 
0 7
cob=(7)
cfi=(44)
cfn=(7626) std::(anonymous namespace)::generic_error_category::~generic_error_category()
calls=1 188 
0 6
cob=(7)
cfi=(44)
cfn=(7622) std::(anonymous namespace)::system_error_category::~system_error_category()
calls=1 203 
0 6
0 28

fn=(4042)
0 80
cfn=(4050)
calls=2 0 
0 14
0 4
cob=(7)
cfi=(13) /usr/src/debug/gcc/gcc/libstdc++-v3/src/c++11/locale_init.cc
cfn=(4030) std::locale::_S_initialize_once()
calls=1 324 
0 5
cob=(7)
cfi=(14) /usr/src/debug/gcc/gcc/libstdc++-v3/src/c++98/locale.cc
cfn=(4054) std::locale::facet::_S_initialize_once()
calls=1 208 
0 59
0 6
cfn=(4062)
calls=2 0 
0 12
0 20

fn=(4058) newlocale
0 38

fn=(3070)
0 22

fn=(3082)
0 30

fn=(3096)
0 40

fn=(3104)
0 7

fn=(3120)
0 63

fn=(3144)
0 88

fn=(3146)
0 42

fn=(4112)
0 640

fn=(5870) fclose
0 38
cfn=(5920) _IO_file_finish
calls=2 0 
0 50
0 30
cfn=(5392)
calls=2 0 
0 120
0 14
cfn=(5872)
calls=2 0 
0 220
0 59
cfn=(5910) _IO_file_close_it
calls=2 0 
0 188
0 13

fn=(5920)
0 10
cfn=(5922)
calls=2 0 
0 40

fn=(6664) 0x0000000000092d40
0 668
cfn=(6686) 0x0000000000092970
calls=12 0 
0 4570
0 168

fn=(6862) vsnprintf
0 376832
cfn=(6362)
calls=16384 0 
0 37165264
0 98304
cfn=(6476)
calls=16384 0 
0 294912
0 98304

fn=(3058)
0 30

fn=(3076)
0 44

fn=(3078)
0 50

fn=(3080)
0 18

fn=(3124)
0 22

fn=(3134)
0 50

fn=(3962) 0x0000000000170bb0
0 22

fn=(4468)
0 830

fn=(4706)
0 700106

fn=(4804) open
0 43
cfn=(4806)
calls=2 0 
0 92
0 17

fn=(4806)
0 98400
cfn=(4808)
calls=16400 0 
0 803090
0 131200

fn=(5128) strtod_l
0 393216
cob=(4)
cfi=(4)
cfn=(4120)
calls=16384 0 
0 262144
0 3715614
cfn=(5240) 0x000000000016bf50
calls=16368 0 
0 327360
0 390298
cfn=(5250)
calls=14726 0 
0 913012
0 422232
cfn=(5290)
calls=16368 0 
0 1272526
0 802998
cfn=(5290)
calls=8 0 
0 408
0 336
cfn=(5312)
calls=8 0 
0 128
0 80
cfn=(5342)
calls=8 0 
0 776
0 81848
cfn=(5342)
calls=16368 0 
0 1531885
0 752928
cfn=(5312)
calls=16368 0 
0 261888
0 81840
cfn=(5312)
calls=16368 0 
0 261888
0 220942
cfn=(5240)
calls=14726 0 
0 294520
0 80262

fn=(5918) _IO_setb
0 38

fn=(6160)
0 560

fn=(6174)
0 944
cfn=(4360)
calls=16 0 
0 2272
0 1312

fn=(6198)
0 697

fn=(6224)
0 192

fn=(6242)
0 16

fn=(6300) pthread_join
0 736
cfn=(6664)
calls=16 0 
0 5406
0 320
cfn=(4050)
calls=16 0 
0 112
0 26
cfn=(6324)
calls=2 0 
0 174
0 142
cfn=(4062)
calls=16 0 
0 96
0 64

fn=(6340)
0 245805

fn=(6576) 0x00000000000bfc80
0 128
cfn=(5392)
calls=16 0 
0 64
0 64
cfn=(5392)
calls=16 0 
0 64

fn=(6606) 0x0000000000041ae0
0 64

fn=(3088)
0 110

fn=(3102)
0 50

fn=(3110)
0 50

fn=(3126)
0 7

fn=(3136)
0 19

fn=(3142)
0 42

fn=(3814)
0 10

fn=(3974)
0 12

fn=(4294) secure_getenv
0 6
cfn=(4296)
calls=1 0 
0 524

fn=(4300) 0x000000000016fde0
0 50

fn=(4802)
0 32
cfn=(4804)
calls=2 0 
0 152
0 30
cfn=(4786)
calls=2 0 
0 28
0 12

fn=(4818)
0 40
cob=(4)
cfi=(4)
cfn=(4822) 0x0000000004c72330
calls=2 0 
0 46
0 32

fn=(4892) fileno
0 114786

fn=(5240)
0 621880

fn=(5910)
0 38
cfn=(5912)
calls=2 0 
0 12
0 20
cfn=(5914)
calls=2 0 
0 18
0 18
cfn=(5918)
calls=2 0 
0 38
0 12
cfn=(5872)
calls=2 0 
0 8
0 24

fn=(5916)
0 12

fn=(6156)
0 51

fn=(6344)
0 272
cfn=(3812)
calls=16 0 
0 272
0 48
cfn=(6350)
calls=16 0 
0 9665
0 288
cfn=(4568)
calls=16 0 
0 496
0 464
cfn=(6546)
calls=16 0 
0 208
0 16
cfn=(6550) 0x0000000000092be0
calls=16 0 
0 96
0 16
cfn=(6556) 0x00000000000a97a0
calls=16 0 
0 1664
0 480
cfn=(6606)
calls=16 0 
0 64
0 128
cfn=(6166)
calls=16 0 
0 96
0 320
cfn=(6350)
calls=16 0 
0 656
0 32
cob=(8)
cfi=(56)
cfn=(6528) worker(void*)
calls=16 54 
0 57288527
0 64
cfn=(6620) madvise
calls=16 0 
0 96
0 16

fn=(6494)
0 280
cob=(1)
cfi=(1)
cfn=(220)
calls=1 0 
0 18
0 7

fn=(6550)
0 96

fn=(6556)
0 448
cfn=(6558)
calls=16 0 
0 192
0 16
cfn=(6564)
calls=16 0 
0 528
0 16
cfn=(6576)
calls=16 0 
0 320
0 16
cfn=(6582)
calls=16 0 
0 96
0 32

fn=(6620)
0 96

fn=(6686)
0 384
cob=(1)
cfi=(1)
cfn=(6694)
calls=12 0 
0 3934
0 36
cfn=(6698)
calls=12 0 
0 72
0 144

fn=(7140) write
0 163840
cfn=(4806)
calls=16384 0 
0 1032192
0 32768

fn=(7188)
0 315180

fn=(7638)
0 180

ob=(7)
fl=(33) /usr/src/debug/gcc/gcc-build/x86_64-pc-linux-gnu/libstdc++-v3/include/ext/stdio_sync_filebuf.h
fn=(7652) __gnu_cxx::stdio_sync_filebuf<wchar_t, std::char_traits<wchar_t> >::sync()
193 5
+1 10
cob=(2)
cfi=(2)
cfn=(7636)
calls=5 0 
* 360

fn=(7634) __gnu_cxx::stdio_sync_filebuf<char, std::char_traits<char> >::sync()
193 5
+1 10
cob=(2)
cfi=(2)
cfn=(7636)
calls=5 0 
* 360

fl=(103) /usr/src/debug/gcc/gcc-build/x86_64-pc-linux-gnu/libstdc++-v3/include/x86_64-pc-linux-gnu/bits/c++locale.h
fn=(6860) std::__convert_from_v(__locale_struct* const&, char*, int, char const*, ...)
78 425984
+2 32768
cob=(2)
cfi=(2)
cfn=(4104)
calls=16384 -80 
* 360448
+17 49152
-17 16384
+14 32768
+3 16384
-3 65536
+3 16384
cob=(2)
cfi=(2)
cfn=(6862)
calls=16384 -97 
* 38033616
+8 16384
-8 16384
+8 16384
cob=(2)
cfi=(2)
cfn=(4104)
calls=16384 0 
* 360448
+9 180224

fl=(32) /usr/src/debug/gcc/gcc-build/x86_64-pc-linux-gnu/libstdc++-v3/src/c++98/monetary_members_cow.cc
fn=(4166) std::moneypunct<char, true>::_M_initialize_moneypunct(__locale_struct*, char const*)
216 11
+1 2
+3 2
+3 1
+12 1
-10 1
-2 1
+1 1
+11 1
-11 1
+1 2
+1 1
+1 1
+1 1
+1 1
+1 1
+1 1
+1 1
+1 1
+1 1
+1 1
+1 2
+3 2
-1 2
+1 3
-1 3
+1 30
-1 30
366 8

fn=(4174) std::moneypunct<wchar_t, true>::_M_initialize_moneypunct(__locale_struct*, char const*)
558 13
+1 2
+3 2
731 11
565 2
+5 1
-3 1
-2 1
+12 1
-7 1
+7 1
-5 1
+2 1
+3 1
-10 1
+1 1
+1 1
+2 1
+2 1
+2 1
+1 1
+2 2
+5 1
-1 1
+1 1
-2 2
+2 2
-2 3
+2 20
-2 31

fn=(4164) std::moneypunct<char, false>::_M_initialize_moneypunct(__locale_struct*, char const*)
372 11
+1 2
+3 2
+3 1
+12 1
-10 1
-2 1
+1 1
+11 1
-11 1
+1 2
+1 1
+1 1
+1 1
+1 1
+1 1
+1 1
+1 1
+1 1
+1 1
+1 1
+1 2
+3 2
-1 2
+1 3
-1 3
+1 30
-1 30
517 8

fn=(4172) std::moneypunct<wchar_t, false>::_M_initialize_moneypunct(__locale_struct*, char const*)
741 13
+1 2
+3 2
914 11
748 2
+5 1
-3 1
-2 1
+12 1
-7 1
+7 1
-5 1
+2 1
+3 1
-10 1
+1 1
+1 1
+2 1
+2 1
+2 1
+1 1
+2 2
+5 1
-1 1
+1 1
-2 2
+2 2
-2 3
+2 20
-2 31

fl=(19) /usr/src/debug/gcc/gcc-build/x86_64-pc-linux-gnu/libstdc++-v3/include/bits/locale_facets.h
fn=(4906) std::num_get<char, std::istreambuf_iterator<char, std::char_traits<char> > >::do_get(std::istreambuf_iterator<char, std::char_traits<char> >, std::istreambuf_iterator<char, std::char_traits<char> >, std::ios_base&, std::_Ios_Iostate&, unsigned int&) const
2238 1
+2 1
cfi=(73) /usr/src/debug/gcc/gcc-build/x86_64-pc-linux-gnu/libstdc++-v3/include/bits/locale_facets.tcc
cfn=(4908) std::istreambuf_iterator<char, std::char_traits<char> > std::num_get<char, std::istreambuf_iterator<char, std::char_traits<char> > >::_M_extract_int<unsigned int>(std::istreambuf_iterator<char, std::char_traits<char> >, std::istreambuf_iterator<char, std::char_traits<char> >, std::ios_base&, std::_Ios_Iostate&, unsigned int&) const
calls=1 378 
* 329

fl=(44)
fn=(4284) std::error_category::error_category()
180 10

fn=(4282)
260 2
-72 1
+30 1
+42 1
-72 1
cfn=(4284)
calls=1 -8 
* 5
* 1
+30 3
-30 1
+30 1
cob=(2)
cfi=(2)
cfn=(4240)
calls=1 0 
* 76
-15 1
+16 1
-16 1
cfn=(4284)
calls=1 -23 
* 5
* 1
+57 1
-42 1
-15 1
+15 3
cob=(2)
cfi=(2)
cfn=(4240)
calls=1 0 
* 76

fn=(7624) std::error_category::~error_category()
182 4

fn=(7626)
188 4
cfn=(7624)
calls=1 -6 
* 2

fn=(7622)
203 4
cfn=(7624)
calls=1 -21 
* 2

fl=(13)
fn=(4026) std::locale::locale()
269 4690
+2 670
cfn=(4028) std::locale::_S_initialize()
calls=670 +69 
* 41624
+11 670
+1 670
-1 1340
+1 1340
+6 2680

fn=(4028)
340 670
fi=(12) /usr/src/debug/gcc/gcc-build/x86_64-pc-linux-gnu/libstdc++-v3/include/ext/atomicity.h
54 670
fe=(13)
342 1340
+3 2663
fi=(98) /usr/src/debug/gcc/gcc-build/x86_64-pc-linux-gnu/libstdc++-v3/include/x86_64-pc-linux-gnu/bits/gthr-default.h
746 8
fe=(13)
340 8
fi=(98)
746 4
cob=(2)
cfi=(2)
cfn=(4040)
calls=4 0 
* 101
fe=(13)
345 12
+2 8
-1 1
cfn=(4030)
calls=1 -22 
* 36139

fn=(4032) std::locale::_Impl::_Impl(unsigned long)
490 2
+5 2
-5 11
+2 2
+3 2
+1 2
-1 49
+1 51
+3 16
+1 2
+1 1
cfi=(14)
cfn=(4034) std::locale::facet::_S_get_c_name()
calls=1 233 
* 3
+9 3
fi=(111) /usr/include/bits/string_fortified.h
29 1
fe=(13)
510 1
fi=(111)
29 1
fe=(13)
510 1
cfi=(15) /usr/src/debug/gcc/gcc-build/x86_64-pc-linux-gnu/libstdc++-v3/src/c++11/ctype_configure_char.cc
cfn=(4036) std::ctype<char>::ctype(unsigned short const*, bool, unsigned long)
calls=1 121 
* 269
fi=(17) /usr/src/debug/gcc/gcc-build/x86_64-pc-linux-gnu/libstdc++-v3/include/bits/locale_classes.h
652 4
cfi=(14)
cfn=(4074) std::locale::_Impl::_M_install_facet(std::locale::id const*, std::locale::facet const*)
calls=1 325 
* 398
fe=(13)
511 3
cfi=(18) /usr/src/debug/gcc/gcc/libstdc++-v3/src/c++98/codecvt.cc
cfn=(4082) std::codecvt<char, char, __mbstate_t>::codecvt(unsigned long)
calls=1 38 
* 37
fi=(17)
652 4
cfi=(14)
cfn=(4074)
calls=1 325 
* 398
fi=(19)
1636 1
-1 1
+85 1
fi=(17)
436 1
fi=(19)
1633 1
+87 1
-84 1
-4 1
+4 1
+83 1
-87 1
+87 1
-85 1
+85 2
-85 2
+1 2
+1 1
fi=(17)
436 1
fi=(19)
1719 1
+1 1
cfi=(20) /usr/src/debug/gcc/gcc-build/x86_64-pc-linux-gnu/libstdc++-v3/src/c++98/numeric_members.cc
cfn=(4086) std::__cxx11::numpunct<char>::_M_initialize_numpunct(__locale_struct*)
calls=1 92 
* 421
fi=(17)
652 4
cfi=(14)
cfn=(4074)
calls=1 325 
* 398
fi=(19)
1983 1
fi=(17)
652 2
436 1
652 1
fi=(19)
1983 2
fi=(17)
652 1
cfi=(14)
cfn=(4074)
calls=1 325 
* 398
fi=(19)
2347 1
fi=(17)
652 2
436 1
652 1
fi=(19)
2347 2
fi=(17)
652 1
cfi=(14)
cfn=(4074)
calls=1 325 
* 398
+63 1
436 1
715 3
cfi=(14)
cfn=(4038) std::locale::facet::_S_get_c_locale()
calls=1 221 
* 18
* 1
-63 4
cfi=(14)
cfn=(4074)
calls=1 325 
* 398
fi=(21) /usr/src/debug/gcc/gcc-build/x86_64-pc-linux-gnu/libstdc++-v3/include/bits/locale_facets_nonio.h
1026 1
-6 1
+88 1
fi=(17)
436 1
fi=(21)
1020 1
+88 2
-82 1
fi=(17)
436 1
fi=(21)
1026 1
+81 1
-88 1
+88 1
-88 2
+2 2
+1 2
+1 2
+1 1
+1 1
+1 1
fi=(17)
436 1
fi=(21)
1107 2
+1 1
cfi=(22) /usr/src/debug/gcc/gcc-build/x86_64-pc-linux-gnu/libstdc++-v3/src/c++98/monetary_members.cc
cfn=(4090) std::__cxx11::moneypunct<char, false>::_M_initialize_moneypunct(__locale_struct*, char const*)
calls=1 372 
* 114
fi=(17)
652 4
cfi=(14)
cfn=(4074)
calls=1 325 
* 398
fi=(21)
1026 1
+82 2
fi=(17)
436 1
fi=(21)
1019 1
+89 1
-82 1
-7 1
+7 1
-6 2
+87 1
-88 1
+88 1
-86 1
+86 2
-86 1
+1 2
+1 2
+1 1
+1 1
+1 1
fi=(17)
436 1
fi=(21)
1107 1
+1 1
cfi=(22)
cfn=(4092) std::__cxx11::moneypunct<char, true>::_M_initialize_moneypunct(__locale_struct*, char const*)
calls=1 216 
* 114
fi=(17)
652 4
cfi=(14)
cfn=(4074)
calls=1 325 
* 398
fi=(21)
1530 1
fi=(17)
652 2
436 1
652 1
fi=(21)
1530 2
fi=(17)
652 1
cfi=(14)
cfn=(4074)
calls=1 325 
* 398
fi=(21)
1690 1
fi=(17)
652 2
436 1
652 1
fi=(21)
1690 2
fi=(17)
652 1
cfi=(14)
cfn=(4074)
calls=1 325 
* 398
fi=(21)
138 1
-13 1
fi=(17)
436 1
fe=(13)
+97 1
fi=(21)
138 1
fe=(13)
533 2
fi=(21)
138 1
-13 1
+13 2
-13 22
fe=(13)
533 1
cfi=(23) /usr/src/debug/gcc/gcc-build/x86_64-pc-linux-gnu/libstdc++-v3/include/x86_64-pc-linux-gnu/bits/time_members.h
cfn=(4094) std::__timepunct<char>::__timepunct(std::__timepunct_cache<char>*, unsigned long)
calls=1 48 
* 179
fi=(17)
652 4
cfi=(14)
cfn=(4074)
calls=1 325 
* 398
fi=(21)
422 1
fi=(17)
652 2
436 1
652 1
fi=(21)
422 2
fi=(17)
652 1
cfi=(14)
cfn=(4074)
calls=1 325 
* 398
fi=(21)
859 1
fi=(17)
652 2
436 1
652 1
fi=(21)
859 2
fi=(17)
652 1
cfi=(14)
cfn=(4074)
calls=1 325 
* 398
fe=(13)
537 3
cfi=(25) /usr/src/debug/gcc/gcc-build/x86_64-pc-linux-gnu/libstdc++-v3/include/x86_64-pc-linux-gnu/bits/messages_members.h
cfn=(4098) std::__cxx11::messages<char>::messages(unsigned long)
calls=1 44 
* 42
fi=(17)
652 4
cfi=(14)
cfn=(4074)
calls=1 325 
* 398
fe=(13)
540 3
cfi=(26) /usr/src/debug/gcc/gcc/libstdc++-v3/src/c++11/ctype.cc
cfn=(4100) std::ctype<wchar_t>::ctype(unsigned long)
calls=1 103 
* 18710
fi=(17)
652 4
cfi=(14)
cfn=(4074)
calls=1 325 
* 398
fe=(13)
541 3
cfi=(18)
cfn=(4140) std::codecvt<wchar_t, char, __mbstate_t>::codecvt(unsigned long)
calls=1 118 
* 37
fi=(17)
652 4
cfi=(14)
cfn=(4074)
calls=1 325 
* 398
fi=(19)
1636 1
+84 1
fi=(17)
436 2
fi=(19)
1633 1
+87 1
-84 1
-4 1
+4 1
+83 1
-87 1
+87 1
-85 3
+1 2
+1 1
fi=(17)
436 1
fi=(19)
1719 2
+1 1
cfi=(20)
cfn=(4142) std::__cxx11::numpunct<wchar_t>::_M_initialize_numpunct(__locale_struct*)
calls=1 183 
* 353
fi=(17)
652 4
cfi=(14)
cfn=(4074)
calls=1 325 
* 398
fi=(19)
1983 1
fi=(17)
652 2
436 1
652 1
fi=(19)
1983 2
fi=(17)
652 1
cfi=(14)
cfn=(4074)
calls=1 325 
* 398
fi=(19)
2347 1
fi=(17)
652 2
436 1
652 1
fi=(19)
2347 2
fi=(17)
652 1
cfi=(14)
cfn=(4074)
calls=1 325 
* 398
+63 1
436 1
715 3
cfi=(14)
cfn=(4038)
calls=1 221 
* 18
* 8
-64 2
+1 8
cfi=(14)
cfn=(4074)
calls=1 325 
* 398
fi=(21)
1026 1
+82 2
fi=(17)
436 1
fi=(21)
1019 1
+89 1
-82 1
-7 1
+7 1
+81 1
-88 1
+88 1
-87 1
+87 2
-86 2
+1 2
+1 2
+1 1
+1 1
+1 1
fi=(17)
436 1
fi=(21)
1107 1
+1 1
cfi=(22)
cfn=(4144) std::__cxx11::moneypunct<wchar_t, false>::_M_initialize_moneypunct(__locale_struct*, char const*)
calls=1 741 
* 109
fi=(17)
652 4
cfi=(14)
cfn=(4074)
calls=1 325 
* 398
fi=(21)
1026 1
+82 2
fi=(17)
436 1
fi=(21)
1019 1
+89 1
-82 1
-7 1
+7 1
+81 1
-88 1
+88 1
-87 1
+1 2
+1 2
+1 2
+1 1
+1 1
+1 1
fi=(17)
436 1
fi=(21)
1107 2
+1 1
cfi=(22)
cfn=(4146) std::__cxx11::moneypunct<wchar_t, true>::_M_initialize_moneypunct(__locale_struct*, char const*)
calls=1 558 
* 109
fi=(17)
652 4
cfi=(14)
cfn=(4074)
calls=1 325 
* 398
fi=(21)
1530 1
fi=(17)
652 2
436 1
652 1
fi=(21)
1530 2
fi=(17)
652 1
cfi=(14)
cfn=(4074)
calls=1 325 
* 398
fi=(21)
1690 1
fi=(17)
652 2
436 1
652 1
fi=(21)
1690 2
fi=(17)
652 1
cfi=(14)
cfn=(4074)
calls=1 325 
* 398
fi=(21)
138 1
-13 1
fi=(17)
436 1
fe=(13)
563 1
fi=(21)
138 1
fe=(13)
563 2
fi=(21)
138 1
-13 1
+13 2
-13 22
fe=(13)
563 1
cfi=(23)
cfn=(4148) std::__timepunct<wchar_t>::__timepunct(std::__timepunct_cache<wchar_t>*, unsigned long)
calls=1 48 
* 175
fi=(17)
+89 4
cfi=(14)
cfn=(4074)
calls=1 325 
* 398
fi=(21)
422 1
fi=(17)
652 2
436 1
652 1
fi=(21)
422 2
fi=(17)
652 1
cfi=(14)
cfn=(4074)
calls=1 325 
* 398
fi=(21)
859 1
fi=(17)
652 2
436 1
652 1
fi=(21)
859 2
fi=(17)
652 1
cfi=(14)
cfn=(4074)
calls=1 325 
* 398
fe=(13)
-85 3
cfi=(25)
cfn=(4152) std::__cxx11::messages<wchar_t>::messages(unsigned long)
calls=1 44 
* 42
fi=(17)
+85 4
cfi=(14)
cfn=(4074)
calls=1 325 
* 398
fi=(29) /usr/src/debug/gcc/gcc-build/x86_64-pc-linux-gnu/libstdc++-v3/include/bits/codecvt.h
489 1
fi=(17)
652 2
436 1
652 1
fi=(29)
489 2
fi=(17)
652 1
cfi=(14)
cfn=(4074)
calls=1 325 
* 398
fi=(29)
546 1
fi=(17)
652 2
436 1
652 1
fi=(29)
546 2
fi=(17)
652 1
cfi=(14)
cfn=(4074)
calls=1 325 
* 398
fi=(29)
-48 1
fi=(17)
+48 2
436 1
652 1
fi=(29)
-48 2
fi=(17)
+48 1
cfi=(14)
cfn=(4074)
calls=1 325 
* 398
fi=(29)
+9 1
fi=(17)
-9 2
436 1
652 1
fi=(29)
+9 2
fi=(17)
-9 1
cfi=(14)
cfn=(4074)
calls=1 325 
* 398
fe=(13)
-62 2
+3 2
-3 4
+3 1
cfi=(30) /usr/src/debug/gcc/gcc/libstdc++-v3/src/c++11/cow-locale_init.cc
cfn=(4156) std::locale::_Impl::_M_init_extra(std::locale::facet**)
calls=1 100 
* 1926
+5 3
cfi=(14)
cfn=(4076) std::locale::id::_M_id() const
calls=1 -91 
* 6
* 1
+1 1
-1 1
+1 2
cfi=(14)
cfn=(4076)
calls=1 -92 
* 6
+1 1
-1 1
+1 2
cfi=(14)
cfn=(4076)
calls=1 -93 
* 6
* 1
+1 1
-1 1
+1 2
cfi=(14)
cfn=(4076)
calls=1 -94 
* 6
* 1
+2 1
-2 1
+2 2
cfi=(14)
cfn=(4076)
calls=1 -96 
* 6
+1 1
-1 1
+1 2
cfi=(14)
cfn=(4076)
calls=1 -97 
* 6
* 1
+1 1
-1 1
+1 2
cfi=(14)
cfn=(4076)
calls=1 -98 
* 6
+1 2
-1 1
+1 1
cfi=(14)
cfn=(4076)
calls=1 -99 
* 6
* 2
+2 11

fn=(4030)
324 2
+4 7
-4 1
+9 2
-9 1
+9 1
cfn=(4032)
calls=1 490 
* 36118
* 2
+2 2
-2 1
+1 2
+2 1
-1 1
cfi=(14)
cfn=(4178) std::locale::locale(std::locale::_Impl*)
calls=1 88 
* 3

fl=(96) /usr/src/debug/gcc/gcc/libstdc++-v3/libsupc++/del_opv.cc
fn=(5528) operator delete[](void*)
34 385
+1 385
cfi=(89) /usr/src/debug/gcc/gcc/libstdc++-v3/libsupc++/del_op.cc
cfn=(5390) operator delete(void*)
calls=385 +13 
* 51222

fl=(75) /usr/src/debug/gcc/gcc-build/x86_64-pc-linux-gnu/libstdc++-v3/include/bits/cow_string.h
fn=(5094) std::string::reserve(unsigned long)
3652 98304
330 16384
3652 49152
1060 32768
3661 32768
+10 65536
cfn=(5096) std::string::_Rep::_M_clone(std::allocator<char> const&, unsigned long)
calls=16384 3784 
* 1753382
* 16384
330 16384
+8 16384
-69 32768
+65 16384
3674 131072

fn=(5098) std::string::_Rep::_S_create(unsigned long, unsigned long, std::allocator<char> const&)
3706 16384
+6 16384
-6 65536
+6 49152
+35 81920
+8 16384
+1 32768
+7 16384
fi=(88) /usr/src/debug/gcc/gcc-build/x86_64-pc-linux-gnu/libstdc++-v3/include/bits/new_allocator.h
151 16384
cfi=(67) /usr/src/debug/gcc/gcc/libstdc++-v3/libsupc++/new_op.cc
cfn=(4850) operator new(unsigned long)
calls=16384 43 
* 950566
fe=(75)
3770 16384
+10 16384
233 16384
3780 32768

fn=(5110) std::string::push_back(char)
1437 262080
330 32760
961 32760
1439 32760
+1 65520
fi=(12)
54 32760
fe=(75)
221 65520
1440 98280
fi=(71) /usr/src/debug/gcc/gcc-build/x86_64-pc-linux-gnu/libstdc++-v3/include/bits/char_traits.h
352 32760
fe=(75)
-22 32760
+8 32760
-99 65520
1440 65520
233 32760
+10 32760
fi=(71)
352 32760
fe=(75)
1444 196560

fn=(5096)
3784 98304
+4 32768
+1 49152
cfn=(5098)
calls=16384 -83 
* 1343782
+2 16384
-2 16384
252 16384
3791 32768
239 32768
-6 16384
3796 16384
243 16384
fi=(71)
352 16384
fe=(75)
3796 49152

fn=(4930) std::basic_string<char, std::char_traits<char>, std::allocator<char> >::~basic_string()
758 16385
330 16385
+8 16385
-69 32770
759 16385

fl=(50)
fn=(4504)
127 1
fi=(51) /usr/src/debug/gcc/gcc-build/x86_64-pc-linux-gnu/libstdc++-v3/include/ext/bitmap_allocator.h
1113 4
106 5
1126 3
+5 3
fi=(52) /usr/src/debug/gcc/gcc-build/x86_64-pc-linux-gnu/libstdc++-v3/include/ext/concurrence.h
134 1
fi=(51)
1131 1
fi=(52)
134 13
fi=(51)
1113 4
106 5
1126 3
+5 3
fi=(52)
134 1
fi=(51)
1131 1
fi=(52)
134 13
fe=(50)
-7 1
fi=(51)
1126 1
412 2
+9 1
-9 1
+10 1
1126 1
412 2
+9 1
-9 1
+10 1
fe=(50)

fl=(27) /usr/src/debug/gcc/gcc-build/x86_64-pc-linux-gnu/libstdc++-v3/src/c++11/ctype_members.cc
fn=(4236) std::ctype<wchar_t>::do_widen(char) const
205 16

fn=(4102) std::ctype<wchar_t>::_M_initialize_ctype()
273 8
+2 3
cob=(2)
cfi=(2)
cfn=(4104)
calls=1 0 
* 22
* 1
+3 1
+6 128
-6 384
fi=(28) /usr/include/wchar.h
+73 256
cob=(2)
cfi=(2)
cfn=(4108)
calls=128 0 
* 2432
fe=(27)
-70 256
+5 1
+5 3
fi=(28)
+54 2
cob=(2)
cfi=(2)
cfn=(4110)
calls=1 0 
* 22
* 510
cob=(2)
cfi=(2)
cfn=(4110)
calls=255 0 
* 10090
fe=(27)
-53 256
-2 256
+1 512
+3 1
+2 28
+1 8
-1 8
+1 16
cfn=(4116) std::ctype<wchar_t>::_M_convert_to_wmask(unsigned short) const
calls=8 60 
* 1671
-1 8
+1 8
-3 8
+2 36
+1 4
-1 4
+1 4
cfn=(4116)
calls=4 60 
* 1677
* 4
-3 12
+8 1
-2 1
+2 4
-2 1
cob=(2)
cfi=(2)
cfn=(4104)
calls=1 0 
* 22
* 2

fn=(4116)
60 12
+2 73
+36 3
cob=(2)
cfi=(2)
cfn=(4118)
calls=1 -98 
* 487
-36 21
+6 3
cob=(2)
cfi=(2)
cfn=(4118)
calls=1 -68 
* 381
+3 3
cob=(2)
cfi=(2)
cfn=(4118)
calls=1 -71 
* 540
-9 6
+18 3
cob=(2)
cfi=(2)
cfn=(4118)
calls=1 -80 
* 197
-3 3
cob=(2)
cfi=(2)
cfn=(4118)
calls=1 -77 
* 144
-3 3
cob=(2)
cfi=(2)
cfn=(4118)
calls=1 -74 
* 91
+9 3
cob=(2)
cfi=(2)
cfn=(4118)
calls=1 -83 
* 250
+21 4
-39 3
cob=(2)
cfi=(2)
cfn=(4118)
calls=1 -65 
* 328
+24 3
cob=(2)
cfi=(2)
cfn=(4118)
calls=1 -89 
* 191
-3 3
cob=(2)
cfi=(2)
cfn=(4118)
calls=1 -86 
* 593

fl=(47) /usr/src/debug/gcc/gcc/libstdc++-v3/src/c++11/future.cc
fn=(4290) std::future_category()
89 3

fl=(15)
fn=(4036)
121 2
fi=(17)
436 1
fe=(15)
121 8
fi=(17)
436 3
fe=(15)
127 3
-5 1
cfi=(14)
cfn=(4038)
calls=1 +99 
* 149
+1 1
-1 1
+1 3
+1 2
+1 2
+1 2
+3 3
-3 1
+3 1
-2 1
+2 1
-2 1
+2 36
+1 39
+1 6
-5 2

fl=(37) /usr/src/debug/gcc/gcc-build/x86_64-pc-linux-gnu/libstdc++-v3/include/bits/ostream.h
fn=(6840) std::ostream::operator<<(double)
231 16384
+1 16384
cfi=(101) /usr/src/debug/gcc/gcc-build/x86_64-pc-linux-gnu/libstdc++-v3/include/bits/ostream.tcc
cfn=(6842) std::ostream& std::ostream::_M_insert<double>(double)
calls=16384 67 
* 46652404

fn=(7120) std::ostream::operator<<(std::ostream& (*)(std::ostream&))
116 16384
+5 16384
cfi=(105) /usr/src/debug/gcc/gcc-build/x86_64-pc-linux-gnu/libstdc++-v3/include/ostream
cfn=(7122) std::basic_ostream<char, std::char_traits<char> >& std::endl<char, std::char_traits<char> >(std::basic_ostream<char, std::char_traits<char> >&)
calls=16384 -55 
* 5783552

fl=(16) /usr/src/debug/gcc/gcc-build/x86_64-pc-linux-gnu/libstdc++-v3/src/c++98/c++locale.cc
fn=(4056) std::locale::facet::_S_create_c_locale(__locale_struct*&, char const*, __locale_struct*)
134 5
+1 1
-1 1
+1 1
cob=(2)
cfi=(2)
cfn=(4058)
calls=1 0 
* 38
* 1
+1 2
+6 3

fn=(5126) void std::__convert_to_v<double>(char const*, double&, std::_Ios_Iostate&, __locale_struct* const&)
75 98304
+2 16384
-2 98304
+2 32768
cob=(2)
cfi=(2)
cfn=(5128)
calls=16384 -77 
* 12069129
+4 16384
-4 16384
+4 65536
+15 147456
-10 49152
+5 49152

fl=(79) /usr/src/debug/gcc/gcc/libstdc++-v3/src/c++98/istream-string.cc
fn=(4948) std::basic_istream<char, std::char_traits<char> >& std::getline<char, std::char_traits<char>, std::allocator<char> >(std::basic_istream<char, std::char_traits<char> >&, std::__cxx11::basic_string<char, std::char_traits<char>, std::allocator<char> >&, char)
124 1170
+12 130
-12 390
+12 650
cfi=(68) /usr/src/debug/gcc/gcc-build/x86_64-pc-linux-gnu/libstdc++-v3/include/bits/istream.tcc
cfn=(4874) std::istream::sentry::sentry(std::istream&, bool)
calls=130 -85 
* 3900
+1 260
+63 3
fi=(36) /usr/src/debug/gcc/gcc-build/x86_64-pc-linux-gnu/libstdc++-v3/include/bits/ios_base.h
-2 1
fi=(34) /usr/src/debug/gcc/gcc-build/x86_64-pc-linux-gnu/libstdc++-v3/include/bits/basic_ios.h
-31 1
cfi=(38) /usr/src/debug/gcc/gcc-build/x86_64-pc-linux-gnu/libstdc++-v3/include/bits/basic_ios.tcc
cfn=(4854) std::basic_ios<char, std::char_traits<char> >::clear(std::_Ios_Iostate)
calls=1 46 
* 9
fe=(79)
+35 1560
fi=(78) /usr/src/debug/gcc/gcc-build/x86_64-pc-linux-gnu/libstdc++-v3/include/bits/basic_string.h
+32 130
+5 130
fi=(71)
352 130
fe=(79)
144 130
fi=(34)
338 260
fi=(69) /usr/src/debug/gcc/gcc-build/x86_64-pc-linux-gnu/libstdc++-v3/include/streambuf
494 130
350 260
fi=(71)
452 129
fi=(78)
259 129
fi=(71)
452 129
fe=(79)
153 129
fi=(78)
259 129
fi=(71)
452 258
fe=(79)
148 258
fi=(78)
259 1
fi=(71)
452 1
fe=(79)
153 1
fi=(78)
259 1
fi=(71)
452 2
fe=(79)
148 26
fi=(71)
405 282
fe=(79)
149 538
fi=(69)
494 140
fe=(79)
152 140
+1 280
fi=(78)
1165 140
fe=(79)
152 140
fi=(49) /usr/src/debug/gcc/gcc-build/x86_64-pc-linux-gnu/libstdc++-v3/include/bits/stl_algobase.h
+87 280
fe=(79)
-85 280
fi=(71)
405 840
cob=(2)
cfi=(2)
cfn=(4956)
calls=140 0 
* 16764
fe=(79)
160 140
fi=(78)
422 140
fi=(71)
-17 140
fe=(79)
160 420
fi=(78)
422 420
1570 700
cfi=(80) /usr/src/debug/gcc/gcc-build/x86_64-pc-linux-gnu/libstdc++-v3/include/bits/basic_string.tcc
cfn=(4986) std::__cxx11::basic_string<char, std::char_traits<char>, std::allocator<char> >::_M_append(char const*, unsigned long) [clone .isra.0]
calls=140 444 
* 18345
fi=(69)
804 420
fe=(79)
163 140
fi=(69)
804 140
350 280
fe=(79)
149 128
fi=(71)
452 128
fe=(79)
149 256
fi=(69)
494 129
fe=(79)
178 129
fi=(69)
328 258
507 258
fe=(79)
197 129
fi=(69)
353 36
cfi=(64) /usr/src/debug/gcc/gcc-build/x86_64-pc-linux-gnu/libstdc++-v3/include/bits/fstream.tcc
cfn=(4880) std::basic_filebuf<char, std::char_traits<char> >::underflow()
calls=12 -26 
* 1764
fe=(79)
149 36
+48 3
+2 1
fi=(69)
353 3
cfi=(64)
cfn=(4880)
calls=1 -26 
* 144
* 1
fe=(79)

fl=(69)
fn=(5116) std::basic_streambuf<char, std::char_traits<char> >::sbumpc() [clone .isra.0]
494 16376
328 32752
507 32752
336 16376

fl=(31) /usr/src/debug/gcc/gcc-build/x86_64-pc-linux-gnu/libstdc++-v3/src/c++98/numeric_members_cow.cc
fn=(4158) std::numpunct<char>::_M_initialize_numpunct(__locale_struct*)
92 10
+1 2
+3 2
+68 2
+1 1
-1 1
+3 2
+1 1
+1 7
-70 3
+1 1
+1 1
+2 1
+1 2
+3 2
-1 4
+1 3
-1 3
+1 105
-1 105
+4 2
-1 4
+1 3
-1 3
+1 75
-1 76

fn=(4170) std::numpunct<wchar_t>::_M_initialize_numpunct(__locale_struct*)
183 9
+1 2
+3 2
+69 1
+1 1
-1 1
+3 2
+1 1
+1 6
-71 3
+4 1
-3 1
+3 1
+6 1
-8 1
+8 1
-2 4
+2 2
-2 3
+2 70
-2 105
+6 2
-2 2
+2 2
-2 3
+2 50
-2 76

fl=(53)
fn=(4510)
42 1
fi=(112) /usr/src/debug/gcc/gcc-build/x86_64-pc-linux-gnu/libstdc++-v3/include/parallel/settings.h
290 1
+10 1
+3 1
-5 1
-9 1
+1 3
+13 2
-13 1
+10 1
+2 1
-2 1
+9 1
-9 1
+3 1
+8 1
+3 1
+3 1
+5 3
+8 1
-28 1
-13 1
+41 2
-41 3
+39 1
+2 2
-2 1
-39 1
+27 1
-27 1
+14 1
+27 1
+6 1
+2 1
+2 1
-4 1
+2 1
fe=(53)
42 1

fl=(107) /usr/src/debug/gcc/gcc/libstdc++-v3/libsupc++/eh_catch.cc
fn=(7640) std::uncaught_exception()
138 6
+2 2
cfi=(108) /usr/src/debug/gcc/gcc/libstdc++-v3/libsupc++/eh_globals.cc
cfn=(7642) __cxa_get_globals
calls=2 -78 
* 40
+5 2
-4 6
+4 2

fl=(11)
fn=(7630)
123 1
fi=(12)
-69 1
+32 1
+14 2
-32 2
fe=(11)
+59 2
-4 1
+11 1
-11 1
+11 1
cfi=(101)
cfn=(7130) std::ostream::flush()
calls=1 +91 
* 132
+1 2
cfi=(101)
cfn=(7130)
calls=1 +90 
* 406
+1 2
cfi=(101)
cfn=(7130)
calls=1 +89 
* 132
+3 2
cfi=(101)
cfn=(7648) std::basic_ostream<wchar_t, std::char_traits<wchar_t> >::flush()
calls=1 +86 
* 132
+1 2
cfi=(101)
cfn=(7648)
calls=1 +85 
* 406
+1 2
cfi=(101)
cfn=(7648)
calls=1 +84 
* 132
+6 2

fn=(4022) std::ios_base::Init::Init()
78 9
fi=(12)
+22 1
-14 1
+14 2
-14 1
+1 2
fe=(11)
-7 3
fi=(69)
475 2
-1 1
+1 22
fe=(11)
83 1
fi=(69)
475 1
fe=(11)
83 1
+2 1
fi=(69)
475 1
fe=(11)
85 1
fi=(69)
475 1
cfi=(13)
cfn=(4026)
calls=1 269 
* 36165
fi=(33)
83 1
fi=(69)
475 2
fi=(33)
83 1
fi=(69)
475 1
fi=(33)
83 1
fe=(11)
+3 1
fi=(69)
475 2
fe=(11)
86 1
fi=(69)
475 1
fi=(33)
83 2
fi=(69)
474 1
+1 1
cfi=(13)
cfn=(4026)
calls=1 269 
* 26
fe=(11)
87 1
fi=(69)
475 5
fi=(33)
83 1
fe=(11)
+4 1
fi=(69)
475 1
fi=(33)
83 2
fi=(69)
474 1
+1 1
cfi=(13)
cfn=(4026)
calls=1 269 
* 26
fi=(34)
+2 1
fi=(33)
83 3
fi=(34)
477 2
cfi=(35) /usr/src/debug/gcc/gcc/libstdc++-v3/src/c++11/ios.cc
cfn=(4184) std::ios_base::ios_base()
calls=1 76 
* 86
fi=(37)
93 1
fi=(34)
476 1
+1 1
-1 1
fi=(37)
93 2
fi=(34)
476 1
+1 2
fi=(37)
93 2
cfi=(38)
cfn=(4190) std::basic_ios<char, std::char_traits<char> >::init(std::basic_streambuf<char, std::char_traits<char> >*)
calls=1 +38 
* 958
fi=(34)
477 3
cfi=(35)
cfn=(4184)
calls=1 76 
* 86
* 1
-1 1
fi=(41) /usr/src/debug/gcc/gcc-build/x86_64-pc-linux-gnu/libstdc++-v3/include/istream
99 1
-1 1
fi=(34)
476 1
fi=(41)
99 1
fi=(34)
476 1
fi=(41)
98 5
fi=(34)
477 2
fi=(41)
99 1
cfi=(38)
cfn=(4190)
calls=1 +32 
* 157
fi=(34)
477 3
cfi=(35)
cfn=(4184)
calls=1 76 
* 86
fi=(37)
93 1
fi=(34)
477 1
-1 2
fi=(37)
93 2
fi=(34)
476 1
+1 2
fi=(37)
93 2
cfi=(38)
cfn=(4190)
calls=1 +38 
* 157
fi=(34)
477 4
cfi=(35)
cfn=(4184)
calls=1 76 
* 86
fi=(37)
93 1
fi=(34)
477 1
-1 2
fi=(37)
93 2
fi=(34)
476 1
+1 2
fi=(37)
93 2
cfi=(38)
cfn=(4190)
calls=1 +38 
* 157
fe=(11)
+9 1
fi=(69)
475 2
fi=(34)
325 2
fi=(69)
475 1
fe=(11)
102 1
fi=(69)
475 1
fi=(36)
107 1
fi=(69)
475 2
-1 1
+1 1
cfi=(13)
cfn=(4026)
calls=1 269 
* 26
fi=(33)
83 1
fi=(69)
475 2
fi=(33)
83 1
fi=(69)
475 1
fi=(33)
83 1
fe=(11)
+20 1
fi=(69)
475 2
fe=(11)
103 1
fi=(69)
475 1
fi=(33)
83 2
fi=(69)
474 1
+1 1
cfi=(13)
cfn=(4026)
calls=1 269 
* 26
fe=(11)
104 1
fi=(69)
475 5
fi=(33)
83 1
fe=(11)
+21 1
fi=(69)
475 1
fi=(33)
83 2
fi=(69)
474 1
+1 1
cfi=(13)
cfn=(4026)
calls=1 269 
* 26
fi=(34)
+2 1
fi=(33)
83 3
fi=(34)
477 2
cfi=(35)
cfn=(4184)
calls=1 76 
* 86
fi=(37)
93 1
fi=(34)
477 1
-1 2
fi=(37)
93 2
fi=(34)
476 1
+1 2
fi=(37)
93 2
cfi=(38)
cfn=(4228) std::basic_ios<wchar_t, std::char_traits<wchar_t> >::init(std::basic_streambuf<wchar_t, std::char_traits<wchar_t> >*)
calls=1 +38 
* 159
fi=(34)
477 3
cfi=(35)
cfn=(4184)
calls=1 76 
* 86
fi=(41)
98 1
fi=(34)
477 1
-1 2
fi=(41)
99 2
-1 2
fi=(34)
476 1
fi=(41)
98 3
fi=(34)
477 2
fi=(41)
99 1
cfi=(38)
cfn=(4228)
calls=1 +32 
* 159
fi=(34)
477 3
cfi=(35)
cfn=(4184)
calls=1 76 
* 86
fi=(37)
93 1
fi=(34)
477 1
-1 2
fi=(37)
93 2
fi=(34)
476 1
+1 2
fi=(37)
93 2
cfi=(38)
cfn=(4228)
calls=1 +38 
* 159
fi=(34)
477 4
cfi=(35)
cfn=(4184)
calls=1 76 
* 86
fi=(37)
93 1
fi=(34)
477 1
-1 2
fi=(37)
93 2
fi=(34)
476 1
+1 2
fi=(37)
93 2
cfi=(38)
cfn=(4228)
calls=1 +38 
* 159
fi=(12)
+17 1
fi=(34)
325 1
fi=(36)
107 1
fi=(34)
325 1
fi=(12)
110 2
-16 1
fe=(11)
+27 8

fl=(45)
fn=(4286)
108 1
-26 1
+26 1

fl=(48)
fn=(4292)
456 2
fi=(52)
134 1
fe=(48)
+61 1
456 10
fi=(52)
134 2
fe=(48)
+53 1
fi=(52)
-53 1
fe=(48)
+53 2
+8 1
cob=(2)
cfi=(2)
cfn=(4294)
calls=1 0 
* 530
+7 1
-7 1
+7 3
fi=(113) /usr/src/debug/gcc/gcc-build/x86_64-pc-linux-gnu/libstdc++-v3/include/string_view
-56 1
-1 1
+1 1
fi=(114) /usr/src/debug/gcc/gcc-build/x86_64-pc-linux-gnu/libstdc++-v3/include/bits/stl_pair.h
902 1
fe=(48)
203 2
fi=(49)
+36 2
fe=(48)
-49 1
fi=(49)
+49 2
fe=(48)
-11 1
-38 2
+42 2
-94 3
+94 1
+1 1
456 11
235 2
cob=(2)
cfi=(2)
cfn=(4312)
calls=1 0 
* 1727
* 1
+1 2
+12 1
-3 1
+2 1
+1 2

fl=(54)
fn=(4520)
160 1
fi=(21)
1653 4
1818 4
1415 8
fi=(19)
1893 4
fi=(21)
796 4
2024 4
fi=(17)
838 4
fe=(54)
160 1

fn=(4528)
160 1
fi=(19)
2310 4
2603 4
fi=(21)
1653 4
1818 4
1415 8
fi=(19)
1893 4
fi=(21)
328 4
929 4
796 4
2024 4
fi=(17)
838 4
fe=(54)
160 1

fn=(4536)
160 1
fi=(19)
2310 4
2603 4
fi=(21)
1653 4
1818 4
1415 8
fi=(19)
1893 4
fi=(21)
328 4
929 4
796 4
2024 4
fi=(17)
838 4
fe=(54)
160 1

fn=(4512)
160 1
fi=(21)
1653 4
1818 4
1415 8
fi=(19)
1893 4
fi=(21)
796 4
2024 4
fi=(17)
838 4
fe=(54)
160 1

fl=(46)
fn=(4288)
128 3
-74 1
cfi=(47)
cfn=(4290)
calls=1 +35 
* 3
* 2
+74 2

fl=(14)
fn=(4194) std::locale::operator=(std::locale const&)
120 792
+1 1980
+4 792
+2 792
-4 1188

fn=(4076)
507 50405
+1 151215
fi=(12)
54 48
fe=(14)
521 96
+22 288
+2 48
+1 48
-1 50357
+1 50357

fn=(4034)
233 21

fn=(4038)
221 32782
fi=(98)
746 65564
fe=(14)
221 65564
fi=(98)
746 32782
cob=(2)
cfi=(2)
cfn=(4040)
calls=32782 0 
* 196823
fe=(14)
226 131128
+3 65564

fn=(4054)
208 1
+4 3
+4 3
cfi=(16)
cfn=(4056)
calls=1 -82 
* 52

fn=(4196) std::locale::~locale()
91 656
+2 2624
fi=(17)
605 656
fe=(14)

fn=(4074)
325 320
+1 128
+2 32
cfn=(4076)
calls=32 507 
* 480
+3 32
-3 32
+3 96
fi=(12)
54 32
+40 32
+16 64
-16 32
fe=(14)
369 64
+1 32
-1 32
+1 64
+36 96
+15 4768
+2 1536
+1 4608
+7 256

fn=(4178)
88 2
+1 1

fl=(42)
fn=(4268)
2174 1
198 4
cob=(2)
cfi=(2)
cfn=(4240)
calls=1 0 
* 76

fl=(34)
fn=(5038) std::basic_ios<char, std::char_traits<char> >::operator bool() const
124 129
+1 387

fn=(4864) std::basic_ios<char, std::char_traits<char> >::operator!() const
133 16386
+81 32772
-80 16386

fl=(63) /usr/src/debug/gcc/gcc-build/x86_64-pc-linux-gnu/libstdc++-v3/include/fstream
fn=(4754) std::basic_ifstream<char, std::char_traits<char> >::open(std::__cxx11::basic_string<char, std::char_traits<char>, std::allocator<char> > const&, std::_Ios_Openmode)
743 2
fi=(36)
151 1
fe=(63)
743 3
+2 1
-2 1
345 2
cfi=(64)
cfn=(4756) std::basic_filebuf<char, std::char_traits<char> >::open(char const*, std::_Ios_Openmode)
calls=1 183 
* 943
746 3
-1 2
+6 1
-1 1
+1 1
-1 1
cfi=(38)
cfn=(4854)
calls=1 46 
* 9

fn=(4740) std::basic_ifstream<char, std::char_traits<char> >::basic_ifstream()
561 7
fi=(34)
-84 1
fe=(63)
+84 1
fi=(34)
-84 1
cfi=(35)
cfn=(4184)
calls=1 76 
* 86
fi=(41)
702 1
fi=(34)
476 1
fi=(41)
703 1
fi=(34)
477 1
fi=(41)
702 2
+1 1
fi=(34)
476 2
fi=(41)
702 2
fi=(34)
477 2
fi=(41)
703 1
cfi=(38)
cfn=(4190)
calls=1 131 
* 157
fe=(63)
561 7
cfi=(64)
cfn=(4744) std::basic_filebuf<char, std::char_traits<char> >::basic_filebuf()
calls=1 85 
* 85
+1 3
cfi=(38)
cfn=(4190)
calls=1 131 
* 157
* 6

fn=(6814) std::basic_ofstream<char, std::char_traits<char> >::open(std::__cxx11::basic_string<char, std::char_traits<char>, std::allocator<char> > const&, std::_Ios_Openmode)
1018 2
fi=(36)
151 1
fe=(63)
1018 3
+2 1
-2 1
345 2
cfi=(64)
cfn=(4756)
calls=1 183 
* 1151
1021 3
-1 2
+6 1
-1 1
+1 1
-1 1
cfi=(38)
cfn=(4854)
calls=1 46 
* 9

fn=(6796) std::basic_ofstream<char, std::char_traits<char> >::basic_ofstream()
834 7
fi=(34)
477 1
fe=(63)
834 1
fi=(34)
477 1
cfi=(35)
cfn=(4184)
calls=1 76 
* 175
-1 1
+1 1
fi=(37)
-36 1
fi=(34)
+35 1
fi=(37)
-35 4
fi=(34)
+35 1
fi=(37)
-35 1
fi=(34)
+36 2
fi=(37)
-36 1
cfi=(38)
cfn=(4190)
calls=1 131 
* 169
fe=(63)
834 7
cfi=(64)
cfn=(4744)
calls=1 85 
* 97
+1 3
cfi=(38)
cfn=(4190)
calls=1 131 
* 169
* 6

fn=(5860) std::basic_ifstream<char, std::char_traits<char> >::~basic_ifstream()
642 5
+1 1
-1 1
+1 4
264 1
643 1
264 2
-3 1
cfi=(64)
cfn=(5862) std::basic_filebuf<char, std::char_traits<char> >::close()
calls=1 -8 
* 635
+3 2
cfi=(65) /usr/src/debug/gcc/gcc-build/x86_64-pc-linux-gnu/libstdc++-v3/src/c++11/basic_file.cc
cfn=(5924) std::__basic_file<char>::~__basic_file()
calls=1 -54 
* 23
fi=(69)
-57 5
cfi=(14)
cfn=(4196)
calls=1 91 
* 6
fi=(41)
-99 2
fi=(34)
296 1
fi=(41)
108 1
fi=(34)
296 3
fe=(63)
643 2
fi=(34)
296 1
cfi=(35)
cfn=(5542) std::ios_base::~ios_base()
calls=1 87 
* 61
fe=(63)

fn=(7320) std::basic_ofstream<char, std::char_traits<char> >::~basic_ofstream()
917 5
+1 1
-1 1
+1 10
261 1
cfi=(64)
cfn=(5862)
calls=1 -8 
* 837
+3 2
cfi=(65)
cfn=(5924)
calls=1 -54 
* 23
fi=(69)
-57 5
cfi=(14)
cfn=(4196)
calls=1 91 
* 6
fi=(37)
101 1
fi=(34)
296 1
fi=(37)
101 1
fi=(34)
296 3
fe=(63)
918 2
fi=(34)
296 1
cfi=(35)
cfn=(5542)
calls=1 87 
* 61
fe=(63)

fl=(65)
fn=(4760) std::__basic_file<char>::open(char const*, std::_Ios_Openmode, int)
255 14
+2 2
-2 2
+2 2
cfn=(4762) (anonymous namespace)::fopen_mode(std::_Ios_Openmode)
calls=2 93 
* 18
+1 12
cfn=(4758) std::__basic_file<char>::is_open() const
calls=2 +46 
* 8
* 4
+2 6
cob=(2)
cfi=(2)
cfn=(4764)
calls=2 0 
* 1191
* 6
+2 2
+5 2
-4 2
+4 10

fn=(5924)
210 6
+1 2
cfn=(5868) std::__basic_file<char>::close()
calls=2 318 
* 34
* 4

fn=(4890) std::__basic_file<char>::fd()
309 49194
cob=(2)
cfi=(2)
cfn=(4892)
calls=16398 0 
* 114786

fn=(5868)
318 24
+2 4
cfn=(4758)
calls=4 -16 
* 16
* 8
+3 4
+4 2
+3 6
-6 4
cob=(2)
cfi=(2)
cfn=(5870)
calls=2 0 
* 732
+1 2
+1 4
+4 2
-11 2
+11 4

fn=(4758)
304 48

fn=(7138) std::__basic_file<char>::xsputn(char const*, long)
356 147456
132 16384
360 16384
cfn=(4890)
calls=16384 -51 
* 163840
* 16384
141 65536
cob=(2)
cfi=(2)
cfn=(7140)
calls=16384 0 
* 1228800
+1 32768
+6 32768
362 114688

fn=(4746) std::__basic_file<char>::__basic_file(pthread_mutex_t*)
207 2
+1 6

fn=(4762)
93 14
+8 2
-6 2

fn=(4888) std::__basic_file<char>::xsgetn(char*, long)
334 154
+14 28
cfn=(4890)
calls=14 -39 
* 140
fi=(70) /usr/include/bits/unistd.h
32 56
cob=(2)
cfi=(2)
cfn=(4896)
calls=14 -32 
* 574
* 14
fe=(65)
349 28
+3 98

fl=(97) /usr/src/debug/gcc/gcc/libstdc++-v3/libsupc++/del_ops.cc
fn=(5560) operator delete(void*, unsigned long)
32 19
+1 19
cfi=(89)
cfn=(5390)
calls=19 +15 
* 1754

fl=(73)
fn=(4908)
378 19
fi=(36)
853 3
fe=(73)
388 1
cfn=(4910) std::__use_cache<std::__numpunct_cache<char> >::operator()(std::locale const&) const [clone .isra.0]
calls=1 57 
* 28
* 1
fi=(36)
87 3
fe=(73)
396 6
fi=(74) /usr/src/debug/gcc/gcc-build/x86_64-pc-linux-gnu/libstdc++-v3/include/bits/streambuf_iterator.h
238 6
cfn=(4912) std::istreambuf_iterator<char, std::char_traits<char> >::equal(std::istreambuf_iterator<char, std::char_traits<char> > const&) const
calls=1 -37 
* 29
* 5
fe=(73)
403 2
fi=(74)
154 2
cfn=(4916) std::istreambuf_iterator<char, std::char_traits<char> >::_M_get() const
calls=1 +52 
* 12
fe=(73)
406 1
fi=(74)
154 2
fe=(73)
408 1
fi=(71)
+38 1
fe=(73)
-39 4
+13 1
+1 1
+3 2
+1 2
+2 2
+10 3
+29 5
fi=(75)
312 3
fe=(73)
472 4
+8 2
+5 1
-5 3
+5 2
+2 2
fi=(74)
209 1
fe=(73)
475 1
fi=(19)
2178 1
fi=(74)
209 1
fe=(73)
481 2
+16 6
+1 9
fi=(69)
-4 3
fe=(73)
+5 3
+1 3
fi=(69)
328 6
507 6
350 6
fi=(74)
209 15
fe=(73)
503 6
fi=(74)
209 6
fi=(69)
494 3
350 6
fi=(71)
452 3
fe=(73)
+35 3
fi=(19)
2176 8
+2 14
+6 3
fe=(73)
493 6
fi=(75)
961 1
fe=(73)
559 2
+14 3
+16 2
+2 1
+1 1
-1 3
+1 1
cfi=(75)
cfn=(4930)
calls=1 758 
* 6
* 13
-19 2
+5 2
474 3
587 7
406 2

fn=(5092) std::num_get<char, std::istreambuf_iterator<char, std::char_traits<char> > >::do_get(std::istreambuf_iterator<char, std::char_traits<char> >, std::istreambuf_iterator<char, std::char_traits<char> >, std::ios_base&, std::_Ios_Iostate&, double&) const
709 81920
+5 16384
-5 16384
+5 16384
-5 114688
+5 16384
-5 98304
fi=(75)
312 81920
fe=(73)
714 16384
cfi=(75)
cfn=(5094)
calls=16384 3652 
* 2277670
+1 147456
cfn=(5104) std::num_get<char, std::istreambuf_iterator<char, std::char_traits<char> > >::_M_extract_float(std::istreambuf_iterator<char, std::char_traits<char> >, std::istreambuf_iterator<char, std::char_traits<char> >, std::ios_base&, std::_Ios_Iostate&, std::string&) const
calls=16384 152 
* 8520312
* 81920
+1 16384
cfi=(14)
cfn=(4038)
calls=16384 221 
* 294912
* 98304
cfi=(16)
cfn=(5126)
calls=16384 75 
* 12658953
fi=(74)
209 180224
fe=(73)
717 32768
fi=(36)
198 128
fe=(73)
719 896
fi=(75)
330 128
+8 128
-69 256
fe=(73)
719 113792
fi=(75)
330 16256
+8 16256
-69 32512
fe=(73)
720 212992
fi=(69)
350 65024
fi=(12)
54 16384
+46 32768
-14 16384
+1 32768
fi=(75)
282 32768
fi=(88)
172 16384
cfi=(89)
cfn=(5390)
calls=16384 48 
* 1015808
fi=(75)
3598 16384
fe=(73)

fn=(5104)
152 32768
fi=(36)
853 16384
fe=(73)
152 262144
+8 16384
cfn=(4910)
calls=16384 57 
* 458752
fi=(74)
+78 16384
fe=(73)
-78 16384
fi=(74)
+78 81920
cfn=(4912)
calls=16384 -37 
* 475136
fe=(73)
-70 32768
371 16384
+1 16384
-1 49152
+1 16384
cfi=(75)
cfn=(4930)
calls=16384 758 
* 98304
* 212992
fi=(74)
238 16384
-84 16384
+84 32768
-84 16384
cfn=(4916)
calls=16384 +52 
* 196608
fe=(73)
+17 16384
fi=(74)
-17 32768
fi=(71)
446 16384
fe=(73)
173 16384
fi=(74)
-19 16384
fe=(73)
+19 16384
-1 65536
+14 32768
-1 16384
+1 81920
+3 32768
+1 65520
+2 32768
+2 32752
fi=(74)
-19 16376
fe=(73)
+24 16376
fi=(74)
-24 16376
cfi=(69)
cfn=(5116)
calls=16376 494 
* 98256
+71 114632
cfn=(4912)
calls=16376 -45 
* 474904
fe=(73)
-45 32752
fi=(74)
+45 32752
-92 32752
cfn=(4916)
calls=16376 +52 
* 196512
* 32752
fi=(71)
446 32752
fe=(73)
189 65504
fi=(75)
1276 49128
cfn=(5110)
calls=16376 1437 
* 573160
+1 16376
961 16384
fe=(73)
359 32768
fi=(69)
-25 32768
fe=(73)
186 49152
fi=(12)
54 49160
fi=(75)
221 98320
1440 196640
fi=(71)
352 49160
fi=(75)
-22 49160
fe=(73)
226 49160
fi=(75)
338 49160
-99 98320
fi=(69)
494 65544
+3 65544
328 131088
507 131088
350 131088
fi=(74)
209 457912
fe=(73)
+52 130832
fi=(74)
-52 130832
fi=(69)
494 65416
350 130832
fi=(71)
452 65416
fe=(73)
220 65416
fi=(19)
2178 245400
fi=(75)
330 49160
961 49160
1439 49160
+1 98320
fe=(73)
228 65280
+6 32512
+1 32512
fi=(69)
353 384
cfi=(85) /usr/src/debug/gcc/gcc-build/x86_64-pc-linux-gnu/libstdc++-v3/include/bits/sstream.tcc
cfn=(5450) std::__cxx11::basic_stringbuf<char, std::char_traits<char>, std::allocator<char> >::underflow()
calls=128 153 
* 2048
* 128
fi=(74)
209 1280
fe=(73)
+52 256
fi=(75)
-28 49160
+10 49160
fi=(71)
352 49160
fi=(75)
248 49160
fe=(73)
-19 49152
+3 16384
fi=(75)
1276 49152
cfn=(5110)
calls=16384 1437 
* 573440
+1 32768
fi=(74)
210 256
fi=(75)
312 196608
fe=(73)
-98 32768
+4 32768

fn=(4910)
57 196614
+2 32769
-2 32769
+2 32769
cfi=(14)
cfn=(4076)
calls=32769 507 
* 196614
* 32769
+1 32769
+1 163845
+16 196614

fn=(6852) std::ostreambuf_iterator<char, std::char_traits<char> > std::num_put<char, std::ostreambuf_iterator<char, std::char_traits<char> > >::_M_insert_float<double>(std::ostreambuf_iterator<char, std::char_traits<char> >, std::ios_base&, char, char, double) const
999 262144
fi=(36)
853 49152
fe=(73)
1006 16384
cfn=(4910)
calls=16384 57 
* 458752
fi=(36)
766 16384
fe=(73)
1018 32768
-12 16384
+3 49152
+9 65536
cfi=(102) /usr/src/debug/gcc/gcc/libstdc++-v3/src/c++98/locale_facets.cc
cfn=(6856) std::__num_base::_S_format_float(std::ios_base const&, char*, char)
calls=16384 64 
* 524288
fi=(36)
87 16384
fe=(73)
1028 16384
fi=(36)
87 16384
fe=(73)
1028 114688
+1 32768
+1 16384
cfi=(14)
cfn=(4038)
calls=16384 221 
* 294912
* 180224
cfi=(103)
cfn=(6860)
calls=16384 78 
* 39639248
* 16384
+7 32768
fi=(40) /usr/src/debug/gcc/gcc-build/x86_64-pc-linux-gnu/libstdc++-v3/include/bits/locale_classes.tcc
119 32768
cfi=(14)
cfn=(4076)
calls=16384 507 
* 98304
* 16384
+1 16384
+8 32768
228 32768
fe=(73)
1071 212992
+2 16384
-2 32768
+2 16384
fi=(19)
911 16384
fe=(73)
1071 16384
fi=(19)
911 32768
fi=(71)
399 16384
+6 65536
cob=(2)
cfi=(2)
cfn=(4956)
calls=16384 0 
* 311296
fe=(73)
1078 32768
fi=(71)
405 16384
fe=(73)
1078 16384
+3 16256
-1 32512
+1 16256
+6 32768
+27 16384
fi=(36)
790 16384
fe=(73)
1114 49152
fi=(36)
801 32768
+1 16384
fi=(74)
329 32768
fi=(69)
460 81920
cfi=(64)
cfn=(7092) std::basic_filebuf<char, std::char_traits<char> >::xsputn(char const*, long)
calls=16384 759 
* 1557156
fi=(74)
331 81920
fe=(73)
1126 180224
fi=(19)
913 49152
+1 81920
cob=(2)
cfi=(2)
cfn=(4706)
calls=16384 0 
* 180864
fi=(71)
399 32768
fe=(73)
1071 32768

fn=(6850) std::num_put<char, std::ostreambuf_iterator<char, std::char_traits<char> > >::do_put(std::ostreambuf_iterator<char, std::char_traits<char> >, std::ios_base&, char, double) const
1182 16384
+2 49152
cfn=(6852)
calls=16384 999 
* 45439988

fl=(80)
fn=(4986)
444 420
fi=(78)
259 140
fe=(80)
444 280
fi=(78)
1165 140
239 140
+41 280
1279 139
fe=(80)
447 139
+2 278
-2 1
+2 2
+2 278
+1 139
fi=(78)
-2 417
fi=(71)
-21 417
cob=(2)
cfi=(2)
cfn=(4706)
calls=139 0 
* 13007
fi=(78)
239 139
454 139
239 139
-5 139
fi=(71)
352 139
fe=(80)
459 279
-4 5
cfn=(4990) std::__cxx11::basic_string<char, std::char_traits<char>, std::allocator<char> >::_M_mutate(unsigned long, unsigned long, char const*, unsigned long)
calls=1 -99 
* 1140
fi=(78)
239 3
-5 1
fi=(71)
352 1
fe=(80)
459 2
fi=(78)
1279 2
fe=(80)

fn=(4990)
356 2
+6 2
-6 10
fi=(78)
1165 3
fe=(80)
362 2
fi=(78)
257 2
+23 2
1279 2
fe=(80)
363 2
-3 1
+3 2
cob=(8)
cfi=(60) /usr/include/c++/15.1.1/bits/basic_string.tcc
cfn=(4994) std::__cxx11::basic_string<char, std::char_traits<char>, std::allocator<char> >::_M_create(unsigned long&, unsigned long)
calls=1 143 
* 973
+2 2
-2 1
+2 1
+2 4
+1 1
fi=(78)
+82 2
fi=(71)
-21 4
cob=(2)
cfi=(2)
cfn=(4706)
calls=1 0 
* 99
* 2
fe=(80)
-60 2
fi=(78)
239 1
+41 2
-14 1
-37 1
+37 1
fe=(80)
376 11
fi=(78)
1279 2
fe=(80)

fl=(35)
fn=(4184)
76 138
+3 138
-2 138
+2 138
-2 138
+1 138
fi=(36)
640 276
fe=(35)
79 414
-2 138
+1 552
fi=(36)
640 138
fe=(35)
79 138
fi=(36)
640 138
fe=(35)
79 276
fi=(36)
640 966
fe=(35)
79 966
fi=(36)
640 966
fe=(35)
79 2484
cfi=(13)
cfn=(4026)
calls=138 269 
* 3677

fn=(5546) std::ios_base::_M_dispose_callbacks()
177 1040
+1 130
+1 260
+6 130
+1 780

fn=(5544) std::ios_base::_M_call_callbacks(std::ios_base::event)
163 910
+1 130
+1 260
+8 780

fn=(5542)
87 260
+2 130
-2 910
+2 130
cfn=(5544)
calls=130 +74 
* 2080
+1 260
cfn=(5546)
calls=130 +87 
* 2340
+1 520
+5 520
cfi=(14)
cfn=(4196)
calls=130 -5 
* 780

fl=(106)
fn=(7628)
631 1
fi=(115) /usr/src/debug/gcc/gcc-build/x86_64-pc-linux-gnu/libstdc++-v3/include/bits/atomic_base.h
501 1
fe=(106)
-76 2
+1 3

fl=(41)
fn=(4870) std::istream::operator>>(unsigned int&)
186 1
+1 1
cfi=(68)
cfn=(4872) std::istream& std::istream::_M_extract<unsigned int>(unsigned int&)
calls=1 -86 
* 587

fn=(5086) std::istream::operator>>(double&)
225 16384
+1 16384
cfi=(68)
cfn=(5088) std::istream& std::istream::_M_extract<double>(double&)
calls=16384 101 
* 28273703

fl=(68)
fn=(4872)
101 2
+3 1
-3 4
+3 1
-3 4
+3 2
cfn=(4874)
calls=1 -53 
* 206
+1 2
+6 1
-4 1
+4 3
fi=(34)
-60 2
fi=(19)
2056 5
+2 8
cfn=(4906)
calls=1 2238 
* 331
* 2
fe=(68)
125 3
+4 9

fn=(4874)
51 132120
+4 16515
-4 16515
+1 16515
+3 33030
fi=(34)
+92 16515
fe=(68)
-92 49545
fi=(34)
311 33030
fe=(68)
59 33030
fi=(34)
+88 16385
fe=(68)
-58 32770
-28 65800
+29 16515
+6 99090
fi=(34)
338 16385
fi=(69)
494 16385
350 32770
fe=(68)
67 16384
fi=(71)
452 16384
fi=(34)
51 32768
fi=(72) /usr/src/debug/gcc/gcc-build/x86_64-pc-linux-gnu/libstdc++-v3/include/x86_64-pc-linux-gnu/bits/ctype_inline.h
-7 32770
fe=(68)
+25 32770
fi=(69)
494 16256
+3 16256
328 32512
507 32512
350 32512
fi=(71)
452 16256
fi=(72)
44 32512
fe=(68)
+25 32512
+20 65540
fi=(69)
353 3
cfi=(64)
cfn=(4880)
calls=1 -26 
* 147
fe=(68)
67 4
fi=(34)
-16 2
fe=(68)
+18 3

fn=(5088)
101 32768
+3 16384
-3 65536
+3 16384
-3 65536
+3 32768
cfn=(4874)
calls=16384 -53 
* 1046912
+1 32768
+6 16384
-4 16384
+4 49152
fi=(34)
-60 32768
fi=(19)
2114 81920
+2 131072
cfi=(73)
cfn=(5092)
calls=16384 709 
* 26405671
* 32768
fe=(68)
125 49152
+4 147456
-3 384
fi=(36)
+72 128
fi=(34)
-31 128
cfi=(38)
cfn=(4854)
calls=128 46 
* 1152
* 128
fe=(68)

fl=(25)
fn=(4168) std::messages<char>::messages(unsigned long)
44 2
fi=(17)
436 3
fe=(25)
44 4
fi=(17)
436 1
fe=(25)
46 3
-1 1
cfi=(14)
cfn=(4038)
calls=1 221 
* 18
* 1
+1 1
cfi=(14)
cfn=(4034)
calls=1 233 
* 3
* 1
+1 4

fn=(4098)
44 2
fi=(17)
436 3
fe=(25)
44 4
fi=(17)
436 1
fe=(25)
46 3
-1 1
cfi=(14)
cfn=(4038)
calls=1 221 
* 18
* 1
+1 1
cfi=(14)
cfn=(4034)
calls=1 233 
* 3
* 1
+1 4

fn=(4152)
44 2
fi=(17)
436 3
fe=(25)
44 4
fi=(17)
436 1
fe=(25)
46 3
-1 1
cfi=(14)
cfn=(4038)
calls=1 221 
* 18
* 1
+1 1
cfi=(14)
cfn=(4034)
calls=1 233 
* 3
* 1
+1 4

fn=(4176) std::messages<wchar_t>::messages(unsigned long)
44 2
fi=(17)
436 3
fe=(25)
44 4
fi=(17)
436 1
fe=(25)
46 3
-1 1
cfi=(14)
cfn=(4038)
calls=1 221 
* 18
* 1
+1 1
cfi=(14)
cfn=(4034)
calls=1 233 
* 3
* 1
+1 4

fl=(64)
fn=(5862)
253 10
fi=(63)
+26 2
fe=(64)
-26 10
fi=(63)
+26 4
cfi=(65)
cfn=(4758)
calls=2 +25 
* 8
fe=(64)
-23 4
+9 2
+15 4
cfn=(5864) std::basic_filebuf<char, std::char_traits<char> >::_M_terminate_output()
calls=2 952 
* 71
* 2
-10 2
-2 2
+1 2
+1 2
cfn=(5866) std::basic_filebuf<char, std::char_traits<char> >::_M_destroy_internal_buffer()
calls=2 68 
* 509
+1 2
fi=(69)
567 2
fe=(64)
290 2
fi=(63)
511 2
fe=(64)
271 2
+3 2
fi=(69)
520 2
+2 2
+44 2
-46 2
fe=(64)
274 4
fi=(69)
520 2
+46 2
fe=(64)
290 2
cfi=(65)
cfn=(5868)
calls=2 +28 
* 780
+3 8
+4 20

fn=(5866)
68 12
+3 4
+2 8
cfi=(96)
cfn=(5528)
calls=2 -39 
* 461
+1 2
+1 2
+2 6
+1 2
+2 2
-1 2
+1 2
+2 6

fn=(7132) std::basic_filebuf<char, std::char_traits<char> >::sync()
1013 16384
+6 49152
-6 16384
+8 32768
-8 16384
+8 16384
cfn=(7104) std::basic_filebuf<char, std::char_traits<char> >::overflow(int)
calls=16384 545 
* 3375104
+5 16384
-4 65536
+4 16384

fn=(7092)
759 131072
+8 16384
+1 16384
-1 16384
fi=(34)
51 32768
fi=(29)
219 32768
-1 16384
+1 16384
cfi=(18)
cfn=(4886) std::codecvt<char, char, __mbstate_t>::do_always_noconv() const
calls=16384 100 
* 49152
fe=(64)
769 114688
fi=(69)
541 16384
fe=(64)
771 32768
+3 32769
+1 3
+2 32768
+23 16384
-2 32768
+2 65536
-2 16384
cfi=(104) /usr/src/debug/gcc/gcc-build/x86_64-pc-linux-gnu/libstdc++-v3/include/bits/streambuf.tcc
cfn=(7098) std::basic_streambuf<char, std::char_traits<char> >::xsputn(char const*, long)
calls=16384 84 
* 869024

fn=(4880)
327 154
+5 42
+2 28
fi=(69)
494 14
fi=(63)
230 28
fi=(69)
497 14
fe=(64)
346 28
+4 28
+7 14
-7 42
fi=(34)
51 28
fi=(29)
219 28
cfi=(18)
cfn=(4886)
calls=14 100 
* 42
fe=(64)
357 28
-27 2
fi=(71)
452 13
fe=(64)
+30 140
359 56
cfi=(65)
cfn=(4888)
calls=14 -25 
* 1092
* 14
+2 28
+94 13
fi=(63)
+54 13
fi=(69)
+58 13
fe=(64)
458 13
fi=(63)
+51 65
fi=(69)
+11 13
+46 13
-44 13
+44 26
fi=(63)
-55 1
fi=(69)
+56 1
fe=(64)
467 1
fi=(69)
+53 1
+2 1
+44 1
-46 1
+46 1
-46 2
fe=(64)

fn=(5864)
952 20
+5 2
-5 6
+5 4
+9 4
-1 1
fi=(34)
51 2
fi=(29)
219 2
cfi=(18)
cfn=(4886)
calls=1 100 
* 3
* 1
fe=(64)
965 2
+44 24

fn=(7134) std::basic_filebuf<char, std::char_traits<char> >::_M_convert_to_external(char*, long)
610 196608
+6 16384
fi=(34)
51 32768
fi=(29)
219 65536
cfi=(18)
cfn=(4886)
calls=16384 100 
* 49152
fe=(64)
616 32768
+30 65536
cfi=(65)
cfn=(7138)
calls=16384 356 
* 1835008
+22 32768
+1 180224

fn=(4744)
85 10
fi=(69)
475 2
fe=(64)
85 2
fi=(69)
475 2
-1 2
+1 14
cfi=(13)
cfn=(4026)
calls=2 269 
* 64
fe=(64)
92 2
-6 8
+6 2
-6 2
+6 2
-6 4
cfi=(65)
cfn=(4746)
calls=2 207 
* 8
+4 2
-3 2
fi=(40)
+32 2
fe=(64)
-32 4
+1 6
+1 2
+1 2
+1 2
-1 2
+1 4
fi=(40)
+28 2
cfi=(14)
cfn=(4076)
calls=2 507 
* 12
* 2
+1 2
+11 2
fe=(64)
-37 4
+1 6

fn=(4846) std::basic_filebuf<char, std::char_traits<char> >::_M_allocate_internal_buffer()
54 2
+5 8
-5 8
+7 6
cfi=(66) /usr/src/debug/gcc/gcc/libstdc++-v3/libsupc++/new_opv.cc
cfn=(4848) operator new[](unsigned long)
calls=2 -30 
* 667
* 4
+1 2
+2 4

fn=(7104)
545 147465
+6 65540
+3 32770
fi=(69)
-16 16385
+3 16385
fe=(64)
+21 32770
+3 32768
+8 49152
cfn=(7134)
calls=16384 +37 
* 2506752
* 32768
fi=(63)
-62 16384
-5 32768
fi=(69)
+16 32768
-2 16384
fi=(63)
-14 16384
+7 49152
+1 32768
fi=(69)
+53 16384
-1 32768
fi=(71)
465 32769
fe=(64)
606 131080
-26 3
fi=(71)
465 32768
fi=(63)
+46 1
-5 2
+8 1
fi=(69)
+54 1
-48 1
+1 1
+1 1
+44 2
+1 1
fe=(64)
+19 1
+1 2
fi=(71)
446 1
fi=(69)
554 1
fi=(71)
-89 1
fe=(64)

fn=(4756)
183 20
fi=(63)
+96 4
cfi=(65)
cfn=(4758)
calls=2 +25 
* 8
fe=(64)
-92 4
+2 10
cfi=(65)
cfn=(4760)
calls=2 +66 
* 1281
fi=(63)
+90 4
cfi=(65)
cfn=(4758)
calls=2 +25 
* 8
fe=(64)
-89 4
+2 4
cfn=(4846)
calls=2 54 
* 701
+4 2
fi=(63)
511 2
fe=(64)
193 2
+3 2
+5 2
fi=(69)
520 2
+2 2
+44 2
-46 2
+47 2
fe=(64)
201 4
fi=(69)
520 2
+46 2
fe=(64)
205 4
+4 2
+4 12

fl=(38)
fn=(4190)
131 3136
+3 392
cfi=(39) /usr/src/debug/gcc/gcc/libstdc++-v3/src/c++98/ios_locale.cc
cfn=(4192) std::ios_base::_M_init()
calls=392 -95 
* 28640
+3 1176
cfn=(4200) std::basic_ios<char, std::char_traits<char> >::_M_cache_locale(std::locale const&)
calls=392 +32 
* 19600
+16 1568
fi=(19)
884 784
+1 391
fe=(38)
155 782
+1 391
+8 1173
-2 391
-1 391
+2 391
+1 391
+1 1955
-10 2
+1 1
+8 3
-2 1
-1 1
+2 1
+1 1
+1 5
fi=(19)
886 2
cfi=(26)
cfn=(4206) std::ctype<char>::_M_widen_init() const
calls=1 90 
* 794
+1 6
fe=(38)

fn=(4230) std::basic_ios<wchar_t, std::char_traits<wchar_t> >::_M_cache_locale(std::locale const&)
169 28
fi=(40)
-50 8
cfi=(14)
cfn=(4076)
calls=4 507 
* 24
* 8
+1 4
+23 4
fe=(38)
+28 8
fi=(40)
-52 4
cfi=(14)
cfn=(4076)
calls=4 507 
* 24
* 8
+1 4
+25 4
fe=(38)
+27 8
fi=(40)
-53 4
cfi=(14)
cfn=(4076)
calls=4 507 
* 24
* 4
+1 4
+24 4
fe=(38)
+29 8
+1 16

fn=(4228)
131 28
+3 4
cfi=(39)
cfn=(4192)
calls=4 -95 
* 292
+3 12
cfn=(4230)
calls=4 +32 
* 200
+16 16
fi=(19)
299 12
cfi=(27)
cfn=(4236)
calls=4 -94 
* 16
fe=(38)
155 8
+1 4
+8 12
-2 4
-1 4
+2 4
+1 4
+1 16

fn=(4200)
169 2744
fi=(40)
-50 784
cfi=(14)
cfn=(4076)
calls=392 507 
* 2352
* 784
+1 392
+8 392
fe=(38)
+43 784
fi=(40)
-52 392
cfi=(14)
cfn=(4076)
calls=392 507 
* 2352
* 784
+1 392
+10 392
fe=(38)
+42 784
fi=(40)
-53 392
cfi=(14)
cfn=(4076)
calls=392 507 
* 2352
* 392
+1 392
+9 392
fe=(38)
+44 784
+1 1568

fn=(4854)
46 131
fi=(36)
198 655
-5 131
fe=(38)
52 262

fl=(23)
fn=(4148)
48 2
fi=(17)
436 2
fe=(23)
49 1
fi=(17)
436 1
fe=(23)
48 4
fi=(17)
436 1
fe=(23)
50 1
-1 1
+1 3
cfi=(14)
cfn=(4034)
calls=1 233 
* 3
+1 2
-1 1
+1 1
cfi=(24) /usr/src/debug/gcc/gcc-build/x86_64-pc-linux-gnu/libstdc++-v3/src/c++98/time_members.cc
cfn=(4150) std::__timepunct<wchar_t>::_M_initialize_timepunct(__locale_struct*)
calls=1 222 
* 148
* 4

fn=(4094)
48 2
fi=(17)
436 2
fe=(23)
49 1
fi=(17)
436 1
fe=(23)
48 4
fi=(17)
436 1
fe=(23)
50 1
-1 1
+1 3
cfi=(14)
cfn=(4034)
calls=1 233 
* 3
+1 2
-1 1
+1 1
cfi=(24)
cfn=(4096) std::__timepunct<char>::_M_initialize_timepunct(__locale_struct*)
calls=1 +15 
* 152
* 4

fl=(101)
fn=(7126) std::ostream::put(char)
157 180224
+9 49152
cfn=(6844) std::ostream::sentry::sentry(std::ostream&)
calls=16384 50 
* 245760
+1 32768
+5 16384
fi=(34)
338 32768
fi=(69)
541 16384
436 32768
+2 16384
554 16384
fi=(37)
+23 65536
+1 32768
fe=(101)
187 163840

fn=(7130)
225 114709
+8 16387
-8 49161
fi=(34)
338 16387
fe=(101)
233 32774
+2 49161
cfn=(6844)
calls=16387 50 
* 245953
+1 32774
+5 16387
fi=(34)
+97 32774
fi=(69)
-58 32774
cfi=(33)
cfn=(7634)
calls=3 -87 
* 225
cfi=(64)
cfn=(7132)
calls=16384 1013 
* 3620864
fe=(101)
-39 32774
fi=(37)
577 65548
+1 32774
fe=(101)
256 163870
fi=(37)
577 3
+1 2
cfi=(107)
cfn=(7640)
calls=1 138 
* 29
* 2
-63 1
fi=(34)
338 1
fi=(37)
515 1
+1 1
+69 2
fi=(69)
280 2
cfi=(33)
cfn=(7634)
calls=1 -87 
* 75
fi=(37)
585 2
-66 5
fe=(101)

fn=(7131) std::ostream::flush()'2
225 7
+8 1
-8 3
fi=(34)
338 1
fe=(101)
233 2
+2 3
cfn=(6845) std::ostream::sentry::sentry(std::ostream&)'2
calls=1 50 
* 15
+1 2
+5 1
fi=(34)
+97 2
fi=(69)
-58 2
cfi=(33)
cfn=(7634)
calls=1 -87 
* 75
fe=(101)
-39 2
fi=(37)
577 4
+1 2
fe=(101)
256 10

fn=(6844)
50 49155
+5 49155
-3 49155
-2 49155
+2 49155
+3 98310
fi=(34)
311 49155
147 49155
fe=(101)
-92 98312
-5 1
+6 1
-6 4
+6 1
cfn=(7131)
calls=1 225 
* 132
+2 4
fi=(34)
+89 1
fe=(101)
-89 3
+1 1
+3 2
-4 98308
+1 98308

fn=(6845)
50 1
+5 1
-3 1
-2 1
+2 1
+3 2
fi=(34)
311 1
147 1
fe=(101)
-92 2
+3 2
+1 2

fn=(7648)
225 21
+8 3
-8 9
fi=(34)
338 3
fe=(101)
233 6
+2 9
cfn=(7650) std::basic_ostream<wchar_t, std::char_traits<wchar_t> >::sentry::sentry(std::basic_ostream<wchar_t, std::char_traits<wchar_t> >&)
calls=3 50 
* 193
+1 6
+5 3
fi=(34)
+97 6
fi=(69)
-58 6
cfi=(33)
cfn=(7652)
calls=3 -87 
* 225
fe=(101)
-39 6
fi=(37)
577 12
+1 6
fe=(101)
256 30
fi=(37)
577 3
+1 2
cfi=(107)
cfn=(7640)
calls=1 138 
* 29
* 2
-63 1
fi=(34)
338 1
fi=(37)
515 1
+1 1
+69 2
fi=(69)
280 2
cfi=(33)
cfn=(7652)
calls=1 -87 
* 75
fi=(37)
585 2
-66 5
fe=(101)

fn=(7649) std::basic_ostream<wchar_t, std::char_traits<wchar_t> >::flush()'2
225 7
+8 1
-8 3
fi=(34)
338 1
fe=(101)
233 2
+2 3
cfn=(7651) std::basic_ostream<wchar_t, std::char_traits<wchar_t> >::sentry::sentry(std::basic_ostream<wchar_t, std::char_traits<wchar_t> >&)'2
calls=1 50 
* 15
+1 2
+5 1
fi=(34)
+97 2
fi=(69)
-58 2
cfi=(33)
cfn=(7652)
calls=1 -87 
* 75
fe=(101)
-39 2
fi=(37)
577 4
+1 2
fe=(101)
256 10

fn=(7650)
50 3
+5 3
-3 3
-2 3
+2 3
+3 6
fi=(34)
311 3
147 3
fe=(101)
-92 8
-5 1
+6 1
-6 4
+6 1
cfn=(7649)
calls=1 225 
* 132
+2 4
fi=(34)
+89 1
fe=(101)
-89 3
+1 1
+3 2
-4 4
+1 4

fn=(7651)
50 1
+5 1
-3 1
-2 1
+2 1
+3 2
fi=(34)
311 1
147 1
fe=(101)
-92 2
+3 2
+1 2

fn=(6842)
67 180224
+3 81920
cfn=(6844)
calls=16384 -20 
* 245760
+1 32768
+6 65536
fi=(34)
-26 32768
389 32768
fi=(19)
2474 16384
fi=(34)
338 16384
fi=(19)
2474 65536
fi=(74)
287 32768
fi=(19)
2474 16384
cfi=(73)
cfn=(6850)
calls=16384 1182 
* 45505524
fe=(101)
82 32768
fi=(37)
577 65536
+1 32768
fe=(101)
96 196608

fl=(102)
fn=(6856)
64 49152
+2 16384
fi=(36)
695 16384
fe=(102)
66 16384
+2 32768
+2 32768
fi=(36)
+17 49152
fe=(102)
-10 32768
+4 32768
+4 32768
+9 49152
-1 32768
-11 16384
+9 32768
+9 49152
+1 16384
+1 16384

fl=(26)
fn=(4206)
90 2
+3 10
-3 2
+3 9
-3 2
+3 1
-3 3
+3 4
-1 1
+1 1
-1 1
+1 1
-1 3
+1 410
-1 15
+1 180
-1 30
+1 6
-1 1
+1 12
-1 2
+2 5
fi=(19)
1120 32
fe=(26)
98 4
cob=(2)
cfi=(2)
cfn=(4128)
calls=1 -98 
* 47
+1 4
+1 6

fn=(4100)
103 2
fi=(17)
436 3
fe=(26)
103 4
fi=(17)
436 1
fe=(26)
105 4
cfi=(14)
cfn=(4038)
calls=1 221 
* 18
* 1
+1 1
-1 1
+1 4
cfi=(27)
cfn=(4102)
calls=1 273 
* 18671

fl=(39)
fn=(4192)
39 2376
+2 396
-2 1188
+4 396
-2 396
+3 792
cfi=(13)
cfn=(4026)
calls=396 269 
* 10320
* 1188
cfi=(14)
cfn=(4194)
calls=396 +76 
* 5544
* 792
cfi=(14)
cfn=(4196)
calls=396 +47 
* 2376
+1 3168

fl=(22)
fn=(4146)
558 13
+1 2
+3 2
731 11
565 2
+5 1
-3 1
-2 1
+12 1
-7 1
+7 1
-5 1
+2 1
+3 1
-10 1
+1 1
+1 1
+2 1
+2 1
+2 1
+1 1
+2 2
+5 1
-1 1
+1 1
-2 2
+2 2
-2 3
+2 20
-2 31

fn=(4090)
372 11
+1 2
+3 2
+3 1
+12 1
-10 1
-2 1
+1 1
+11 1
-11 1
+1 2
+1 1
+1 1
+1 1
+1 1
+1 1
+1 1
+1 1
+1 1
+1 1
+1 1
+1 2
+3 2
-1 2
+1 3
-1 3
+1 30
-1 30
517 8

fn=(4144)
741 13
+1 2
+3 2
914 11
748 2
+5 1
-3 1
-2 1
+12 1
-7 1
+7 1
-5 1
+2 1
+3 1
-10 1
+1 1
+1 1
+2 1
+2 1
+2 1
+1 1
+2 2
+5 1
-1 1
+1 1
-2 2
+2 2
-2 3
+2 20
-2 31

fn=(4092)
216 11
+1 2
+3 2
+3 1
+12 1
-10 1
-2 1
+1 1
+11 1
-11 1
+1 2
+1 1
+1 1
+1 1
+1 1
+1 1
+1 1
+1 1
+1 1
+1 1
+1 1
+1 2
+3 2
-1 2
+1 3
-1 3
+1 30
-1 30
366 8

fl=(84) /usr/src/debug/gcc/gcc-build/x86_64-pc-linux-gnu/libstdc++-v3/include/sstream
fn=(5534) std::__cxx11::basic_stringstream<char, std::char_traits<char>, std::allocator<char> >::~basic_stringstream()
1083 768
+1 768
fi=(78)
257 128
fe=(84)
1084 128
fi=(78)
239 128
+41 256
fi=(88)
172 128
cfi=(89)
cfn=(5390)
calls=128 48 
* 7936
fi=(69)
+35 640
cfi=(14)
cfn=(4196)
calls=128 91 
* 768
fi=(37)
101 128
fi=(41)
+7 128
fi=(34)
296 128
fi=(37)
101 128
fi=(41)
+7 256
fi=(34)
296 384
fe=(84)
1084 256
fi=(34)
296 128
cfi=(35)
cfn=(5542)
calls=128 87 
* 7808
fe=(84)

fn=(5046) std::__cxx11::basic_stringstream<char, std::char_traits<char>, std::allocator<char> >::basic_stringstream(std::__cxx11::basic_string<char, std::char_traits<char>, std::allocator<char> > const&, std::_Ios_Openmode)
1072 1408
fi=(34)
477 128
fe=(84)
1072 1152
fi=(34)
477 128
cfi=(35)
cfn=(4184)
calls=128 76 
* 11008
fi=(41)
702 128
fi=(34)
476 128
fi=(41)
703 128
fi=(34)
477 128
fi=(41)
702 256
+1 128
fi=(34)
476 256
fi=(41)
702 256
fi=(34)
477 256
fi=(41)
703 128
cfi=(38)
cfn=(4190)
calls=128 131 
* 20096
fi=(37)
441 896
cfi=(38)
cfn=(4190)
calls=128 131 
* 20096
fe=(84)
1074 384
fi=(69)
475 128
fe=(84)
1074 896
fi=(69)
475 128
cfi=(13)
cfn=(4026)
calls=128 269 
* 3328
fe=(84)
151 128
fi=(78)
+88 128
fe=(84)
-89 128
fi=(78)
1165 128
246 128
fe=(84)
-95 128
fi=(78)
+54 128
fe=(84)
-54 128
fi=(78)
689 256
fi=(80)
233 256
fi=(78)
+1 128
fe=(84)
344 128
fi=(71)
+8 128
fe=(84)
-9 128
+2 256
+2 512
cfi=(85)
cfn=(5064) std::__cxx11::basic_stringbuf<char, std::char_traits<char>, std::allocator<char> >::_M_sync(char*, unsigned long, unsigned long)
calls=128 -98 
* 4480
1075 384
cfi=(38)
cfn=(4190)
calls=128 131 
* 20096
* 1024
fi=(71)
353 128
fi=(80)
164 256
fi=(88)
-13 128
cfi=(67)
cfn=(4850)
calls=128 43 
* 7560
fi=(78)
266 256
-37 128
fi=(88)
-78 128
fi=(78)
266 128
fi=(71)
429 256
cob=(2)
cfi=(2)
cfn=(4706)
calls=128 0 
* 12928
fi=(78)
239 256
fi=(71)
429 128
fe=(84)

fl=(20)
fn=(4142)
183 9
+1 2
+3 2
+69 1
+1 1
-1 1
+3 2
+1 1
+1 6
-71 3
+4 1
-3 1
+3 1
+6 1
-8 1
+8 1
-2 4
+2 2
-2 3
+2 70
-2 105
+6 2
-2 2
+2 2
-2 3
+2 50
-2 76

fn=(4086)
92 10
+1 2
+3 2
+68 2
+1 1
-1 1
+3 2
+1 1
+1 7
-70 3
+1 1
+1 1
+2 1
+1 2
+3 2
-1 4
+1 3
-1 3
+1 105
-1 105
+4 2
-1 4
+1 3
-1 3
+1 75
-1 76

fl=(108)
fn=(7642)
62 10
cob=(1)
cfi=(1)
cfn=(7644)
calls=2 -62 
* 24
* 6

fl=(66)
fn=(4848)
31 385
+1 385
cfi=(67)
cfn=(4850)
calls=385 +11 
* 67056

fl=(24)
fn=(4096)
66 8
+1 2
+3 2
192 9
73 1
cfi=(14)
cfn=(4038)
calls=1 221 
* 18
+2 3
-2 1
+2 19
+54 1
-54 63
+54 1
-54 19
192 5

fn=(4150)
222 7
+1 2
+3 2
396 8
229 1
cfi=(14)
cfn=(4038)
calls=1 -8 
* 18
+2 3
-2 1
+2 18
+54 1
-54 57
396 1
231 2
+54 1
-54 24
396 2

fl=(30)
fn=(4156)
100 10
fi=(19)
1720 1
fe=(30)
100 1
+3 1
-2 1
+1 1
fi=(19)
1720 1
fi=(17)
436 1
fe=(30)
103 1
fi=(19)
1719 4
+1 1
cfi=(31)
cfn=(4158)
calls=1 92 
* 421
fi=(12)
54 1
+56 2
-16 1
fi=(17)
659 4
cfi=(14)
cfn=(4076)
calls=1 507 
* 15
* 3
+56 1
436 1
715 3
cfi=(14)
cfn=(4038)
calls=1 221 
* 18
* 1
fi=(12)
110 2
-16 1
fi=(17)
659 4
cfi=(14)
cfn=(4076)
calls=1 507 
* 15
* 1
fi=(21)
1108 1
fi=(17)
659 1
fi=(21)
1108 1
fi=(17)
659 1
fi=(21)
1107 1
+1 1
fi=(17)
436 1
fi=(21)
1107 3
+1 1
cfi=(32)
cfn=(4164)
calls=1 372 
* 114
fi=(12)
110 2
-16 1
fi=(17)
659 4
cfi=(14)
cfn=(4076)
calls=1 507 
* 15
* 2
fi=(21)
1108 1
fi=(17)
659 1
fi=(21)
1107 1
+1 2
fi=(17)
436 1
fi=(21)
1107 4
+1 1
cfi=(32)
cfn=(4166)
calls=1 216 
* 114
fi=(12)
110 2
-16 1
fi=(17)
659 4
cfi=(14)
cfn=(4076)
calls=1 507 
* 15
* 3
fi=(21)
1530 1
fi=(17)
436 1
fi=(21)
1530 2
fi=(12)
110 2
fe=(30)

ob=(5)
fl=(5)
fn=(3926)
0 10

ob=(7)
fl=(30)
fn=(4156)
fi=(12)
94 1
fi=(17)
659 4
cfi=(14)
cfn=(4076)
calls=1 507 
* 15
* 3
fi=(21)
1690 1
fi=(17)
436 1
fi=(21)
1690 2
fi=(12)
110 2
-16 1
fi=(17)
659 4
cfi=(14)
cfn=(4076)
calls=1 507 
* 15
* 3
fi=(21)
422 1
fi=(17)
+14 1
fi=(21)
-14 2
fi=(12)
110 2
-16 1
fi=(17)
659 4
cfi=(14)
cfn=(4076)
calls=1 507 
* 15
* 2
fe=(30)
112 1
fi=(17)
659 1
fe=(30)
112 2
cfi=(25)
cfn=(4168)
calls=1 -68 
* 42
fi=(12)
-2 2
-16 1
fi=(17)
659 4
cfi=(14)
cfn=(4076)
calls=1 507 
* 15
* 1
fi=(19)
1720 1
fi=(17)
659 1
fi=(19)
1720 1
fi=(17)
659 1
fe=(30)
115 1
fi=(17)
436 1
fe=(30)
114 1
+1 1
fi=(19)
1719 1
fe=(30)
114 1
+2 1
fi=(19)
1719 3
+1 1
cfi=(31)
cfn=(4170)
calls=1 183 
* 353
fi=(12)
110 2
-16 1
fi=(17)
659 4
cfi=(14)
cfn=(4076)
calls=1 507 
* 15
* 3
+56 1
436 1
715 3
cfi=(14)
cfn=(4038)
calls=1 221 
* 18
* 1
fi=(12)
110 2
-16 1
fi=(17)
659 4
cfi=(14)
cfn=(4076)
calls=1 507 
* 15
* 1
fi=(21)
1108 1
fi=(17)
659 1
fi=(21)
1108 1
fi=(17)
659 1
fi=(21)
1107 1
+1 1
fi=(17)
436 1
fi=(21)
1107 4
+1 1
cfi=(32)
cfn=(4172)
calls=1 741 
* 109
fi=(12)
110 2
-16 1
fi=(17)
659 4
cfi=(14)
cfn=(4076)
calls=1 507 
* 15
* 2
fi=(21)
1108 1
fi=(17)
659 1
fi=(21)
1107 1
+1 2
fi=(17)
436 1
fi=(21)
1107 3
+1 1
cfi=(32)
cfn=(4174)
calls=1 558 
* 109
fi=(12)
110 2
-16 1
fi=(17)
659 4
cfi=(14)
cfn=(4076)
calls=1 507 
* 15
* 3
fi=(21)
1530 1
fi=(17)
436 1
fi=(21)
1530 2
fi=(12)
110 2
-16 1
fi=(17)
659 4
cfi=(14)
cfn=(4076)
calls=1 507 
* 15
* 3
fi=(21)
1690 1
fi=(17)
436 1
fi=(21)
1690 2
fi=(12)
110 2
-16 1
fi=(17)
659 4
cfi=(14)
cfn=(4076)
calls=1 507 
* 15
* 3
fi=(21)
422 1
fi=(17)
+14 1
fi=(21)
-14 2
fi=(12)
110 2
-16 1
fi=(17)
659 4
cfi=(14)
cfn=(4076)
calls=1 507 
* 15
* 2
fe=(30)
125 1
fi=(17)
659 1
fe=(30)
125 2
cfi=(25)
cfn=(4176)
calls=1 -81 
* 42
fi=(12)
-15 2
-16 1
fi=(17)
659 3
cfi=(14)
cfn=(4076)
calls=1 507 
* 15
* 1
fe=(30)
129 1
fi=(17)
659 1
fe=(30)
129 2
cfi=(14)
cfn=(4076)
calls=1 507 
* 6
+1 1
-1 1
+1 2
cfi=(14)
cfn=(4076)
calls=1 507 
* 6
+1 1
-1 1
+1 2
cfi=(14)
cfn=(4076)
calls=1 507 
* 6
* 1
+2 1
-2 1
+2 2
cfi=(14)
cfn=(4076)
calls=1 507 
* 6
* 1
+1 1
-1 1
+1 2
cfi=(14)
cfn=(4076)
calls=1 507 
* 6
* 1
+1 2
-1 1
+1 1
cfi=(14)
cfn=(4076)
calls=1 507 
* 6
* 1
+2 8

fl=(89)
fn=(5390)
48 16916
+1 16916
cob=(2)
cfi=(2)
cfn=(5392)
calls=16916 -49 
* 1042888

fl=(10)
fn=(4020)
118 2
-38 1
+38 1
-38 1
cfi=(11)
cfn=(4022)
calls=1 -2 
* 39311
* 2
+38 1
-38 2
cob=(2)
cfi=(2)
cfn=(4240)
calls=1 -80 
* 73

fl=(78)
fn=(4944) std::basic_istream<char, std::char_traits<char> >& std::getline<char, std::char_traits<char>, std::allocator<char> >(std::basic_istream<char, std::char_traits<char> >&, std::__cxx11::basic_string<char, std::char_traits<char>, std::allocator<char> >&)
4407 910
+2 390
fi=(34)
51 390
fi=(19)
884 260
fe=(78)
4409 1040
cfi=(79)
cfn=(4948)
calls=130 124 
* 54949

fl=(104)
fn=(7098)
84 180224
+3 16384
-3 16384
+4 65536
fi=(69)
541 16384
fe=(104)
91 49152
+2 16383
fi=(71)
429 16383
fe=(104)
93 16383
fi=(49)
239 32766
fe=(104)
96 16383
fi=(71)
429 16383
fe=(104)
97 16383
fi=(71)
429 16383
cob=(2)
cfi=(2)
cfn=(4706)
calls=16383 0 
* 180848
fi=(69)
807 16383
fe=(104)
101 32766
+2 2
fi=(71)
452 2
fe=(104)
114 147456
fi=(71)
452 1
fe=(104)
103 2
cfi=(64)
cfn=(7104)
calls=1 545 
* 48
+1 2
+2 1
+1 2

fl=(85)
fn=(5064)
249 128
fi=(78)
-10 128
fe=(85)
+10 128
fi=(78)
+8 128
1165 128
280 256
1279 128
fe=(85)
252 128
+2 128
+1 128
+2 256
+8 256
+1 128
+1 128
fi=(69)
520 128
fe=(85)
266 128
fi=(69)
522 128
fe=(85)
267 128
+2 384
cfn=(5068) std::__cxx11::basic_stringbuf<char, std::char_traits<char>, std::allocator<char> >::_M_pbump(char*, char*, long)
calls=128 +11 
* 1408

fn=(5068)
280 128
fi=(69)
566 128
fe=(85)
280 128
fi=(69)
567 128
fe=(85)
284 384
fi=(69)
554 384
fe=(85)
290 128

fn=(5450)
153 128
+5 256
fi=(69)
541 128
-44 128
fi=(84)
-77 256
+3 512
fi=(69)
+71 128
fe=(85)
163 256
-7 256

fl=(18)
fn=(4082)
38 2
fi=(17)
436 3
fe=(18)
38 4
fi=(17)
436 1
fe=(18)
41 4
cfi=(14)
cfn=(4038)
calls=1 221 
* 18
* 1
+1 4

fn=(4140)
118 2
fi=(17)
436 3
fe=(18)
118 4
fi=(17)
436 1
fe=(18)
121 4
cfi=(14)
cfn=(4038)
calls=1 221 
* 18
* 1
+1 4

fn=(4886)
100 98349

fl=(100) /usr/src/debug/gcc/gcc-build/x86_64-pc-linux-gnu/libstdc++-v3/include/iomanip
fn=(6834) std::basic_ostream<char, std::char_traits<char> >& std::operator<< <char, std::char_traits<char> >(std::basic_ostream<char, std::char_traits<char> >&, std::_Setprecision)
220 16384
+2 32768
-2 16384
fi=(36)
777 16384
fe=(100)
222 16384
+2 16384

fl=(105)
fn=(7122)
66 98304
+1 49152
fi=(34)
-16 32768
fi=(19)
884 32768
fe=(105)
67 49152
cfi=(101)
cfn=(7126)
calls=16384 +90 
* 901120
* 32768
+22 32768
cfi=(101)
cfn=(7130)
calls=16384 225 
* 4554752

fl=(74)
fn=(4912)
201 163805
+8 458654
-7 163805
fi=(69)
350 98283
fe=(74)
201 65522

fn=(4916)
206 32761
+3 32761
-1 32761
+1 131044
fi=(69)
494 32761
350 65522
fi=(71)
452 65522
fe=(74)

fl=(43)
fn=(7660) 0x00000000000ae430
0 5

fn=(4276)
0 12

fn=(7616)
0 9
cob=(2)
cfi=(2)
cfn=(7564)
calls=1 0 
0 1583
0 1
cfn=(7660)
calls=1 0 
0 5
0 3

fl=(67)
fn=(4850)
43 33832
+4 16916
-4 50748
+4 50748
+3 33832
cob=(2)
cfi=(2)
cfn=(4312)
calls=16916 -50 
* 758869
* 33832

ob=(5)
fl=(5)
fn=(3926)
0 2

fn=(7600)
0 9
cob=(2)
cfi=(2)
cfn=(7564)
calls=1 0 
0 98
0 1
cfn=(7608) 0x0000000000001020
calls=1 0 
0 5

ob=(7)
fl=(67)
fn=(4850)
59 50748

ob=(5)
fl=(5)
fn=(7600)
0 3

fn=(7608)
0 5

ob=(8)
fl=(59) /usr/include/c++/15.1.1/bits/char_traits.h
fn=(4718) std::char_traits<char>::assign(char&, char const&)
345 12
+7 12
+1 9

fn=(4700) std::char_traits<char>::copy(char*, char const*, unsigned long)
421 12
+2 4
+6 16
cob=(2)
cfi=(2)
cfn=(4706)
calls=1 0 
* 11
cob=(1)
cfi=(1)
cfn=(4588)
calls=1 0 
* 1069
* 6
* 2
+1 4

fn=(4680) std::char_traits<char>::length(char const*)
387 8
fi=(116) /usr/include/c++/15.1.1/x86_64-pc-linux-gnu/bits/c++config.h
589 2
fe=(59)
390 4
+3 6
cob=(2)
cfi=(2)
cfn=(4122)
calls=1 0 
* 14
cob=(1)
cfi=(1)
cfn=(4588)
calls=1 0 
* 916
* 6
* 2
+1 4

fl=(57) /usr/include/c++/15.1.1/bits/basic_string.h
fn=(4934) std::__cxx11::basic_string<char, std::char_traits<char>, std::allocator<char> >::_Alloc_hider::_Alloc_hider(char*, std::allocator<char>&&)
208 7
fi=(117) /usr/include/c++/15.1.1/bits/move.h
-69 8
fi=(77) /usr/include/c++/15.1.1/bits/new_allocator.h
-47 1
fi=(76) /usr/include/c++/15.1.1/bits/allocator.h
+81 1
fe=(57)
+36 6

fn=(5002) std::__cxx11::basic_string<char, std::char_traits<char>, std::allocator<char> >::_M_get_allocator()
359 12
+1 12

fn=(4678) std::__cxx11::basic_string<char, std::char_traits<char>, std::allocator<char> >::_Alloc_hider::_Alloc_hider(char*, std::allocator<char> const&)
204 26
fi=(77)
92 2
fi=(76)
+81 2
fe=(57)
+32 12

fn=(4714) std::__cxx11::basic_string<char, std::char_traits<char>, std::allocator<char> >::_M_set_length(unsigned long)
270 24
+2 15
cfn=(4716) std::__cxx11::basic_string<char, std::char_traits<char>, std::allocator<char> >::_M_length(unsigned long)
calls=3 -39 
* 30
+1 12
cfn=(4694) std::__cxx11::basic_string<char, std::char_traits<char>, std::allocator<char> >::_M_data() const
calls=3 -35 
* 21
* 18
cfi=(59)
cfn=(4718)
calls=3 +72 
* 33
+1 18

fn=(4716)
233 12
+1 18

fn=(4696) void std::__cxx11::basic_string<char, std::char_traits<char>, std::allocator<char> >::_S_copy_chars<char const*>(char*, char const*, char const*)
483 12
+6 10
fi=(94) /usr/include/c++/15.1.1/bits/stl_iterator.h
3011 2
fe=(57)
489 8
cfn=(4698) std::__cxx11::basic_string<char, std::char_traits<char>, std::allocator<char> >::_S_copy(char*, char const*, unsigned long)
calls=2 -41 
* 1158
+17 6

fn=(4698)
448 12
+2 4
+3 12
cfi=(59)
cfn=(4700)
calls=2 -32 
* 1124
+1 6

fn=(6724) std::__cxx11::basic_string<char, std::char_traits<char>, std::allocator<char> >::_M_data(char*)
228 4
+1 6

fn=(4672) std::__cxx11::basic_string<char, std::char_traits<char>, std::allocator<char> >::basic_string<std::allocator<char> >(char const*, std::allocator<char> const&)
706 14
+1 8
cfn=(4674) std::__cxx11::basic_string<char, std::char_traits<char>, std::allocator<char> >::_M_local_data()
calls=2 243 
* 42
* 12
cfn=(4678)
calls=2 204 
* 42
+3 4
+3 6
cfi=(59)
cfn=(4680)
calls=2 387 
* 962
* 6
+1 12
cfi=(60)
cfn=(4690) void std::__cxx11::basic_string<char, std::char_traits<char>, std::allocator<char> >::_M_construct<char const*>(char const*, char const*, std::forward_iterator_tag)
calls=2 227 
* 1709
+1 8

fn=(4674)
243 12
+3 12
cfi=(58) /usr/include/c++/15.1.1/bits/ptr_traits.h
cfn=(4676) std::__ptr_traits_ptr_to<char*, char, false>::pointer_to(char&)
calls=3 134 
* 33
+4 6

fn=(4996) std::__cxx11::basic_string<char, std::char_traits<char>, std::allocator<char> >::max_size() const
1181 14
+2 4
+2 6
cfn=(4998) std::__cxx11::basic_string<char, std::char_traits<char>, std::allocator<char> >::_M_get_allocator() const
calls=2 364 
* 12
* 10
fi=(77)
233 2
-50 2
fi=(82) /usr/include/c++/15.1.1/bits/alloc_traits.h
712 2
fe=(57)
1185 2
+1 10
cfi=(81) /usr/include/c++/15.1.1/bits/stl_algobase.h
cfn=(5000) unsigned long const& std::min<unsigned long>(unsigned long const&, unsigned long const&)
calls=2 234 
* 26
* 4
+1 10

fn=(5838) std::__cxx11::basic_string<char, std::char_traits<char>, std::allocator<char> >::_M_dispose()
296 12
+2 9
cfn=(5840) std::__cxx11::basic_string<char, std::char_traits<char>, std::allocator<char> >::_M_is_local() const
calls=3 -20 
* 148
* 9
+1 12
cfn=(5846) std::__cxx11::basic_string<char, std::char_traits<char>, std::allocator<char> >::_M_destroy(unsigned long)
calls=2 +5 
* 246
+1 9

fn=(5842) std::__cxx11::basic_string<char, std::char_traits<char>, std::allocator<char> >::_M_local_data() const
254 12
+3 12
cfi=(58)
cfn=(5844) std::__ptr_traits_ptr_to<char const*, char const, false>::pointer_to(char const&)
calls=3 134 
* 33
+4 6

fn=(5846)
304 14
+1 10
cfn=(4694)
calls=2 -67 
* 14
* 8
cfn=(5002)
calls=2 +54 
* 12
* 6
fi=(82)
649 12
cfi=(77)
cfn=(5848) std::__new_allocator<char>::deallocate(char*, unsigned long)
calls=2 156 
* 156
* 2
fe=(57)
305 12

fn=(4694)
238 30
+1 40

fn=(4932) std::__cxx11::basic_string<char, std::char_traits<char>, std::allocator<char> >::basic_string()
585 8
+5 3
fi=(77)
88 1
fi=(76)
+80 1
fe=(57)
590 3
cfn=(4674)
calls=1 243 
* 21
* 6
cfn=(4934)
calls=1 208 
* 23
fi=(76)
189 3
cfi=(77)
cfn=(4938) std::__new_allocator<char>::~__new_allocator()
calls=1 -85 
* 6
* 3
fe=(57)
378 1
593 4
cfn=(4714)
calls=1 270 
* 57
+1 7

fn=(5004) std::__cxx11::basic_string<char, std::char_traits<char>, std::allocator<char> >::_S_allocate(std::allocator<char>&, unsigned long)
140 18
fi=(82)
614 12
cfi=(77)
cfn=(5006) std::__new_allocator<char>::allocate(unsigned long, void const*)
calls=2 126 
* 938
* 2
fe=(57)
142 2
+10 2
+1 4

fn=(5836) std::__cxx11::basic_string<char, std::char_traits<char>, std::allocator<char> >::~basic_string()
895 12
+1 9
cfn=(5838)
calls=3 296 
* 445
* 9
cfn=(5852) std::__cxx11::basic_string<char, std::char_traits<char>, std::allocator<char> >::_Alloc_hider::~_Alloc_hider()
calls=3 197 
* 57
* 9

fn=(5840)
278 15
+2 9
cfn=(4694)
calls=3 -42 
* 21
* 12
cfn=(5842)
calls=3 -26 
* 63
* 12
+2 3
+2 2
+2 2
+1 9

fn=(4998)
364 6
+1 6

fn=(5852)
197 18
fi=(76)
-8 9
cfi=(77)
cfn=(4938)
calls=3 -85 
* 18
* 3
fe=(57)
+8 9

fn=(6726) std::__cxx11::basic_string<char, std::char_traits<char>, std::allocator<char> >::_M_capacity(unsigned long)
265 4
+1 6

fl=(86) /home/nithin/CLionProjects/1dv1674_a2/pearson/vector.cpp
fn=(5076) Vector::get_data()
50 384
+1 256
+1 256

fn=(5492) Vector::Vector(Vector const&)
35 1275
+1 1530
cfn=(5070) Vector::Vector(unsigned int)
calls=255 -11 
* 65213
+2 510
+2 456960
-2 197115
+4 1020

fn=(5522) Vector::~Vector()
15 1532
+2 1532
+2 3064
cob=(7)
cfi=(96)
cfn=(5528)
calls=382 +15 
* 51467
cob=(1)
cfi=(1)
cfn=(4588)
calls=1 -19 
* 704
* 387
+3 766
+1 1149

fn=(6018) Vector::get_size() const
45 1152
+1 768
+1 768

fn=(5070)
25 1915
+1 4213
cob=(7)
cfi=(66)
cfn=(4848)
calls=382 +5 
* 66968
cob=(1)
cfi=(1)
cfn=(4588)
calls=1 -26 
* 835
* 387
* 1149
+2 1149

fn=(6026) Vector::operator[](unsigned int) const
55 8454144
+1 12681216
+1 4227072

fl=(87) /usr/include/c++/15.1.1/bits/stream_iterator.h
fn=(5404) std::istream_iterator<double, char, std::char_traits<char>, long>::operator*() const
106 49152
+5 32768
+1 32768

fn=(5400) std::istream_iterator<double, char, std::char_traits<char>, long>::istream_iterator(std::istream_iterator<double, char, std::char_traits<char>, long> const&)
86 1024
+2 2048
+1 1024
+1 768

fn=(5406) std::istream_iterator<double, char, std::char_traits<char>, long>::operator++()
120 65024
+5 48768
cfn=(5080) std::istream_iterator<double, char, std::char_traits<char>, long>::_M_read()
calls=16256 +25 
* 28655473
+1 16256
+1 32512

fn=(5080)
150 65536
+2 180224
cob=(7)
cfi=(41)
cfn=(5086)
calls=16383 +73 
* 28304593
cob=(1)
cfi=(1)
cfn=(4588)
calls=1 0 
* 2587
* 16388
* 98304
cob=(7)
cfi=(34)
cfn=(4864)
calls=16384 -19 
* 65536
* 16384
* 81920
+5 49152

fn=(5078) std::istream_iterator<double, char, std::char_traits<char>, long>::istream_iterator(std::istream&)
81 896
fi=(117)
-28 128
fe=(87)
+29 512
+1 384
cfn=(5080)
calls=128 +67 
* 225151
* 384

fl=(92) /usr/include/c++/15.1.1/new
fn=(5488) operator new(unsigned long, void*)
208 176967

fl=(94)
fn=(5500) Vector const* std::__make_move_if_noexcept_iterator<Vector, Vector const*>(Vector*)
1822 48
+1 48

fl=(83) /usr/include/c++/15.1.1/bits/ios_base.h
fn=(5040) std::operator|(std::_Ios_Openmode, std::_Ios_Openmode)
151 1024

fl=(91) /usr/include/c++/15.1.1/bits/vector.tcc
fn=(5494) std::vector<Vector, std::allocator<Vector> >::_M_realloc_append<Vector const&>(Vector const&)::_Guard_elts::_Guard_elts(Vector*, std::allocator<Vector>&)
613 40
+1 80
+1 24

fn=(5514) std::vector<Vector, std::allocator<Vector> >::_M_realloc_append<Vector const&>(Vector const&)::_Guard_elts::~_Guard_elts()
618 32
+1 72
fi=(82)
1045 40
cfi=(95) /usr/include/c++/15.1.1/bits/stl_construct.h
cfn=(5516) void std::_Destroy<Vector*>(Vector*, Vector*)
calls=8 202 
* 23776
+1 8
fe=(91)
619 24

fn=(5462) void std::vector<Vector, std::allocator<Vector> >::_M_realloc_append<Vector const&>(Vector const&)
557 96
+9 40
cfi=(62) /usr/include/c++/15.1.1/bits/stl_vector.h
cfn=(5464) std::vector<Vector, std::allocator<Vector> >::_M_check_len(unsigned long, char const*) const
calls=8 2196 
* 2001
* 8
+1 8
+2 24
+1 24
+1 24
cfi=(62)
cfn=(5476) std::vector<Vector, std::allocator<Vector> >::begin()
calls=8 998 
* 152
* 32
cfi=(62)
cfn=(5478) std::vector<Vector, std::allocator<Vector> >::end()
calls=8 1018 
* 160
* 24
fi=(94)
1166 8
1340 24
1166 8
1340 32
fe=(91)
571 8
+1 40
cfi=(62)
cfn=(5480) std::_Vector_base<Vector, std::allocator<Vector> >::_M_allocate(unsigned long)
calls=8 384 
* 2033
* 8
+1 16
+3 48
cfi=(62)
cfn=(5486) std::vector<Vector, std::allocator<Vector> >::_Guard_alloc::_Guard_alloc(Vector*, unsigned long, std::_Vector_base<Vector, std::allocator<Vector> >&)
calls=8 1875 
* 144
* 16
fi=(117)
73 8
fe=(91)
587 24
-1 24
fi=(58)
211 8
fe=(91)
586 48
fi=(117)
73 48
fi=(77)
191 32
cfi=(92)
cfn=(5488)
calls=8 +17 
* 56
* 32
fi=(117)
73 8
fi=(77)
191 24
cfi=(86)
cfn=(5492)
calls=8 35 
* 21991
* 32
fi=(82)
680 8
fe=(91)
-54 80
cfn=(5494)
calls=8 -13 
* 144
+4 24
cfi=(62)
cfn=(5496) std::_Vector_base<Vector, std::allocator<Vector> >::_M_get_Tp_allocator()
calls=8 307 
* 48
* 8
-2 40
cfi=(93) /usr/include/c++/15.1.1/bits/stl_uninitialized.h
cfn=(5498) Vector* std::__uninitialized_move_if_noexcept_a<Vector*, Vector*, std::allocator<Vector> >(Vector*, Vector*, Vector*, std::allocator<Vector>&)
calls=8 +30 
* 363153
* 16
+4 8
+3 16
+1 16
+1 24
cfn=(5514)
calls=8 -19 
* 23952
+1 16
+1 40
+1 24
cfi=(62)
cfn=(5520) std::vector<Vector, std::allocator<Vector> >::_Guard_alloc::~_Guard_alloc()
calls=8 1880 
* 1660
+4 24
+1 24
+1 56
+1 88

fl=(90) /usr/include/c++/15.1.1/bits/stl_algo.h
fn=(5396) double* std::copy_n<std::istream_iterator<double, char, std::char_traits<char>, long>, unsigned int, double*>(std::istream_iterator<double, char, std::char_traits<char>, long>, unsigned int, double*)
684 1280
+7 384
cfi=(81)
cfn=(5398) std::__size_to_integer(unsigned int)
calls=128 1020 
* 768
* 128
+1 256
+6 256
fi=(94)
3011 128
fe=(90)
698 640
cfi=(87)
cfn=(5400)
calls=128 86 
* 2432
* 384
fi=(94)
3011 512
cfi=(87)
cfn=(5400)
calls=128 86 
* 2432
fe=(90)
698 768
cfi=(81)
cfn=(5402) double* std::__copy_n_a<std::istream_iterator<double, char, std::char_traits<char>, long>, unsigned int, double*>(std::istream_iterator<double, char, std::char_traits<char>, long>, unsigned int, double*, bool)
calls=128 535 
* 29196145
* 128
fi=(117)
139 128
fe=(90)
700 256
fi=(94)
3082 128
fe=(90)
700 128
+1 768

fl=(77)
fn=(5848)
156 12
+16 10
cob=(7)
cfi=(97)
cfn=(5560)
calls=2 32 
* 128
* 2
+1 4

fn=(4938)
104 36

fn=(6112) std::__new_allocator<ThreadCtx>::~__new_allocator()
104 18

fn=(5554) std::__new_allocator<Vector>::deallocate(Vector*, unsigned long)
156 48
+16 56
cob=(7)
cfi=(97)
cfn=(5560)
calls=7 32 
* 659
cob=(1)
cfi=(1)
cfn=(4588)
calls=1 0 
* 720
* 12
+1 16

fn=(6048) std::__new_allocator<unsigned long>::~__new_allocator()
104 36

fn=(6062) std::__new_allocator<unsigned long>::allocate(unsigned long, void const*)
126 16
233 2
-99 14
+17 8
cob=(7)
cfi=(67)
cfn=(4850)
calls=2 43 
* 252
* 2
* 2
+1 4

fn=(5006)
126 16
233 2
-99 14
+17 6
cob=(7)
cfi=(67)
cfn=(4850)
calls=1 43 
* 58
cob=(1)
cfi=(1)
cfn=(4588)
calls=1 0 
* 830
* 6
* 2
+1 4

fn=(5980) std::__new_allocator<unsigned int>::~__new_allocator()
104 18

fn=(6126) std::__new_allocator<ThreadCtx>::allocate(unsigned long, void const*)
126 8
233 1
-99 7
+17 4
cob=(7)
cfi=(67)
cfn=(4850)
calls=1 43 
* 443
* 1
* 1
+1 2

fn=(7424) std::__new_allocator<ThreadCtx>::deallocate(ThreadCtx*, unsigned long)
156 6
+16 7
cob=(7)
cfi=(97)
cfn=(5560)
calls=1 32 
* 64
* 1
+1 2

fn=(7460) std::__new_allocator<unsigned int>::deallocate(unsigned int*, unsigned long)
156 6
+16 6
cob=(7)
cfi=(97)
cfn=(5560)
calls=1 32 
* 64
* 1
+1 2

fn=(5938) std::__new_allocator<double>::~__new_allocator()
104 84

fn=(5952) std::__new_allocator<double>::allocate(unsigned long, void const*)
126 40
233 5
-99 35
+17 20
cob=(7)
cfi=(67)
cfn=(4850)
calls=5 43 
* 1665
* 5
* 5
+1 10

fn=(5994) std::__new_allocator<unsigned int>::allocate(unsigned long, void const*)
126 8
233 1
-99 7
+17 4
cob=(7)
cfi=(67)
cfn=(4850)
calls=1 43 
* 58
* 1
* 1
+1 2

fn=(7476) std::__new_allocator<Vector>::~__new_allocator()
104 6

fn=(7442) std::__new_allocator<unsigned long>::deallocate(unsigned long*, unsigned long)
156 12
+16 12
cob=(7)
cfi=(97)
cfn=(5560)
calls=2 32 
* 128
* 2
+1 4

fn=(5482) std::__new_allocator<Vector>::allocate(unsigned long, void const*)
126 64
233 8
-99 56
+17 32
cob=(7)
cfi=(67)
cfn=(4850)
calls=8 43 
* 1673
* 8
* 8
+1 16

fn=(7396) std::__new_allocator<double>::deallocate(double*, unsigned long)
156 30
+16 30
cob=(7)
cfi=(97)
cfn=(5560)
calls=5 32 
* 685
* 5
+1 10

fl=(62)
fn=(4726) std::_Vector_base<Vector, std::allocator<Vector> >::_Vector_base()
321 7
cfn=(4728) std::_Vector_base<Vector, std::allocator<Vector> >::_Vector_impl::_Vector_impl()
calls=1 143 
* 28
* 3

fn=(5998) std::vector<unsigned int, std::allocator<unsigned int> >::_M_fill_initialize(unsigned long, unsigned int const&)
1996 6
+4 3
cfn=(6000) std::_Vector_base<unsigned int, std::allocator<unsigned int> >::_M_get_Tp_allocator()
calls=1 307 
* 6
* 1
-1 6
cfi=(93)
cfn=(6002) unsigned int* std::__uninitialized_fill_n_a<unsigned int*, unsigned long, unsigned int, unsigned int>(unsigned int*, unsigned long, unsigned int const&, std::allocator<unsigned int>&)
calls=1 720 
* 5990
-1 2
+3 3

fn=(6110) std::vector<ThreadCtx, std::allocator<ThreadCtx> >::_S_max_size(std::allocator<ThreadCtx> const&)
2216 7
+5 8
fi=(77)
233 1
-50 1
fi=(82)
712 1
fe=(62)
2223 1
+1 5
cfi=(81)
cfn=(5000)
calls=1 234 
* 13
* 1
+1 5

fn=(7406) std::_Vector_base<double, std::allocator<double> >::_Vector_impl::~_Vector_impl()
139 30
fi=(76)
+50 15
cfi=(77)
cfn=(5938)
calls=5 -85 
* 30
* 5
fe=(62)
-50 15

fn=(7446) std::_Vector_base<unsigned long, std::allocator<unsigned long> >::_Vector_impl::~_Vector_impl()
139 12
fi=(76)
+50 6
cfi=(77)
cfn=(6048)
calls=2 -85 
* 12
* 2
fe=(62)
-50 6

fn=(7450) std::vector<unsigned int, std::allocator<unsigned int> >::~vector()
800 4
+3 3
cfn=(6000)
calls=1 307 
* 6
-1 7
fi=(82)
1045 5
cfi=(95)
cfn=(7452) void std::_Destroy<unsigned int*>(unsigned int*, unsigned int*)
calls=1 202 
* 7
+1 1
fe=(62)
805 3
cfn=(7456) std::_Vector_base<unsigned int, std::allocator<unsigned int> >::~_Vector_base()
calls=1 373 
* 146
* 3

fn=(5944) std::_Vector_base<double, std::allocator<double> >::_Vector_impl::_Vector_impl(std::allocator<double> const&)
152 65
fi=(77)
-60 5
fi=(76)
+81 5
fe=(62)
-20 15
cfn=(5946) std::_Vector_base<double, std::allocator<double> >::_Vector_impl_data::_Vector_impl_data()
calls=5 -48 
* 60
+1 15

fn=(5984) std::_Vector_base<unsigned int, std::allocator<unsigned int> >::_Vector_base(unsigned long, std::allocator<unsigned int> const&)
339 7
+1 5
cfn=(5986) std::_Vector_base<unsigned int, std::allocator<unsigned int> >::_Vector_impl::_Vector_impl(std::allocator<unsigned int> const&)
calls=1 152 
* 33
+1 5
cfn=(5990) std::_Vector_base<unsigned int, std::allocator<unsigned int> >::_M_create_storage(unsigned long)
calls=1 +62 
* 129
* 4

fn=(5988) std::_Vector_base<unsigned int, std::allocator<unsigned int> >::_Vector_impl_data::_Vector_impl_data()
105 3
+1 6
+1 3

fn=(6016) std::vector<Vector, std::allocator<Vector> >::operator[](unsigned long)
1261 1920
+2 1152
cfn=(5472) std::vector<Vector, std::allocator<Vector> >::size() const
calls=384 1117 
* 5760
* 2688
+1 1920
+1 768

fn=(6046) std::vector<unsigned long, std::allocator<unsigned long> >::_S_max_size(std::allocator<unsigned long> const&)
2216 14
+5 16
fi=(77)
233 2
-50 2
fi=(82)
712 2
fe=(62)
2223 2
+1 10
cfi=(81)
cfn=(5000)
calls=2 234 
* 26
* 2
+1 10

fn=(6086) std::vector<unsigned long, std::allocator<unsigned long> >::size() const
1117 49248
+2 131328
+1 16416
+2 16416
+1 32832

fn=(6730) std::_Vector_base<double, std::allocator<double> >::_M_get_Tp_allocator() const
312 3
+1 3

fn=(6768) std::vector<double, std::allocator<double> >::end() const
1028 7
+1 3
fi=(94)
+30 4
fe=(62)
-30 6

fn=(7422) std::_Vector_base<ThreadCtx, std::allocator<ThreadCtx> >::_M_deallocate(ThreadCtx*, unsigned long)
392 6
+3 2
+1 6
fi=(82)
649 6
cfi=(77)
cfn=(7424)
calls=1 156 
* 80
* 1
fe=(62)
397 3

fn=(5950) std::_Vector_base<double, std::allocator<double> >::_M_allocate(unsigned long)
384 25
+3 30
fi=(82)
614 30
cfi=(77)
cfn=(5952)
calls=5 126 
* 1785
* 10
fe=(62)
388 10

fn=(5978) std::vector<unsigned int, std::allocator<unsigned int> >::_S_max_size(std::allocator<unsigned int> const&)
2216 7
+5 8
fi=(77)
233 1
-50 1
fi=(82)
712 1
fe=(62)
2223 1
+1 5
cfi=(81)
cfn=(5000)
calls=1 234 
* 13
* 1
+1 5

fn=(6108) std::vector<ThreadCtx, std::allocator<ThreadCtx> >::_S_check_init_len(unsigned long, std::allocator<ThreadCtx> const&)
2207 15
fi=(77)
92 1
fi=(76)
+81 1
fe=(62)
2209 3
cfn=(6110)
calls=1 +7 
* 43
* 2
fi=(76)
189 3
cfi=(77)
cfn=(6112)
calls=1 -85 
* 6
* 1
fe=(62)
2209 2
+3 1
+1 6

fn=(5460) std::vector<Vector, std::allocator<Vector> >::push_back(Vector const&)
1416 1152
+2 768
+3 1080
fi=(117)
73 720
fi=(77)
191 480
cfi=(92)
cfn=(5488)
calls=120 +17 
* 840
* 480
fi=(117)
73 120
fi=(77)
191 360
cfi=(86)
cfn=(5492)
calls=120 35 
* 346290
* 480
fi=(82)
680 120
fe=(62)
1423 600
+5 120
-1 40
cfi=(91)
cfn=(5462)
calls=8 557 
* 416782
+1 1024

fn=(5472)
1117 26019
+2 69384
+1 8673
+2 8673
+1 17346

fn=(5932) std::vector<double, std::allocator<double> >::vector(unsigned long, double const&, std::allocator<double> const&)
599 32
+2 24
cfn=(5934) std::vector<double, std::allocator<double> >::_S_check_init_len(unsigned long, std::allocator<double> const&)
calls=4 2207 
* 336
* 24
cfn=(5942) std::_Vector_base<double, std::allocator<double> >::_Vector_base(unsigned long, std::allocator<double> const&)
calls=4 339 
* 1815
+1 24
cfn=(5956) std::vector<double, std::allocator<double> >::_M_fill_initialize(unsigned long, double const&)
calls=4 1996 
* 1139844
* 16

fn=(5986)
152 13
fi=(77)
-60 1
fi=(76)
+81 1
fe=(62)
-20 3
cfn=(5988)
calls=1 -48 
* 12
+1 3

fn=(6042) std::vector<unsigned long, std::allocator<unsigned long> >::vector(unsigned long, unsigned long const&, std::allocator<unsigned long> const&)
599 8
+2 6
cfn=(6044) std::vector<unsigned long, std::allocator<unsigned long> >::_S_check_init_len(unsigned long, std::allocator<unsigned long> const&)
calls=1 2207 
* 84
* 6
cfn=(6052) std::_Vector_base<unsigned long, std::allocator<unsigned long> >::_Vector_base(unsigned long, std::allocator<unsigned long> const&)
calls=1 339 
* 319
+1 6
cfn=(6066) std::vector<unsigned long, std::allocator<unsigned long> >::_M_fill_initialize(unsigned long, unsigned long const&)
calls=1 1996 
* 6017
* 4

fn=(6058) std::_Vector_base<unsigned long, std::allocator<unsigned long> >::_M_create_storage(unsigned long)
403 10
+2 10
cfn=(6060) std::_Vector_base<unsigned long, std::allocator<unsigned long> >::_M_allocate(unsigned long)
calls=2 -21 
* 342
* 4
+1 8
+1 14
+1 6

fn=(6146) std::vector<ThreadCtx, std::allocator<ThreadCtx> >::operator[](unsigned long)
1261 160
+2 96
cfn=(6148) std::vector<ThreadCtx, std::allocator<ThreadCtx> >::size() const
calls=32 1117 
* 480
* 224
+1 160
+1 64

fn=(6532) std::vector<unsigned int, std::allocator<unsigned int> >::operator[](unsigned long) const
1280 41280
+2 24768
cfn=(6022) std::vector<unsigned int, std::allocator<unsigned int> >::size() const
calls=8256 1117 
* 123840
* 57792
+1 41280
+1 16512

fn=(6536) std::vector<Vector, std::allocator<Vector> >::operator[](unsigned long) const
1280 41280
+2 24768
cfn=(5472)
calls=8256 1117 
* 123840
* 57792
+1 41280
+1 16512

fn=(7386) std::vector<double, std::allocator<double> >::~vector()
800 20
+3 15
cfn=(5958) std::_Vector_base<double, std::allocator<double> >::_M_get_Tp_allocator()
calls=5 307 
* 30
-1 35
fi=(82)
1045 25
cfi=(95)
cfn=(7388) void std::_Destroy<double*>(double*, double*)
calls=5 202 
* 35
+1 5
fe=(62)
805 15
cfn=(7392) std::_Vector_base<double, std::allocator<double> >::~_Vector_base()
calls=5 373 
* 1095
* 15

fn=(7420) std::_Vector_base<ThreadCtx, std::allocator<ThreadCtx> >::~_Vector_base()
373 4
+3 7
-1 7
cfn=(7422)
calls=1 +17 
* 104
+2 3
cfn=(7428) std::_Vector_base<ThreadCtx, std::allocator<ThreadCtx> >::_Vector_impl::~_Vector_impl()
calls=1 139 
* 19
* 3

fn=(7432) std::vector<unsigned long, std::allocator<unsigned long> >::~vector()
800 8
+3 6
cfn=(6068) std::_Vector_base<unsigned long, std::allocator<unsigned long> >::_M_get_Tp_allocator()
calls=2 307 
* 12
-1 14
fi=(82)
1045 10
cfi=(95)
cfn=(7434) void std::_Destroy<unsigned long*>(unsigned long*, unsigned long*)
calls=2 202 
* 14
+1 2
fe=(62)
805 6
cfn=(7438) std::_Vector_base<unsigned long, std::allocator<unsigned long> >::~_Vector_base()
calls=2 373 
* 292
* 6

fn=(7474) std::_Vector_base<Vector, std::allocator<Vector> >::_Vector_impl::~_Vector_impl()
139 6
fi=(76)
+50 3
cfi=(77)
cfn=(7476)
calls=1 -85 
* 6
* 1
fe=(62)
-50 3

fn=(5470) std::vector<Vector, std::allocator<Vector> >::_S_max_size(std::allocator<Vector> const&)
2216 112
+5 128
fi=(77)
233 16
-50 16
fi=(82)
712 16
fe=(62)
2223 16
+1 80
cfi=(81)
cfn=(5000)
calls=16 234 
* 208
* 16
+1 80

fn=(5476)
998 56
+1 16
fi=(94)
+60 32
fe=(62)
-60 48

fn=(5478)
1018 56
+1 24
fi=(94)
+40 32
fe=(62)
-40 48

fn=(5552) std::_Vector_base<Vector, std::allocator<Vector> >::_M_deallocate(Vector*, unsigned long)
392 48
+3 16
+1 48
fi=(82)
649 48
cfi=(77)
cfn=(5554)
calls=8 156 
* 1511
* 8
fe=(62)
397 24

fn=(5934)
2207 60
fi=(77)
92 4
fi=(76)
+81 4
fe=(62)
2209 12
cfn=(5936) std::vector<double, std::allocator<double> >::_S_max_size(std::allocator<double> const&)
calls=4 +7 
* 172
* 8
fi=(76)
189 12
cfi=(77)
cfn=(5938)
calls=4 -85 
* 24
* 4
fe=(62)
2209 8
+3 4
+1 24

fn=(5946)
105 15
+1 30
+1 15

fn=(5948) std::_Vector_base<double, std::allocator<double> >::_M_create_storage(unsigned long)
403 25
+2 25
cfn=(5950)
calls=5 -21 
* 1890
* 10
+1 20
+1 35
+1 15

fn=(5958)
307 30
+1 30

fn=(5976) std::vector<unsigned int, std::allocator<unsigned int> >::_S_check_init_len(unsigned long, std::allocator<unsigned int> const&)
2207 15
fi=(77)
92 1
fi=(76)
+81 1
fe=(62)
2209 3
cfn=(5978)
calls=1 +7 
* 43
* 2
fi=(76)
189 3
cfi=(77)
cfn=(5980)
calls=1 -85 
* 6
* 1
fe=(62)
2209 2
+3 1
+1 6

fn=(6022)
1117 25152
+2 67072
+1 8384
+2 8384
+1 16768

fn=(6052)
339 14
+1 10
cfn=(6054) std::_Vector_base<unsigned long, std::allocator<unsigned long> >::_Vector_impl::_Vector_impl(std::allocator<unsigned long> const&)
calls=2 152 
* 66
+1 10
cfn=(6058)
calls=2 +62 
* 394
* 8

fn=(6084) std::vector<unsigned long, std::allocator<unsigned long> >::operator[](unsigned long)
1261 41440
+2 24864
cfn=(6086)
calls=8288 1117 
* 124320
* 58016
+1 41440
+1 16576

fn=(6120) std::_Vector_base<ThreadCtx, std::allocator<ThreadCtx> >::_Vector_impl_data::_Vector_impl_data()
105 3
+1 6
+1 3

fn=(6132) std::_Vector_base<ThreadCtx, std::allocator<ThreadCtx> >::_M_get_Tp_allocator()
307 6
+1 6

fn=(7414) std::vector<ThreadCtx, std::allocator<ThreadCtx> >::~vector()
800 4
+3 3
cfn=(6132)
calls=1 307 
* 6
-1 7
fi=(82)
1045 5
cfi=(95)
cfn=(7416) void std::_Destroy<ThreadCtx*>(ThreadCtx*, ThreadCtx*)
calls=1 202 
* 7
+1 1
fe=(62)
805 3
cfn=(7420)
calls=1 373 
* 147
* 3

fn=(4724) std::vector<Vector, std::allocator<Vector> >::vector()
561 7
cfn=(4726)
calls=1 321 
* 38
* 3

fn=(5464)
2196 80
+2 24
cfn=(5466) std::vector<Vector, std::allocator<Vector> >::max_size() const
calls=8 1128 
* 480
* 32
cfn=(5472)
calls=8 1117 
* 120
* 56
+3 24
cfn=(5472)
calls=8 1117 
* 120
* 32
cfn=(5472)
calls=8 1117 
* 120
* 48
cfi=(81)
cfn=(5474) unsigned long const& std::max<unsigned long>(unsigned long const&, unsigned long const&)
calls=8 258 
* 105
* 24
+1 24
cfn=(5472)
calls=8 1117 
* 120
* 40
cfn=(5466)
calls=8 1128 
* 480
* 24
+1 48

fn=(5496)
307 27
+1 27

fn=(5956)
1996 24
+4 12
cfn=(5958)
calls=4 307 
* 24
* 4
-1 24
cfi=(93)
cfn=(5960) double* std::__uninitialized_fill_n_a<double*, unsigned long, double, double>(double*, unsigned long, double const&, std::allocator<double>&)
calls=4 720 
* 1139736
-1 8
+3 12

fn=(5990)
403 5
+2 5
cfn=(5992) std::_Vector_base<unsigned int, std::allocator<unsigned int> >::_M_allocate(unsigned long)
calls=1 -21 
* 103
* 2
+1 4
+1 7
+1 3

fn=(6060)
384 10
+3 12
fi=(82)
614 12
cfi=(77)
cfn=(6062)
calls=2 126 
* 300
* 4
fe=(62)
388 4

fn=(6068)
307 12
+1 12

fn=(6088) std::vector<unsigned long, std::allocator<unsigned long> >::vector(unsigned long, std::allocator<unsigned long> const&)
586 7
+1 6
cfn=(6044)
calls=1 2207 
* 84
* 6
cfn=(6052)
calls=1 339 
* 183
+1 5
cfn=(6090) std::vector<unsigned long, std::allocator<unsigned long> >::_M_default_initialize(unsigned long)
calls=1 2007 
* 268
* 4

fn=(6106) std::vector<ThreadCtx, std::allocator<ThreadCtx> >::vector(unsigned long, std::allocator<ThreadCtx> const&)
586 7
+1 6
cfn=(6108)
calls=1 2207 
* 84
* 6
cfn=(6116) std::_Vector_base<ThreadCtx, std::allocator<ThreadCtx> >::_Vector_base(unsigned long, std::allocator<ThreadCtx> const&)
calls=1 339 
* 568
+1 5
cfn=(6130) std::vector<ThreadCtx, std::allocator<ThreadCtx> >::_M_default_initialize(unsigned long)
calls=1 2007 
* 500
* 4

fn=(6130)
2007 5
+4 3
cfn=(6132)
calls=1 307 
* 6
* 1
-1 6
cfi=(93)
cfn=(6134) ThreadCtx* std::__uninitialized_default_n_a<ThreadCtx*, unsigned long, ThreadCtx>(ThreadCtx*, unsigned long, std::allocator<ThreadCtx>&)
calls=1 994 
* 474
-1 2
+3 3

fn=(6148)
1117 96
+2 256
+1 32
+2 32
+1 64

fn=(7394) std::_Vector_base<double, std::allocator<double> >::_M_deallocate(double*, unsigned long)
392 30
+3 10
+1 30
fi=(82)
649 30
cfi=(77)
cfn=(7396)
calls=5 156 
* 760
* 5
fe=(62)
397 15

fn=(7438)
373 8
+3 14
-1 14
cfn=(7440) std::_Vector_base<unsigned long, std::allocator<unsigned long> >::_M_deallocate(unsigned long*, unsigned long)
calls=2 +17 
* 206
+2 6
cfn=(7446)
calls=2 139 
* 38
* 6

fn=(7458) std::_Vector_base<unsigned int, std::allocator<unsigned int> >::_M_deallocate(unsigned int*, unsigned long)
392 6
+3 2
+1 6
fi=(82)
649 6
cfi=(77)
cfn=(7460)
calls=1 156 
* 79
* 1
fe=(62)
397 3

fn=(5480)
384 40
+3 48
fi=(82)
614 48
cfi=(77)
cfn=(5482)
calls=8 126 
* 1865
* 16
fe=(62)
388 16

fn=(5520)
1880 32
+2 32
+1 63
cfn=(5552)
calls=7 392 
* 1509
+1 24

fn=(6028) std::vector<double, std::allocator<double> >::operator[](unsigned long)
1261 246400
+2 147840
cfn=(6030) std::vector<double, std::allocator<double> >::size() const
calls=49280 1117 
* 739200
* 344960
+1 246400
+1 98560

fn=(6054)
152 26
fi=(77)
-60 2
fi=(76)
+81 2
fe=(62)
-20 6
cfn=(6056) std::_Vector_base<unsigned long, std::allocator<unsigned long> >::_Vector_impl_data::_Vector_impl_data()
calls=2 -48 
* 24
+1 6

fn=(6090)
2007 5
+4 3
cfn=(6068)
calls=1 307 
* 6
* 1
-1 6
cfi=(93)
cfn=(6092) unsigned long* std::__uninitialized_default_n_a<unsigned long*, unsigned long, unsigned long>(unsigned long*, unsigned long, std::allocator<unsigned long>&)
calls=1 994 
* 242
-1 2
+3 3

fn=(6118) std::_Vector_base<ThreadCtx, std::allocator<ThreadCtx> >::_Vector_impl::_Vector_impl(std::allocator<ThreadCtx> const&)
152 13
fi=(77)
-60 1
fi=(76)
+81 1
fe=(62)
-20 3
cfn=(6120)
calls=1 -48 
* 12
+1 3

fn=(6124) std::_Vector_base<ThreadCtx, std::allocator<ThreadCtx> >::_M_allocate(unsigned long)
384 5
+3 6
fi=(82)
614 6
cfi=(77)
cfn=(6126)
calls=1 126 
* 467
* 2
fe=(62)
388 2

fn=(6534) std::vector<double, std::allocator<double> >::operator[](unsigned long) const
1280 82560
+2 49536
cfn=(6030)
calls=16512 1117 
* 247680
* 115584
+1 82560
+1 33024

fn=(6770) std::vector<double, std::allocator<double> >::begin() const
1008 7
+1 2
fi=(94)
+50 4
fe=(62)
-50 6

fn=(4730) std::_Vector_base<Vector, std::allocator<Vector> >::_Vector_impl_data::_Vector_impl_data()
105 3
+1 6
+1 3

fn=(5486)
1875 48
+1 72
+1 24

fn=(5936)
2216 28
+5 32
fi=(77)
233 4
-50 4
fi=(82)
712 4
fe=(62)
2223 4
+1 20
cfi=(81)
cfn=(5000)
calls=4 234 
* 52
* 4
+1 20

fn=(5942)
339 35
+1 25
cfn=(5944)
calls=5 152 
* 165
+1 25
cfn=(5948)
calls=5 +62 
* 2020
* 20

fn=(5992)
384 5
+3 6
fi=(82)
614 6
cfi=(77)
cfn=(5994)
calls=1 126 
* 82
* 2
fe=(62)
388 2

fn=(6000)
307 6
+1 6

fn=(6020) std::vector<unsigned int, std::allocator<unsigned int> >::operator[](unsigned long)
1261 640
+2 384
cfn=(6022)
calls=128 1117 
* 1920
* 896
+1 640
+1 256

fn=(6066)
1996 6
+4 3
cfn=(6068)
calls=1 307 
* 6
* 1
-1 6
cfi=(93)
cfn=(6070) unsigned long* std::__uninitialized_fill_n_a<unsigned long*, unsigned long, unsigned long, unsigned long>(unsigned long*, unsigned long, unsigned long const&, std::allocator<unsigned long>&)
calls=1 720 
* 5990
-1 2
+3 3

fn=(6540) std::vector<unsigned long, std::allocator<unsigned long> >::operator[](unsigned long) const
1280 40640
+2 24384
cfn=(6086)
calls=8128 1117 
* 121920
* 56896
+1 40640
+1 16256

fn=(6728) std::vector<double, std::allocator<double> >::vector(std::vector<double, std::allocator<double> > const&)
631 11
+2 4
cfn=(6730)
calls=1 312 
* 6
* 11
fi=(77)
92 1
fi=(76)
+81 1
fi=(82)
726 1
fi=(118) /usr/include/c++/15.1.1/ext/alloc_traits.h
100 1
fe=(62)
633 3
cfn=(6030)
calls=1 1117 
* 15
* 6
cfn=(5942)
calls=1 339 
* 475
fi=(76)
189 3
cfi=(77)
cfn=(5938)
calls=1 -85 
* 6
* 1
fe=(62)
638 3
cfn=(5958)
calls=1 307 
* 6
* 1
-1 2
-1 3
cfn=(6768)
calls=1 1028 
* 20
* 4
cfn=(6770)
calls=1 1008 
* 19
* 5
cfi=(93)
cfn=(6772) double* std::__uninitialized_copy_a<__gnu_cxx::__normal_iterator<double const*, std::vector<double, std::allocator<double> > >, __gnu_cxx::__normal_iterator<double const*, std::vector<double, std::allocator<double> > >, double*, double>(__gnu_cxx::__normal_iterator<double const*, std::vector<double, std::allocator<double> > >, __gnu_cxx::__normal_iterator<double const*, std::vector<double, std::allocator<double> > >, double*, std::allocator<double>&)
calls=1 -23 
* 131118
-1 2
+4 10

fn=(7392)
373 20
+3 35
-1 35
cfn=(7394)
calls=5 +17 
* 880
+2 15
cfn=(7406)
calls=5 139 
* 95
* 15

fn=(7428)
139 6
fi=(76)
+50 3
cfi=(77)
cfn=(6112)
calls=1 -85 
* 6
* 1
fe=(62)
-50 3

fn=(7440)
392 12
+3 4
+1 12
fi=(82)
649 12
cfi=(77)
cfn=(7442)
calls=2 156 
* 158
* 2
fe=(62)
397 6

fn=(7456)
373 4
+3 7
-1 7
cfn=(7458)
calls=1 +17 
* 103
+2 3
cfn=(7464) std::_Vector_base<unsigned int, std::allocator<unsigned int> >::_Vector_impl::~_Vector_impl()
calls=1 139 
* 19
* 3

fn=(7464)
139 6
fi=(76)
+50 3
cfi=(77)
cfn=(5980)
calls=1 -85 
* 6
* 1
fe=(62)
-50 3

fn=(7468) std::vector<Vector, std::allocator<Vector> >::~vector()
800 4
+3 3
cfn=(5496)
calls=1 307 
* 6
-1 7
fi=(82)
1045 5
cfi=(95)
cfn=(5516)
calls=1 202 
* 29659
+1 1
fe=(62)
805 3
cfn=(7472) std::_Vector_base<Vector, std::allocator<Vector> >::~_Vector_base()
calls=1 373 
* 237
* 3

fn=(4728)
143 8
fi=(77)
-55 1
fi=(76)
+80 1
fe=(62)
-20 3
cfn=(4730)
calls=1 -43 
* 12
+1 3

fn=(5466)
1128 64
+1 48
cfn=(5468) std::_Vector_base<Vector, std::allocator<Vector> >::_M_get_Tp_allocator() const
calls=16 312 
* 96
* 32
cfn=(5470)
calls=16 2216 
* 688
* 32

fn=(5468)
312 48
+1 48

fn=(5974) std::vector<unsigned int, std::allocator<unsigned int> >::vector(unsigned long, unsigned int const&, std::allocator<unsigned int> const&)
599 8
+2 6
cfn=(5976)
calls=1 2207 
* 84
* 6
cfn=(5984)
calls=1 339 
* 183
+1 6
cfn=(5998)
calls=1 1996 
* 6017
* 4

fn=(6030)
1117 246534
+2 657424
+1 82178
+2 82178
+1 164356

fn=(6044)
2207 30
fi=(77)
92 2
fi=(76)
+81 2
fe=(62)
2209 6
cfn=(6046)
calls=2 +7 
* 86
* 4
fi=(76)
189 6
cfi=(77)
cfn=(6048)
calls=2 -85 
* 12
* 2
fe=(62)
2209 4
+3 2
+1 12

fn=(6056)
105 6
+1 12
+1 6

fn=(6116)
339 7
+1 5
cfn=(6118)
calls=1 152 
* 33
+1 5
cfn=(6122) std::_Vector_base<ThreadCtx, std::allocator<ThreadCtx> >::_M_create_storage(unsigned long)
calls=1 +62 
* 514
* 4

fn=(6122)
403 5
+2 5
cfn=(6124)
calls=1 -21 
* 488
* 2
+1 4
+1 7
+1 3

fn=(7472)
373 4
+3 7
-1 7
cfn=(5552)
calls=1 +17 
* 194
+2 3
cfn=(7474)
calls=1 139 
* 19
* 3

fl=(61) /home/nithin/CLionProjects/1dv1674_a2/pearson/dataset.cpp
fn=(4722) Dataset::read(std::__cxx11::basic_string<char, std::char_traits<char>, std::allocator<char> >)
18 10
+1 1
+1 7
cfi=(62)
cfn=(4724)
calls=1 561 
* 48
+1 3
cob=(1)
cfi=(1)
cfn=(4588)
calls=1 -21 
* 1478
* 5
+2 6
cob=(1)
cfi=(1)
cfn=(4588)
calls=1 -23 
* 2295
* 5
+2 4
cob=(1)
cfi=(1)
cfn=(4588)
calls=1 -25 
* 936
* 5
* 2
+6 5
cob=(1)
cfi=(1)
cfn=(4588)
calls=1 -31 
* 1309
* 5
+1 3
cfi=(57)
cfn=(4932)
calls=1 585 
* 147
+2 5
cob=(1)
cfi=(1)
cfn=(4588)
calls=1 -34 
* 1486
* 5
+2 1
+2 384
cfi=(83)
cfn=(5040)
calls=128 151 
* 1024
* 768
cob=(7)
cfi=(84)
cfn=(5046)
calls=127 1072 
* 111633
cob=(1)
cfi=(1)
cfn=(4588)
calls=1 -38 
* 2406
* 132
+1 640
cfi=(86)
cfn=(5070)
calls=128 -14 
* 11403
+1 384
cfi=(86)
cfn=(5076)
calls=128 +10 
* 896
* 896
cfi=(87)
cfn=(5078)
calls=128 +41 
* 227455
* 640
cfi=(90)
cfn=(5396)
calls=128 684 
* 29208049
+3 640
cfi=(62)
cfn=(5460)
calls=128 1416 
* 771456
+1 384
cfi=(86)
cfn=(5522)
calls=128 -29 
* 12128
* 384
cob=(7)
cfi=(84)
cfn=(5534)
calls=127 1083 
* 20828
cob=(1)
cfi=(1)
cfn=(4588)
calls=1 -44 
* 1238
* 132
-8 645
cob=(7)
cfi=(78)
cfn=(4944)
calls=129 4407 
* 57825
* 129
* 774
cob=(7)
cfi=(34)
cfn=(5038)
calls=128 +88 
* 512
cob=(1)
cfi=(1)
cfn=(4588)
calls=1 -36 
* 933
* 133
* 258
+11 3
cfi=(57)
cfn=(5836)
calls=1 895 
* 222
* 3
cob=(1)
cfi=(1)
cfn=(4588)
calls=1 -47 
* 1719
* 5
* 9

fn=(6790) Dataset::write(std::vector<double, std::allocator<double> >, std::__cxx11::basic_string<char, std::char_traits<char>, std::allocator<char> >)
50 9
+1 3
cob=(1)
cfi=(1)
cfn=(4588)
calls=1 -51 
* 1624
* 5
+2 6
cob=(1)
cfi=(1)
cfn=(4588)
calls=1 -53 
* 2552
* 5
+2 4
cob=(7)
cfi=(34)
cfn=(4864)
calls=1 +78 
* 4
* 1
* 2
+6 2
+2 32768
cfi=(99) /usr/include/c++/15.1.1/iomanip
cfn=(6816) std::setprecision(int)
calls=16384 208 
* 98304
* 81920
cob=(7)
cfi=(100)
cfn=(6834)
calls=16383 220 
* 114681
cob=(1)
cfi=(1)
cfn=(4588)
calls=1 -63 
* 1191
* 16388
* 114688
cfi=(62)
cfn=(6028)
calls=16384 1261 
* 606208
* 65536
cob=(7)
cfi=(37)
cfn=(6840)
calls=16383 231 
* 46682551
cob=(1)
cfi=(1)
cfn=(4588)
calls=1 -63 
* 3294
* 16388
* 65536
cob=(7)
cfi=(37)
cfn=(7120)
calls=16383 +53 
* 5815965
cob=(1)
cfi=(1)
cfn=(4588)
calls=1 -63 
* 1119
* 16388
-2 98304
cfi=(62)
cfn=(6030)
calls=16384 1117 
* 245760
* 5
cfi=(62)
cfn=(6030)
calls=1 1117 
* 15
* 65540
+4 4
cob=(1)
cfi=(1)
cfn=(4588)
calls=1 -65 
* 1973
* 5
* 7

fl=(95)
fn=(5548) void std::_Construct<Vector, Vector const&>(Vector*, Vector const&)
123 1143
+10 508
cfi=(92)
cfn=(5488)
calls=127 +75 
* 889
* 508
fi=(117)
-60 127
fe=(95)
+60 381
cfi=(86)
cfn=(5492)
calls=127 -98 
* 355342
* 381
+1 1016

fn=(5550) void std::_Destroy<Vector>(Vector*)
161 1020
+5 765
cfi=(86)
cfn=(5522)
calls=255 15 
* 48473
+2 765

fn=(5968) void std::_Construct<double, double const&>(double*, double const&)
123 148608
+10 99072
cfi=(92)
cfn=(5488)
calls=24768 +75 
* 173376
* 49536
fi=(117)
-60 24768
fe=(95)
+60 123840
+1 99072

fn=(7388)
202 20
+20 15

fn=(6078) void std::_Construct<unsigned long, unsigned long const&>(unsigned long*, unsigned long const&)
123 768
+10 512
cfi=(92)
cfn=(5488)
calls=128 +75 
* 896
* 256
fi=(117)
-60 128
fe=(95)
+60 640
+1 512

fn=(6140) void std::_Construct<ThreadCtx>(ThreadCtx*)
123 5
+10 4
cfi=(92)
cfn=(5488)
calls=1 +75 
* 7
* 8
+1 4

fn=(7416)
202 4
+20 3

fn=(7452)
202 4
+20 3

fn=(6098) void std::_Construct<unsigned long>(unsigned long*)
123 5
+10 4
cfi=(92)
cfn=(5488)
calls=1 +75 
* 7
* 4
+1 4

fn=(6010) void std::_Construct<unsigned int, unsigned int const&>(unsigned int*, unsigned int const&)
123 768
+10 512
cfi=(92)
cfn=(5488)
calls=128 +75 
* 896
* 256
fi=(117)
-60 128
fe=(95)
+60 640
+1 512

fn=(5516)
202 45
+9 519
fi=(117)
53 255
fe=(95)
212 510
cfn=(5550)
calls=255 -51 
* 51023
-1 1047
+11 36

fn=(7434)
202 8
+20 6

fl=(99)
fn=(6816)
208 98304

fl=(81)
fn=(6104) void std::__fill_a1<unsigned long*, unsigned long>(unsigned long*, unsigned long*, unsigned long const&)
897 5
+9 1
+17 3
+1 1
+1 45
-1 63
+2 4

fn=(5000)
234 104
+5 156
+2 26
+1 52

fn=(5398)
1020 768

fn=(5474)
258 32
+5 48
+1 2
+1 7
+1 16

fn=(6100) std::__size_to_integer(unsigned long)
1024 12

fn=(6530) unsigned int const& std::min<unsigned int>(unsigned int const&, unsigned int const&)
234 64
+5 96
+1 30
+1 1
+1 32

fn=(5402)
535 1024
+46 256
+4 49152
cfi=(87)
cfn=(5404)
calls=16384 106 
* 114688
* 49152
+1 16384
+1 81920
+1 48768
cfi=(87)
cfn=(5406)
calls=16256 120 
* 28818033
-3 16256
+5 128
+3 128
+1 256

fn=(6144) void std::__fill_a1<ThreadCtx*, ThreadCtx>(ThreadCtx*, ThreadCtx*, ThreadCtx const&)
897 6
+9 1
+17 2
+1 1
+1 270
-1 63
+2 5

fl=(60)
fn=(4720) std::__cxx11::basic_string<char, std::char_traits<char>, std::allocator<char> >::_M_construct<char const*>(char const*, char const*, std::forward_iterator_tag)::_Guard::~_Guard()
248 22

fn=(4690)
227 26
fi=(119) /usr/include/c++/15.1.1/bits/stl_iterator_base_types.h
+15 2
fi=(120) /usr/include/c++/15.1.1/bits/stl_iterator_base_funcs.h
-89 8
-45 4
+46 2
fe=(60)
+77 2
+2 6
+2 6
cfn=(4994)
calls=1 -92 
* 197
* 5
cfi=(57)
cfn=(6724)
calls=1 -7 
* 10
+1 5
cfi=(57)
cfn=(6726)
calls=1 +29 
* 10
* 3
fi=(57)
378 1
fe=(60)
251 5
cfn=(4692) std::__cxx11::basic_string<char, std::char_traits<char>, std::allocator<char> >::_M_construct<char const*>(char const*, char const*, std::forward_iterator_tag)::_Guard::_Guard(std::__cxx11::basic_string<char, std::char_traits<char>, std::allocator<char> >*)
calls=1 -6 
* 10
* 5
cfn=(4692)
calls=1 -6 
* 10
+2 6
cfi=(57)
cfn=(4694)
calls=2 -15 
* 14
* 12
cfi=(57)
cfn=(4696)
calls=2 483 
* 1196
+2 2
+2 10
cfi=(57)
cfn=(4714)
calls=2 +13 
* 114
+1 6
cfn=(4720)
calls=2 -10 
* 22
* 10

fn=(4994)
143 14
+5 10
cfi=(57)
cfn=(4996)
calls=2 1181 
* 104
* 8
+6 20
+10 12
cfi=(57)
cfn=(5002)
calls=2 359 
* 12
* 6
cfi=(57)
cfn=(5004)
calls=2 -24 
* 978
+1 6

fn=(4692)
245 20

fl=(58)
fn=(4676)
134 21
fi=(117)
-81 3
177 3
fe=(58)
-42 6

fn=(5844)
134 21
fi=(117)
-81 3
177 3
fe=(58)
-42 6

fl=(56)
fn=(6024) compute_mean_vec(Vector const&)
97 512
+1 384
cfi=(86)
cfn=(6018)
calls=128 -53 
* 896
* 128
+1 256
+1 256
+1 82176
cfi=(86)
cfn=(6026)
calls=16384 -46 
* 196608
* 115072
+1 1024
+1 384

fn=(6032) compute_invstd_from_mean_vec(Vector const&, double)
106 640
+1 384
cfi=(86)
cfn=(6018)
calls=128 -62 
* 896
* 128
+1 256
+1 256
+1 256
+1 81920
cfi=(86)
cfn=(6026)
calls=16384 -56 
* 196608
* 65536
+1 81920
-2 65920
+4 1152
+1 384
+1 384
cob=(3)
cfi=(3)
cfn=(6038) sqrt
calls=127 0 
* 1016
cob=(1)
cfi=(1)
cfn=(4588)
calls=1 0 
* 728
* 132
* 384
+1 256

fn=(4580)
119 9
+1 2
+4 3
+1 3
+1 5
cob=(1)
cfi=(1)
cfn=(4588)
calls=1 0 
* 971
* 5
* 1
+1 2
+4 4
fi=(77)
-43 1
fi=(76)
+80 1
fe=(56)
-34 6
cfi=(57)
cfn=(4672)
calls=1 706 
* 2281
* 5
cfi=(61)
cfn=(4722)
calls=1 18 
* 30444841
* 3
cfi=(57)
cfn=(5836)
calls=1 895 
* 97
fi=(76)
+55 3
cfi=(77)
cfn=(4938)
calls=1 -85 
* 6
* 1
fe=(56)
-54 3
cfi=(62)
cfn=(5472)
calls=1 1117 
* 15
* 3
fi=(77)
-47 1
fi=(76)
+80 1
fe=(56)
-30 8
cfi=(62)
cfn=(5932)
calls=1 599 
* 6314
fi=(76)
+51 3
cfi=(77)
cfn=(5938)
calls=1 -85 
* 6
* 3
fi=(77)
88 1
fi=(76)
+80 1
fe=(56)
-30 8
cfi=(62)
cfn=(5932)
calls=1 599 
* 6710
fi=(76)
+51 3
cfi=(77)
cfn=(5938)
calls=1 -85 
* 6
* 3
fi=(77)
88 1
fi=(76)
+80 1
fe=(56)
-29 7
cfi=(62)
cfn=(5974)
calls=1 599 
* 6314
fi=(76)
+50 3
cfi=(77)
cfn=(5980)
calls=1 -85 
* 6
* 1
fe=(56)
-49 2
+1 640
cfi=(62)
cfn=(6016)
calls=128 1261 
* 4736
* 256
cfi=(86)
cfn=(6018)
calls=128 -96 
* 896
* 128
+1 768
cfi=(62)
cfn=(6020)
calls=128 1261 
* 4736
* 128
+1 640
cfi=(62)
cfn=(6016)
calls=128 1261 
* 4736
* 256
cfn=(6024)
calls=128 -46 
* 397696
* 256
+1 896
cfi=(62)
cfn=(6028)
calls=128 1261 
* 4736
* 256
+1 640
cfi=(62)
cfn=(6016)
calls=128 1261 
* 4736
* 640
cfn=(6032)
calls=128 -39 
* 499156
* 768
cfi=(62)
cfn=(6028)
calls=128 1261 
* 4736
* 128
-5 515
+9 9
fi=(77)
-61 1
fi=(76)
+80 1
fe=(56)
-18 8
cfi=(62)
cfn=(5932)
calls=1 599 
* 374693
fi=(76)
+39 3
cfi=(77)
cfn=(5938)
calls=1 -85 
* 6
* 3
fi=(77)
88 1
fi=(76)
+80 1
fe=(56)
-15 7
cfi=(62)
cfn=(6042)
calls=1 599 
* 6450
fi=(76)
+36 3
cfi=(77)
cfn=(6048)
calls=1 -85 
* 6
* 1
fe=(56)
-35 2
+1 384
+1 1024
-1 640
cfi=(62)
cfn=(6084)
calls=128 1261 
* 4736
* 128
-1 517
fi=(77)
-66 1
fi=(76)
+80 1
fe=(56)
-8 6
cfi=(62)
cfn=(6088)
calls=1 586 
* 563
fi=(76)
+29 3
cfi=(77)
cfn=(6048)
calls=1 -85 
* 6
* 3
fi=(77)
88 1
fi=(76)
+80 1
fe=(56)
-7 6
cfi=(62)
cfn=(6106)
calls=1 586 
* 1180
fi=(76)
+28 3
cfi=(77)
cfn=(6112)
calls=1 -85 
* 6
* 1
fe=(56)
-27 2
+1 80
cfi=(62)
cfn=(6146)
calls=16 1261 
* 592
* 288
+1 80
cfi=(62)
cfn=(6146)
calls=16 1261 
* 592
* 96
cfi=(62)
cfn=(6084)
calls=16 1261 
* 592
* 96
cob=(2)
cfi=(2)
cfn=(6154)
calls=15 0 
* 18225
cob=(1)
cfi=(1)
cfn=(4588)
calls=1 0 
* 2643
* 20
* 16
+1 32
-3 67
+8 2
+1 80
cfi=(62)
cfn=(6084)
calls=16 1261 
* 592
* 64
cob=(2)
cfi=(2)
cfn=(6300)
calls=15 0 
* 6835
cob=(1)
cfi=(1)
cfn=(4588)
calls=1 0 
* 1066
* 20
-1 69
fi=(77)
-82 1
fi=(76)
+80 1
fe=(56)
+7 11
cfi=(62)
cfn=(5932)
calls=1 599 
* 754398
fi=(76)
+14 3
cfi=(77)
cfn=(5938)
calls=1 -85 
* 6
* 1
fe=(56)
-13 2
+1 1024
cfi=(62)
cfn=(6028)
calls=128 1261 
* 4736
* 256
+1 512
+1 40640
cfi=(62)
cfn=(6084)
calls=8128 1261 
* 300736
* 56896
+1 40640
cfi=(62)
cfn=(6028)
calls=8128 1261 
* 300736
* 16256
+1 89408
cfi=(62)
cfn=(6028)
calls=8128 1261 
* 300736
* 16256
+1 89408
cfi=(62)
cfn=(6028)
calls=8128 1261 
* 300736
* 16256
-4 32896
-2 517
fi=(77)
-88 1
fi=(76)
+80 1
fe=(56)
+19 6
cfi=(57)
cfn=(4672)
calls=1 706 
* 544
* 5
cfi=(62)
cfn=(6728)
calls=1 631 
* 131738
* 5
cfi=(61)
cfn=(6790)
calls=1 50 
* 54148755
* 3
cfi=(62)
cfn=(7386)
calls=1 800 
* 192
* 3
cfi=(57)
cfn=(5836)
calls=1 895 
* 222
fi=(76)
+2 3
cfi=(77)
cfn=(4938)
calls=1 -85 
* 6
* 1
fe=(56)
-1 1
+1 3
cfi=(62)
cfn=(7386)
calls=1 800 
* 289
* 3
cfi=(62)
cfn=(7414)
calls=1 800 
* 186
* 3
cfi=(62)
cfn=(7432)
calls=1 800 
* 185
* 3
cfi=(62)
cfn=(7432)
calls=1 800 
* 185
* 3
cfi=(62)
cfn=(7386)
calls=1 800 
* 439
* 3
cfi=(62)
cfn=(7450)
calls=1 800 
* 185
* 3
cfi=(62)
cfn=(7386)
calls=1 800 
* 185
* 3
cfi=(62)
cfn=(7386)
calls=1 800 
* 185
* 3
cfi=(62)
cfn=(7468)
calls=1 800 
* 29928
* 4
fi=(76)
* 3
fe=(56)

fn=(6538) pearson_pair_kernel_unrolled_idx(Vector const&, Vector const&, unsigned int, double, double, double, double, double)
34 89408
+1 16256
+2 8128
+1 24384
+1 8128
+1 1300480
cfi=(86)
cfn=(6026)
calls=260096 +15 
* 3121152
* 2861056
cfi=(86)
cfn=(6026)
calls=260096 +15 
* 3121152
* 1560576
+1 1560576
cfi=(86)
cfn=(6026)
calls=260096 +14 
* 3121152
* 3121152
cfi=(86)
cfn=(6026)
calls=260096 +14 
* 3121152
* 1560576
+1 1560576
cfi=(86)
cfn=(6026)
calls=260096 +13 
* 3121152
* 3121152
cfi=(86)
cfn=(6026)
calls=260096 +13 
* 3121152
* 1560576
+1 1560576
cfi=(86)
cfn=(6026)
calls=260096 +12 
* 3121152
* 3121152
cfi=(86)
cfn=(6026)
calls=260096 +12 
* 3121152
* 1560576
+1 3901440
-5 1064768
+7 32512
+5 16256
+1 16256

fn=(6528)
54 112
+1 32
+1 48
+1 48
+1 48
+3 112
+1 48
+1 144
cfi=(81)
cfn=(6530)
calls=16 234 
* 223
* 32
+2 48
+1 768
cfi=(62)
cfn=(6532)
calls=128 1280 
* 4736
* 256
+1 768
cfi=(62)
cfn=(6534)
calls=128 1280 
* 4736
* 256
+1 768
cfi=(62)
cfn=(6534)
calls=128 1280 
* 4736
* 256
+1 1408
+2 768
cfi=(62)
cfn=(6536)
calls=128 1280 
* 4736
* 128
+2 512
+1 16256
+2 48768
cfi=(62)
cfn=(6532)
calls=8128 1280 
* 300736
* 16256
+1 48768
cfi=(62)
cfn=(6534)
calls=8128 1280 
* 300736
* 16256
+1 48768
cfi=(62)
cfn=(6534)
calls=8128 1280 
* 300736
* 16256
+1 89408
+2 56896
+1 73152
+1 48768
cfi=(62)
cfn=(6536)
calls=8128 1280 
* 300736
* 8128
+1 130048
cfn=(6538)
calls=8128 -50 
* 54595776
* 16256
+1 8128
+4 48768
cfi=(62)
cfn=(6540)
calls=8128 1280 
* 300736
* 56896
+1 65024
cfi=(62)
cfn=(6028)
calls=8128 1261 
* 300736
* 16256
-17 32896
-8 560
+28 16
+1 80

fl=(93)
fn=(5962) double* std::uninitialized_fill_n<double*, unsigned long, double>(double*, unsigned long, double const&)
526 24
+45 24
cfn=(5964) double* std::__do_uninit_fill_n<double*, unsigned long, double>(double*, unsigned long, double const&)
calls=4 455 
* 1139620
+9 8

fn=(6094) unsigned long* std::__uninitialized_default_n<unsigned long*, unsigned long>(unsigned long*, unsigned long)
925 5
+11 1
+5 5
cfn=(6096) unsigned long* std::__uninitialized_default_n_1<true>::__uninit_default_n<unsigned long*, unsigned long>(unsigned long*, unsigned long)
calls=1 -53 
* 216
+1 2

fn=(6096)
888 8
+2 4
fi=(117)
53 1
fe=(93)
893 1
+1 3
cfi=(95)
cfn=(6098)
calls=1 123 
* 24
+1 1
+1 7
fi=(119)
242 1
fi=(81)
1178 3
cfn=(6100)
calls=1 1024 
* 6
* 5
-35 2
+5 9
979 6
cfn=(6104)
calls=1 -82 
* 122
* 1
1149 4
+30 1
fe=(93)
896 1
+2 1
+1 5

fn=(5498)
658 64
+6 24
cfi=(94)
cfn=(5500)
calls=8 1822 
* 48
* 32
cfi=(94)
cfn=(5500)
calls=8 1822 
* 48
* 56
cfn=(5502) Vector* std::__uninitialized_copy_a<Vector const*, Vector const*, Vector*, Vector>(Vector const*, Vector const*, Vector*, std::allocator<Vector>&)
calls=8 -51 
* 362857
+2 24

fn=(5964)
455 40
+2 20
cfn=(5966) std::_UninitDestroyGuard<double*, void>::_UninitDestroyGuard(double*&)
calls=4 113 
* 56
+12 4
+1 49536
fi=(117)
53 24768
fe=(93)
470 99072
cfi=(95)
cfn=(5968)
calls=24768 123 
* 718272
-1 247708
+2 12
cfn=(5970) std::_UninitDestroyGuard<double*, void>::release()
calls=4 125 
* 32
+1 4
+1 12
cfn=(5972) std::_UninitDestroyGuard<double*, void>::~_UninitDestroyGuard()
calls=4 118 
* 56
-1 4
+1 24

fn=(6004) unsigned int* std::uninitialized_fill_n<unsigned int*, unsigned long, unsigned int>(unsigned int*, unsigned long, unsigned int const&)
526 6
+45 6
cfn=(6006) unsigned int* std::__do_uninit_fill_n<unsigned int*, unsigned long, unsigned int>(unsigned int*, unsigned long, unsigned int const&)
calls=1 455 
* 5961
+9 2

fn=(6006)
455 10
+2 5
cfn=(6008) std::_UninitDestroyGuard<unsigned int*, void>::_UninitDestroyGuard(unsigned int*&)
calls=1 113 
* 14
+12 1
+1 256
fi=(117)
53 128
fe=(93)
470 512
cfi=(95)
cfn=(6010)
calls=128 123 
* 3712
-1 1287
+2 3
cfn=(6012) std::_UninitDestroyGuard<unsigned int*, void>::release()
calls=1 125 
* 8
+1 1
+1 3
cfn=(6014) std::_UninitDestroyGuard<unsigned int*, void>::~_UninitDestroyGuard()
calls=1 118 
* 14
-1 1
+1 6

fn=(6012)
125 8

fn=(6014)
118 4
+2 7
+2 3

fn=(5504) Vector* std::uninitialized_copy<Vector const*, Vector*>(Vector const*, Vector const*, Vector*)
231 48
+35 48
cfn=(5506) Vector* std::__do_uninit_copy<Vector const*, Vector const*, Vector*>(Vector const*, Vector const*, Vector*)
calls=8 140 
* 362625
+51 16

fn=(6092)
994 6
+2 5
cfn=(6094)
calls=1 -71 
* 229
* 2

fn=(5970)
125 32

fn=(5972)
118 16
+2 28
+2 12

fn=(6070)
720 7
+7 6
cfn=(6072) unsigned long* std::uninitialized_fill_n<unsigned long*, unsigned long, unsigned long>(unsigned long*, unsigned long, unsigned long const&)
calls=1 526 
* 5975
+1 2

fn=(6138) ThreadCtx* std::__uninitialized_default_n_1<true>::__uninit_default_n<ThreadCtx*, unsigned long>(ThreadCtx*, unsigned long)
888 8
+2 4
fi=(117)
53 1
fe=(93)
893 1
+1 3
cfi=(95)
cfn=(6140)
calls=1 123 
* 28
+1 1
+1 7
fi=(119)
242 1
fi=(81)
1178 3
cfn=(6100)
calls=1 1024 
* 6
* 5
-35 2
+5 10
979 6
cfn=(6144)
calls=1 -82 
* 348
* 1
1149 5
+30 1
fe=(93)
896 1
+2 1
+1 5

fn=(6076) std::_UninitDestroyGuard<unsigned long*, void>::_UninitDestroyGuard(unsigned long*&)
113 4
+1 7
+1 3

fn=(6134)
994 6
+2 5
cfn=(6136) ThreadCtx* std::__uninitialized_default_n<ThreadCtx*, unsigned long>(ThreadCtx*, unsigned long)
calls=1 -71 
* 461
* 2

fn=(6774) double* std::uninitialized_copy<__gnu_cxx::__normal_iterator<double const*, std::vector<double, std::allocator<double> > >, double*>(__gnu_cxx::__normal_iterator<double const*, std::vector<double, std::allocator<double> > >, __gnu_cxx::__normal_iterator<double const*, std::vector<double, std::allocator<double> > >, double*)
231 11
fi=(94)
1166 1
1340 3
1166 1
1340 4
fe=(93)
269 1
+1 2
+5 1
-2 3
fi=(94)
1166 1
3002 3
+9 1
fe=(93)
273 5
cob=(2)
cfi=(2)
cfn=(4706)
calls=1 0 
* 131056
* 1
+3 3
+2 1
+39 5

fn=(5502)
613 56
+24 48
cfn=(5504)
calls=8 231 
* 362737
+2 16

fn=(5508) std::_UninitDestroyGuard<Vector*, void>::_UninitDestroyGuard(Vector*&)
113 32
+1 56
+1 24

fn=(5510) std::_UninitDestroyGuard<Vector*, void>::release()
125 64

fn=(5512) std::_UninitDestroyGuard<Vector*, void>::~_UninitDestroyGuard()
118 32
+2 56
+2 24

fn=(6002)
720 7
+7 6
cfn=(6004)
calls=1 526 
* 5975
+1 2

fn=(6008)
113 4
+1 7
+1 3

fn=(5960)
720 28
+7 24
cfn=(5962)
calls=4 526 
* 1139676
+1 8

fn=(5966)
113 16
+1 28
+1 12

fn=(6136)
925 5
+11 1
+5 5
cfn=(6138)
calls=1 -53 
* 448
+1 2

fn=(6772)
613 7
+24 6
cfn=(6774)
calls=1 231 
* 131103
+2 2

fn=(5506)
140 80
+3 40
cfn=(5508)
calls=8 -30 
* 112
+1 8
+1 254
fi=(117)
-92 127
fe=(93)
+92 508
cfi=(95)
cfn=(5548)
calls=127 -22 
* 360295
-1 913
+2 24
cfn=(5510)
calls=8 -21 
* 64
+1 8
+1 24
cfn=(5512)
calls=8 -30 
* 112
-1 8
+1 48

fn=(6072)
526 6
+45 6
cfn=(6074) unsigned long* std::__do_uninit_fill_n<unsigned long*, unsigned long, unsigned long>(unsigned long*, unsigned long, unsigned long const&)
calls=1 455 
* 5961
+9 2

fn=(6074)
455 10
+2 5
cfn=(6076)
calls=1 113 
* 14
+12 1
+1 256
fi=(117)
53 128
fe=(93)
470 512
cfi=(95)
cfn=(6078)
calls=128 123 
* 3712
-1 1287
+2 3
cfn=(6080) std::_UninitDestroyGuard<unsigned long*, void>::release()
calls=1 125 
* 8
+1 1
+1 3
cfn=(6082) std::_UninitDestroyGuard<unsigned long*, void>::~_UninitDestroyGuard()
calls=1 118 
* 14
-1 1
+1 6

fn=(6080)
125 8

fn=(6082)
118 4
+2 7
+2 3

fl=(55)
fn=(4550)
0 12
cob=(2)
cfi=(2)
cfn=(4552)
calls=1 0 
0 88503850

fn=(4558)
0 12

fn=(7558)
0 9
cob=(2)
cfi=(2)
cfn=(7564)
calls=1 0 
0 98
0 1
cfn=(7576) 0x00000000000022c0
calls=1 0 
0 5
0 3

fn=(7576)
0 5

ob=(4)
fl=(4)
fn=(4298)
0 4
cob=(2)
cfi=(2)
cfn=(4300)
calls=2 0 
0 50

fn=(7666)
0 4

fn=(7696)
0 4

fn=(4006)
0 7

fn=(6364)
0 65600
cob=(2)
cfi=(2)
cfn=(6366)
calls=32800 0 
0 623200

fn=(4016)
0 7

fn=(3990)
0 7

fn=(4822)
0 4
cob=(2)
cfi=(2)
cfn=(4824)
calls=2 0 
0 42

fn=(4120)
0 65674
cob=(2)
cfi=(2)
cfn=(4122)
calls=32837 0 
0 459718

fn=(7588)
0 4

fn=(7716)
0 4

fn=(3960)
0 2
cob=(2)
cfi=(2)
cfn=(3962)
calls=1 0 
0 22

fn=(7614)
0 4

fn=(4554)
0 7

fn=(3914)
0 7

ob=(3)
fl=(3)
fn=(3322)
0 8

fn=(3330)
0 9

fn=(3294)
0 10

fn=(3340)
0 10

fn=(3286)
0 8

fn=(3298)
0 10

fn=(3336)
0 10

fn=(3314)
0 9

fn=(3320)
0 10

fn=(3324)
0 10

fn=(3332)
0 10

fn=(7668)
0 5
cfn=(7670) 0x000000000000f620
calls=1 0 
0 16
0 2
cfn=(7670)
calls=1 0 
0 16
0 3

fn=(3290)
0 9

fn=(3302)
0 8

fn=(3310)
0 8

fn=(3328)
0 10

fn=(3288)
0 6

fn=(3296)
0 10

fn=(3304)
0 7

fn=(3316)
0 10

fn=(6038)
0 640
cfn=(6040) __sqrt_finite
calls=128 0 
0 384

fn=(7670)
0 32

fn=(7682)
0 9
cob=(2)
cfi=(2)
cfn=(7564)
calls=1 0 
0 98
0 1
cfn=(7690) 0x000000000000f6a0
calls=1 0 
0 5
0 3

fn=(3292)
0 9

fn=(3300)
0 10

fn=(3308)
0 10

fn=(3312)
0 9

fn=(3338)
0 9

fn=(6040)
0 384

fn=(7690)
0 5

fn=(3306)
0 6

fn=(3326)
0 10

fn=(3334)
0 9

fn=(4010)
0 12

totals: 148482851
