1
0.06520793738455066
0.1028195484773116
-0.08152759648194294
0.01007780143030746
0.1790452755691929
0.05778615167313372
-0.03909851006161368
0.1277933049919566
-0.03961859408816437
0.0788983192647274
-0.03250902110242758
-0.003597167753709546
0.03946555648402161
-0.04095805985089943
-0.1670846155257377
0.1268514911642285
-0.04586058779079419
-0.1707650049245939
0.1374080795299487
-0.0764671894913167
0.02495639036121074
-0.08729490878363802
-0.1137765141107486
0.07184090729694984
-0.01590906823153932
-0.06211470091960945
0.1679732744674116
0.05603140852282851
-0.03487911167420175
0.04703284283986648
0.01425785513636891
-0.08316531543984078
-0.08659663435491159
0.02651185845095106
-0.1207509650461764
-0.09294373878872596
0.05492039237612955
0.1354833669064595
-0.01144606734877642
-0.01037262361788296
0.02770861961846639
-0.03066004727653684
0.05280382889857119
0.08454464760298069
0.02384665160591968
0.04207779745617425
0.04418044430805459
-0.1920219430371923
0.1641463835007278
-0.03459501625333106
-0.02249225340997789
-0.03430285756798738
-0.03396787378888423
-0.006200806687810501
0.07299189250469026
0.07284129413171918
0.0536903260063936
-0.09370097054769416
0.1164914504339303
-0.02657221437426337
-0.1057195107811687
-0.0789660305016346
0.03235615060546322
0.1447092482827801
0.06853469964068416
0.06939388722162362
-0.09019539500287575
0.1469548936913106
0.07611815543706216
-0.003262253675933406
8.073686750516805e-05
0.1163882637350275
0.02561526523508364
-0.05357630760867774
-0.2188771736848895
-0.05012420428776639
0.02078302739591936
-0.0403726399231854
0.01848286076337652
0.03477049022509603
0.05752034239325129
0.01696642033092862
-0.13478631176911
-0.06821370801290452
-0.01009004155720171
-0.04123244565610594
-0.1143376195231644
0.005815574181775061
-0.01944715063866062
0.10809447228837
-0.04283685533235083
0.05100288539142037
0.06103033721730603
0.06554672216318513
0.1929887893580853
-0.04576333771319224
0.1667759242185533
0.08925931326179513
-0.01443933387021134
0.102157309068194
0.005456504616380339
0.02380141570108943
0.05796009806024446
0.1519023941503686
-0.09301544798324757
0.04787021171598871
-0.01053803421828097
0.0587014350795286
0.1978715666079451
-0.122237309145025
-0.07211699554161492
-0.03309173739873016
0.06585082019619125
0.1324222548930231
-0.04400720359573715
-0.1046629495548242
0.03923478988256789
-0.1273717816230313
-0.1513428264033507
0.0417449819837275
0.1283217128325968
0.01410474388287491
0.02090413337584953
-0.1016083380511434
-0.08269101918405732
0.09914524961697914
0.07157936744315405
0.06520793738455066
1
-0.05639844516702473
-0.1251384142290183
-0.05747446849197922
-0.1393347702198033
-0.07925186469728827
0.03176863076528144
-0.001529537012849448
0.05976174260831048
0.01909375026417137
-0.03786596465337327
0.04948588508211761
-0.1232547938387803
0.02030987662197509
0.1024236340734174
0.07649988379660924
-0.04027219850463466
0.07526384126816027
0.03911987947617514
-0.01700763060629853
-0.1772969744295876
0.1572270208631309
-0.04322157297075144
0.0005970868865218248
-0.002912985487365728
-0.06301703676639264
-0.05400363736326002
-0.04046166823660294
0.06975449690968043
0.05296343661024974
-0.01436985781202727
0.05281103949939027
0.05661178591475367
-0.03100985869822449
-0.08219459426579698
-0.001942536844252919
0.1274458069876916
-0.009300029387021475
-0.07806166646427998
0.2340728573966399
-0.05742051220416904
0.01747220466993969
0.09508814044175173
0.08959720753365964
-0.02420419689084841
0.03927589009136614
0.0415119758941281
-0.07699337406705348
-0.17758640420671
-0.1038918108924448
0.0122858622010116
-0.003446695967037438
-0.004278282826829363
-0.07199277724516089
0.1348772202049464
0.09998967091971403
-0.113137718944853
0.01885287795773434
-0.002729236540611827
0.00663210453346325
0.04447262415692478
-0.04445568469203338
-0.04547760305130497
-0.002047837189154618
-0.1207748635768908
-0.1013850463156045
-0.08076179772212753
-0.08683005208553471
-0.0657743108688864
-0.03693728467210501
-0.01267358611685186
-0.04409333618886878
0.1067207651335685
-0.007847128295302781
0.09738540152501118
-0.05121398548291744
0.0392778822354069
0.1786010886941029
0.06655027100914086
-0.009186015646536504
0.001346778769528489
0.007922761135386621
-0.08631835245955921
-0.05164035978624473
0.05081273854661998
0.07355081026105743
0.02908555861029619
0.01211031353122406
0.02251311184943357
-0.1443922477061161
0.03312085899094318
-0.1052960312521829
0.007954894262307003
-0.01736643582069334
0.02917753744118002
-0.0967277809250299
0.1646845977305912
0.1762943259824724
-0.1343616415397319
-0.05372616200270196
0.08639887830528366
0.01647794523868644
-0.03686162222792948
-0.04411828798600768
0.1498176084368566
0.001435706916523099
0.2073365851573651
0.05322996054661415
-0.03139128489486594
-0.1107881490617488
0.001497555547633166
0.01190571151221863
-0.07873414516441612
0.1222508547142343
-0.02182065105582921
-0.1191721740360505
0.05239348663615918
0.1255483198603408
-0.04006457677540824
-0.04998524944586086
0.05832079984218368
-0.04498674042547536
-0.01007433618998466
-0.1248294854742801
0.1430312348232473
-0.07872227755727582
0.002320523019011086
0.1028195484773116
-0.05639844516702473
1
-0.01915297727002424
0.09054308835483975
0.05431676429805541
0.1620129355612212
-0.01993636995373892
-0.01608572182385959
-0.04540232743942951
-0.05334641799308635
0.2067176151518205
0.1024110534316669
0.04133266764974048
0.04605237008336457
-0.07148241775980191
0.07354746639568158
-0.0298465303342594
0.05831265327162932
0.0569138508669811
0.03610234776664725
-0.1644070413577217
-0.06100661030976189
0.02907626373603885
0.06811424170645869
-0.2372457500200106
-0.01575044143850579
0.004939971869158528
-0.0653163683570802
-0.1085332896789086
0.006441784150030581
-0.1976758217840214
0.1057800248999613
0.09118242267412024
-0.02185705981160284
0.1649632976453811
-0.00069700448429608
0.1038559049889261
0.126386991486372
0.07071414148567298
0.1233659475945911
0.05386035664696229
0.03729455558360998
0.07743723316875833
-0.02376774719883435
0.01240000462810141
0.0456440855527695
0.0871084876153108
-0.05514519829866645
0.1249438917018164
0.03571261467735092
0.01185096739283714
-0.1299643121214234
-0.1425566242282214
0.09082135849502457
0.01289360017255864
0.02520208995538375
-0.04414918280764143
-0.04245452049009564
0.09096056258734656
0.02861769590122755
0.1092893874716854
0.01007705228491717
-0.05497794409889865
0.07620966660024191
-0.07243324460551795
0.04282087744265638
0.06909748942315419
-0.03090867752822712
0.1061794304200615
-0.0764833661769517
-0.1354823197129749
0.02903543673455067
-0.02279846977014008
0.0780395225924404
-0.2796004317715163
-0.03713206575242756
-0.1235338159538994
-0.09404692465470067
-0.1026323539795751
0.06710438959478168
0.02114179989551671
0.08125115837119271
0.03297830573164229
-0.1443446035799293
-0.02907302336704026
0.04666412702461768
0.02407089585493571
-0.02126416544395267
-0.1057205123431613
0.08532424087533338
-0.0007807155640501984
0.01605271731391126
-0.003179492977141551
-0.09381681990578622
0.1260741440716705
0.02885994246195622
0.03883096411617128
-0.07814635960224005
-0.1749041623453639
-0.01993971770825649
0.06801274268490036
0.1121376709939153
-0.1142869969527659
0.1461741295114346
0.06684457783263238
-0.06941276535060306
-0.06704850811968496
0.06873133840881794
0.05868973345785836
0.01447252712642526
0.05268562535732438
0.04156974909539224
-0.029498610549902
0.188388325036472
0.1211832336641188
0.009929394620170843
-0.004930619622152042
-0.001850583035925918
0.06588695564573041
-0.04560475678561166
-0.08373929504090451
-0.02579793839395891
0.01317007109952387
-0.01791369585798016
0.04862964873220774
-0.1176582943289298
-0.06673807542683564
-0.08152759648194294
-0.1251384142290183
-0.01915297727002424
1
0.09868675664788321
0.1904509780797974
0.01369205614406614
-0.04488269383928336
-0.02700359284542997
-0.01230247603329413
-0.1065202920834305
-0.04414979007746336
0.1345195117206306
0.005155433704557572
0.1184513934682682
0.1158835276047076
0.05104993546835369
0.05164832422957511
0.005738316749838469
0.05764275963180279
0.06235670860302993
0.1682964616086966
-0.01934953137520948
-0.008479135718228979
-0.1358541490095505
-0.1090431132401643
-0.1056057412436838
-0.1490665303464173
-0.04067553829682125
0.01587899746705132
-0.08386568769205917
0.02384566136792577
0.1355780329949882
0.01187187259717384
0.009064768152766262
-0.05591679413988618
0.0485181620035746
-0.02582719224479763
0.1097430943054224
-0.0002974531144019337
-0.0270537442677805
0.09270641384514919
0.0001625586749061606
-0.005088389660753625
-0.06466486993137754
-0.03513390198847133
-0.03661635387929292
-0.05807794520578143
0.1190239744158531
0.004876692488161988
-0.04837154892431092
0.09655325967648121
0.05187044039887942
0.02462112318034815
0.1406137667341852
0.1086502748596554
0.1357601449360512
-0.07336345831459248
0.06227474505281065
-0.1322203536285073
-0.01222148350406178
-0.00488670046369654
-0.1210559667977218
-0.01584500172754432
-0.05377064322907578
-0.02445120867948796
0.03217303520157133
0.1934609235676595
-0.0368769589941398
0.1316373043620986
-0.1197819176866607
-0.01216093616978887
0.09445207784924077
0.1407206020468852
-0.07269068702016565
0.1522015102246641
-0.1046003632607023
0.05323629081763342
0.004199043174676825
-0.09589533771199731
-0.0660476096135353
-0.01048280235798877
0.1029809608179124
0.03264446994275107
0.06210207702941884
0.07005041513604868
-0.08789017317200652
0.1006982191956048
0.08943686461868271
0.01551666648643636
0.02687353418960488
-0.1944056832814616
-0.002079981851966604
0.1138315138844606
0.03896477015865028
-0.1524016168564814
0.1712027441734143
-0.1346242761597768
-0.01200026093366779
-0.07994931385002128
0.1138625912060878
0.002268334219746201
0.01743719033819545
0.01444823608981184
-0.002467537072446565
0.05419417968271694
-0.007252648261779087
-0.04765168513748672
0.1150580016642688
-0.02876512560193301
0.04666304443772495
-0.05344846247634765
-0.02873591125602888
-0.04641878757512321
0.06286351110936973
-0.06005850140611188
0.06134909736554583
0.04501841306689616
0.07269293331960641
0.01690137440948659
0.1016148333850465
-0.03273130579900687
-0.01854283110802863
0.005089853989949355
-0.07561671926939817
-0.08039325166401669
-0.03046877878244254
0.01767766467804489
0.01007780143030746
-0.05747446849197922
0.09054308835483975
0.09868675664788321
1
0.08290150617539135
0.1267624795193474
-0.09375596948478321
-0.0297050041400324
0.07231785130961532
-0.05719823749466234
0.0007338859111521902
-0.03041676968900723
0.1565471056884379
0.1338117380133933
0.07737949452121509
-0.1015542976990758
0.1181362918628173
-0.1210957429387027
-0.1733259844587947
0.1734253852322463
-0.1657179292022709
-0.003390939584915792
-0.02945898482449964
0.03250721145387779
0.02885428940479452
0.02810505387702906
0.03208897772715923
-0.1865172113163613
-0.05000924963146051
-0.1408407964705276
-0.05970711294648273
-0.01834285640954271
0.05885018349827899
0.04426445367945506
0.07816966849603536
-0.1045585201363204
-0.05268168595703807
0.09864692987565238
-0.02801623510309304
0.07456120217000167
0.07706392495187034
0.09158308317118119
0.0763512693637487
0.01727772456614278
-0.07705078979608779
-0.03690585831650229
0.04180733966643824
-0.1125126917820241
-0.1111026097473407
0.05771901841524267
0.1014705911392703
-0.04351542126773394
0.0295266241234825
0.08218018478872824
-0.01122793183317031
-0.001429669545439983
0.2500054176755478
0.03608225254074154
-0.1484737975182454
0.0346007914681222
-0.01964563290056536
-0.121494212036404
0.009459201518781019
-0.07718156939465348
-0.08080554796423758
0.04113151774918891
-0.04514473808130349
0.08062834301922428
-0.02850952771479285
-0.1620782322153571
-0.1060674134197295
0.0182655641659945
0.09137711938953669
0.07812421299284329
-0.0939757787992901
-0.0337470564106781
-0.04647749510571916
-0.08918306674787298
-0.0002001135369501458
0.2240295507079247
0.07443909072203629
-0.06267405708411702
-0.1417372960568812
-0.01445426805776692
-0.1280444118924875
0.1405785921266184
-0.1205093733460313
-0.007691314210918466
0.01626206539964967
-0.01190875917059078
-0.1308514094877598
0.0007894886179342503
0.02915737925632133
-0.007418589105966308
-0.02155522402396622
0.1033523668042967
-0.065475949410845
-0.007686903731267378
-0.0206605578190725
-0.05221613427965603
-0.008596253324102625
-0.04460170719467587
0.002567165475568182
0.01992309438419766
-0.1059191121212637
-0.1660834606759777
0.05542186516710933
-0.01333127310845858
0.01485613533337283
0.05822240263805575
0.04238542083285154
0.13352868632791
-0.03193375981808151
0.06024691637823948
0.06727186648475419
0.05738467892154604
0.007405973293225102
-0.06108119128598249
-0.1709734900815187
0.01857700421742651
-0.08490137998296576
0.1569287742527317
-0.06636029923707934
-0.0321715378084893
0.02750909085678478
0.00743073337043975
-0.1134788156587689
0.1790452755691929
-0.1393347702198033
0.05431676429805541
0.1904509780797974
0.08290150617539135
1
0.1691919273980161
-0.07460142865416844
0.1227886332643956
0.08970231501937513
-0.04187487876921782
0.03166196023073612
-0.09300523883464441
0.06046454978915445
0.0212149748719634
0.07280995473731047
0.1646237144376302
-0.09431325887426949
-0.09615013547512494
0.1095500806643189
0.1631846055282199
0.07221111336585639
-0.0826695577613564
-0.1557145755967429
-0.02939645352479072
0.01541733287026163
-0.009835578632060339
0.04967213065489096
0.09589542723152798
0.08326020168844125
-0.03483780987642976
0.03077587606933082
-0.07665634189547101
0.02746049370565436
-0.01861219022733622
0.02678702717355733
0.02405117396575093
-0.05987320449455675
0.08876788910943012
0.1167296574733215
-0.01682591089560721
0.09922446922327383
-0.00853013674374814
0.02737025860404544
0.05643181479809904
0.1314836058620318
-0.1445126820434612
-0.03739951384644202
-0.06948271493500409
0.1559772834921855
-0.06645195375700698
-0.002186213174112973
-0.2089486007751986
0.06028686511518282
0.04678355732554165
0.09422051304527261
0.05668971229273831
0.01118165012538753
-0.02262105806785705
-0.07690836323336894
-0.1520188663563947
0.05639029368658188
-0.05808538406117446
-0.146171805486568
0.1124901780889494
-0.1102836641675743
-0.08298497566774302
-0.01671678539503583
0.1836403956622273
0.07855396027675185
-0.1373567505152932
-0.1036699078596676
0.111706830378771
0.1087241258104536
-0.2152008719873334
-0.1204788546760521
0.05660532047662351
-0.08727321631805701
-0.03189509440428231
0.0672533480242346
0.1106941696081409
0.183410645281209
-0.08182508146268311
0.2063379527403552
-0.01337671557124727
-0.1953905014337211
0.07236252262678947
-0.09899705729075033
0.02094384887922721
0.01621098802588174
0.01783889717675028
-0.07833324195676551
0.1169816476768167
0.1022776404731649
0.04182027393563027
0.08765645708953038
-0.05710979986598796
0.1241635968983917
0.06448112030149823
0.05178105131517102
0.02097454704558536
0.1070136668292137
-0.09915497741765067
-0.03166077156469769
-0.02947201054723696
-0.019034602059801
0.02634525659333253
0.07079151536188473
-0.0006617645924741067
0.1806513109568169
0.0620263541213547
0.08830195098141055
0.03417415356347181
0.04405420958329331
-0.0270407949945849
0.1318471253111283
-0.2699210591203685
0.08705432670311024
0.02559477598557721
0.05658330527331908
0.1149695975285189
0.03105065289892884
-0.04631578864976726
0.0543473150559262
0.04436937613702944
0.05516754487213464
0.01783991242518932
0.004952562572481094
0.05778615167313372
-0.07925186469728827
0.1620129355612212
0.01369205614406614
0.1267624795193474
0.1691919273980161
1
0.1434651066928068
0.1281444754408228
-0.141995475393837
-0.05979798559413087
0.03734764686267376
0.01136344103439247
0.1978974531653531
0.09878118864467171
-0.07727751310814104
-0.03860914596850244
-0.2716398156193982
-0.04612015685469506
-0.002743254295521139
-0.06372206577730727
-0.01486893425490612
-0.04147799789057873
-0.03595661344138684
0.002251248462194254
-0.07451716838021001
-0.08099959996825717
0.006844697095414725
-0.09459235983781233
0.04604507011927153
-0.1740856828135444
0.07119397534467833
0.0596856451674645
0.2223583067928588
-0.03440038860473549
-0.06581636492295059
0.05823904019920337
0.1169597784019041
-0.1394939785452203
-0.08663456080498226
0.1103006440254271
0.1831431836761503
0.0472953349150449
0.09351792020165166
-0.02844627054066211
-0.01811671942477548
0.04570137306645922
0.1524950513088265
-0.1011632159344297
0.1243421601849408
0.007028859135377791
0.07331581394096301
-0.1605834143860849
-0.116579587110278
0.1509879860785704
0.0002130425478745501
-0.07849221075769085
0.1333541982314221
0.02219139746117062
0.06564905487181368
-0.00399522952249582
-0.09354361370951741
0.05892312311454111
-0.05323291106094254
0.1458649226648343
-0.04043606377966221
-0.02189175767048435
0.09277263405040562
-0.07486500186844366
-0.07904354910614939
0.08656919808137134
-0.202372315113879
0.04079096689992395
0.07666613896461111
0.01877912508328114
-0.03740970802921954
0.0756489367576232
-0.1671043134558594
0.04277921236316449
0.007082142963168565
0.05037744386252116
-0.0320452843894449
0.0775972919221251
0.0661393816970052
0.04844028318682402
0.02213183237162255
0.1784928745934592
-0.1149186631839496
-0.01748032882094511
-0.05007085898185051
-0.08928123355126873
-0.03398997766908486
0.06262298482035961
-0.05531870619337723
0.01573498670747337
-0.06587778227372895
-0.05358222387326885
-0.04542291862630176
-0.126717616835511
0.02295388617349275
-0.1042366811486115
-0.01118518482985593
-0.03712891715936219
-0.06288354162530402
0.0459301031891875
-0.08782955100191023
0.07288889473661916
0.08993095507982077
0.1128803564287143
0.1347123259623406
0.1829537235637139
0.06982636945454601
-0.04152470379375705
0.02689371141817484
0.09625463228129492
0.0173543463254066
-0.1076667997976135
-0.0609454450220987
0.01303560862942768
0.02499383497598967
-0.01564488921750213
-0.1291485929743205
-0.1562927787803816
0.01383971963995681
-0.003726008492643925
-0.1503138733174483
-0.03975975640975558
0.08062579081115842
-0.03909851006161368
0.03176863076528144
-0.01993636995373892
-0.04488269383928336
-0.09375596948478321
-0.07460142865416844
0.1434651066928068
1
0.04203328647411436
-0.1695978210268131
0.1439504915107409
-0.119678719537961
-0.1559671610230305
0.04515843702623279
0.03855388305111753
-0.05742096203095715
-0.1809038045914947
-0.08854796262741768
-0.0364829635777081
0.01091404504312404
-0.1002936914438145
0.1270096167974345
0.02517531340065047
-0.05754226941493391
-0.01218250947592316
-0.01524064616132411
-0.09192908510071202
0.1165265016202687
-0.0123317728506278
-0.0698884665816943
0.07821215389914879
0.03244037698995865
-0.1207210512557756
-0.008451797213632078
0.03547397563324765
-0.1165200766291635
0.01907828349573511
0.02313951753049599
-0.04924312179587265
0.05617225515842538
0.01402726674578875
0.07144109308526866
0.08532960673638193
0.04590152928521755
0.1432943776137858
0.03805236565741986
-0.1611626281357418
0.07270256927794533
0.07709049995847687
-0.1052137871081573
-0.06493190246258143
0.07316779686622299
0.09461969850553804
-0.07711991075191374
0.03272925753358905
-0.01288930453694423
0.0748710292046107
-0.05058590693990289
-0.09541432103745932
0.09810012718449095
0.05371186410166275
0.006771108498231461
-0.07292890739316278
-0.03552201631744497
0.03168878278260025
-0.0005916594767431133
-0.05301433065243061
0.02133200083667337
-0.088141208333487
0.06558701526490471
0.2676574694360836
-0.006945315953354979
0.04743267127559456
-0.06151611050258626
0.06460255497655386
0.09076220567239116
0.04880473411189329
-0.09663205390134133
-0.005520447800113508
-0.0986268765304435
-0.1525755461094957
-0.1028185910153986
0.1636008255535776
0.03835199381156976
0.0970347813190453
-0.1117150772643962
-0.1824310815138828
-0.1414899670135944
-0.04754253654853174
0.04641428749128109
0.2249933663150483
0.0120274558680507
0.04617861251991966
0.01605892507047298
0.02634519211551236
-0.1898173775755603
0.1047774668909604
0.05163380899375345
-0.2388822847203403
0.04129591289137193
0.07544817492053624
0.0679227791902033
-0.01414691509107482
0.03248326571488647
-0.07311392467807917
0.04860544555281632
0.1086177947948994
-0.1446341677783472
-0.0224549358777726
-0.02316506808813971
0.126399186975083
0.03125127480236781
-0.004098750370212234
0.1122119840654323
-0.06176307002947078
0.06174177792865908
-0.07869607205974284
-0.004420216090157504
0.3195952375953455
0.05584568991995909
-0.1638807054472728
-0.1821588292177641
-0.09843932347069499
-0.05408706262955101
-0.102002053818129
0.06064977122696997
0.1071388401352925
-0.05666067062499817
0.1277933049919566
-0.001529537012849448
-0.01608572182385959
-0.02700359284542997
-0.0297050041400324
0.1227886332643956
0.1281444754408228
0.04203328647411436
1
-0.2032428256849577
-0.01319007746078972
-0.1724708147311638
0.07585946782944532
0.05350310363273175
-0.1250896388938211
0.01552334707458156
0.1244097959759649
-0.1370552730883992
-0.03754705421537198
0.005391500599151777
-0.1216497355381374
-0.2230122925060987
-0.04107676025125294
-0.1025505779461709
0.008914162165328319
0.03599944221739375
-0.0989658996755399
-0.0513956952517603
0.06586980382175568
-0.02914932806079125
-0.07821976524990276
0.04424318983765474
0.05679362997090366
0.07610980629666882
-0.04888203125835648
-0.04222160180855263
0.01314959151941284
0.1289435942788937
0.1266389355852789
-0.1368610033881415
0.041372555573723
0.02524640646591859
0.06327527219427428
0.08907225864652785
-0.1766224474419576
0.07680210813906087
-0.07362770156763669
-0.01476904470733268
-0.1024175748904313
-0.01964495619470474
0.0424948867495439
-0.08454017756331997
0.05671901985026033
0.005632475167415843
0.2305419441722903
0.05393499372524046
0.06982889791633939
0.06469157199402538
0.001787666905625053
-0.00756949836642043
-0.1407500150344052
0.01021918646031321
-0.01487030793602159
0.1312362784146393
0.1919250017495852
-0.03903867720373923
-0.008416315449200636
-0.1023840547691781
0.01580768240055317
-0.1682058416400212
-0.006644089487871443
-0.04431056393558916
-0.01876790561768907
-0.0749264878291612
0.02641033211430284
-0.05751024944723614
-0.1609933404253482
0.01343052057464828
-0.09315691324749269
0.0005156109157500588
-0.1166663395776295
0.02179961883610212
0.09793801088747733
0.00157853518807495
0.1258857569865149
0.07632014419285646
0.04163214347550075
-0.1043584387593413
-0.1579895689608881
-0.01228529506293113
0.0222829085218462
0.07049068543029149
-0.05127433173741165
-0.1842575104578357
0.007168443140053639
-0.06834887729174019
-0.003020897337003114
0.006693417627326864
0.01939459200083107
0.01827434162449872
0.03792412278850377
-0.04174426774977227
0.03891016727581495
-0.1649973459973259
-0.1714738822135156
-0.02013119703373578
0.1246519758509309
0.01275203032571859
-0.0257260654610764
-0.01638219814167351
0.0004941896402206672
0.03164938371845667
-0.1109991888333662
-0.06484323140903063
-0.05164187790370596
0.08906763963484626
-0.02341575475894552
-0.08670746723989417
-0.04932831850053485
0.158273731256338
-0.09265343556949233
-0.08525145114370911
0.06653345611214154
0.04495520213072345
-0.1239257707906748
-0.1111923387109735
-0.04260071362741892
-0.08139440150539609
-0.03961859408816437
0.05976174260831048
-0.04540232743942951
-0.01230247603329413
0.07231785130961532
0.08970231501937513
-0.141995475393837
-0.1695978210268131
-0.2032428256849577
1
-0.02469856740742446
0.06180728974898856
0.1154591111456402
-0.0329953962069473
0.05279160710349075
0.02389773030592656
-0.04941416118144762
0.03096253011657306
0.001096657581823687
0.03031283684354483
0.08425224313470399
0.05606888193688941
0.0008506873666820978
0.2070716513959996
0.0510144683298759
-0.1250422373344016
0.0111695685410248
0.1503796080059508
0.09936208178062143
-0.01495733060798323
-0.07493063536575735
-0.004892763049914751
-0.05691792558268539
-0.05562618489106214
0.181219087740169
-0.08315018295945592
-0.1114116939122368
-0.005608219061776859
0.1104512580434853
-0.05022412077657619
0.05031426436678435
-0.07019070418007546
-0.1170972466179398
-0.04317156465549647
0.2041114083070278
0.05894111344067511
0.1244206511020433
-0.08027418573077458
-0.04035522981147743
0.07082027653118514
0.0378712582487977
-0.01123747103513092
-0.03169083937747091
0.06428280441308377
-0.04708290341992989
0.01906790724203197
0.04720305536316391
-0.1194322148943757
0.1073770090093464
-0.02313590212543673
-0.006909264028921802
-0.03940892345202356
-0.06714701427129004
0.01495953100789435
-0.01977652135237322
-0.1166029437743192
0.04195454144183014
-0.01732689983434901
-0.07232536213496135
0.1105214813005962
-0.0534982897603526
-0.06706715626954704
-0.06480704464977821
-0.01549041675607582
0.1071756069343841
0.08285763646870363
-0.1706903101599478
0.05142709229048668
-0.04106666614594789
-0.03549884367247904
0.06024972792301875
-0.003100771090127893
-0.09836123154031289
0.1400333291485222
-0.08427171257132861
0.01967858457288958
0.02350479086290538
0.08781321005690905
0.001781478134352352
0.04463663441156891
0.01535934762849179
-0.01945778887422655
0.02993919275819299
0.1102944984031429
-0.05598473113037158
0.04843979303741933
-0.115977274909215
0.06996896770478607
0.09524369434494129
0.09010954329979186
-0.03752559721408652
-0.02500238653162267
0.1131783154712305
-0.1209449756242869
-0.006349715562110119
-0.06379208574896508
-0.04256545696106277
-0.05693407561402061
-0.05216844378913556
0.009916973944856267
0.1360844632810633
0.08545128276140715
0.0644160266615465
-0.02433363209724763
0.131862666001594
0.1443499151888368
-0.03618659585062127
0.009476490841893665
0.0320303217085212
-0.06913241210691852
0.0009221911866822158
-0.03628489140026706
-0.07865073645553976
0.03459330527723775
0.2023531143835383
0.004360642061718711
-0.07200064560137562
0.05404297778650871
0.0788983192647274
0.01909375026417137
-0.05334641799308635
-0.1065202920834305
-0.05719823749466234
-0.04187487876921782
-0.05979798559413087
0.1439504915107409
-0.01319007746078972
-0.02469856740742446
1
0.01843158606651654
-0.06046642840224857
-0.08037236935932564
-0.006866763944711703
-0.1527792595418181
0.03371473440023411
0.1648333386210125
-0.08263974651017859
0.007981536010252203
-0.03593846575475092
-0.008648664610240848
0.1206350045491343
-0.06596138368687483
0.001329941876286433
0.145780550050651
0.008664882658101378
-0.04963601748739585
-0.01734659928843856
-0.0367721324556773
0.004429552512091046
0.04941118712970667
-0.00579020329901953
-0.01400141222902498
-0.08038912586548232
0.01337979081730502
-0.03044382990255078
0.1266912936832933
-0.05479026215344937
-0.03167298381728421
0.04132599469327154
0.14330972571746
0.02420488058134278
-0.08763018656593378
0.1195089076068525
-0.1199828989081939
0.02156691622944427
-0.09115249618319429
-0.02790591696764214
-0.01822941464847988
0.01048186589568027
-0.04941350237782501
0.1408580726136923
-0.2372667834859686
-0.03512513978587405
-0.0008059172359002331
0.1041316184719635
-0.08608826448072726
0.05519074096123371
0.01933088140799701
0.006464543314692187
0.02952663752760559
0.06010402852422006
0.03774792159662278
-0.00223812346133781
0.06630763811262738
-0.08896858826506759
-0.03218209082406136
0.1189330086739858
0.07748646873444527
0.003665367415190889
-0.08873017602432322
0.0393198499342589
-0.09735984079830383
0.1546361761250911
0.08046906322314924
0.1376822435547247
0.104337600054031
0.05671095856798941
-0.05194665970587869
0.145166417672996
-0.07188727872331095
-0.09350214232809317
0.06758907705717516
0.07365554758403528
0.04282428893172781
-0.0863808493204191
-0.04200698969087495
0.02237480967189782
0.08554898658523145
0.01506808646417992
0.08310132684294232
0.1750153768471244
0.1921775352500943
0.0955160732421407
0.06527171007251337
-0.002568271983139241
-0.07028531944001026
-0.03486394835937184
0.03622328018768391
0.04914680159466206
0.04123052107725175
0.03691796443076197
-0.1110381891838048
0.1567994959516323
0.02438336928142625
0.02753937665548348
-0.03347084739458298
-0.04143567245924687
-0.04488252528155421
0.101486091930845
0.07400600247868805
-0.02048121876185391
0.09013728433811248
-0.1505891461425614
-0.0970355844769403
-0.02409364370362334
0.07890923759482604
0.05316474869698272
0.07320384404831422
-0.2066632079669278
0.06580297579145188
0.05101160924924478
-0.02448714237925314
-0.05663092203490963
0.07529395826599769
0.103431719195642
0.02455080432196954
-0.03250902110242758
-0.03786596465337327
0.2067176151518205
-0.04414979007746336
0.0007338859111521902
0.03166196023073612
0.03734764686267376
-0.119678719537961
-0.1724708147311638
0.06180728974898856
0.01843158606651654
1
0.03504481771857934
-0.1626397806077009
0.03998108004832599
-0.04810048110759639
0.106056687785158
-0.06422905572060821
0.06254629706131203
0.01613725180137018
-0.04089978050901166
0.04420518455698755
2.161277404320698e-05
0.03520052385949301
0.07252435223295055
-0.04059491045106452
0.06388429597505631
0.05869953364116573
-0.1598012283804887
-0.05528684804682449
0.0302688947444811
0.009466518932033971
-0.1040619755936069
0.09769311061965022
0.02189065151761366
0.1625941961332135
0.08057680987455419
-0.1818469229133758
-0.1880784070498456
-0.1286861381781263
0.01355000920864576
0.1171297709694588
-0.01676155799219427
0.06316411240592755
-0.01995202254576676
-0.06999879472271865
0.05993522450867218
0.04172169027629703
-0.0007105990216329655
0.07682495359457996
0.04208616679971276
0.001556091863458769
-0.03656078849920745
-0.07764422084606559
-0.1460960498065548
-0.01926744550686815
0.01503927281256771
0.06854788912966878
0.02755566432568179
0.008953496362706611
0.1455737918365128
-0.0703581458388278
0.03480073775015204
-0.1335191987222928
-0.0369927741301795
0.125319475892451
-0.2536165224418206
0.01061029273400999
-0.1650086671091731
0.02604635426797749
-0.1156490180295819
0.0127055002891838
-0.0208035160798207
0.0225722508561749
-0.05408342105098045
0.07587494994100839
0.00162340584337509
-0.01294145256954947
0.05843940972688295
0.08817425008046303
-0.09475735768475207
0.1496117673930708
-0.1353313857631666
-0.02545100252936129
0.05333696558648449
-0.08602557894861576
-0.03670963636777976
-0.05502418786997704
0.05480151137361397
0.09894019066356508
0.06537283441338929
-0.08730315145588846
0.07613786544755224
0.08858422394004832
0.1475179503041007
0.147741078020067
0.06981867490426318
-0.01906074405931606
-0.06873598002122375
0.004422335173161165
0.06384769953899094
-0.05574794654479239
0.1750554781091561
-0.02516311530483429
0.03013476105127214
0.05989029128528973
-0.1176552141644152
0.03740493424696324
-0.0009969529197395998
-0.0423888158957016
-0.09447918330520483
0.0055275587974144
0.01476466839237235
0.06769186141205104
0.03823448211564923
-0.1091753188534286
0.0640715642384623
-0.04607377743874043
0.02694776395922527
0.01646530557725225
-0.05341569999558681
0.006231002066175589
0.07254294474722452
0.04294220838122299
0.1003526421801172
0.09747075232380042
-0.09601311476833965
-0.1269038093700023
-0.003597167753709546
0.04948588508211761
0.1024110534316669
0.1345195117206306
-0.03041676968900723
-0.09300523883464441
0.01136344103439247
-0.1559671610230305
0.07585946782944532
0.1154591111456402
-0.06046642840224857
0.03504481771857934
1
-0.09013349556815574
0.05373571925311143
-0.005557946075721059
0.01875795736693385
-0.1200793161194405
0.08988901606064563
0.09152315351833715
-0.1004891456821458
0.003056670269574936
0.1648802141565467
-0.06552005116321094
0.05109602526296895
-0.003980339375200717
0.159495958214459
-0.01851217623100523
-0.003711425059434763
-0.0469115961337097
-0.1865454201054947
-0.05374550640263653
0.09022691102943757
0.09576970828411724
0.01424493298144389
0.05537466185938406
-0.04323180249091353
-0.026159948342996
0.1026465973193941
0.1176884238631768
0.04779565759672995
0.09697326390655464
-0.2589993016962435
0.01617297952730275
0.002062267149499267
-0.1151870627101025
0.08477660975028956
-0.1615454129445152
-0.05419407650726864
-0.1081351974917993
0.05447510023915086
0.002124240230941779
-0.05946142257725884
0.106800051426333
0.04328278574769032
-0.08212834360597453
0.06318384012238704
-0.09139192936863035
-0.01454958528385706
-0.055462200053323
-0.0006451746966694965
-0.08257423572285991
0.06572864441471898
0.1552764672871542
0.107742554099249
0.02689072910106203
0.08064948637355514
-0.06336957646725511
-0.2083921705836674
0.0266380585232357
-0.05379704551434243
0.1734376700591242
-0.05400885092119499
0.01146367930585353
0.1112379349265472
-0.03956504683298377
-0.09062209491993137
0.0323394558118338
0.03883591933936754
0.05726778677448689
-0.07699877581766787
0.05473302523875078
-0.01153962249173004
-0.001748768949453867
-0.02551407372326718
-0.02541857572591004
-0.05299651765853804
0.05603269386819629
-0.03976354622398948
0.03614009425086785
-0.1804912654393395
0.0509089630133542
0.05222946423149473
0.06746875931084358
-0.06409716571251931
-0.07793635494863427
-0.07307116083045474
-0.06912774037095909
-0.01810640537809272
-0.02603221163135048
0.05876593556537695
0.0611959749870714
0.002932052566756469
-0.02327845491325602
0.02459173766785398
-0.08331245735212398
0.03621300742372182
0.1015160409269187
0.1743328053676157
-0.1134500342564334
-0.1008215326978379
0.07209162764493444
-0.00887793262081661
-0.1799876484186717
-0.06574184877214966
-0.04263612062967981
-0.008738295840025403
0.08167458827401852
-0.1060963298465217
0.03645062942046007
-0.0720212972514917
0.1783005033909345
-0.08846676386500155
0.05847898158879099
-0.1472598391070173
-0.05737380295352551
-0.04982643163283119
0.07398902321550375
0.03946555648402161
-0.1232547938387803
0.04133266764974048
0.005155433704557572
0.1565471056884379
0.06046454978915445
0.1978974531653531
0.04515843702623279
0.05350310363273175
-0.0329953962069473
-0.08037236935932564
-0.1626397806077009
-0.09013349556815574
1
0.1683769813457757
0.03885221403967187
0.003987753248934679
-0.2301969761720444
-0.09545470115555414
-0.042291307921532
0.150170251020691
0.1246272061454447
-0.1200617244374345
-0.08135039697302329
-0.1089303443659411
-0.01229569913954033
-0.01160367128805313
0.147268619875839
-0.0673490981586288
0.04642556279756115
-0.1375829128132498
0.05721650692798495
-0.2836263732714014
0.02396664005596922
-0.005319661823371638
0.03202650398902297
-0.03330060335117973
0.1125073293332046
0.1435001295437323
-0.01424893762497061
-0.08964135312104191
-0.1669288405043785
0.07026750798858086
0.05846563011215146
0.0362786342499487
-0.1032057408668243
-0.06512849347701759
-0.01675691985260869
0.06964394075442196
-0.04140213512107626
-0.1887407601844748
0.1143421657945037
-0.0948653000436076
-0.1026258390006205
0.04882673031818797
-0.04444419427319812
-0.1504952831906096
0.1368145610285112
0.04284931955004512
0.1172809110885101
0.1016779960688529
-0.1007507167946477
-0.03029102246258611
-0.03505332813793649
0.08380292480246722
0.07083974841623507
0.06784118607466934
-0.071541153134887
-0.1016090634069142
-0.0647191420764005
0.03737531562954225
-0.03056366047479268
-0.02226855001942946
0.02802346427331082
0.116909912771063
-0.04803650255578396
-0.0341097337489841
-0.02197618368777782
-0.04534022963097176
-0.01141178188075456
0.02241983824221676
0.01971558146329636
-0.1443556178743819
-0.006143353193716085
-0.09545448659970143
-0.2161646163917342
0.08887589018422959
-0.07247587719760404
-0.03493710215118358
0.01251843208472093
0.02332240313882164
0.0409233625710057
-0.1464288880209781
-0.1102729992506839
-0.0733173408842295
-0.1369881484387764
0.04157059614160048
0.07615783988237744
0.07477045115025986
0.03814453760772235
0.01510363726570404
-0.164240253656824
-0.07061769783081932
0.1191363411037545
-0.05723826056607582
-0.03033828074366415
0.140081819494239
-0.1090553529693521
0.1237089680607043
0.04280834384235153
0.07745698712441416
-0.1596891719943441
0.2310159692786827
-0.1546278785114006
-0.02997745299546321
0.01551940013206186
-0.09958466909438231
0.03699323452256633
0.131893542474859
0.01515692390573247
0.04687696232158641
-0.08706321037145523
0.08179310986493815
-0.02335744724427578
0.1616710372777013
0.01254209626532515
-0.06504422641086371
0.143436914100159
-0.04095805985089943
0.02030987662197509
0.04605237008336457
0.1184513934682682
0.1338117380133933
0.0212149748719634
0.09878118864467171
0.03855388305111753
-0.1250896388938211
0.05279160710349075
-0.006866763944711703
0.03998108004832599
0.05373571925311143
0.1683769813457757
1
-0.0845179233268586
0.008855333342440428
-0.002032820358757305
0.05627795157707576
0.03784363618772503
0.0269194571483323
0.1374897244427419
0.1531198538671104
0.05179668593640099
-0.09218841430740539
-0.07005284091870134
0.1596750054609573
0.1125760666153323
-0.1485198201403689
0.03501225761375443
-0.152294620565036
-0.04019513230627703
0.02109190009924743
-0.1095414809163404
0.1013590201111189
0.06665967731250176
-0.1608790724641967
0.03015585035037224
-0.04558961159699172
0.1012301873297952
0.1291065549150077
0.03659459469503554
-0.05217054024001139
-0.03065303161054292
0.1784387450700095
-0.123423481650181
0.0714808907390585
-0.07974070598403507
-0.1212270797758906
-0.09687452743534318
-0.01965236947312476
-0.02144428652677804
0.0230932156074975
-0.1112625890043474
-0.04110888601422646
-0.07003959196899529
0.05872603815031794
0.02708551695117349
0.07190853150041032
0.05251485074595198
0.1670986887094834
-0.1006722817586651
-0.06264355275239619
-0.07505820138449462
-0.02493782997484675
-0.08721783320453023
-0.08743227963531347
-0.01021583473255319
0.04353773868809508
-0.1222590540445453
0.05187224892805922
0.04173861675707111
0.1047659397110482
0.002715787388402948
0.04835293044510298
0.04473487698671458
-0.07863838291258635
-0.1226699889249964
-0.1903620011242261
0.1541214101753848
0.03125917016766625
0.09035391639151023
-0.04949775274615306
0.0370041059641503
0.03966050109774994
-0.1010057045770992
0.007081220726803637
-0.01848485274703494
0.1829487648404537
-0.05547866563993432
0.00340983216796222
0.05130676831070799
0.1126435469278412
-0.05330282452032579
0.01523001724817916
0.003643519215507643
-0.00373439880128263
0.1851716495351088
-0.04378834032230347
0.07642771749899961
0.01702721937179074
0.02596614070142073
-0.1283405367887563
-0.07793324887874394
-0.03540668237355881
0.05643352108324551
0.1360458058847622
0.03879875869553209
0.02059007998863888
0.1261589618621254
0.06382447174234421
-0.00554291661837435
0.03416857730458802
-0.07238879724165791
-0.007318788673370758
-0.1310035233378947
-0.03543001905475242
-0.04184536881912835
0.07095189439291637
0.01430466928994395
0.01337948373364189
-0.0691391320828431
-0.1070172964503297
-0.0231247958708919
-0.02171380420932228
-0.06148365612934744
-0.07450655228878933
0.09662314744645267
-0.1670846155257377
0.1024236340734174
-0.07148241775980191
0.1158835276047076
0.07737949452121509
0.07280995473731047
-0.07727751310814104
-0.05742096203095715
0.01552334707458156
0.02389773030592656
-0.1527792595418181
-0.04810048110759639
-0.005557946075721059
0.03885221403967187
-0.0845179233268586
1
0.09825183075211592
-0.1231991290592693
-0.09330801295839802
-0.01881088638732583
0.04793857285387018
-0.06511066972576895
-0.04733453831626799
0.009067892772080395
-0.06956019089602196
-0.2420551735624904
0.1565634721295144
-0.06085160315827278
0.215583894102374
-0.01535785966193309
-0.0006919084851427001
0.2330595901872622
0.02508056261184194
-0.05537137443900961
0.134989731208541
0.04964224655484756
-0.1022319121043271
-0.01257739725305664
-0.1460764779467446
-0.2194067239177538
0.121449750667745
-0.1569346751166668
0.08273480846786063
-0.03963364169090639
0.1021650572831612
0.03142871186102972
-0.07318970212485627
-0.1877766931088957
0.05304527885132267
-0.1423519928798203
-0.1146170666917753
-0.01644378903485764
0.1463624437056605
0.09286470662829663
-0.0437603520327657
0.1235694325877471
0.04010724758643898
-0.04057871608384907
-0.03480590242809663
-0.02902874313728655
0.06860399339920414
0.1424059860962707
-0.02802667446322254
-0.1030416482046835
-0.02162987168466909
-0.00649022596730198
0.06189526429979886
-0.01262482402514789
-0.01381152491692892
-0.04263418115261948
0.08238757892240359
0.1716313651154198
0.005316369554925662
-0.07103555111437992
0.06107658174932257
0.04175555729464184
0.1519724893232776
-0.02542869904244622
0.01114963789319136
0.1518972917556149
-0.1807094679064187
-0.08668199070463019
-0.05314949973263303
0.02743094841426036
0.04330097569770629
-0.0889204860720456
0.0554925994474256
0.07142768203674851
-0.002987222386203615
-0.156131228114035
-0.04684973454796287
-0.2188123837259768
-0.1395161844599397
0.04762832165288552
-0.1357522218910602
0.02399000113176523
0.0485496251151445
0.1036292982452946
0.2054934652022947
-0.02247898782620199
-0.02600409542464265
0.02439430059852651
-0.02718250088852676
0.01609192046314266
0.05293137943282046
0.1705792059515401
-0.006257985444599511
0.03603718773907976
-0.08885346176959671
-0.05173365124236413
0.006209656754095913
0.05485366096267358
-0.08729311699567516
-0.1588081452492756
-0.08527476060922605
0.03258229077940268
-0.04533596489676034
0.02604164655863436
0.07838051513663612
0.1314451205530779
-0.06318955249853647
0.00249532166082882
0.02081111761558952
-0.1128377744476931
0.06964533808870431
0.1257262754033265
0.1193965822685091
0.1227341118428487
0.1268514911642285
0.07649988379660924
0.07354746639568158
0.05104993546835369
-0.1015542976990758
0.1646237144376302
-0.03860914596850244
-0.1809038045914947
0.1244097959759649
-0.04941416118144762
0.03371473440023411
0.106056687785158
0.01875795736693385
0.003987753248934679
0.008855333342440428
0.09825183075211592
1
-0.1087296778982838
0.06261934599853214
0.145418666876629
-0.1441015228908636
0.02624404584845626
0.06478758321575476
-0.05141753518651178
-0.09698549481134854
-0.03863696708170966
0.04130691895514976
0.0009772363321422714
0.03615150137674252
0.1125455127809673
0.02254211972754506
0.05288148103037403
-0.1381313053249464
-0.009583428591775633
0.009805676951351594
0.2779984644899869
0.02312531111118432
0.04975175483114377
0.003697578349083522
0.04229094857974452
-0.07244076110911739
-0.003610622753469711
0.0145144220234714
-0.03742111789322261
0.03424520819387831
-0.08578431785315552
0.07346442311235486
-0.1195217546301038
0.08885673610294602
-0.04118618157583381
-0.02006116168679675
-0.1071286370740637
0.03161422450990628
0.06282700009671774
-0.03884914478239047
-0.05718604331290861
-0.06723528655480936
-0.008770280145472532
-0.01566667433844011
-0.01036471124252698
-0.09000280881284033
0.02034088709097407
-0.05850547849790334
0.01688369200165222
0.1233580919177529
-0.110481927020619
-0.0818904865548529
-0.06294250799762152
0.1379874287358803
-0.02365342116287768
0.005925010323739415
0.04559486703140506
0.1397353149503215
-0.03975177088828743
0.03987032424372598
0.03942350621768708
-0.1461093913824477
0.103220912583852
0.09679554846785782
0.003631447669538761
-0.03898131364392626
0.1017276415451622
-0.02486353543956338
-0.04951013246825429
0.01750748001812184
-0.2099726510506637
0.1104805693118723
0.03923501936206356
-0.08710772144002704
0.03358954646325502
0.1106759630087924
-0.05297449815590984
0.04586828689676598
0.1459456229755249
-0.005944344304223786
0.08293819773815819
-0.06471380864919983
-0.05276978688644251
0.06952194769349225
-0.05517090301737298
0.005637739775742017
0.03972359779119773
0.03771475209798945
0.005139029627264896
0.06003670542093129
0.05248546733933585
0.0224115888137245
-0.0124693435848557
-0.0103745425083276
-0.038234334097962
-0.08624518174635121
-0.1307877088770855
-0.03465832235292866
-0.05971044305971233
-0.05676815248646869
-0.09118550762472086
-0.03418284984001736
-0.01502613338564326
-0.03864342623072925
0.08988636793825788
0.05742401205485463
0.04000027260273384
-0.05953904332481514
0.1016030560043354
0.03183005168677707
0.04656411126024097
-0.002284880846500114
-0.008920324867127107
-0.04586058779079419
-0.04027219850463466
-0.0298465303342594
0.05164832422957511
0.1181362918628173
-0.09431325887426949
-0.2716398156193982
-0.08854796262741768
-0.1370552730883992
0.03096253011657306
0.1648333386210125
-0.06422905572060821
-0.1200793161194405
-0.2301969761720444
-0.002032820358757305
-0.1231991290592693
-0.1087296778982838
1
0.05489105711653401
0.009512927127017786
0.052891963983244
-0.1068777426883035
0.1496037292781701
0.1915917243881712
0.09065873497123775
0.0714175246528599
-0.03837790893602702
-0.04661667304076685
0.1142965897025404
0.02143287366610971
0.2079279219484635
-0.0570571621005449
0.1501938795016593
-0.1539847388399095
-0.1018953349701234
0.0516330886243961
0.0649740737362087
-0.03570883992199795
0.07182478690749219
-0.05524184534538348
-0.1755798144089476
0.07590054881748978
-0.0273128321507305
-0.05169622944422098
0.01117754286728274
0.0145975875140526
0.04562059826967305
0.05102231042329367
0.02612932475333769
-0.07350574322194421
0.01285713013531005
0.08075932888875753
0.1321402439082441
-0.04807145214017261
0.01463173546847381
-0.008217098827608977
-0.03847912683849342
-0.08905791966863311
0.04104884707972853
-0.12591731161632
0.04772799912868191
0.05902468962245164
0.01819563746663639
-0.03997561542191012
-0.180438222088753
-0.05890624089791662
0.00555938759462871
0.1400094648182254
0.02328620040120897
-0.02808682828972297
-0.08107499191971947
-0.0318244516678554
-0.1698088952597677
0.02859454030030998
-0.002900390541081037
-0.03303623429711134
-0.01142407233466611
0.09553447673005135
-0.06027634080955532
-0.05559410309342419
0.07930819456735363
0.107756101373428
-0.1597430435852529
0.1461574902334272
0.08064991528630212
0.04390649153892343
0.1600658059328887
0.003557993978348412
-0.1123215288518952
-0.07431673837641271
-0.02434240299699741
-0.03144271484895696
0.09017822529324425
0.07894275045857227
0.04089299274401106
-0.03558960619093015
-0.1177268334662146
0.09298206403331451
0.09006060133249932
-0.1067774512207217
0.1080519330950783
0.02425106624503722
0.1129913033210394
-0.002835578601312906
0.1593872861847737
0.1378410315362983
-0.03322499956429905
-0.03576238701370464
-0.1071759797177725
0.1476725067669622
0.07413894904020572
-0.07333286924268188
0.01981593490019118
0.08924618249688679
0.1112828892637678
-0.1008380982176711
0.2066927370879205
0.1301325104023476
-0.03186093322648288
-0.1855487225542186
0.1521939596928397
-0.01177829520518337
-0.03261892202490881
0.0135618899977948
0.06423591365593695
0.04317799549661637
0.02624329290998555
0.04230011822833137
-0.1707650049245939
0.07526384126816027
0.05831265327162932
0.005738316749838469
-0.1210957429387027
-0.09615013547512494
-0.04612015685469506
-0.0364829635777081
-0.03754705421537198
0.001096657581823687
-0.08263974651017859
0.06254629706131203
0.08988901606064563
-0.09545470115555414
0.05627795157707576
-0.09330801295839802
0.06261934599853214
0.05489105711653401
1
0.00214833010571543
-0.02005875834859224
0.1471663528395828
0.06109077782178671
0.1053152535494664
0.09482366153727836
0.06157238334902367
0.03182858288078006
-0.1758516243593648
-0.01062872081519544
0.05844416413330371
0.08265360485245478
0.04352645268822826
0.05188630392242363
0.04658592413861529
-0.2857241557315128
0.04581402639010331
-0.06409419388308916
0.1118596344191863
-0.05296174359267659
-0.0986493131922327
-0.01552160846492729
-0.09737830664150315
-0.03574334428080906
-0.07886419919074619
-0.04365733373108595
-0.03777212834622607
-0.03186531125249469
0.1187824034591584
0.1335900170165744
0.1017255935597736
0.0155876706875997
0.02624152908111851
-0.09589554908578934
-0.03720774334506739
-0.01296219313514008
-0.06893330096181099
-0.1202783837991998
-0.02720711860682514
-0.1106856151795596
0.02553334840714224
0.07491700819816575
-0.05009433060082903
-0.0211544297321688
0.01745460808007865
-0.1167464155280303
-0.1699178979034172
0.01283589835770196
-0.00842306469478706
-0.09655855773342477
0.08058541679799866
-0.01776858314834343
-0.03017738266837048
-0.05722809497220299
0.08340026641355047
0.1604867997443011
0.2054230478112353
0.04324696281307131
0.1140196360191954
0.1039338098230669
0.02909163027818819
-0.159377790826562
0.04693985689627567
-0.02468881873910012
0.1168955497296435
-0.1467286974157802
-0.01118990374703977
0.120257635139603
-0.03292328555442826
-0.1592744460863068
-0.004634860262044017
-0.04486037577590768
0.04106458589320579
0.08873011501158769
-0.008222725354665918
-0.06001058768351937
-0.1381842280998686
-0.0415514882234429
0.03139662222680074
-0.01432807051131984
-0.08701553450984821
-0.1092689911842746
0.008649940839617423
-0.0773158971669738
-0.09536590759435092
0.07834911374655133
0.1172408987554955
0.1390419714519912
0.02930728268172195
-0.1710978407969744
-0.2182497923910581
0.06254281955914344
0.05582319486265642
0.02286622153686747
0.01090155159539392
0.005389397164508097
-0.04326992202301517
0.03831474877433471
0.01933151341496773
-0.1157958557898197
0.01157266344053313
-0.0731577028680868
-0.1107866447528524
-0.02518092855160918
-0.03279656706449437
-0.06483686465110863
0.03508477946234523
-0.03374734304810082
0.03991528517762873
0.1374080795299487
0.03911987947617514
0.0569138508669811
0.05764275963180279
-0.1733259844587947
0.1095500806643189
-0.002743254295521139
0.01091404504312404
0.005391500599151777
0.03031283684354483
0.007981536010252203
0.01613725180137018
0.09152315351833715
-0.042291307921532
0.03784363618772503
-0.01881088638732583
0.145418666876629
0.009512927127017786
0.00214833010571543
1
0.03430105097923241
-0.08939340359911693
0.01117751969914418
-0.008252139680430561
-0.05666009654526581
-0.09512871077642306
-0.055445692922484
-0.07228659048803844
0.1318453564831324
0.1086766887005345
0.04301711444807316
-0.03747497666967279
-0.09860202547912966
-0.2044932078840432
0.06647572935397413
-0.134799580824504
0.06194014544280686
0.1538784728308884
-0.09573073356376707
0.01375948636937066
0.1373352605722194
0.05581317650736051
-0.1999039648233899
0.1053703573991619
-0.04419405595933013
0.01870277583878855
0.04880921440788753
0.06466081315976438
-0.04310280108671607
0.06062452509876995
0.003561990179239849
-0.1418720286869467
-0.170501345668906
-0.05953062406880153
-0.1157674172101156
-0.05651455971842013
-0.02605338876496222
-0.1438609533248042
-0.01152558492467507
0.166046411173851
0.14699922944589
0.09532308625666536
0.01831156283114858
-0.05920312098511242
0.03422281465038517
0.08012471328603379
-0.02595615309558282
0.06437018873826325
0.09264954683866421
0.1780773033641764
0.03955231063939436
0.04920023263583943
0.1464569835555287
0.103334897212344
0.04685539902014699
-0.00339002190459955
-0.06302026743961796
-0.1057599282199536
-0.05650929727614515
-0.09276566401164413
0.04389021049985596
0.2073200469562945
-0.01703014394724378
0.0550405816629084
-0.01190090915956936
-0.1142549414935658
-0.0006160578818516331
-0.2086523597017039
0.008376222708188158
0.02229485123867132
0.105344085820538
0.1571976513747098
-0.04045378355004601
0.07720614015940479
0.01040405213807985
0.1108760578984858
-0.06312896244911645
0.01973742789808948
0.01762397700101947
-0.006435872994365294
0.1023812796560247
0.009726339577139767
-0.03925595405056279
-0.07818092999249517
0.055833214855326
-0.110988157994915
-0.003799815583638733
-0.1080604753980326
0.0404458451839068
0.1342991783875866
-0.07906072571611251
-0.05796796670996706
-0.07344498186344423
-0.1272458781236736
-0.02221352332274361
0.0008291637954520731
-0.06864564681824689
-0.04030518857491707
0.02611423032464735
0.05537931287185222
0.06276530535516284
0.1846809971415981
0.02443271790935545
0.01960395308351557
-0.05830784427513607
0.08035204960895692
0.001697677441485093
0.1181971001419326
-0.0764671894913167
-0.01700763060629853
0.03610234776664725
0.06235670860302993
0.1734253852322463
0.1631846055282199
-0.06372206577730727
-0.1002936914438145
-0.1216497355381374
0.08425224313470399
-0.03593846575475092
-0.04089978050901166
-0.1004891456821458
0.150170251020691
0.0269194571483323
0.04793857285387018
-0.1441015228908636
0.052891963983244
-0.02005875834859224
0.03430105097923241
1
0.0101017717383054
0.03884827262581586
0.01448145545911431
0.1061720957912757
0.02235686110535829
0.0883296254959389
0.1310478116384823
0.03577533194258813
0.06823037475560279
-0.05429890124824365
0.02486865750978588
0.004950282452255192
0.0001028082146712628
-0.08275208721346038
0.07301760492505091
0.05542271248734208
0.004632662717052365
0.1086882629149128
-0.05626066768695204
-0.1620885332785159
-0.0220924506515955
-0.1164777174086803
-0.09576191162746658
-0.01389690685351283
0.07347081911139827
0.00986125542497715
0.00231011061647249
-0.05204667840895021
-0.08311295299331956
-0.07713701986505743
0.03466137403016549
-0.1062956725978063
-0.09875621697561754
-0.1336602949706575
-0.005437861406731491
-0.07368845777678218
0.006296571269244402
0.1150924126306226
0.008185991166618676
0.06724083624941712
-0.1147207736402054
0.02662883934402269
-0.08301249393121081
0.01174328533432842
-0.04968660214910367
0.02401025142556953
0.04056669886172035
0.003223625105718445
0.07029625544316502
-0.1625679780845191
0.005602233947462176
-0.004324626336089463
0.04662085309828948
-0.04159542229823117
-0.09701731930977001
-0.008585217493291931
-0.07396477174833078
-0.03647772416580194
-0.09612525834567592
-0.04524656023528516
-0.01429563999625195
-0.06747651877463137
-0.03785618856057424
-0.1772707906187678
-0.002110129705937195
-0.02948861690705228
-0.07024562355761339
-0.07389478987505876
-0.05962390101390962
0.006911762885688896
0.05500432427626578
-0.1483352427756927
0.06857590661165035
-0.02901924362476068
0.06506862282506609
-0.07315959871479916
0.02413460761695115
0.08002591638413969
-0.1145705124076528
0.003203654397137429
-0.07324185530604151
-0.1251555344420491
-0.08097413599882941
0.083724374654431
0.03953019271786674
0.05045164274766044
0.03469277394888029
0.03731319702485285
0.007991635652351111
0.02889256204593469
-0.1656722612142805
-0.03766185036161167
0.09597211114872038
0.1257719397544918
0.03174988397963884
-0.02117038277816883
0.1190213339847033
-0.07160796033803496
-0.2862050949023812
0.08925953602506416
0.1078698879322066
0.1246172224457744
-0.04939824284749972
-0.0005552699505394706
-0.1185051522585498
-0.006563499447798292
0.0557252147463826
0.02495639036121074
-0.1772969744295876
-0.1644070413577217
0.1682964616086966
-0.1657179292022709
0.07221111336585639
-0.01486893425490612
0.1270096167974345
-0.2230122925060987
0.05606888193688941
-0.008648664610240848
0.04420518455698755
0.003056670269574936
0.1246272061454447
0.1374897244427419
-0.06511066972576895
0.02624404584845626
-0.1068777426883035
0.1471663528395828
-0.08939340359911693
0.0101017717383054
1
0.1950775226944938
-0.0641299456819029
0.01895202205127755
0.05240821695196507
-0.001606854467755913
0.1154936043610362
-0.02443071467298224
0.04800187908092799
0.005421606741840067
0.09131508863331697
-0.05005933523377525
-0.1196146408682319
-0.01106730066242552
-0.1115519163266065
-0.1733702595762064
-0.1474566408785319
0.03120161021108228
-0.06913315115158775
-0.1169142029154159
0.05764336263009268
-0.154477331713513
-0.01765413978281395
0.1284928882004398
-0.06332078695777862
-0.07397476770331984
-0.1581913082846484
0.2233185375801874
0.103615357912384
-0.02095241858579791
0.07686698988440312
0.06208601077925313
0.05137280899730537
0.03005861047771948
-0.01528589101271199
-0.0861115379654471
-0.04610578200132293
-0.0665806563364736
0.1783632929133997
0.08626498138400461
-0.1119703292464846
-0.05109870083378446
0.04177556847773824
0.08426634937750074
0.04823064861491923
0.1467368654176877
0.005940469333000764
-0.09110833276214822
0.004427700652793255
0.1218932741192354
-0.04907729764290615
0.08980382186856849
-0.1407771657279297
-0.03402338736242045
0.09025738986182701
0.09724832006627296
0.0223925611209492
0.06085896720398509
0.07525431741383071
-0.1548949762623319
0.04912040909952224
-0.07733975691604775
0.01161851202119116
-0.03991153898753778
-0.03884164342239909
-0.0872010499797384
0.1354737053042696
0.1107662628728979
0.01422640200677394
0.01938239721090132
-0.09938849561632442
0.1340496442840543
0.006895210632326299
0.1243430233601333
-0.243002891891442
-0.06139773734241526
-0.007530802533620287
-0.1490068035125524
0.04095237867593608
0.0374440241186618
-0.05077214648628924
-0.1784329791509655
0.06756608648700418
-0.1151393820658918
-0.03534938951346229
0.2144203380023019
-0.1252264022913493
0.07767932786797493
-0.1249336863975029
0.02577471999461146
0.01673290156003406
0.04005280657366853
-0.0194998537045326
0.06471884258282484
-0.1037356846526266
-0.1507547055191129
0.02058523276900714
0.02313645851810087
0.003220637620215572
0.03404402403170342
-0.09834147542168663
0.02176180530717931
-0.04730243120531692
0.009005656526881421
-0.07768233246625567
0.09072712898987273
0.07185538200888114
-0.08729490878363802
0.1572270208631309
-0.06100661030976189
-0.01934953137520948
-0.003390939584915792
-0.0826695577613564
-0.04147799789057873
0.02517531340065047
-0.04107676025125294
0.0008506873666820978
0.1206350045491343
2.161277404320698e-05
0.1648802141565467
-0.1200617244374345
0.1531198538671104
-0.04733453831626799
0.06478758321575476
0.1496037292781701
0.06109077782178671
0.01117751969914418
0.03884827262581586
0.1950775226944938
1
0.1400113220099093
-0.04302821924069965
-0.06857389129860525
0.03085547039104528
0.08255418041249271
-0.08695792911410449
0.02543813140479044
0.01339448096373041
-0.1376942352949911
0.0222630770303726
-0.01451598287136097
-0.01577867891115167
-0.06995633087367208
0.0304579382880666
-0.06998181857647026
-0.02474563842010382
-0.0911553712023557
0.05046021518480893
-0.03191356108744102
-0.2450635244814719
0.06993569179160858
0.06679071281429397
-0.1305763193688912
-0.08058326352192044
-0.09933660005046199
0.03945025080977987
0.006962847881795305
0.04707632141949375
0.004535571923202741
0.1693148496746241
0.08524239066893269
-0.02238942757905208
-0.003451966532602119
0.1082982048904486
-0.1005203566737251
-0.160634481809804
0.04993824769518559
0.1404389704618374
-0.06010086157734715
0.03942453927501307
0.09277928599800217
-0.09119246453955289
0.0165875012187075
0.1354114021475423
0.1308830698760324
-0.04766290809196953
-0.02892995812886339
0.2006512765596234
0.01362078121356511
-0.01698553069202146
-0.07312724210186852
-0.04784035548152093
0.06460066052938114
0.01394640154999567
-0.1909789874957193
-0.06623138046138521
0.03686467223406861
0.05737407777110635
-0.05022446385296418
-0.004331483851026371
0.07104959875688795
0.07337032781124397
0.03927740733884122
0.09740670670787137
0.1344341041716152
0.03930474170529581
0.06291316601973403
-0.1660425398265815
-0.05502994540630515
0.0827730859422432
0.1573225440380781
0.08050272590651621
0.009889141093014227
-0.07818022259861593
-0.1375373780666133
0.06305220970810423
-0.2026684069826047
0.07838198415592587
0.1465169644709103
-0.05504933913337565
-0.03830464779111683
-0.07731189687140126
0.1565019745969247
0.08395683294061358
0.07975225171541564
0.1147094108671276
-0.171297608225981
-0.07227301413231489
0.01783955725258035
-0.02590993548577753
0.04773439182744545
-0.05656294030623138
-0.2063364973620619
-0.05706722737960926
0.1424895053656372
-0.0565255411563415
0.01752760594983334
-0.04666721806501838
-0.02818918615987748
-0.1079787874110836
0.1049899204271457
0.09594603676182234
0.1286648060757566
0.03062721277385665
0.005506309980708557
-0.1137765141107486
-0.04322157297075144
0.02907626373603885
-0.008479135718228979
-0.02945898482449964
-0.1557145755967429
-0.03595661344138684
-0.05754226941493391
-0.1025505779461709
0.2070716513959996
-0.06596138368687483
0.03520052385949301
-0.06552005116321094
-0.08135039697302329
0.05179668593640099
0.009067892772080395
-0.05141753518651178
0.1915917243881712
0.1053152535494664
-0.008252139680430561
0.01448145545911431
-0.0641299456819029
0.1400113220099093
1
0.1471097945017371
-0.09498032914005612
-0.06957703918854057
-0.132545205508229
-0.01597460780960284
0.06889300768157022
-0.09369830049924593
0.1076144431451045
0.1473195522519134
-0.03366002438818809
0.007067787237206204
-0.04584678925293967
0.08086950570466633
0.0698417556053763
0.007851946870738969
-0.104032657544577
-0.08191686849658877
0.03007581346793827
-0.06201247177205281
0.01502152331793454
-0.01475290587094272
0.1383173475854675
0.02171302692180471
0.04857038224888122
-0.06163396517625315
0.06962401238624662
0.01655729163193327
0.1330573790104088
0.07362684104886411
0.01506728840665409
-0.004496998232747938
-0.09231602891870944
0.1408819785858816
0.03046792124036896
0.07006494504932931
0.077235546736594
0.1736215217449671
-0.01944758560050945
0.1631491522968934
-0.04789443954369037
-0.03979504426622772
-0.01145613244490506
0.1647440726909229
0.2518235613882107
0.06134099501279246
0.04689128145838886
-0.05443174412813104
0.03234090399876764
0.06358912514926246
-0.07568725928965053
-0.0239822927995963
0.008871922533273542
-0.107615947491541
-0.16286889386242
-0.006469721494655091
-0.08976438658863967
-0.008674347546757808
-0.1409343949953185
0.05414457777642305
0.06725036195113915
-0.1346632583366371
-0.1268830098747935
0.135579133115881
0.04675031291434199
-0.103610793723959
-0.06304330034006443
0.004175260693446061
0.04181954043118166
0.05809205689479136
0.01978446656809621
-0.03011012220584301
0.1162890031240144
0.003052746241093049
-0.09567004729242069
-0.08442051911316525
-0.1073586506684281
-0.0808617354056189
0.029175571181752
0.1197114721699547
0.04973841299455353
-0.03496818040726003
0.2687286834037874
0.006008150247657463
-0.02234344372427883
0.0001933567209556767
0.06677576087821482
0.02933822849325947
-0.05162103986301876
-0.01754157372752316
0.1097952585358874
0.03723892026510213
0.04991579833001022
0.2430484076224737
0.1539951517796227
-0.1044002799146296
0.05592237627975361
-0.05689714203169109
-0.1317542249998493
-0.09505203549403358
-0.03950879901965309
0.1382409550091062
0.07111052706673303
0.03686370610360122
-0.01444450688357626
0.07184090729694984
0.0005970868865218248
0.06811424170645869
-0.1358541490095505
0.03250721145387779
-0.02939645352479072
0.002251248462194254
-0.01218250947592316
0.008914162165328319
0.0510144683298759
0.001329941876286433
0.07252435223295055
0.05109602526296895
-0.1089303443659411
-0.09218841430740539
-0.06956019089602196
-0.09698549481134854
0.09065873497123775
0.09482366153727836
-0.05666009654526581
0.1061720957912757
0.01895202205127755
-0.04302821924069965
0.1471097945017371
1
0.1970248342096526
-0.04346863167554389
0.07574365005065714
0.1115157424545667
-0.01255007983741646
0.04673232339245674
0.0003555347562716506
0.05270928944187548
0.01073135675401754
-0.1095200458285174
0.05292135647021028
-0.1036064929978852
-0.1239180119095409
0.06215551653084164
-0.03534231251410666
-0.1334479611022835
0.138552204757261
0.007890261892362738
0.1103381509145164
0.01128043362423593
0.07829290361441502
0.1216831929600919
0.1052590149471442
0.02067636144318567
0.001866123567442881
-0.1660172637558703
-0.06522063145399093
0.06267197454582031
-0.1543300754350125
0.04408738316400847
-0.1080121101518406
-0.1052920650027368
0.05134160727411147
0.113299696082103
-0.02972649076620653
0.07092272975206133
-0.0414773516269638
0.1053026834304798
0.06741382736493565
-0.0301104081085633
0.04209751466343391
0.08405918655625745
0.002510967402477173
0.0866756202350233
-0.09063233522770792
-0.17948469547673
0.007912116758825125
-0.03035205904800253
-0.02807401659560623
0.01502933925741399
-0.1063269499028038
0.04954867615612062
0.02062566904432248
-0.1062157712391901
0.01048714728853456
-0.01946953100681394
-0.02034489417598298
0.09617100809177301
0.03261093385149493
0.1604488741517394
-0.003148967382422919
0.05085569716192215
0.04480854028792914
-0.0900674331598737
-0.03812272310458323
0.07444486399204581
-0.009633352526440946
-0.02704451512159484
-0.07389388461460179
0.04346207406582454
0.008050802741165555
-0.108031540341224
-0.08567808644821599
-0.02811402335594401
-0.1288826936369465
-0.1287806540079182
-0.02989822590617875
0.1418300756528125
-0.169114010523044
0.0553226241036498
-0.1223938714503948
-0.06039330596276393
0.1630793368440887
0.01029570963340438
-0.02130335416325279
0.1507846910978467
-0.02271767876067569
-0.09449164930096846
-0.07846159353495534
0.1592300655865964
0.02511637008843183
0.04864214858715398
0.1579996451492159
-0.05614565394545105
-0.06052198810721347
0.03740165123049338
0.1691409173132842
-0.06306398681936806
0.06269587062649576
-0.04077814572906145
-0.09055810460992722
-0.007296578702885437
-0.01437006858048434
-0.01590906823153932
-0.002912985487365728
-0.2372457500200106
-0.1090431132401643
0.02885428940479452
0.01541733287026163
-0.07451716838021001
-0.01524064616132411
0.03599944221739375
-0.1250422373344016
0.145780550050651
-0.04059491045106452
-0.003980339375200717
-0.01229569913954033
-0.07005284091870134
-0.2420551735624904
-0.03863696708170966
0.0714175246528599
0.06157238334902367
-0.09512871077642306
0.02235686110535829
0.05240821695196507
-0.06857389129860525
-0.09498032914005612
0.1970248342096526
1
0.1211111884999523
-0.06423154332411518
-0.06444708977473337
0.128522390320412
-0.04658809660975638
-0.06460062596224339
-0.1304917294784315
-0.152997059460771
-0.1757230092109196
0.01122513002714884
-0.07391831605898701
-0.10414296853895
-0.09790864507485986
0.07567032897408799
-0.1083773188393066
0.05514330352555559
-0.0459795629776249
0.06635799749636616
-0.1185101582806518
0.07476750700054897
-0.0811675781677321
0.06086299669116134
-0.01653845697454433
-0.08854908137681569
0.0439196897706208
-0.03887151713362957
-0.0804756830412775
-0.01065817183838885
-0.04151030044071705
-0.1249187212598082
-0.04176955547530212
0.06381159322204155
0.1024104896467637
-0.0801144065511426
-0.2751208999940585
0.07283080826413353
0.1831059911189321
0.1826103700990686
-0.002391525165893716
0.09254342820521647
-0.07362668759665542
0.01837793871346748
0.2348898518261349
0.0220717756981453
-0.07240777483475051
0.002906478313758994
-0.0577228350737756
0.1704607355623838
0.0270813605635064
-0.1094441922046702
0.1200652426638906
0.1500084456392852
0.1055321449391092
0.005062859443829369
-0.01074044023081655
0.03546681349428936
-0.04020508032081778
0.004880470435536623
0.04905989240991571
-0.07256118467328615
0.0007188624487346074
-0.08375527492919035
-0.05096532929648684
-0.00845657075012413
0.04289441311149525
0.1322231902988992
0.1596498545017506
-0.1490145077209797
0.1712929750573214
-0.1872090496550342
0.04149956335893835
-0.04085569019638069
0.03137193992066155
0.05356566396465693
-0.06116134386278213
0.08372289018189422
0.07620721451175635
-0.0138813074793191
0.03504381430578374
0.0472090706131075
0.03745763547634835
-0.02200314835633886
0.117843506208451
-0.01018658966711219
-0.07566132787496252
0.1224873377830464
0.2204573216740206
0.02614094021237061
-0.03650391438654519
-0.06255618256750128
0.02626991527051274
-0.0513073399022031
-0.05527682714289174
-0.03498278609350285
0.06646450847534557
0.07558733223066151
0.07556979629049648
-0.02980124332686608
-0.136652410364477
-0.01444619330805208
-0.03214204571508483
-0.02978197780919893
-0.06211470091960945
-0.06301703676639264
-0.01575044143850579
-0.1056057412436838
0.02810505387702906
-0.009835578632060339
-0.08099959996825717
-0.09192908510071202
-0.0989658996755399
0.0111695685410248
0.008664882658101378
0.06388429597505631
0.159495958214459
-0.01160367128805313
0.1596750054609573
0.1565634721295144
0.04130691895514976
-0.03837790893602702
0.03182858288078006
-0.055445692922484
0.0883296254959389
-0.001606854467755913
0.03085547039104528
-0.06957703918854057
-0.04346863167554389
0.1211111884999523
1
-0.116837942103284
0.07521973524858333
0.006856798042881744
-0.1440020138124166
-0.04200671677569455
-0.1758112171621896
-0.1070416169778869
-0.07121915508410291
0.032730369329278
0.04618856697579434
-0.08928831735082696
-0.01441454749826533
0.0611237757878067
-0.01387324386351028
-0.1933339561886774
0.05664794117884452
-0.1991061892552463
-0.01047251192940492
-0.002295497619588124
-0.1101729609704026
0.00690872358958863
0.005604849944402055
-0.1220623160466722
0.0689388222180943
-0.1120630515366317
0.004604417660895151
0.01726870348661649
-0.08237595194854108
0.03864104361479695
0.06560760637103201
0.1137671568729794
0.0005450255538739955
-0.1455936516237687
-0.01692804170635199
0.01622208369066578
0.09091619081402275
0.1004962750452981
-0.04277576854469108
0.03067928504410036
0.06820980838398362
0.0243957636971452
0.06574490201972397
-0.01977215307341201
-0.03888319367946284
0.1364495184901033
-0.1243888628125262
-0.01610179841163498
0.2101185953500856
0.05138275267839816
0.01765696245192027
0.006590157967194548
-0.054909221807097
0.02417681768809302
-0.09256458011878743
0.03009183361836319
-0.1851864441201763
-0.1776332745328524
-0.0073872686852232
0.049983058049589
-0.03359927710607374
0.06802935984543933
-0.09919126189426117
0.1163362797681111
-0.1045292754785549
0.149585106980419
0.1255868863082358
-0.0416379173289595
-0.0006849828773100239
-0.01558487612883944
-0.06483835742009257
0.02127903719541373
0.06273974011468476
0.1092848020370485
-0.03313474166993281
0.1971090819166749
-0.1002434577671734
-0.02023147620135704
0.09757161060483373
0.19161868538382
0.01929788554916583
0.1080908050724224
0.03483849675597403
-0.1523591649641899
-0.002140086263311049
-0.04766186706598013
0.01979173776376103
0.09092430849056551
-0.1587761087948159
-0.1331805930449144
0.07081482414817306
0.01835331037432451
-0.1509536116667868
-0.1729781463492059
-0.1034179142857911
0.02321791773254387
0.003722512267506976
0.005489377592177321
-0.02417289456616244
-0.0009292804481484777
-0.02991715509339091
0.05689315049450782
0.1679732744674116
-0.05400363736326002
0.004939971869158528
-0.1490665303464173
0.03208897772715923
0.04967213065489096
0.006844697095414725
0.1165265016202687
-0.0513956952517603
0.1503796080059508
-0.04963601748739585
0.05869953364116573
-0.01851217623100523
0.147268619875839
0.1125760666153323
-0.06085160315827278
0.0009772363321422714
-0.04661667304076685
-0.1758516243593648
-0.07228659048803844
0.1310478116384823
0.1154936043610362
0.08255418041249271
-0.132545205508229
0.07574365005065714
-0.06423154332411518
-0.116837942103284
1
0.06899848721773566
-0.0883343861563541
0.08878916875302825
0.03015736969588495
-0.001253309704577913
0.04464649923625104
0.0001438542053308414
0.09868370985443907
-0.04266963539491269
-0.09480392231621272
-0.02839163811482867
0.08270343603096504
-0.0138146042216721
-0.09195283276520451
-0.1130084785040291
0.01001105658490412
0.0695315468472795
-0.190946003596127
-0.08135067560700987
0.01556470660913292
-0.01090378130828282
-0.01215316411899286
-0.1373373739928839
0.0002862621360361466
-0.06445329902359248
0.08251189656807356
-0.1600579321573403
0.06039853931960343
0.04042505413997337
-0.02135597029265025
0.01622969573748612
0.04587947477437188
0.08204019774470106
-0.09228257688313271
-0.03157967668406261
-0.006382606477649048
0.04023931728734939
0.03174986615339583
-0.06723671875387063
-0.2444246651319494
-0.1178222405558643
-0.1684284174861193
0.09503517908455365
0.07950232676954458
0.2716650396422401
-0.1144933824495779
-0.04519222578647035
-0.1594139761240146
-0.1131543752186675
-0.03707080533732423
-0.0579168233607998
-0.05896366544592864
-0.03069534270333725
0.08524675758323465
0.06218830424416098
-0.01885479628104469
0.06204462189206367
-0.1075375395095491
0.0199798200606281
-0.1525209636046387
-0.03615278335693006
0.05439817912402466
0.08812553222917681
-0.05473146947978462
-0.04228952750558672
0.1857839784095241
0.02833703929223019
0.0540895919442548
-0.03344176556183441
0.02271643656453899
0.08661156833057848
0.05770312234150451
0.1802779310044138
0.01842698271640485
0.02925590697553104
0.1411183205235822
-0.01954301443271752
-0.1737023866349936
0.1223571758119554
-0.01371482812830421
-0.07250333270238371
0.0517857471359717
0.02145085438053119
0.08031334694558938
0.0295311803983859
0.1794789138570698
0.09018449232202301
0.165275072354254
-0.05565431375315013
-0.0008316609862735339
0.2069831526775091
-0.1862580209526987
-0.04632793707453309
0.01552264215687463
0.04854467694858756
0.01651108620217605
0.2277692675360196
-0.07360610888915955
0.0585483846051705
0.1359291803795183
0.05603140852282851
-0.04046166823660294
-0.0653163683570802
-0.04067553829682125
-0.1865172113163613
0.09589542723152798
-0.09459235983781233
-0.0123317728506278
0.06586980382175568
0.09936208178062143
-0.01734659928843856
-0.1598012283804887
-0.003711425059434763
-0.0673490981586288
-0.1485198201403689
0.215583894102374
0.03615150137674252
0.1142965897025404
-0.01062872081519544
0.1318453564831324
0.03577533194258813
-0.02443071467298224
-0.08695792911410449
-0.01597460780960284
0.1115157424545667
-0.06444708977473337
0.07521973524858333
0.06899848721773566
1
0.06276868284370016
-0.03364305907845543
-0.02733841830768322
0.006672887573572374
-0.06113435041219174
-0.02873212097135045
-0.09172992574778854
-0.08867456094375674
0.06694377112932479
-0.002583279049596016
-0.09114471297885568
0.01389126025513773
-0.14567184373588
0.01884805045729553
-0.04468277010699296
0.07092552426678574
-0.07342801910664699
0.006978817378697256
-0.001090496946514259
0.07601590602278629
-0.06377174486308466
-0.1360884345371281
-0.08358202203626186
0.1563458050645363
-0.1829378732778885
-0.0242813288304534
0.1167779626207109
0.110717668728563
-0.06399067913208858
0.1452349863160943
0.1398789780280967
-0.009001428690107678
0.01808928019964502
-0.05439736553010467
-0.00817500546665232
-0.01115536006300272
-0.02661678387240065
0.1604265958208718
-0.02514713028410497
-0.002265194674869936
0.02517959854376269
0.01600844658319518
0.1686588962873564
0.01717679474416381
-0.08959377331965979
0.1056486565949221
-0.07262597453347878
-0.02007165757810405
-0.058222935753695
-0.1780149365068272
-0.1016147520391114
-0.08556823276854406
0.09368026999498918
0.05031657370052323
0.004737121288836382
0.1467209119952493
-0.0306091347630251
-0.007442743521318834
-0.1946590030109186
-0.1531605435790878
-0.07123025671636571
0.1125982609463486
0.01619244239200435
-0.07651757286574495
0.0881776769407355
-0.1499402637110393
0.0587429557920754
-0.1640349157470652
-0.009832496699372318
0.08301474365771465
0.1215387843242298
-0.003800406852805496
-0.05403722143873521
0.02985656907702796
0.01485012972335731
0.05859311207502417
0.01892713055865051
0.0395516041539138
-0.0472516237488337
-0.03405228893295113
-0.03547731569687253
0.1635183800747532
-0.001331497169477079
-0.1093418424156573
0.07915839011225342
0.1126937440121894
0.0221652255232081
0.03860837821491588
0.05357417267461206
-0.04089515924274105
0.003550451523759171
0.09095136079525533
-0.04125709063174775
-0.05021108826546608
0.006940205886502579
0.01527284798520295
-0.04254322780577904
0.07038478009624535
0.04595864387653931
-0.03487911167420175
0.06975449690968043
-0.1085332896789086
0.01587899746705132
-0.05000924963146051
0.08326020168844125
0.04604507011927153
-0.0698884665816943
-0.02914932806079125
-0.01495733060798323
-0.0367721324556773
-0.05528684804682449
-0.0469115961337097
0.04642556279756115
0.03501225761375443
-0.01535785966193309
0.1125455127809673
0.02143287366610971
0.05844416413330371
0.1086766887005345
0.06823037475560279
0.04800187908092799
0.02543813140479044
0.06889300768157022
-0.01255007983741646
0.128522390320412
0.006856798042881744
-0.0883343861563541
0.06276868284370016
1
0.02617499616279965
-0.04417704308534637
-0.06908837731336133
-0.09088197217253226
-0.07866959855899398
0.004591701043229771
-0.1252122556077279
-0.08704782713165894
-0.03443466427787047
0.06211588967014478
-0.007185301718759359
0.1416731682720533
-0.01615473562390483
-0.03819021209742664
-0.0779407802077615
-0.03270457382074129
0.1051286158242102
0.04642813348066821
-0.1481479788321664
0.03148572956963958
-0.0864022334121038
0.06222360713770982
-0.03546992494624149
0.06529582077507641
0.007480365687356934
-0.09223759771393948
-0.05743992529790774
-0.07595423823869896
0.1076360119306511
0.02802269005800764
-0.07699586392539595
-0.02052490973542648
0.05292351978122391
0.04658803751211824
0.04257505287307745
-0.1675491019292138
0.07406100139248975
0.1454283355240898
-0.0440487400320286
-0.01310931300609667
-0.1178973878554679
-0.006518191624268366
0.04920008964105483
0.03325360853403161
0.1140423832628007
0.08739887515209974
0.03937979309885978
0.1158089620181244
-0.03537455695142414
0.06308225105946016
0.01993929021576083
-0.1275832543354248
-0.05567080325503027
0.02737512221829994
-0.1324636198964758
-0.1339079479894229
0.1743301200677526
-0.007477903919606548
-0.09729922426972859
0.004698365426452248
-0.0743022996065314
0.02080837886138902
0.1138003067069292
0.05942242006272848
-0.01225832608464353
-0.06171490483088933
-0.1543146267396594
-0.07070763921663549
-0.005961145419336133
0.02784301038809836
-0.1422797823893284
0.0482945072306146
0.1903844465376244
-0.03680102954647453
-0.006984019239190863
0.09389371817769615
0.08725010638170064
0.03451255571792977
0.03813815947443739
0.05424094210503353
-0.07588839740275086
0.09324665396486849
0.1041648014639907
0.05125736740237673
0.03321934819675348
0.0803005957738122
0.05729325644885157
0.1412158232376023
-0.07208903839186775
-0.09132371705547865
-0.1331188170416383
0.06639465956359908
0.1079034240528715
0.03986529349947067
-0.007324293528811712
0.04667615248081948
-0.06006267034627088
0.1125507231494138
0.04703284283986648
0.05296343661024974
0.006441784150030581
-0.08386568769205917
-0.1408407964705276
-0.03483780987642976
-0.1740856828135444
0.07821215389914879
-0.07821976524990276
-0.07493063536575735
0.004429552512091046
0.0302688947444811
-0.1865454201054947
-0.1375829128132498
-0.152294620565036
-0.0006919084851427001
0.02254211972754506
0.2079279219484635
0.08265360485245478
0.04301711444807316
-0.05429890124824365
0.005421606741840067
0.01339448096373041
-0.09369830049924593
0.04673232339245674
-0.04658809660975638
-0.1440020138124166
0.08878916875302825
-0.03364305907845543
0.02617499616279965
1
0.069153888157715
0.06229094590860369
-0.08942482203064298
0.02492802207877007
0.09553044659384541
0.102015352918703
-0.01091943208027685
-0.08727753057131168
-0.03559117948574131
-0.08496635271043919
-0.005147680486302719
0.02844756783102912
-0.006880967432387201
-0.003029603195510917
0.1164705321056349
-0.09529048197464712
-0.00105468915289998
0.1188233393828694
0.06945209668567709
-0.04716034979775555
-0.02183540585797717
0.06553303614079764
0.06202100931650813
-0.08334347486588353
-0.1087645409174052
-0.04952815328716537
-0.06988763427741813
-0.118965644869429
-0.1088346104653492
0.01500340500959685
0.1234002008378595
0.00250072664088675
-0.2623518268873357
-0.1904812799663151
0.02385563185852122
-0.09101574463966637
-0.05662165161880835
0.05743160775088241
-0.05773056793955687
0.1600898840353232
-0.1205097870332605
-0.05400098485067428
0.08471436219781216
-0.1278922990385467
0.06992288702405715
0.1138351667598648
0.02421892736464327
0.122129168453062
-0.01513501552011999
0.0006869214271272659
0.01480688961129154
0.04414819208167268
0.09160833634796103
-0.02060200069999466
-0.007281072192461139
0.006712998930276233
-0.02102503238733497
0.006438271413051332
-0.09071548223303316
0.004041606548012807
-0.007185554740161893
-0.05913128943418371
0.06370432464291452
-0.09997541252678774
0.1314104006914726
0.02810551475204404
0.2039580547816362
0.02635956397298836
-0.02676964656318016
-0.06691199587727428
0.06548453587926219
0.04739014181907973
0.07145466492935715
0.1436885512775774
0.02960251572406371
-0.1507896150607366
-0.05118247462072636
-0.1279070638028132
-0.02219397920917473
0.05628721402806118
-0.01201054666520553
-0.07153090647822442
0.06519016458302201
-0.09621133341527247
-0.008124832441677964
-0.117712839413757
0.1521915836815093
0.06531308670964013
0.09121852769803841
-0.01757355222998552
-0.005413883013883906
0.03685871261130991
-0.1199980146643882
-0.07721697026712136
0.103495252476241
-0.1032134534161746
0.02188793509817795
0.01425785513636891
-0.01436985781202727
-0.1976758217840214
0.02384566136792577
-0.05970711294648273
0.03077587606933082
0.07119397534467833
0.03244037698995865
0.04424318983765474
-0.004892763049914751
0.04941118712970667
0.009466518932033971
-0.05374550640263653
0.05721650692798495
-0.04019513230627703
0.2330595901872622
0.05288148103037403
-0.0570571621005449
0.04352645268822826
-0.03747497666967279
0.02486865750978588
0.09131508863331697
-0.1376942352949911
0.1076144431451045
0.0003555347562716506
-0.06460062596224339
-0.04200671677569455
0.03015736969588495
-0.02733841830768322
-0.04417704308534637
0.069153888157715
1
0.04609234998915465
0.1796102843416723
-0.09633462066162553
-0.04173863441755836
0.05576906224340322
0.03601622997282779
0.1296396555017967
0.08215332093932651
-0.07002527112943663
-0.1262589130000892
0.001816460199183783
-0.07822790941178767
0.057708317030237
0.07527872838605698
-0.1522066264926791
-0.0001598107333604104
-0.04009574158085424
0.03477637141998767
-0.06267632651014722
0.05192503135281749
-0.0773525504815651
0.06208101205029601
0.02882511238152942
-0.04291186216719456
-0.00196150275562814
-0.09746389879308323
0.05687740980714519
-0.1597110056589269
0.01977227142641228
-0.04877897469088587
-0.09729626636841796
-0.09275376684035594
-0.01750279894572646
0.05851259444543963
0.001822252010238318
-0.1237798824538236
-0.08351752641186895
-0.0820729001487899
0.07593225260307593
0.05824205131939157
0.08922900486571833
-0.01126019265641682
-0.1166766464441467
0.09210915283523473
0.1805111621398064
-0.008014727545107445
0.1419446412758302
0.0243845620511817
-0.1031008203814304
-0.1403428453684807
-0.078256365558645
0.03144351058500464
-0.0248894037866869
-0.02131874367759512
-0.01240596022018494
0.04519871845026707
0.002399936301992502
0.07281376147855996
0.1441838492475081
-0.03148338079289763
-0.02933563478429717
0.08652565963917012
-0.05988242694034338
0.03970100733588201
0.014381986702032
-0.01140636202816432
0.008378651745916888
0.06022967348004568
-0.02268091955181709
-0.06324745257970474
-0.0298700374826545
0.07141970667007587
0.0138662447534263
0.04997107714685579
0.0959404068330081
0.09409391669777323
-0.05687379828410126
0.09695619113966354
-0.07700445628047434
0.04749721905616761
-0.08419992456254786
-0.03833505234824229
-0.05041312628168011
0.1364592486032803
-0.03751570274756343
0.08104556244605847
-0.05261894214388538
0.02044523991049693
-0.07800807316123132
-0.005026696261426586
-0.003618838879746939
-0.08410870227689857
-0.01639207784698931
-0.03677338754933948
-0.02788060173628691
0.1183867609527657
-0.08316531543984078
0.05281103949939027
0.1057800248999613
0.1355780329949882
-0.01834285640954271
-0.07665634189547101
0.0596856451674645
-0.1207210512557756
0.05679362997090366
-0.05691792558268539
-0.00579020329901953
-0.1040619755936069
0.09022691102943757
-0.2836263732714014
0.02109190009924743
0.02508056261184194
-0.1381313053249464
0.1501938795016593
0.05188630392242363
-0.09860202547912966
0.004950282452255192
-0.05005933523377525
0.0222630770303726
0.1473195522519134
0.05270928944187548
-0.1304917294784315
-0.1758112171621896
-0.001253309704577913
0.006672887573572374
-0.06908837731336133
0.06229094590860369
0.04609234998915465
1
0.05740356345290618
-0.2169959802321894
-0.06900577995279251
-0.0588264872822279
0.1228799638094058
0.1291559612843493
-0.06941687889868682
0.001715997500943914
0.1944825264107694
-0.006345728159593533
-0.0671167721951416
0.02507749550383995
0.04765965977053691
0.07156733150327461
0.02544670749464751
-0.07404794829473582
-0.08979323351918192
0.1473353691507482
0.03392747642964812
0.1782819472263841
0.219856256001382
-0.04450223272790472
0.04205935780135008
0.08574817721710978
-0.1292199881911432
-0.08643396421218148
0.04253747349709094
-0.0294826767252911
-0.06569933460305746
-0.0009170619935720339
-0.07202647747558932
-0.04921943751426262
-0.1906515661208086
0.107821176032088
0.1662845140219698
0.02934924257605667
-0.2504907486187569
0.04996112188502431
0.03261009390063282
0.06071770231038617
-0.05048925574450346
-0.07973743192520165
-0.09347918539973495
-0.01523490152266822
-0.07718879536574788
-0.07945647219068898
-0.006464844833182538
-0.04832524572984605
0.07743543807832048
0.1552777514266374
0.1123781010584146
0.02465824446435242
0.2249735768154954
0.1384404248697322
0.06176395068715568
0.006640745200899648
-0.06356688053651863
-0.03958721739214565
-0.01876065517824133
0.01654472717558306
0.05696725843920852
-0.1748363526478836
0.007640248817290262
-0.05272953178430249
0.07037970125089887
-0.03001576954975744
-0.04454419089792547
-0.1117853692285406
-0.04619579541231852
0.01659113786327873
0.04575349492230935
0.09995763281351512
-0.008453024483627641
-0.07338982991535314
0.3047609210216624
-0.03573852307758367
0.0602605028964801
0.04368287039795025
0.1585107745743641
-0.04110078212849064
0.01143746115389432
0.1016975197681138
0.0911517729042428
0.0685315671353126
-0.1722315996982332
-0.02531813377162895
0.04924688892936586
0.07632005806661352
-0.1331118745400894
0.05186755197031462
0.04112122434076165
-0.05116921358125819
-0.1167633569391334
-0.0148295236730795
0.0884209927434306
-0.08659663435491159
0.05661178591475367
0.09118242267412024
0.01187187259717384
0.05885018349827899
0.02746049370565436
0.2223583067928588
-0.008451797213632078
0.07610980629666882
-0.05562618489106214
-0.01400141222902498
0.09769311061965022
0.09576970828411724
0.02396664005596922
-0.1095414809163404
-0.05537137443900961
-0.009583428591775633
-0.1539847388399095
0.04658592413861529
-0.2044932078840432
0.0001028082146712628
-0.1196146408682319
-0.01451598287136097
-0.03366002438818809
0.01073135675401754
-0.152997059460771
-0.1070416169778869
0.04464649923625104
-0.06113435041219174
-0.09088197217253226
-0.08942482203064298
0.1796102843416723
0.05740356345290618
1
-0.1751309399782429
-0.0003645708191711665
0.034263044319466
0.01025259478957445
0.07896978662020776
0.09235150100744627
-0.03633065590582751
-0.0001202428776586328
0.05350547066771767
-0.06125683744084624
-0.05363526469447238
-0.05481433934324497
-0.01502550381709955
0.1187297990373757
-0.08609867305498969
0.10424841888303
-0.1275321824179086
0.09101003638941531
-0.1950702378491369
-0.01059351609299584
0.07168737538054973
0.0006372550118385108
0.1082873980020812
0.03611047977892351
-0.07738113514711714
-0.09445319845883235
0.0440142459178131
-0.03180636642148445
-0.1342465499101842
0.06016522100983222
0.03772499828585427
-0.1014183044743817
-0.05576924870250473
-0.04323051927791971
-0.2145804149665796
-0.06944520831328195
0.1197117090266593
-0.1511958559891713
-0.0004544832302690507
0.09221174175193825
-0.07922321391851868
0.05837209385393275
-0.01593949871093779
-0.1529657636999399
0.1122651200677817
-0.08297005165534896
0.1435717965215765
0.03170719920092072
-0.04065344673131926
-0.145650921964631
0.05722556077358081
0.1243749725859585
-0.006540036873118025
0.04431601783328687
-0.01942588390102163
0.2024634507564852
0.06104258787007036
0.001404171458982017
-0.03308625604254288
-0.007021842288135769
-0.05608259278613668
0.0004224369441926182
0.05857031271468954
-0.05791582870483924
-0.01391352597893726
-0.05263824954952501
0.01850718298565396
0.03305885732452922
0.03847278608379125
0.1619607490911905
-0.06693587837368321
-0.02307659559574906
0.02177060431642553
0.128787979117275
0.009485851019774203
-0.05255060493652546
-0.04188722307979162
-0.04268404560900526
-0.1800702086613266
0.06277791637585932
0.1070136410583375
0.1035480769310574
-0.002911072742826095
0.1312611540150905
0.1316656695100871
-0.004546303949683913
-0.10313684842191
-0.1404354361652958
-0.06524271035469785
-0.007868731852361734
0.0566679156937815
0.02461479850861326
-0.0227440844325776
0.009553386555488949
0.02651185845095106
-0.03100985869822449
-0.02185705981160284
0.009064768152766262
0.04426445367945506
-0.01861219022733622
-0.03440038860473549
0.03547397563324765
-0.04888203125835648
0.181219087740169
-0.08038912586548232
0.02189065151761366
0.01424493298144389
-0.005319661823371638
0.1013590201111189
0.134989731208541
0.009805676951351594
-0.1018953349701234
-0.2857241557315128
0.06647572935397413
-0.08275208721346038
-0.01106730066242552
-0.01577867891115167
0.007067787237206204
-0.1095200458285174
-0.1757230092109196
-0.07121915508410291
0.0001438542053308414
-0.02873212097135045
-0.07866959855899398
0.02492802207877007
-0.09633462066162553
-0.2169959802321894
-0.1751309399782429
1
0.1018702801245754
0.001868522837426089
0.08394155651052779
-0.08928533403873404
-0.03221215521731829
0.2627698575371796
0.1259988125996762
-0.07978024726930848
0.1882677223903309
-0.1211565920149885
-0.02703675559857164
-0.04218622946411323
-0.1316321223273386
-0.002585335321623306
0.02065979642232858
0.0693132060122419
-0.1081709838032089
0.08944855644196054
-0.06560785836763192
-0.02952637796979849
-0.06538437115888752
-0.0861940164106884
0.01018970149369455
-0.1027457953939796
-0.02394469385106949
-0.1198722849779634
0.09598800964636794
0.006533323074107342
0.01610288326603868
0.05986684456562457
0.07377703735311297
0.01027645308010781
-0.05315030056827291
0.09615886085961495
0.0175164457959371
0.08057056140829227
0.02475992629215629
-0.07713509547692543
0.02298775670642367
0.04224876914940524
-0.03400390731162228
-0.1598641983402196
-0.271521393053333
0.009705124827494954
0.003040883434431742
0.05635440010702592
-0.2138031841622766
0.1186413392952816
0.04759499685928765
0.008466447583692397
-0.09684568661422266
-0.1246864309352721
0.09504379611200811
0.1614997469183213
-0.01903351714355614
-0.0800574538026502
-0.0521893462382105
-0.2277811046028788
0.08256276107032343
0.1049886538316019
0.1562663761951513
-0.004005594344395558
0.1327288799902979
0.02485089906130617
0.02272153792915158
0.00307427348131544
0.02479684480706415
0.1618669233939306
-0.0207764780155272
-0.1099401006298548
-0.006971262934944602
0.1089143849544973
-0.089690439973461
0.01941350201661911
0.1234342360984638
-0.03691331286023415
-0.1267988517024633
-0.04597544336456585
0.04181970196196052
-0.1477286128466892
-0.01868717749617984
-0.01988174474265186
0.005431509174293615
-0.07485837389584184
-0.005524682558611306
0.03834006266265901
0.1658846120311399
-0.09929094103313657
0.007379270602173195
0.05040566816779369
0.02873043202812687
0.002580294309723209
-0.08525301701506061
-0.1207509650461764
-0.08219459426579698
0.1649632976453811
-0.05591679413988618
0.07816966849603536
0.02678702717355733
-0.06581636492295059
-0.1165200766291635
-0.04222160180855263
-0.08315018295945592
0.01337979081730502
0.1625941961332135
0.05537466185938406
0.03202650398902297
0.06665967731250176
0.04964224655484756
0.2779984644899869
0.0516330886243961
0.04581402639010331
-0.134799580824504
0.07301760492505091
-0.1115519163266065
-0.06995633087367208
-0.04584678925293967
0.05292135647021028
0.01122513002714884
0.032730369329278
0.09868370985443907
-0.09172992574778854
0.004591701043229771
0.09553044659384541
-0.04173863441755836
-0.06900577995279251
-0.0003645708191711665
0.1018702801245754
1
-0.09821067594714264
-0.08584492135449776
-0.01951752542292872
0.07358002891781587
-0.1018781283924994
0.04530215755750039
0.009273651310415174
-0.06512347273892773
-0.02275255199716189
-0.04522266739405234
0.08934126795946037
-0.0002927063365188581
0.09543016468135317
-0.1257716072300822
-0.1627236201429511
-0.1057313506146789
0.07564418182104654
-0.08320445045699175
0.04086060019661548
-0.1087854881022194
0.01312262341250468
-0.133905873503313
-0.05384214872222427
-0.1586756679390979
0.01611445560401905
-0.03145828989067442
0.02804457614859825
-0.1133674083638234
0.1169622508922001
-0.04983375962545286
-0.07142251458679763
-0.1862185847727852
0.04064660965719014
-0.04316282944324565
-0.04101034128083531
0.1376419968736764
0.09264309345229041
0.02507445450100514
0.00545453335733051
0.02211624666843322
-0.118025351505677
0.04250038110004017
0.08428419827753322
0.001867111712116801
-0.03083317594033349
-0.09463376796859552
-0.03376729804975488
-0.01617070146098035
-0.08718852510425355
-0.2331500252523592
0.1533681191811511
0.04800804135100715
-0.02131626421654647
-0.09021404640088765
-0.06048700163201466
-0.07935279500699202
0.08561534477635867
0.04866634297894002
-0.005648868080373133
0.03328562150434555
-0.01601021713162103
-0.01852672892641561
0.1677161691133802
-0.1261173116719154
-0.02617854783415843
-0.03678408383346368
0.1545699861759667
0.07294651708016626
0.07197118028174349
0.02532154270083169
0.01877430392768994
-0.02178706082539856
0.02111759130229668
-0.1052634342197359
-0.05126402641823042
-0.09577680399282638
0.04552828824399647
0.09743047477828763
-0.02338722852555347
0.03441332738465996
0.08735956769165963
0.06994956193338001
-0.05401375346413914
-0.04332140176244099
0.1389653232191476
-0.02218158022274452
0.0818407226472047
-0.1476604007871826
-0.02176276751879156
0.125733925785371
0.0403697732489724
-0.1709897953549387
-0.09294373878872596
-0.001942536844252919
-0.00069700448429608
0.0485181620035746
-0.1045585201363204
0.02405117396575093
0.05823904019920337
0.01907828349573511
0.01314959151941284
-0.1114116939122368
-0.03044382990255078
0.08057680987455419
-0.04323180249091353
-0.03330060335117973
-0.1608790724641967
-0.1022319121043271
0.02312531111118432
0.0649740737362087
-0.06409419388308916
0.06194014544280686
0.05542271248734208
-0.1733702595762064
0.0304579382880666
0.08086950570466633
-0.1036064929978852
-0.07391831605898701
0.04618856697579434
-0.04266963539491269
-0.08867456094375674
-0.1252122556077279
0.102015352918703
0.05576906224340322
-0.0588264872822279
0.034263044319466
0.001868522837426089
-0.09821067594714264
1
-0.03135562995539222
-0.07316251089821879
0.0193226859903237
-0.1160112142855475
-0.013708309075612
-0.07851322332847196
-0.02420819810527748
-0.04941346268677863
0.03417651598506745
-0.1315997474228458
0.1512165473182204
0.04953300637391041
-0.02064109685428964
0.05148803031189667
0.1245245742687946
-0.06027122094208476
0.07551715929623093
-0.0170500458765279
0.107626857311627
-0.04797764273669279
0.1287240193937746
-0.1169585851205612
0.08372163217246323
0.1083832262670324
-0.04703060422969353
0.06846749671089482
0.07930565609748277
-0.07455175607987552
-0.008765143861449293
-0.1718173158804176
0.04744254954189213
0.03201999748298168
0.06711378996735197
-0.009879802095502717
0.00108111937393961
-0.06959472287052892
0.1939640645040087
-0.122338267788056
-0.05874286510027486
-0.01868165060530608
-0.009828763578463181
0.01122084739442299
-0.1024566792965213
-0.05896223644407625
0.05131017391888981
-0.08251873425708874
-0.01425364406209264
0.05115684585236886
0.1385445430020433
-0.1733956173391004
-0.07013550491715433
0.06108346897590637
-0.05057583024185088
0.04449575531145195
0.0979719413035794
-0.1079393337538618
-0.02166392652371479
0.02334865873431522
0.03436124372633215
0.006430146947581067
-0.07170256544904823
0.04242551681560859
-0.09692440569085724
0.03661165377675848
0.05511223852747436
-0.0079628086825759
0.05478757162992244
0.01895597181366454
-0.08100769623149778
-0.1864066961557758
0.05969929377199261
0.02053437135717122
-0.09785557876511
-0.01738434961208089
-0.116792204790048
-0.08588896202330434
0.1240156493986762
-0.01443678556871587
-0.1234113200290511
0.1888567292032527
-0.03412246339525521
-0.03663033986322341
-0.06228350835242528
-0.01972369129428123
0.03408696558281811
-0.174310173868414
0.1089568587950837
0.07532904921407324
0.0604528329877065
-0.09950522644469467
-0.1877920171496497
0.05492039237612955
0.1274458069876916
0.1038559049889261
-0.02582719224479763
-0.05268168595703807
-0.05987320449455675
0.1169597784019041
0.02313951753049599
0.1289435942788937
-0.005608219061776859
0.1266912936832933
-0.1818469229133758
-0.026159948342996
0.1125073293332046
0.03015585035037224
-0.01257739725305664
0.04975175483114377
-0.03570883992199795
0.1118596344191863
0.1538784728308884
0.004632662717052365
-0.1474566408785319
-0.06998181857647026
0.0698417556053763
-0.1239180119095409
-0.10414296853895
-0.08928831735082696
-0.09480392231621272
0.06694377112932479
-0.08704782713165894
-0.01091943208027685
0.03601622997282779
0.1228799638094058
0.01025259478957445
0.08394155651052779
-0.08584492135449776
-0.03135562995539222
1
-0.05574545164063603
0.0129515799723749
0.07912391906228233
-0.04106182220872918
-0.1134834688973326
-0.008480002617262811
0.08192410710380983
0.09704520190710318
-0.1780123336901809
-0.08036503510928426
-0.001917484234089601
-0.01745218959826402
0.05563798706718837
0.06845605488455871
-0.01759045514067969
-0.1189934154948324
-0.03536574351640828
-0.1122749686839867
-0.02095576968575976
-0.003860007862699778
0.02171179525831244
-0.02763254910149195
0.1088584749463823
-0.05542935527412524
-0.02433206487178074
-0.07949570551790094
-0.05709795099081736
-0.08473042671555336
0.08730461692591537
0.007336645381433478
0.09199652692810709
0.01530476657096122
0.05458244493396219
-0.06661064559674323
-0.01385761921576071
0.02928775818137739
0.002178168538655191
0.006714246435726139
-0.1517875937581941
0.06437330670634227
0.03989589958435381
-0.04870132290522482
0.06925318267198427
0.03203561939161359
0.05020062956500498
0.09788626174619786
-0.05612975815884687
0.1185052267048484
0.04491638491961319
-0.1050874193068834
0.06352852674441456
-0.03999699987753316
-0.004368796505732889
0.202985669681721
-0.1898528691918221
-0.05741860635756997
-0.0779001422952427
0.1683471506559196
-0.01062835002697816
0.02247689863559124
-0.02165413031574667
-0.0293514900965116
0.1109051973892297
-0.1859745697630046
-0.004240194730131239
-0.03452027196014355
0.1008611372451093
0.03115764761534188
-0.004650451375430641
0.04743890479365595
-0.01880315566672821
0.06215085251281768
0.1982939671447879
0.01639608608993922
-0.1427668363644375
-0.0800054289843516
-0.06745852045326997
-0.01944914520475256
-0.08814928257574291
0.02175844757548618
0.03818192019370252
0.02533779540268019
-0.03028209301190518
-0.09141007588596836
0.08228542197328864
-0.1391573289325096
-0.06733766201299546
-0.1677511442578879
0.02229073057064907
0.2344617954608655
0.1354833669064595
-0.009300029387021475
0.126386991486372
0.1097430943054224
0.09864692987565238
0.08876788910943012
-0.1394939785452203
-0.04924312179587265
0.1266389355852789
0.1104512580434853
-0.05479026215344937
-0.1880784070498456
0.1026465973193941
0.1435001295437323
-0.04558961159699172
-0.1460764779467446
0.003697578349083522
0.07182478690749219
-0.05296174359267659
-0.09573073356376707
0.1086882629149128
0.03120161021108228
-0.02474563842010382
0.007851946870738969
0.06215551653084164
-0.09790864507485986
-0.01441454749826533
-0.02839163811482867
-0.002583279049596016
-0.03443466427787047
-0.08727753057131168
0.1296396555017967
0.1291559612843493
0.07896978662020776
-0.08928533403873404
-0.01951752542292872
-0.07316251089821879
-0.05574545164063603
1
0.2010959927183961
-0.07158639452035577
0.007749025272987263
0.05430829875470554
-0.1023945365708417
0.04324454968758272
-0.01075710576856857
-0.1015739511401017
-0.02268217008439109
0.1630516517389619
0.05388890174749741
-0.002491651900716936
0.09274007663739497
-0.1124572840716148
-0.07282720498989631
0.1719127114956458
-0.03923540506528375
0.1533583948455129
-0.1205326203480994
0.01871694799343118
-0.2280801974519776
-0.09728355808084849
0.02017802296802531
-0.1815890729027624
0.1260181513673111
0.083540646492429
-0.0241191684450766
0.05515412880427953
0.05231669897398467
0.02159353433130184
0.03412493920191528
-0.09997215939732007
-0.04953089611820146
-0.06829105247998031
-0.09324738956660331
-0.07677783569470588
0.04921874548750172
-0.148322075534679
0.06289659566582552
-0.08631474581738192
-0.1371181142699812
0.04813033498450547
-0.01049891485366695
0.1631866508416945
0.02293183834572921
-0.0172591409404329
-0.02331158853681804
-0.01180543251231803
0.1722881062055911
-0.2045448323645671
0.009486751607846993
0.04501954097041738
-0.0505246238371401
-0.07846730914482293
0.04286520988471004
-0.05734979735163752
-0.07775164136410045
0.06302733364329841
-0.001555780367239104
0.005318882653935136
-0.1357382863351067
-0.06694456049417885
0.04756170683377346
0.08858934452369435
0.03050795046663194
-0.06704070839428716
-0.06379159801874963
0.02473298330678498
0.1036162192285969
0.04490872248042246
0.06917027604315258
0.02369645215915053
-0.04477798054490112
0.04478814373951385
0.1045261861532307
0.2759946411590436
-0.05354469115578828
-0.02281904275623698
0.06892068771332399
-0.08938900677759172
-0.08244933179805798
-0.003265977644555644
-0.05828959837089219
0.03776846230651291
0.01112440563635297
0.04648049899987988
-0.1326530811207926
-0.07782054243105926
0.01383999444342646
-0.01144606734877642
-0.07806166646427998
0.07071414148567298
-0.0002974531144019337
-0.02801623510309304
0.1167296574733215
-0.08663456080498226
0.05617225515842538
-0.1368610033881415
-0.05022412077657619
-0.03167298381728421
-0.1286861381781263
0.1176884238631768
-0.01424893762497061
0.1012301873297952
-0.2194067239177538
0.04229094857974452
-0.05524184534538348
-0.0986493131922327
0.01375948636937066
-0.05626066768695204
-0.06913315115158775
-0.0911553712023557
-0.104032657544577
-0.03534231251410666
0.07567032897408799
0.0611237757878067
0.08270343603096504
-0.09114471297885568
0.06211588967014478
-0.03559117948574131
0.08215332093932651
-0.06941687889868682
0.09235150100744627
-0.03221215521731829
0.07358002891781587
0.0193226859903237
0.0129515799723749
0.2010959927183961
1
-0.008050395802439984
0.06136693343139219
-0.04130388833982797
-0.06491690630171819
0.1910362951985478
-0.01282166586755695
-0.1133014552323935
-0.09547279227490199
-0.1095413499870059
-0.06548707323540401
0.0700441850783106
0.02444141532012783
-0.2660950042287342
0.002383181756761502
0.0002270343796293246
-0.06067833492533178
0.07042221129673712
-0.1348111060961662
0.06520765338906714
-0.1963943419013803
-0.07274128392226085
-0.03511042648057301
-0.08926210375112023
-0.04106930126124795
-0.04697611178797466
0.03725972058918557
-0.1261113282668039
-0.04657424425417445
0.1820904595445467
-0.03334743808075859
-0.1016824709287609
-0.02629582590493741
0.07335442395691333
0.0348502196790508
-0.07705255187538568
-0.1312003249750443
-0.0455749426941079
0.02302659798611096
0.0378156521439215
0.005664640565918831
0.01677446295018862
0.1081484705435936
0.07903208983453959
0.03601798752566186
-0.1386050725500357
-0.07698218087106759
-0.09890406812496581
0.1021462581632802
-0.01350472808168913
0.07855807911741337
-0.02030535528672227
0.08216837714667452
0.08291323540589413
0.09072780776659096
-0.01798266795862275
-0.0005602368975586459
0.05048399245062529
-0.03055815383343154
0.03192914780306179
0.01523702070645922
0.005000572120783725
0.07262082434612048
0.1179482680506763
0.08626157130898911
-0.03512800371260644
0.04541433678986299
0.1175632885255046
0.09299314612787936
0.09172037494261076
0.12404762711898
-0.0233988760245398
0.1445000339631154
-0.0400365887618762
0.03263064598764399
-0.09285549958206284
0.001343319471551334
-0.03248200020209557
0.03871277169733026
-0.1181629486034089
-0.0288932856887989
-0.06885148799132758
0.01822151721528101
-0.0291169084453518
0.1446175919849214
0.04880327801605971
-0.1085284839904482
0.08807202521331028
-0.06671152510642758
-0.01037262361788296
0.2340728573966399
0.1233659475945911
-0.0270537442677805
0.07456120217000167
-0.01682591089560721
0.1103006440254271
0.01402726674578875
0.041372555573723
0.05031426436678435
0.04132599469327154
0.01355000920864576
0.04779565759672995
-0.08964135312104191
0.1291065549150077
0.121449750667745
-0.07244076110911739
-0.1755798144089476
-0.01552160846492729
0.1373352605722194
-0.1620885332785159
-0.1169142029154159
0.05046021518480893
-0.08191686849658877
-0.1334479611022835
-0.1083773188393066
-0.01387324386351028
-0.0138146042216721
0.01389126025513773
-0.007185301718759359
-0.08496635271043919
-0.07002527112943663
0.001715997500943914
-0.03633065590582751
0.2627698575371796
-0.1018781283924994
-0.1160112142855475
0.07912391906228233
-0.07158639452035577
-0.008050395802439984
1
-0.01831873852148255
-0.05434961242910186
0.06394680233827067
-0.1088426915063076
-0.1424880035319015
-0.02499951218924559
-0.008881953617689873
-0.1241012733129847
-0.00361177652610015
0.09925740187801714
-0.1062577204949299
-0.0567999481043129
-0.1919105930234816
-0.08652239388038666
0.0608867669765169
0.1303165982187291
-0.01477512023147237
-0.1142341146112846
-0.04714336472042901
-0.0001376603099502569
0.06443826212103616
-0.09306427766020052
0.01308061609684841
-0.02118676339649238
-0.03247615322478323
0.0166298649471746
0.03158383872674324
-0.01693981678851853
-0.1525043482765512
0.0014510483525445
-0.03320944367240344
0.1013608040112693
-0.06373396372369411
0.1953533165034256
0.1879867266257145
-0.06239078491807877
-0.03506721119789028
0.02401157346996809
0.1348119835586057
0.04895827819518127
0.017250838719946
0.02916049052878085
-0.003232721612120244
0.05113946939742377
0.08823501937014123
-0.1513290351833557
-0.001024072422248326
0.006721918446535448
0.05270717559772187
-0.07161108248866468
0.04451281585925836
0.0008886434119570932
0.01768379477311897
0.08518894331651274
0.07901037337675307
-0.02433410612664626
0.05515167673706593
0.1409385693136389
-0.06617969992088482
0.0859167291830405
0.01909267106825219
0.03637800097913511
0.103181618495728
-0.025516628162481
0.03320418115324564
0.1015397605149601
-0.0003522272438466218
0.06687485453804259
0.07023613559298791
-0.0666131171801384
0.07166878226537372
0.09773243220271907
-0.0459906199844342
-0.06741507515193054
0.02547332237037459
-0.01986158993208255
-0.05121168140111282
-0.02951542783403752
0.03660117602194222
-0.03030316920837528
0.09047735231708837
0.07592907451404723
0.008207418511966788
-0.1911984843139727
0.0005709319357713807
-0.07217385495361453
0.03655568122646664
0.02770861961846639
-0.05742051220416904
0.05386035664696229
0.09270641384514919
0.07706392495187034
0.09922446922327383
0.1831431836761503
0.07144109308526866
0.02524640646591859
-0.07019070418007546
0.14330972571746
0.1171297709694588
0.09697326390655464
-0.1669288405043785
0.03659459469503554
-0.1569346751166668
-0.003610622753469711
0.07590054881748978
-0.09737830664150315
0.05581317650736051
-0.0220924506515955
0.05764336263009268
-0.03191356108744102
0.03007581346793827
0.138552204757261
0.05514330352555559
-0.1933339561886774
-0.09195283276520451
-0.14567184373588
0.1416731682720533
-0.005147680486302719
-0.1262589130000892
0.1944825264107694
-0.0001202428776586328
0.1259988125996762
0.04530215755750039
-0.013708309075612
-0.04106182220872918
0.007749025272987263
0.06136693343139219
-0.01831873852148255
1
-0.01879100142289744
0.09328947337804191
-0.07717060951048882
0.1584598988378325
0.206684048002628
-0.08732051820668993
-0.145373408193395
-0.01865089278043544
0.07266765999625248
0.1075176675251129
-0.005041808876609089
0.05788786488565934
0.109906489096321
-0.04196106072419473
0.04305428655520287
-0.08860910483473156
-0.09495989973844911
0.01560413192922975
-0.1595185979095129
-0.03264640686366908
0.08525309451753918
0.06347954643127349
0.153151178688276
-0.1642870234793055
-0.106333841615549
0.0629765813274165
-0.07788884754682888
0.122712510628342
-0.07236198969283403
-0.09375957110083566
0.07679374113519921
-0.007123855029695376
-0.07384540830276633
-0.07632175912426077
0.09447845969105598
-0.08200039057530596
0.1025941705595928
-0.007347309813618891
-0.002859389414890647
-0.004575334769434447
0.01103347381345325
0.1851046780815567
0.08478169508087594
-0.04857502809742616
-0.1004425994099129
0.09019646191300197
0.08271657161174215
-0.0371689565026083
-0.07730159439373049
0.007646823493063241
0.2168435810973018
0.1988561085037903
0.04532200769848818
0.02418792310838605
0.01928372161015146
-0.02228536578689338
-0.0967419632238678
-0.04097360650268661
0.003728507903305843
0.01043383177533831
0.06618824256008768
-0.08343487438956147
-0.05091989469617648
0.1221483321548485
0.0548144310519701
0.1032849984606052
-0.02928392372025736
0.04558092047699985
0.005990505985790484
0.02181954253549284
-0.02730279728386928
-0.03603957802553171
0.0450844937948918
0.08621032609900225
0.1012783489032016
-0.04025241591526228
-0.06484872508230664
-0.03600177349106548
-0.03277589558670319
0.08949678894281264
0.01981818772199765
-0.04300659088567859
-0.06935414680776969
-0.1701418209523201
-0.01011446191361779
-0.001133156808162783
-0.03066004727653684
0.01747220466993969
0.03729455558360998
0.0001625586749061606
0.09158308317118119
-0.00853013674374814
0.0472953349150449
0.08532960673638193
0.06327527219427428
-0.1170972466179398
0.02420488058134278
-0.01676155799219427
-0.2589993016962435
0.07026750798858086
-0.05217054024001139
0.08273480846786063
0.0145144220234714
-0.0273128321507305
-0.03574334428080906
-0.1999039648233899
-0.1164777174086803
-0.154477331713513
-0.2450635244814719
-0.06201247177205281
0.007890261892362738
-0.0459795629776249
0.05664794117884452
-0.1130084785040291
0.01884805045729553
-0.01615473562390483
0.02844756783102912
0.001816460199183783
-0.006345728159593533
0.05350547066771767
-0.07978024726930848
0.009273651310415174
-0.07851322332847196
-0.1134834688973326
0.05430829875470554
-0.04130388833982797
-0.05434961242910186
-0.01879100142289744
1
-0.0578066013229178
0.0475795735848555
0.1610359208769236
-0.003430228226005985
0.05883525542145871
-0.004214864549472461
0.003487671919984042
0.1253790938112189
0.08363798549039186
0.09446499956564039
0.1443317152733854
0.0784353955461197
0.05860243560819843
-0.0742326624933444
0.1186498367062302
0.1470942984153956
-0.09452224539454902
0.01877362473200751
0.07559597706477644
0.02088232568170037
-0.06755673747240616
-0.0376166467240041
-0.05484908355816746
-0.0892466042023367
0.05031715878296386
-0.04048734409429321
-0.1209150149358432
0.01855580502881812
-0.07969464321072377
-0.0323889380286655
0.02155462979004654
0.04730615724699916
0.0200754649491416
0.07660977311829009
0.03122211046837227
-0.09475776925236833
-0.03454686026523179
-0.05619566520469077
-0.02834442474144898
-0.06037335259591226
-0.009801709089577303
0.07141233729134125
0.01798120371847617
0.002976181475545858
0.07104290771186517
-0.1031978535243965
0.05950673511058275
0.009426029319176904
-0.2385790850897523
0.1082188370140944
-0.06733659107736469
0.0246652004870752
-0.1879205393377744
0.05365061214511104
0.02876549866860764
-0.2297480317927364
-0.06669120729030367
-0.1103390920590133
0.08234222239709825
-0.004174542702719598
-0.04820010340238462
0.0180068312469843
0.1075017773892327
-0.1205855895847642
0.04403026884581988
-0.06076114322574787
0.0006167984276941006
0.1775042086678081
-0.151972210174078
0.1454242611013704
0.02180614262804548
0.07251360796398637
-0.03199946919974937
-0.05511500653261533
-0.1088391522731099
-0.03667687064853397
0.00657637274881413
-0.01078553539807529
-0.0379032539164634
0.08145872543004662
0.03048555624295369
-0.03037784996836075
0.1321085306986582
-0.1652356101236635
-0.1072094366377495
0.05280382889857119
0.09508814044175173
0.07743723316875833
-0.005088389660753625
0.0763512693637487
0.02737025860404544
0.09351792020165166
0.04590152928521755
0.08907225864652785
-0.04317156465549647
-0.08763018656593378
0.06316411240592755
0.01617297952730275
0.05846563011215146
-0.03065303161054292
-0.03963364169090639
-0.03742111789322261
-0.05169622944422098
-0.07886419919074619
0.1053703573991619
-0.09576191162746658
-0.01765413978281395
0.06993569179160858
0.01502152331793454
0.1103381509145164
0.06635799749636616
-0.1991061892552463
0.01001105658490412
-0.04468277010699296
-0.03819021209742664
-0.006880967432387201
-0.07822790941178767
-0.0671167721951416
-0.06125683744084624
0.1882677223903309
-0.06512347273892773
-0.02420819810527748
-0.008480002617262811
-0.1023945365708417
-0.06491690630171819
0.06394680233827067
0.09328947337804191
-0.0578066013229178
1
-0.1829300401089682
-0.203284127973676
-0.09666146895748245
0.1014262693938349
-0.04535383245352126
0.06387388893715892
0.06488051819441709
0.05901590543668039
0.02297638335764256
-0.06359190391173589
0.0748592083410977
-0.1200129368900417
-0.08100411788904358
0.1063523703198016
-0.01512128022147264
0.1292589455512114
0.03493760818000692
0.06300260529563183
0.2655153477038189
0.0524072757523333
0.05268866293823865
0.1295858922212273
-0.07758375662349627
0.05035308465525493
-0.182684635230309
0.1201504115198075
0.12059626924423
0.1159056144154507
0.06559626247214498
-0.006343081439372681
0.02834421008275452
-0.1556943152344547
-0.03457364022129835
-0.1722337397314159
-0.1043498979950745
0.08523786941648032
0.05580682145128441
0.09149404475327846
0.02684429706127734
0.08891360141417969
-0.003261353798322682
-0.1045713731086793
0.01017137773040592
-0.2269829383818517
0.09197835397416809
-0.06238580068705842
0.02948164709701166
-0.02818492741509335
-0.02401830195731684
-0.03674964166147384
0.01014548029899253
-0.004753431739403085
-0.06295892882324974
-0.02188311315744133
-0.01122223499270635
0.1511112301224669
0.09747260070971324
-0.1457528053221802
0.0191916656964402
-0.09014005808438195
0.1957231306311506
0.02423937858272231
-0.1536880889568359
-0.09614379307448656
0.1542522756737547
0.1565515271070002
-0.01456904654288141
0.02545358480694546
0.1360587738173766
-0.03542143887086108
-0.03905309002704451
0.1382359192353593
-0.06793651319368986
-0.06433418961405438
-0.08914177543689578
-0.06699982640766314
0.1687246584007222
-0.02718392320278087
0.09877312992036437
0.01224818770338247
0.01725831836769306
0.054481090065524
0.09456588481484959
-0.1123482145260535
0.08454464760298069
0.08959720753365964
-0.02376774719883435
-0.06466486993137754
0.01727772456614278
0.05643181479809904
-0.02844627054066211
0.1432943776137858
-0.1766224474419576
0.2041114083070278
0.1195089076068525
-0.01995202254576676
0.002062267149499267
0.0362786342499487
0.1784387450700095
0.1021650572831612
0.03424520819387831
0.01117754286728274
-0.04365733373108595
-0.04419405595933013
-0.01389690685351283
0.1284928882004398
0.06679071281429397
-0.01475290587094272
0.01128043362423593
-0.1185101582806518
-0.01047251192940492
0.0695315468472795
0.07092552426678574
-0.0779407802077615
-0.003029603195510917
0.057708317030237
0.02507749550383995
-0.05363526469447238
-0.1211565920149885
-0.02275255199716189
-0.04941346268677863
0.08192410710380983
0.04324454968758272
0.1910362951985478
-0.1088426915063076
-0.07717060951048882
0.0475795735848555
-0.1829300401089682
1
-0.01703925979033911
0.001197562113552196
-0.1932478627486525
0.01387689071598555
-0.1487896730352911
0.01317969794726481
0.2317957192542292
0.08369891338892969
0.05537564100617245
0.005045217261759823
0.01701081235596976
0.1352755579849833
-0.1097256074318456
0.06228030368308735
0.1566936356649515
0.06730663957739508
-0.1367341327034741
-0.2046976349033842
-0.03772144879077532
0.07547812036339213
-0.1180412898237676
-0.1566231576744348
-0.0001639610333828033
0.0865369335539294
0.01320895669651976
-0.03749966182745328
0.009712507396270203
-0.003384697839560517
-0.1016027209894174
0.04613431788474212
0.001087394162495297
0.05601374031691052
0.1427889989159988
-0.04027603176597892
0.1114510952971404
-0.01388147270578202
0.102698087082651
-0.04584882947134317
0.1431325968241105
0.005892395317980019
-0.02198204264868979
-0.001502565253995797
0.09531572609930007
-0.0360790272661135
-0.006626332010137168
-0.01599544668522995
-0.1632953492887846
-0.01963947024400663
0.07562004711943618
-0.06398552515554759
-0.02432950784139846
-0.0659306917910782
0.06680739773747368
0.09239083667404971
-0.0349419556000494
-0.1129902166678587
-0.03022161560874968
-0.06857484706676199
-0.03829509553144218
-0.004829420664567649
0.05071971528841224
0.06319790824600947
-0.06215573759994392
0.01613750015855756
-0.06159167635911921
0.1833952570662782
0.02195306605842018
-0.06733388841992648
0.0001414241264473919
0.04852451336246686
-0.1435936554872454
-0.1820335569415804
-0.01333068698025965
0.003661481640419474
0.1270796847921381
-0.05456159983053983
-0.08152227707428998
-0.1357110459556462
0.127563925797789
0.07554094258176
-0.1233578210323903
0.102847345594594
0.02321101192629863
0.02384665160591968
-0.02420419689084841
0.01240000462810141
-0.03513390198847133
-0.07705078979608779
0.1314836058620318
-0.01811671942477548
0.03805236565741986
0.07680210813906087
0.05894111344067511
-0.1199828989081939
-0.06999879472271865
-0.1151870627101025
-0.1032057408668243
-0.123423481650181
0.03142871186102972
-0.08578431785315552
0.0145975875140526
-0.03777212834622607
0.01870277583878855
0.07347081911139827
-0.06332078695777862
-0.1305763193688912
0.1383173475854675
0.07829290361441502
0.07476750700054897
-0.002295497619588124
-0.190946003596127
-0.07342801910664699
-0.03270457382074129
0.1164705321056349
0.07527872838605698
0.04765965977053691
-0.05481433934324497
-0.02703675559857164
-0.04522266739405234
0.03417651598506745
0.09704520190710318
-0.01075710576856857
-0.01282166586755695
-0.1424880035319015
0.1584598988378325
0.1610359208769236
-0.203284127973676
-0.01703925979033911
1
0.02782384345067582
-0.0761788713286957
-0.02410016787745391
0.008454438340837481
0.064172966091373
0.0143745413279565
-0.1328050938414393
0.2713894140805274
-0.04664865283475124
0.1073894520817402
0.01280689920708853
-0.09652952003570245
0.08533031438789376
0.02350342933181927
-0.1353834256507807
0.1605256438967194
0.170721293345258
-0.1998894977976921
-0.04010135727318945
0.06417794092719659
0.02926434664833428
0.01313010628498847
0.213753477799855
0.1143246798664237
-0.006842039760292948
-0.0598420709262607
-0.07518713251070924
0.107595301838385
-0.2208501630933323
0.02128371968679078
0.0524452521708798
-0.06067563138815744
0.08303163943775908
-0.08358369372578518
0.00525364587328421
-0.03939354303195236
0.01582664734808464
-0.01587890395577703
-0.1002624239522154
0.1811857995549111
0.02956307181892971
0.09425888166771416
-0.0608877070345771
-0.05884256549563256
0.08289740530237637
-0.05906441497665262
0.02410329488606378
-0.06583841744128544
-0.07282455205007377
-0.1133844051236529
0.1315051819880306
0.1565386184283755
-0.01867993400084001
-0.06688756098222794
-0.05410850642768412
0.1351508710462649
-0.07318529223276904
-0.03791930762424861
-0.1076181858236911
0.1443052675972814
0.03448685426181849
0.03675333099437855
-0.08757744787970211
0.2035312246245778
-0.08425280880290842
0.04451082808588538
-0.1678185773664492
-0.01233082460340804
0.05589477892437771
0.1314392124989759
0.1106300344530397
-0.0499821393289303
0.06092219112253499
0.100572910829732
0.04897631159055124
-0.1090892325187796
-0.08353559789262803
-0.1092124858348029
-0.03758579374454922
0.01979902238115489
-0.08196503791088415
0.06971519912248061
0.04207779745617425
0.03927589009136614
0.0456440855527695
-0.03661635387929292
-0.03690585831650229
-0.1445126820434612
0.04570137306645922
-0.1611626281357418
-0.07362770156763669
0.1244206511020433
0.02156691622944427
0.05993522450867218
0.08477660975028956
-0.06512849347701759
0.0714808907390585
-0.07318970212485627
0.07346442311235486
0.04562059826967305
-0.03186531125249469
0.04880921440788753
0.00986125542497715
-0.07397476770331984
-0.08058326352192044
0.02171302692180471
0.1216831929600919
-0.0811675781677321
-0.1101729609704026
-0.08135067560700987
0.006978817378697256
0.1051286158242102
-0.09529048197464712
-0.1522066264926791
0.07156733150327461
-0.01502550381709955
-0.04218622946411323
0.08934126795946037
-0.1315997474228458
-0.1780123336901809
-0.1015739511401017
-0.1133014552323935
-0.02499951218924559
0.206684048002628
-0.003430228226005985
-0.09666146895748245
0.001197562113552196
0.02782384345067582
1
0.09787683617239462
-0.1232136912161649
0.07958494592515193
-0.1285794736579644
-0.03912135395038171
0.04070998774991714
0.004912745350672147
0.06264320545430176
0.138802147223935
-0.01757813452101899
-0.05060327209385397
0.05050849961352381
0.1805596485400159
-0.02141282888547773
0.1052084398378392
0.06981548702831425
-0.08488548043272569
0.122657835741661
-0.1445325546114263
0.07437481994466764
-0.06488395400345129
-0.1238372454050613
-0.1063870167662048
-0.07709122345601131
0.02028730067194943
-0.01827754642577508
0.003947045939427726
0.04313613510878436
0.04019400331612531
-0.07294952605288717
-0.002885114665204405
0.009112860672237525
-0.05616887096965695
0.02967575278511363
-0.03728844841689207
-0.09500497739472981
0.0543359834975998
0.043079348224969
0.05597261237139932
0.05506657107575095
0.1302787156977972
-0.04871134531498114
-0.06978260875685742
0.004646551812971383
-0.06293604102127892
0.04616945632940997
0.04485089558710766
0.02521841302600446
0.06816485226093218
-0.05805371189817132
-0.02557164304703628
-0.1431247352507724
-0.05070940127002677
-0.1599284201480788
0.02807258052196583
0.1382127857441505
-0.1366864864212202
0.07754861025145789
-0.02897875065563754
-0.04787824115710212
0.02359913966562406
0.08658520488408944
0.02305234494384031
-0.03978329498074713
-0.07536561653699279
0.08187064012781267
-0.1020707674915405
-0.09881969874002461
-0.05324023242579166
0.1130858328131328
-0.03474376309697159
0.07772469874782248
-0.002575490263445106
0.09400247012742703
0.1407461781681164
-0.1170332834419828
-0.001873852663817723
-0.08730995744740071
-0.05434561781738
-0.07415863453007218
-0.02078970533595482
0.04418044430805459
0.0415119758941281
0.0871084876153108
-0.05807794520578143
0.04180733966643824
-0.03739951384644202
0.1524950513088265
0.07270256927794533
-0.01476904470733268
-0.08027418573077458
-0.09115249618319429
0.04172169027629703
-0.1615454129445152
-0.01675691985260869
-0.07974070598403507
-0.1877766931088957
-0.1195217546301038
0.05102231042329367
0.1187824034591584
0.06466081315976438
0.00231011061647249
-0.1581913082846484
-0.09933660005046199
0.04857038224888122
0.1052590149471442
0.06086299669116134
0.00690872358958863
0.01556470660913292
-0.001090496946514259
0.04642813348066821
-0.00105468915289998
-0.0001598107333604104
0.02544670749464751
0.1187297990373757
-0.1316321223273386
-0.0002927063365188581
0.1512165473182204
-0.08036503510928426
-0.02268217008439109
-0.09547279227490199
-0.008881953617689873
-0.08732051820668993
0.05883525542145871
0.1014262693938349
-0.1932478627486525
-0.0761788713286957
0.09787683617239462
1
-0.1043699504174944
0.1833899123459432
-0.09821918407080711
0.06257708789057057
-0.06532698464212691
-0.1244110753183077
-0.02829723614945041
-0.02497568192710356
0.03184993938705659
0.1276981579744129
-0.02154599292237377
-0.02884673719091494
0.07626808531445545
-0.1533441111455355
0.05516898817650513
0.111074680891286
-0.2038114108634997
0.03466987467719142
-0.03200387717817245
-0.06179609489314556
-0.03971397763505222
-0.02757801137171175
-0.05776356248017404
0.1296366869298695
0.05929859545294603
0.2340609007809569
-0.01122783847055304
-0.09819464113266205
-0.03530999287390818
-0.1044737550121814
-0.06896286380143024
-0.05989576916443748
0.1851218896590314
-0.186225910860978
-0.02073434822611173
0.01762448591944451
0.03978236179432987
0.0952955499887391
-0.05962250135281003
-0.120846217803978
-0.05925049128320747
0.01524171830626088
0.1085704545379716
-0.07798687473431971
0.08917067909786094
-0.1322965402495579
-0.05723105207129293
0.1031457425567787
0.03764567852777846
0.06611770637199917
-0.003265533810026262
-0.05335947550741284
0.03560964605572631
0.07945495869439237
0.0166016822239383
-0.0219074516711277
0.1727002025842621
-0.1388610645775446
-0.03251588027745336
-0.006298163225930058
-0.05457693721535235
0.03304667793881759
-0.03954084527254089
-0.04047591785108988
0.01776932477339419
0.2243916624758831
0.1586340691207356
0.02342651824883169
0.1799459400353368
-0.03248740440483085
0.04839331801825316
-0.1484433214684482
0.07474842028415662
-0.05433526016411146
0.02946287300537826
0.03052166959202166
-0.09478047685802204
-0.03419185076553266
-0.1273779578463294
-0.04193920107740494
-0.1920219430371923
-0.07699337406705348
-0.05514519829866645
0.1190239744158531
-0.1125126917820241
-0.06948271493500409
-0.1011632159344297
0.07709049995847687
-0.1024175748904313
-0.04035522981147743
-0.02790591696764214
-0.0007105990216329655
-0.05419407650726864
0.06964394075442196
-0.1212270797758906
0.05304527885132267
0.08885673610294602
0.02612932475333769
0.1335900170165744
-0.04310280108671607
-0.05204667840895021
0.2233185375801874
0.03945025080977987
-0.06163396517625315
0.02067636144318567
-0.01653845697454433
0.005604849944402055
-0.01090378130828282
0.07601590602278629
-0.1481479788321664
0.1188233393828694
-0.04009574158085424
-0.07404794829473582
-0.08609867305498969
-0.002585335321623306
0.09543016468135317
0.04953300637391041
-0.001917484234089601
0.1630516517389619
-0.1095413499870059
-0.1241012733129847
-0.145373408193395
-0.004214864549472461
-0.04535383245352126
0.01387689071598555
-0.02410016787745391
-0.1232136912161649
-0.1043699504174944
1
0.04067425778916142
-0.07132353664107965
0.01979216351434394
0.1115060338880002
-0.05661807176172676
-0.0906299994251694
-0.04005313456231682
0.01984519179128448
0.06815187458187227
-0.06572698009672899
0.1339873819612825
0.1341178390973708
0.04352181274596657
0.06645170073442934
-0.03101363249549527
-0.07295061900594868
0.0109069699468112
0.004025017282277515
0.01258475297007789
0.08803073739266218
-0.023980179227083
0.02098149872975962
0.1675269802270266
0.006595692517211954
-0.03630259538402346
-0.1573397052937882
0.08867395984300028
0.002089540748248478
0.08039866926702333
0.1318927129019811
-0.158657043732736
-0.04867440270688687
0.007351485545688121
0.1290340348011172
0.08028569854382571
0.09934016242391415
0.1140411215370046
-0.0146872981238717
0.1220765378329996
-0.005193455934911866
-0.03244248799130491
0.0200331566786256
-0.1955482158318202
-0.08316630512324658
0.08219282928384139
-0.1359374567526089
-0.1817328584938421
0.1665120699376562
-0.105363727175724
-0.132787894840531
0.03096998979241813
-0.05952496067016782
-0.02022637994594595
0.06973124856771318
0.03749521966708988
-0.07384469808267821
-0.008743305579050988
-0.002843492372534511
-0.1379341997712407
0.06519152409348343
-0.2331111900485307
0.08565232534819123
0.01356372895882806
0.07433152501180788
-0.0515802065508998
0.0276710907650239
-0.1114174611301822
0.04226961113032319
-0.06089091278130833
0.2363689278355029
0.1607553196712249
0.1142569287371432
-0.07094127605236297
-0.03929776335049603
0.01868892850016078
-0.0554765714631771
0.08252782522461255
-0.08696305099181911
0.03967527122193447
0.1641463835007278
-0.17758640420671
0.1249438917018164
0.004876692488161988
-0.1111026097473407
0.1559772834921855
0.1243421601849408
-0.1052137871081573
-0.01964495619470474
0.07082027653118514
-0.01822941464847988
0.07682495359457996
-0.1081351974917993
-0.04140213512107626
-0.09687452743534318
-0.1423519928798203
-0.04118618157583381
-0.07350574322194421
0.1017255935597736
0.06062452509876995
-0.08311295299331956
0.103615357912384
0.006962847881795305
0.06962401238624662
0.001866123567442881
-0.08854908137681569
-0.1220623160466722
-0.01215316411899286
-0.06377174486308466
0.03148572956963958
0.06945209668567709
0.03477637141998767
-0.08979323351918192
0.10424841888303
0.02065979642232858
-0.1257716072300822
-0.02064109685428964
-0.01745218959826402
0.05388890174749741
-0.06548707323540401
-0.00361177652610015
-0.01865089278043544
0.003487671919984042
0.06387388893715892
-0.1487896730352911
0.008454438340837481
0.07958494592515193
0.1833899123459432
0.04067425778916142
1
-0.0005833380496226247
-0.06640112582076023
-0.01761159049418781
0.0324832262938273
0.03216754255995043
-0.08249255203319325
0.09121870771756929
0.0113370123735267
-0.07729214353843905
0.006603887261981562
0.01025260577606477
0.1187514517994418
-0.05295901107096444
0.09529907266067165
-0.09983052498000317
-0.006348249643426684
-0.08192072065334927
0.0476233611704355
-0.1240846184008692
0.1272766074721789
0.0813049655618919
-0.1277765590255718
-0.1756074632377226
0.0886880289909141
-0.1207097459127111
-0.09582471153879835
0.04844951938988252
-0.1942179748657871
-0.02527190077142809
0.01936317550243026
0.1422084124869289
-0.0984123146467011
0.1258861295036827
0.1247326809755794
-0.1180189618363336
0.0427823124014676
-0.03458912916096147
0.06171066556197838
0.02673466823831278
0.07096070821280819
0.04721141546072528
0.07165435889397409
0.06154588612368037
-0.08639218538384071
0.1366226455005502
-0.02377766884759633
0.1472378898995298
-0.04769122823007262
-0.1703788882951056
-0.1025623238391879
-0.04384506662370592
0.02054783841843651
0.1113461294898002
-0.1035226283246417
0.1140911095080321
-0.1087591179585629
0.06127409771281199
-0.03906590380526691
-0.2421940261056614
0.06885322436613225
-0.08383647207013557
0.009728652941223373
-0.02353890212434387
0.1767378024930281
0.04494283439526181
0.07582980064997231
-0.04701658534570461
-0.003730069012856664
-0.01524554090194907
0.03440362867009897
-0.01408891834179414
-0.04707879426847322
-0.01725419848872192
-0.05638936582060859
0.06359280041155821
-0.04094422137267915
-0.1219468802555264
0.1190450686021314
-0.03459501625333106
-0.1038918108924448
0.03571261467735092
-0.04837154892431092
0.05771901841524267
-0.06645195375700698
0.007028859135377791
-0.06493190246258143
0.0424948867495439
0.0378712582487977
0.01048186589568027
0.04208616679971276
0.05447510023915086
-0.1887407601844748
-0.01965236947312476
-0.1146170666917753
-0.02006116168679675
0.01285713013531005
0.0155876706875997
0.003561990179239849
-0.07713701986505743
-0.02095241858579791
0.04707632141949375
0.01655729163193327
-0.1660172637558703
0.0439196897706208
0.0689388222180943
-0.1373373739928839
-0.1360884345371281
-0.0864022334121038
-0.04716034979775555
-0.06267632651014722
0.1473353691507482
-0.1275321824179086
0.0693132060122419
-0.1627236201429511
0.05148803031189667
0.05563798706718837
-0.002491651900716936
0.0700441850783106
0.09925740187801714
0.07266765999625248
0.1253790938112189
0.06488051819441709
0.01317969794726481
0.064172966091373
-0.1285794736579644
-0.09821918407080711
-0.07132353664107965
-0.0005833380496226247
1
0.001128527044785881
0.009700703822230155
0.1987805713095183
0.01649232518227196
0.1104257723801595
0.0415411168568806
0.1657988314964055
-0.02873834508285012
0.008496431420148973
0.04076759082194142
-0.09060244072822965
0.1071286154876595
0.05048254312078311
-0.001067438962796209
-0.1159436733192311
-0.1032397553904586
0.1000230387296363
-0.009901999114747973
-0.1045652211192873
0.0678072550387403
-0.08018133507630271
0.04648708559145912
-0.1409187732096973
0.1299464431773693
0.003775034932030045
-0.05022533390406118
-0.01407543796271868
-0.03428581419597129
0.1315141327898964
0.02378919948987948
0.03800537979729851
-0.02736997963897606
-0.132322495551998
-0.01426716216501196
0.06434896373387637
-0.1557986373391051
0.05613565999166537
0.01895465708514089
-0.0240970065551928
-0.01007274320209431
-0.0306026135244569
0.06074165458308181
0.05986265954918686
0.1714525142504696
0.01231577644089119
-0.08193959730095203
-0.01607573487044378
0.008842217587008391
0.06372457335034228
-0.08232655732826824
-0.04861672339916577
-0.06953377757155361
0.1079358534475841
0.09787589966381198
-0.02047644937533395
-0.08984191170059121
0.0830746141218818
-0.06899629850461399
0.1248155686753687
-0.04999953494517625
-0.1043183869950422
0.04221503508095138
0.04022252913984017
-0.1104555376724989
0.02929434243415678
-0.04219081300709709
-0.3109013683308827
-0.2043422659732282
-0.04108118127495664
-0.1364321370500694
0.03809644143102126
-0.04779478875256113
0.07070057275939613
0.0005770501720753086
0.036755104766088
-0.05465007601370012
-0.1188223217187309
-0.02249225340997789
0.0122858622010116
0.01185096739283714
0.09655325967648121
0.1014705911392703
-0.002186213174112973
0.07331581394096301
0.07316779686622299
-0.08454017756331997
-0.01123747103513092
-0.04941350237782501
0.001556091863458769
0.002124240230941779
0.1143421657945037
-0.02144428652677804
-0.01644378903485764
-0.1071286370740637
0.08075932888875753
0.02624152908111851
-0.1418720286869467
0.03466137403016549
0.07686698988440312
0.004535571923202741
0.1330573790104088
-0.06522063145399093
-0.03887151713362957
-0.1120630515366317
0.0002862621360361466
-0.08358202203626186
0.06222360713770982
-0.02183540585797717
0.05192503135281749
0.03392747642964812
0.09101003638941531
-0.1081709838032089
-0.1057313506146789
0.1245245742687946
0.06845605488455871
0.09274007663739497
0.02444141532012783
-0.1062577204949299
0.1075176675251129
0.08363798549039186
0.05901590543668039
0.2317957192542292
0.0143745413279565
-0.03912135395038171
0.06257708789057057
0.01979216351434394
-0.06640112582076023
0.001128527044785881
1
0.1006850975926694
0.06502637422029306
-0.0004156547791470139
-0.0191114470522249
-0.08414108881491698
-0.03868805770600615
0.07027909571245551
0.1274046270457163
0.01384298076333086
-0.0828094364191668
-0.0005671070394831328
0.03667774896586428
0.1261298056101901
-0.1311731287297836
-0.05745702630049821
0.1877354509325545
-0.1529970790561255
0.1157535361164959
-0.03786757367725409
0.001687555678058342
0.05848814790234433
-0.05424944750405147
-0.08380068042860314
-0.1316855545187284
-0.04663726552307572
0.0862863297778589
0.05857220433323092
0.001864278563819257
0.1059190946552813
0.1483866577864662
-0.2136167460185294
0.05462534692914943
-0.0599954051463473
0.1094048600685851
-0.005444640076305947
0.03609288008342344
-0.2804579737982831
-0.1120831472416999
0.04323596473387887
-0.1154428465330828
0.01478381876902958
0.1478878440032971
-0.004574335570237596
-0.1548811246971262
0.00865030476239604
-0.1605538342241151
0.00963155166111679
-0.03126419733882567
0.04926642625127137
0.02197007338306129
0.05518157963069917
0.001207893714280076
-0.01675981915754125
0.0185496111114979
0.001278775503747321
-0.08911300479798337
-0.07134894576888234
0.1886921089273941
0.01518815728111562
0.07785282129067425
0.06809134322575239
0.1376047165527239
0.02405156710694336
0.01959870963563352
0.1101123198916982
0.1250205518733808
0.05232984211126573
0.02787337798638529
-0.1208148342100277
-0.1719691407357544
0.0008650024279180874
0.03147706048697187
0.1698715330076871
-0.0121351061202263
-0.1996488706789125
0.0109732521585113
-0.03430285756798738
-0.003446695967037438
-0.1299643121214234
0.05187044039887942
-0.04351542126773394
-0.2089486007751986
-0.1605834143860849
0.09461969850553804
0.05671901985026033
-0.03169083937747091
0.1408580726136923
-0.03656078849920745
-0.05946142257725884
-0.0948653000436076
0.0230932156074975
0.1463624437056605
0.03161422450990628
0.1321402439082441
-0.09589554908578934
-0.170501345668906
-0.1062956725978063
0.06208601077925313
0.1693148496746241
0.07362684104886411
0.06267197454582031
-0.0804756830412775
0.004604417660895151
-0.06445329902359248
0.1563458050645363
-0.03546992494624149
0.06553303614079764
-0.0773525504815651
0.1782819472263841
-0.1950702378491369
0.08944855644196054
0.07564418182104654
-0.06027122094208476
-0.01759045514067969
-0.1124572840716148
-0.2660950042287342
-0.0567999481043129
-0.005041808876609089
0.09446499956564039
0.02297638335764256
0.08369891338892969
-0.1328050938414393
0.04070998774991714
-0.06532698464212691
0.1115060338880002
-0.01761159049418781
0.009700703822230155
0.1006850975926694
1
0.1201303115903158
-0.0437727939164378
0.01620952152909176
0.01146246247412832
0.02118677624261709
-0.0504133831004205
0.0685361738809882
-0.01097667212387876
0.0002117082695607311
-0.05754901603586549
-0.08030862017101149
-0.03621562099645079
-0.06331032670990248
0.1386176444559355
0.1193816779686344
-0.04644340062525158
-0.2327561480768854
0.1850223712570698
0.2170539037870834
0.03865804767708764
-0.1398720147727969
-0.07591048813843781
5.857773639898062e-05
0.07265230555920098
-0.02095528101420088
-0.1054102538310682
0.2225152356075885
-0.1640183093758501
-0.01398158404559511
0.1142132662805075
0.120487469356993
0.1068637599279174
0.0472015287773182
0.00744329254396158
-0.05969496599747889
-0.01989841685945017
0.03961663685678331
-0.00662823014067964
0.006102533274143861
0.04858087296153215
0.05762680800144981
-0.06878832524812273
-0.1438725627951424
-0.09215716606130542
-0.003422289521667465
0.003801753986295446
0.07874226216190217
0.03229211588300972
-0.1416217043537613
0.0897285040452258
-0.1125184804729476
-0.03104082017995708
0.02278827665770473
-0.009223201054008489
-0.03180894009885524
-0.07566077028650878
-0.09558771901833088
0.1681768061810454
-0.109989449720548
0.01892513968749072
0.02857786943462636
-0.03433015240866775
-0.0531175505043768
0.1595374069304707
-0.0600697180056428
0.03153160227008536
0.03211719316598943
0.122045502546038
-0.01396990558633846
-0.08648444953390561
0.03559793261455509
-0.05339795617566356
-0.02103595385353306
-0.1002221265897783
-0.02212608130385667
-0.03396787378888423
-0.004278282826829363
-0.1425566242282214
0.02462112318034815
0.0295266241234825
0.06028686511518282
-0.116579587110278
-0.07711991075191374
0.005632475167415843
0.06428280441308377
-0.2372667834859686
-0.07764422084606559
0.106800051426333
-0.1026258390006205
-0.1112625890043474
0.09286470662829663
0.06282700009671774
-0.04807145214017261
-0.03720774334506739
-0.05953062406880153
-0.09875621697561754
0.05137280899730537
0.08524239066893269
0.01506728840665409
-0.1543300754350125
-0.01065817183838885
0.01726870348661649
0.08251189656807356
-0.1829378732778885
0.06529582077507641
0.06202100931650813
0.06208101205029601
0.219856256001382
-0.01059351609299584
-0.06560785836763192
-0.08320445045699175
0.07551715929623093
-0.1189934154948324
-0.07282720498989631
0.002383181756761502
-0.1919105930234816
0.05788786488565934
0.1443317152733854
-0.06359190391173589
0.05537564100617245
0.2713894140805274
0.004912745350672147
-0.1244110753183077
-0.05661807176172676
0.0324832262938273
0.1987805713095183
0.06502637422029306
0.1201303115903158
1
0.05866896266948399
0.1250409141940658
-0.05192802547973328
-0.01716405049886629
-0.07469390772015666
0.08788150448203164
-0.1176075114882583
-0.01310265070970276
-0.01493828511130715
-0.00838996178928024
-0.09372528587581304
-0.2116949115507424
0.1462719205780519
-0.07809717110709075
-0.1361845982849473
-0.2024404112317005
0.1504573914825016
0.1132742294063862
-0.02494792635707686
0.01838211145589952
-0.05977102950126471
-0.002434072005541705
-0.01235970795510716
-0.07019489144806569
0.02586540738986574
0.06816496213898753
-0.06414989538044172
0.08752606603656148
-0.08664054675894074
-0.05911379129839445
-0.03025675642954768
0.04638492186575943
0.1338682653180545
0.05069897288584305
0.05740402408150398
0.1049805095818187
0.1169834369079035
-0.07525061463860254
0.06553254992691254
0.08437629715324588
0.0155187187430866
-0.1106548997979664
-0.01225990197894183
0.0649470576689134
-0.07041863103025466
-0.002073835010464252
-0.1038944236072846
0.08919086319541464
-0.1635389131894457
0.0769901359525469
-0.1233437475404586
0.1002940659272261
-0.09299449555477786
0.1269205497271117
-0.1718128400708145
-0.04516166487347854
-0.1162220910795613
0.1194571004059126
0.08783691304520024
0.0007424597474647819
-0.02446107513966184
0.112444834271881
-0.06373957268095548
-0.1446060314439507
0.005100846715985425
-0.05911887527744356
-0.05435394180857692
0.01774454485984937
0.08323437131340702
-0.04143289750450813
0.05271413484943598
0.0489051353198436
0.03991503977235041
0.08262655703372423
-0.006200806687810501
-0.07199277724516089
0.09082135849502457
0.1406137667341852
0.08218018478872824
0.04678355732554165
0.1509879860785704
0.03272925753358905
0.2305419441722903
-0.04708290341992989
-0.03512513978587405
-0.1460960498065548
0.04328278574769032
0.04882673031818797
-0.04110888601422646
-0.0437603520327657
-0.03884914478239047
0.01463173546847381
-0.01296219313514008
-0.1157674172101156
-0.1336602949706575
0.03005861047771948
-0.02238942757905208
-0.004496998232747938
0.04408738316400847
-0.04151030044071705
-0.08237595194854108
-0.1600579321573403
-0.0242813288304534
0.007480365687356934
-0.08334347486588353
0.02882511238152942
-0.04450223272790472
0.07168737538054973
-0.02952637796979849
0.04086060019661548
-0.0170500458765279
-0.03536574351640828
0.1719127114956458
0.0002270343796293246
-0.08652239388038666
0.109906489096321
0.0784353955461197
0.0748592083410977
0.005045217261759823
-0.04664865283475124
0.06264320545430176
-0.02829723614945041
-0.0906299994251694
0.03216754255995043
0.01649232518227196
-0.0004156547791470139
-0.0437727939164378
0.05866896266948399
1
0.05818136131865456
0.136882564663695
-0.07290384658539141
-0.06121802743691681
-0.007889443166591063
-0.03106456025498766
0.09970430615033538
-0.1179008566020277
0.1376290333042207
0.1625102066728608
-0.2040814464517741
0.07448201375632144
-0.1624471402575691
-0.02494269388450353
-0.07317438957166747
-0.09617664162786144
0.01483859885372115
-0.01567581037358195
-0.115955753148586
0.04723914414256652
-0.06153432838299268
-0.07187003338311619
0.01665568781494458
-0.07084447008529075
0.00571513728180517
0.0171818109913873
0.01115477302122447
0.05966036418834596
-0.04929064924617457
0.1268922063943917
-0.06439753444732646
-0.06815918871063648
0.1100386341383506
0.04647760005175963
-0.03016073117531909
-0.08977277164954894
-0.04908156840102649
-0.0825606028804521
0.08029673752822725
0.1609174014246769
-0.06868863648368652
-0.0522496919694447
-0.0902034981083894
-0.1031908161444564
-0.03140944415566346
-0.07354784064172318
-0.1284991036602712
-0.004862136367327664
0.06246762763620006
-0.06173666989863433
0.0293931664472893
0.001051712934897056
-0.07176618270728907
0.03158068075523554
-0.1040834260670768
0.161380330568325
-0.01105939481508487
0.06984854452270391
-0.02580943781820521
0.1953724325027815
-0.006373149285517951
-0.06179767863705284
-0.04468125585586867
-0.0978473641552491
-0.03553659573026834
-0.1130543242042241
-0.01313998532191562
-0.04729962342700317
-0.08523612857281844
0.0558201448120975
0.008989683862433255
0.1097402056930819
-0.1640525382122911
0.07299189250469026
0.1348772202049464
0.01289360017255864
0.1086502748596554
-0.01122793183317031
0.09422051304527261
0.0002130425478745501
-0.01288930453694423
0.05393499372524046
0.01906790724203197
-0.0008059172359002331
-0.01926744550686815
-0.08212834360597453
-0.04444419427319812
-0.07003959196899529
0.1235694325877471
-0.05718604331290861
-0.008217098827608977
-0.06893330096181099
-0.05651455971842013
-0.005437861406731491
-0.01528589101271199
-0.003451966532602119
-0.09231602891870944
-0.1080121101518406
-0.1249187212598082
0.03864104361479695
0.06039853931960343
0.1167779626207109
-0.09223759771393948
-0.1087645409174052
-0.04291186216719456
0.04205935780135008
0.0006372550118385108
-0.06538437115888752
-0.1087854881022194
0.107626857311627
-0.1122749686839867
-0.03923540506528375
-0.06067833492533178
0.0608867669765169
-0.04196106072419473
0.05860243560819843
-0.1200129368900417
0.01701081235596976
0.1073894520817402
0.138802147223935
-0.02497568192710356
-0.04005313456231682
-0.08249255203319325
0.1104257723801595
-0.0191114470522249
0.01620952152909176
0.1250409141940658
0.05818136131865456
1
0.08577798651474336
0.1321815931304146
-0.01098099115751123
0.1158758544317596
-0.03151055793482187
0.06657578831552892
0.001952164844753853
-0.03787068279439822
-0.03056216835823324
-0.1673697486505585
0.06773762523739746
-0.1645102131160067
-0.02984520293280992
-0.09075971822276382
-0.1821408000697116
-0.08854063261193833
-0.09036482531372683
-0.005071586587965242
0.0148176149360413
-0.03700936215173891
0.1095764809019656
0.001612490480519608
0.05886051810129847
0.02159418338231122
-0.1516434846299114
-0.05058749243874273
-0.1176573053011559
-0.02838944142684472
0.09596181729686148
0.06191428935930442
0.05700011606180345
-0.07899569957439484
-0.0317353359885329
0.1753415662172211
-0.03654382457310908
-0.02960419588525616
-0.1247094938271926
0.2134663370047581
0.1993262548654065
-0.050260262107155
-0.005402037818752521
0.1155830536232107
0.111272840326843
0.06277085850767222
-0.07117290688787578
0.1071521459445331
-0.09942137077082384
-0.03777600383593904
0.003477693134811846
-0.05970479292023146
0.03129349796982381
-0.01384304055550313
0.1058082864943353
0.02229662395334293
-0.02002184824682211
-0.005598067747581535
-0.1320800143931201
0.01788749887393327
-0.07336756072882006
0.1129886559269201
0.03320943960905823
-0.0788835301723603
0.1538696521405766
-0.0489028975260999
0.08876362258283238
0.001706327140982664
-0.103407526855481
0.01812197333746159
-0.03146400830688062
0.03254387390614299
0.04801485210668956
0.01673160464964303
0.07284129413171918
0.09998967091971403
0.02520208995538375
0.1357601449360512
-0.001429669545439983
0.05668971229273831
-0.07849221075769085
0.0748710292046107
0.06982889791633939
0.04720305536316391
0.1041316184719635
0.01503927281256771
0.06318384012238704
-0.1504952831906096
0.05872603815031794
0.04010724758643898
-0.06723528655480936
-0.03847912683849342
-0.1202783837991998
-0.02605338876496222
-0.07368845777678218
-0.0861115379654471
0.1082982048904486
0.1408819785858816
-0.1052920650027368
-0.04176955547530212
0.06560760637103201
0.04042505413997337
0.110717668728563
-0.05743992529790774
-0.04952815328716537
-0.00196150275562814
0.08574817721710978
0.1082873980020812
-0.0861940164106884
0.01312262341250468
-0.04797764273669279
-0.02095576968575976
0.1533583948455129
0.07042221129673712
0.1303165982187291
0.04305428655520287
-0.0742326624933444
-0.08100411788904358
0.1352755579849833
0.01280689920708853
-0.01757813452101899
0.03184993938705659
0.01984519179128448
0.09121870771756929
0.0415411168568806
-0.08414108881491698
0.01146246247412832
-0.05192802547973328
0.136882564663695
0.08577798651474336
1
-0.1111214327933314
0.0331471256629038
-0.1061224720909478
0.1117762660547912
-0.0340809735023339
-0.04067428945397404
0.00874685730931947
0.1182491857535994
-0.01873418368149977
-0.02153469323252859
0.01334940182474399
-0.03114507170143195
0.08198097218385475
-0.01215676845132474
0.05887898989884607
0.1892264833487343
-0.05024641938388748
-0.1387568705934102
0.1147781027845302
-0.1304347190770661
-0.07515411396943171
0.06511399024419387
0.0290936808471514
0.01406225712385495
0.005011094843980921
0.05777470269074053
-0.01819762215653215
0.07596810709575856
0.02098843710955545
-0.1594494386585666
0.006965469873882375
-0.1217060639858154
-0.03381315785874666
-0.05874283089647557
-0.08681290532125384
-0.02778094712276729
0.07568288879022164
-0.08820441535551578
0.1493944619022821
0.1028229963560287
-0.0879188196905157
0.05332111449915951
0.08669697173501774
-0.007548557664843903
0.03343783137921909
0.1333727835604073
0.1000477781344245
-0.1484755792272635
0.336268935175343
-0.02053758090832526
-0.1627977558561888
0.07963520617887931
-0.05048732059358396
0.06152988189076099
0.04377247081760352
0.04399206675572616
0.1620351064293756
-0.01913654393299564
-0.05530112430231126
-0.01895661589009076
-0.008932668435892657
0.0553682417630386
0.004948245674818871
0.02652016797310576
-0.01244022283173049
-0.07756418023281612
-0.1052581107389742
-0.06494513907462798
-0.03329506980186671
0.1591124842776327
-0.03456593645465645
0.0536903260063936
-0.113137718944853
-0.04414918280764143
-0.07336345831459248
0.2500054176755478
0.01118165012538753
0.1333541982314221
-0.05058590693990289
0.06469157199402538
-0.1194322148943757
-0.08608826448072726
0.06854788912966878
-0.09139192936863035
0.1368145610285112
0.02708551695117349
-0.04057871608384907
-0.008770280145472532
-0.08905791966863311
-0.02720711860682514
-0.1438609533248042
0.006296571269244402
-0.04610578200132293
-0.1005203566737251
0.03046792124036896
0.05134160727411147
0.06381159322204155
0.1137671568729794
-0.02135597029265025
-0.06399067913208858
-0.07595423823869896
-0.06988763427741813
-0.09746389879308323
-0.1292199881911432
0.03611047977892351
0.01018970149369455
-0.133905873503313
0.1287240193937746
-0.003860007862699778
-0.1205326203480994
-0.1348111060961662
-0.01477512023147237
-0.08860910483473156
0.1186498367062302
0.1063523703198016
-0.1097256074318456
-0.09652952003570245
-0.05060327209385397
0.1276981579744129
0.06815187458187227
0.0113370123735267
0.1657988314964055
-0.03868805770600615
0.02118677624261709
-0.01716405049886629
-0.07290384658539141
0.1321815931304146
-0.1111214327933314
1
-0.03488766423274185
-0.008513191637435656
0.008247054616929978
-0.163327655348614
-0.03971869121211409
0.1787178223095476
-0.06678397923954171
-0.03596882250280926
-0.04984509385874395
-0.01160168377612313
0.005984776808464841
-0.1060220042305974
-0.03973046069937495
-0.09430797535197799
0.01203439147438509
0.097915548680992
0.04354524272349571
-0.0419086683425503
0.0592357144473523
-0.04952170415729032
0.01626453316225274
0.05011584714074717
0.05521054179035408
0.1382258536769169
-0.1435747205682549
-0.1558698057939239
0.05543679206319491
-0.05077072792591068
0.05825984874293284
-0.03840715822360567
0.1319191882773031
0.02648611365216909
0.05639524863427965
0.04940496240304942
-0.09125159543389243
-0.001029749613184892
0.09279701548826771
-0.04356958861424055
0.1336655167089634
0.0102694168937402
-0.04528544802482429
0.02694339185463265
-0.13461416262159
-0.06102451084207904
-0.07099181987321024
-0.01682565161987615
0.06037931089817929
-0.1132980498306955
-0.1871725103248969
0.07016206413838058
0.03259780610817629
-0.02303324674289128
-0.002869496603042729
-0.07795011773202311
0.03999696120476372
-0.0766444029710987
-0.2269543005129928
0.07932993463684812
-0.09785801834905565
-0.07884523502342175
0.05874290071900088
-0.08047765144692778
0.05324865530462156
-0.06151386838705274
-0.04640426347700752
0.08605344773266398
-0.06831576209202005
-0.02842063645491416
0.1274871605931622
-0.08329971256661922
-0.09370097054769416
0.01885287795773434
-0.04245452049009564
0.06227474505281065
0.03608225254074154
-0.02262105806785705
0.02219139746117062
-0.09541432103745932
0.001787666905625053
0.1073770090093464
0.05519074096123371
0.02755566432568179
-0.01454958528385706
0.04284931955004512
0.07190853150041032
-0.03480590242809663
-0.01566667433844011
0.04104884707972853
-0.1106856151795596
-0.01152558492467507
0.1150924126306226
-0.0665806563364736
-0.160634481809804
0.07006494504932931
0.113299696082103
0.1024104896467637
0.0005450255538739955
0.01622969573748612
0.1452349863160943
0.1076360119306511
-0.118965644869429
0.05687740980714519
-0.08643396421218148
-0.07738113514711714
-0.1027457953939796
-0.05384214872222427
-0.1169585851205612
0.02171179525831244
0.01871694799343118
0.06520765338906714
-0.1142341146112846
-0.09495989973844911
0.1470942984153956
-0.01512128022147264
0.06228030368308735
0.08533031438789376
0.05050849961352381
-0.02154599292237377
-0.06572698009672899
-0.07729214353843905
-0.02873834508285012
0.07027909571245551
-0.0504133831004205
-0.07469390772015666
-0.06121802743691681
-0.01098099115751123
0.0331471256629038
-0.03488766423274185
1
-0.03279183914125171
-0.07633444996065904
0.07318605005111753
0.04282142501640769
0.03183214472497081
0.005355618936934432
0.1499834496404017
-0.0228198935706513
0.07967553796591052
0.001075551799223134
-0.06878662497850466
-0.1980628194564484
-0.041161845304978
0.04601850631440985
0.1455902064234072
-0.05691899337025207
0.1414274099447222
0.01888400514217211
-0.03105204091273286
0.06281897297740625
-0.1166000099494593
-0.1132168568783471
0.0127215169197626
-0.02691550636873495
0.01305675299663829
-0.03612348372689539
0.04360488546932351
0.06894377408070571
-0.06717032271805844
-0.1597707784800703
-0.03195210857195448
0.08505389191619947
-0.03887455211287052
-0.05852570345720596
-0.1042726407846352
-0.03916186832221433
-0.04827325021126835
-0.09959965092898036
-0.05433295237052915
-0.01184686517577893
0.05983730272418582
-0.0650715990323382
-0.007939634963281653
0.1224538623290594
-0.06938365491391055
0.07643398648791544
0.08597875968768415
0.03425681415246262
0.01729953848540704
-0.0247018280437546
0.2328583556755794
0.1675574304849918
-0.08630594081345604
0.01261567583976899
-0.1185730639845689
0.05748738576192387
-0.02258012401619745
0.03062262991617952
0.02491807959288473
-0.124273800655072
-0.1078629005441934
-0.004360930276541517
-0.15507528856418
-0.0113549758568346
-0.02573160860047305
0.06195835295551717
-0.1708277175403163
-0.02352538655884872
-0.08726260027310236
0.1164914504339303
-0.002729236540611827
0.09096056258734656
-0.1322203536285073
-0.1484737975182454
-0.07690836323336894
0.06564905487181368
0.09810012718449095
-0.00756949836642043
-0.02313590212543673
0.01933088140799701
0.008953496362706611
-0.055462200053323
0.1172809110885101
0.05251485074595198
-0.02902874313728655
-0.01036471124252698
-0.12591731161632
0.02553334840714224
0.166046411173851
0.008185991166618676
0.1783632929133997
0.04993824769518559
0.077235546736594
-0.02972649076620653
-0.0801144065511426
-0.1455936516237687
0.04587947477437188
0.1398789780280967
0.02802269005800764
-0.1088346104653492
-0.1597110056589269
0.04253747349709094
-0.09445319845883235
-0.02394469385106949
-0.1586756679390979
0.08372163217246323
-0.02763254910149195
-0.2280801974519776
-0.1963943419013803
-0.04714336472042901
0.01560413192922975
-0.09452224539454902
0.1292589455512114
0.1566936356649515
0.02350342933181927
0.1805596485400159
-0.02884673719091494
0.1339873819612825
0.006603887261981562
0.008496431420148973
0.1274046270457163
0.0685361738809882
0.08788150448203164
-0.007889443166591063
0.1158758544317596
-0.1061224720909478
-0.008513191637435656
-0.03279183914125171
1
-0.01335872835856658
-0.1071715411137192
0.06160298357689167
0.09341510238412497
0.06937189678352204
-0.08847697097125021
0.1425546783989479
0.07142447589024098
0.05589006800605494
-0.07919314960229229
0.1088843738668143
0.1929864795909522
0.1016666761553423
-0.1649507562544738
0.1519508608028484
-0.1374068604356498
-0.03194227453020868
-0.09770467280058363
-0.04226619778334098
-0.09003365623084308
-0.0440732673984253
0.09424741488866301
-0.03117797603729835
-0.05186608051946775
-0.06744722218409828
0.01601834408821491
0.03797174528663226
-0.04237449705605095
0.04016157808471088
0.07074891056237112
0.1686743641791953
0.02688632741269531
-0.08610745745123474
0.06939527329190677
-0.04060860465995825
-0.1240062871739539
0.000463076181171522
0.0791160433894611
-0.1360634778244288
0.1584458912497038
0.007733502495459602
-0.07462090462795937
-0.135898644311854
-0.1518615944809687
-0.02273832037315512
0.01754103816380121
-0.01731061992579615
-0.2436757636810706
0.01664790058784552
-0.005046478942881086
-0.03106506991266071
0.03478370258264708
0.1078937722973344
-0.1006702456479302
-0.007407896346166634
-0.07570998741896195
0.05922983907519268
-0.1152814564125402
0.06060380677240031
0.09451418888570665
-0.0225725445564795
0.002835841930375892
-0.07057011543678705
0.1215944534876079
0.03830159864321914
0.1185080841841657
0.01311018999637886
-0.1451259686345187
-0.02657221437426337
0.00663210453346325
0.02861769590122755
-0.01222148350406178
0.0346007914681222
-0.1520188663563947
-0.00399522952249582
0.05371186410166275
-0.1407500150344052
-0.006909264028921802
0.006464543314692187
0.1455737918365128
-0.0006451746966694965
0.1016779960688529
0.1670986887094834
0.06860399339920414
-0.09000280881284033
0.04772799912868191
0.07491700819816575
0.14699922944589
0.06724083624941712
0.08626498138400461
0.1404389704618374
0.1736215217449671
0.07092272975206133
-0.2751208999940585
-0.01692804170635199
0.08204019774470106
-0.009001428690107678
-0.07699586392539595
0.01500340500959685
0.01977227142641228
-0.0294826767252911
0.0440142459178131
-0.1198722849779634
0.01611445560401905
0.1083832262670324
0.1088584749463823
-0.09728355808084849
-0.07274128392226085
-0.0001376603099502569
-0.1595185979095129
0.01877362473200751
0.03493760818000692
0.06730663957739508
-0.1353834256507807
-0.02141282888547773
0.07626808531445545
0.1341178390973708
0.01025260577606477
0.04076759082194142
0.01384298076333086
-0.01097667212387876
-0.1176075114882583
-0.03106456025498766
-0.03151055793482187
0.1117762660547912
0.008247054616929978
-0.07633444996065904
-0.01335872835856658
1
-0.1076299530575847
0.09696165851430251
-0.1223063918635332
-0.06220714897458687
-0.00177250701020616
-0.01304553220229768
-0.0297298541074924
-0.184370771361043
-0.04453901388179359
-0.003098638486081252
0.0121943152238359
0.1641695587641088
-0.04615048920255998
-0.04434160284121702
0.0418791655991634
-0.143411603310207
-0.02961004060647052
-0.1954887039348439
-0.0207705801499309
-0.02699480570307562
0.1006768849656919
-0.1525895141472047
-0.09621939223051672
-0.04973344865346757
-0.0406325943336124
0.0292282828790938
-0.1438417559970525
0.03215919614930574
-0.1333487945380027
0.007537738591590607
-0.03956842844819948
-0.06445360369820728
0.006879642926413348
-0.02605284582977932
0.1362184425507176
-0.05538349014820257
-0.1164910350221924
-0.04599907547438459
-0.103965138587404
0.09888878402325804
-0.1431618456999891
0.09311515193927655
0.09432369512206322
-0.05733008828736882
-0.08598437087772252
-0.01895559591175502
-0.04550483075813608
0.07212371679501156
-0.1462246687892947
0.03916257908050463
-0.06933743154849727
-0.09830789452432645
-0.03734296574620751
-0.01707709235385261
-0.1777202404529214
0.06401146261337717
0.06615842003537893
0.09569096213935463
-0.01201246244130552
-0.135268249041141
0.01224622318307286
0.09528438291482157
-0.1473072825864402
-0.04357364905054958
0.003055840577292607
0.04745105632749669
-0.01903978073576304
-0.1057195107811687
0.04447262415692478
0.1092893874716854
-0.00488670046369654
-0.01964563290056536
0.05639029368658188
-0.09354361370951741
0.006771108498231461
0.01021918646031321
-0.03940892345202356
0.02952663752760559
-0.0703581458388278
-0.08257423572285991
-0.1007507167946477
-0.1006722817586651
0.1424059860962707
0.02034088709097407
0.05902468962245164
-0.05009433060082903
0.09532308625666536
-0.1147207736402054
-0.1119703292464846
-0.06010086157734715
-0.01944758560050945
-0.0414773516269638
0.07283080826413353
0.01622208369066578
-0.09228257688313271
0.01808928019964502
-0.02052490973542648
0.1234002008378595
-0.04877897469088587
-0.06569933460305746
-0.03180636642148445
0.09598800964636794
-0.03145828989067442
-0.04703060422969353
-0.05542935527412524
0.02017802296802531
-0.03511042648057301
0.06443826212103616
-0.03264640686366908
0.07559597706477644
0.06300260529563183
-0.1367341327034741
0.1605256438967194
0.1052084398378392
-0.1533441111455355
0.04352181274596657
0.1187514517994418
-0.09060244072822965
-0.0828094364191668
0.0002117082695607311
-0.01310265070970276
0.09970430615033538
0.06657578831552892
-0.0340809735023339
-0.163327655348614
0.07318605005111753
-0.1071715411137192
-0.1076299530575847
1
0.02003909959376769
-0.07168673473223582
-0.1174604558376514
0.001778359390199961
-0.1400262036993802
-0.03754875176022068
0.133554800585193
0.06002143274602138
0.03051691841713303
-0.02044787098634208
-0.07290327865817886
-0.1002533040420222
-0.01815399222818465
0.03798772923060229
0.06454858308364407
-0.02173211890336957
0.02659443898101505
-0.03288992821268567
0.06224755764316667
-0.02961375872301059
0.1346185045385472
-0.03405806035201852
0.001950598527159357
-0.0251534836774886
-0.07876438712212587
0.03657331017457528
0.005546546499502248
0.01056233976429016
-0.153700912244419
0.05950486185345314
-0.09339558186388823
0.03403335984712494
0.02981503586809314
0.1423892092591798
-0.02312649451749722
-0.07554518940150062
-0.157521542402467
0.0072001291877473
-0.1100782779527977
0.1519450060922931
-0.05267298210207055
0.02126205795253869
-0.03305998149655859
0.09826374338201707
-0.0672602590426214
0.02947462687546354
-0.03281213968084488
0.1022037499919948
0.01716348732799563
0.1182640416120971
0.1600991227685986
-0.00710771382021531
-0.1128689422719097
-0.08717321919327631
-0.005122241499377091
-0.09926133819783137
0.04861253719780692
0.1976119615160762
-0.1007561235635307
0.04643469780633416
0.08746200282580498
-0.2195114553856826
0.1897488325098522
0.2065705762670426
-0.01320240228221434
0.07443563934343278
-0.0789660305016346
-0.04445568469203338
0.01007705228491717
-0.1210559667977218
-0.121494212036404
-0.05808538406117446
0.05892312311454111
-0.07292890739316278
-0.01487030793602159
-0.06714701427129004
0.06010402852422006
0.03480073775015204
0.06572864441471898
-0.03029102246258611
-0.06264355275239619
-0.02802667446322254
-0.05850547849790334
0.01819563746663639
-0.0211544297321688
0.01831156283114858
0.02662883934402269
-0.05109870083378446
0.03942453927501307
0.1631491522968934
0.1053026834304798
0.1831059911189321
0.09091619081402275
-0.03157967668406261
-0.05439736553010467
0.05292351978122391
0.00250072664088675
-0.09729626636841796
-0.0009170619935720339
-0.1342465499101842
0.006533323074107342
0.02804457614859825
0.06846749671089482
-0.02433206487178074
-0.1815890729027624
-0.08926210375112023
-0.09306427766020052
0.08525309451753918
0.02088232568170037
0.2655153477038189
-0.2046976349033842
0.170721293345258
0.06981548702831425
0.05516898817650513
0.06645170073442934
-0.05295901107096444
0.1071286154876595
-0.0005671070394831328
-0.05754901603586549
-0.01493828511130715
-0.1179008566020277
0.001952164844753853
-0.04067428945397404
-0.03971869121211409
0.04282142501640769
0.06160298357689167
0.09696165851430251
0.02003909959376769
1
-0.09597898159539896
-0.06637022420198105
0.08034953519402699
0.05772547987282331
-0.01378728006904225
0.002258414136608544
0.0727060429287235
0.05081533062889271
0.07284384381959701
0.0296794041942966
0.06920839058444886
-0.03479602310697639
-0.05285515413471752
0.09813529645628945
-0.0791670816599678
-0.01759175050180546
-0.1019749429781437
0.09392280149375815
-0.149231820133436
-0.09294953648954496
0.1955073106844215
0.05687161840708835
0.06310296254206185
0.0964101982792385
-0.112617970853658
-0.08380670982569945
-0.1117057644125322
-0.02668011365501096
-0.004485025584730981
0.07866802443850693
-0.05889341670126549
0.09469998621988988
-0.08694851200857989
-0.07738483317265882
-0.04003860928627722
0.04089316041440703
0.2215241590326169
0.004725928591566533
0.164868793502532
0.05838741423126267
-0.07937436415395552
0.1869693352767158
0.08029940408780489
-0.02306221437259692
0.03146338898975583
0.08542141022331003
-0.05682364225124645
-0.1627560354544779
-0.09460446738996246
0.06288364669500998
-0.02544507451909428
-0.1347778393663235
-0.001222442699345341
0.175035160743068
-0.07086059335605885
0.04548672982302292
-0.0702376515245445
0.09914625608450083
0.0903581900437396
0.07525436682631625
-0.02619859391111739
-0.007643507648401451
-0.08245631330679365
-0.03025588589034655
-0.04493218386344808
0.03235615060546322
-0.04547760305130497
-0.05497794409889865
-0.01584500172754432
0.009459201518781019
-0.146171805486568
-0.05323291106094254
-0.03552201631744497
0.1312362784146393
0.01495953100789435
0.03774792159662278
-0.1335191987222928
0.1552764672871542
-0.03505332813793649
-0.07505820138449462
-0.1030416482046835
0.01688369200165222
-0.03997561542191012
0.01745460808007865
-0.05920312098511242
-0.08301249393121081
0.04177556847773824
0.09277928599800217
-0.04789443954369037
0.06741382736493565
0.1826103700990686
0.1004962750452981
-0.006382606477649048
-0.00817500546665232
0.04658803751211824
-0.2623518268873357
-0.09275376684035594
-0.07202647747558932
0.06016522100983222
0.01610288326603868
-0.1133674083638234
0.07930565609748277
-0.07949570551790094
0.1260181513673111
-0.04106930126124795
0.01308061609684841
0.06347954643127349
-0.06755673747240616
0.0524072757523333
-0.03772144879077532
-0.1998894977976921
-0.08488548043272569
0.111074680891286
-0.03101363249549527
0.09529907266067165
0.05048254312078311
0.03667774896586428
-0.08030862017101149
-0.00838996178928024
0.1376290333042207
-0.03787068279439822
0.00874685730931947
0.1787178223095476
0.03183214472497081
0.09341510238412497
-0.1223063918635332
-0.07168673473223582
-0.09597898159539896
1
-0.0503866210771541
0.007047789737761739
0.07291439342669152
0.1249080381264625
-0.03089897099258588
0.1190561278144816
0.07068658232387587
0.01607665927025309
-0.09959901992120855
-0.05327023188211914
0.1556675675827091
0.07106295746753927
-0.05455933251498725
0.04253266979169023
-0.006381180181676795
-0.07991003012634625
0.1550142061067505
-0.1131742255480578
-0.02880890752780026
-0.1246009563484903
0.1080581910829733
0.02720820601488995
-0.1042348975614071
0.1454624158124755
0.04155649009610304
-0.02392956674619208
0.08805744030963095
0.03971568333368419
0.0007043745355594169
0.02053936506306388
0.03823243362788151
-0.07720331663912267
0.07485616496925268
-0.2343051448759679
-0.04553379836904625
-0.02375013284967241
-0.009087460774460092
0.1203494814793127
-0.06333763348977484
-0.09432224740708034
0.124448311901844
-0.00471637115061161
0.01220544121618476
-0.0562590389825714
-0.07203281196463669
-0.0934573284722304
-0.01870450438813163
-0.003776327609133948
0.1069680860712681
-0.07102011064778192
0.007866639190027024
-0.06888609094438197
0.02058959102989498
-0.0323960639883253
-0.2165433598053856
-0.2109917138004037
-0.165037110134488
0.07459967776855581
-0.110849062383397
0.2803909109019827
0.02970769532177073
-0.2678174360020008
0.0905872456158293
-0.08757683028229767
0.1447092482827801
-0.002047837189154618
0.07620966660024191
-0.05377064322907578
-0.07718156939465348
0.1124901780889494
0.1458649226648343
0.03168878278260025
0.1919250017495852
-0.01977652135237322
-0.00223812346133781
-0.0369927741301795
0.107742554099249
0.08380292480246722
-0.02493782997484675
-0.02162987168466909
0.1233580919177529
-0.180438222088753
-0.1167464155280303
0.03422281465038517
0.01174328533432842
0.08426634937750074
-0.09119246453955289
-0.03979504426622772
-0.0301104081085633
-0.002391525165893716
-0.04277576854469108
0.04023931728734939
-0.01115536006300272
0.04257505287307745
-0.1904812799663151
-0.01750279894572646
-0.04921943751426262
0.03772499828585427
0.05986684456562457
0.1169622508922001
-0.07455175607987552
-0.05709795099081736
0.083540646492429
-0.04697611178797466
-0.02118676339649238
0.153151178688276
-0.0376166467240041
0.05268866293823865
0.07547812036339213
-0.04010135727318945
0.122657835741661
-0.2038114108634997
-0.07295061900594868
-0.09983052498000317
-0.001067438962796209
0.1261298056101901
-0.03621562099645079
-0.09372528587581304
0.1625102066728608
-0.03056216835823324
0.1182491857535994
-0.06678397923954171
0.005355618936934432
0.06937189678352204
-0.06220714897458687
-0.1174604558376514
-0.06637022420198105
-0.0503866210771541
1
-0.007052751662234078
0.06620153650505795
0.01627415416720925
-0.0497285288631211
0.09403362707767139
0.0004683375655345524
-0.07900821420272573
0.07501425534456577
-0.05832220412147818
-0.1650277742618206
-0.1367451811141308
-0.07865179685292367
-0.1422974736968699
0.06570006496966643
-0.0009316387642847156
-0.1291073302944068
0.05354619972783058
-0.02273224506083113
0.01846683970404748
-0.002984475459240915
-0.06915960764099525
0.05680798736079883
0.02006408565554473
-0.06585245127879151
-0.0742903960363628
-0.006187840014412679
-0.07404031488377785
0.02838070765406824
0.002140648441824728
-0.00475145060069194
-0.04970661949634108
-0.1132953353840536
0.09369705573160279
0.09537427863777102
0.1442437566542662
-0.0679355830721209
-0.08648742081280282
0.1133737856488069
-0.09829380663536895
-0.1005787745817482
-0.01624826642451368
0.07701263244881561
-0.0769637202279523
0.2104438756299836
0.1125099654476286
0.0003243710162181244
-0.08990508290888968
-0.004623605097139098
-0.03091772947403784
0.02418890870960418
0.1997734277734543
-0.1420645581314581
0.1288912330105083
-0.04795382110115533
-0.04912965190899891
0.08412212404236709
-0.02674753720388932
-0.1178093859892641
-0.05939293808158294
-0.0483065751350911
0.07654279421690183
-0.007751578918697192
-0.08902018666939711
0.06853469964068416
-0.1207748635768908
-0.07243324460551795
-0.02445120867948796
-0.08080554796423758
-0.1102836641675743
-0.04043606377966221
-0.0005916594767431133
-0.03903867720373923
-0.1166029437743192
0.06630763811262738
0.125319475892451
0.02689072910106203
0.07083974841623507
-0.08721783320453023
-0.00649022596730198
-0.110481927020619
-0.05890624089791662
-0.1699178979034172
0.08012471328603379
-0.04968660214910367
0.04823064861491923
0.0165875012187075
-0.01145613244490506
0.04209751466343391
0.09254342820521647
0.03067928504410036
0.03174986615339583
-0.02661678387240065
-0.1675491019292138
0.02385563185852122
0.05851259444543963
-0.1906515661208086
-0.1014183044743817
0.07377703735311297
-0.04983375962545286
-0.008765143861449293
-0.08473042671555336
-0.0241191684450766
0.03725972058918557
-0.03247615322478323
-0.1642870234793055
-0.05484908355816746
0.1295858922212273
-0.1180412898237676
0.06417794092719659
-0.1445325546114263
0.03466987467719142
0.0109069699468112
-0.006348249643426684
-0.1159436733192311
-0.1311731287297836
-0.06331032670990248
-0.2116949115507424
-0.2040814464517741
-0.1673697486505585
-0.01873418368149977
-0.03596882250280926
0.1499834496404017
-0.08847697097125021
-0.00177250701020616
0.001778359390199961
0.08034953519402699
0.007047789737761739
-0.007052751662234078
1
-0.07110503039001226
0.1372129089317323
0.03098185276610215
0.188145417704668
0.0121077908836228
-0.07217528934996231
-0.07620387808336065
0.1408148745250617
-0.06713139266312343
0.08186694105728277
0.08073823722969892
-0.06615870243326785
-0.01191094366878192
-0.04578235044632366
0.05392227454459297
-0.1089256576753228
0.1346596524304935
-0.05680581926538411
0.001022024342660203
0.05582712979629832
-0.171531673761258
-0.1117972297725521
0.06803090048540088
-0.03946113704444039
-0.01622060984818866
-0.06111459381620572
0.05599586555888302
-0.1400036482392025
0.05571580434831082
0.04611388701265455
0.1622973492205798
-0.05403696012725197
-0.04709399663024383
0.009248972007349409
0.1824681653622406
-0.05843391837637917
-0.05533024762846597
-0.09112454747801477
-0.01835889056945363
-0.08817711633919124
0.04170857303466866
-0.1562021769400156
0.2299642852739004
0.0901758390449514
0.1166645778188859
0.002460021448913864
-0.01273008479019683
-0.02094312876946751
0.01849100477489225
-0.1415043670886338
0.04977665078298134
0.134025813795519
-0.03838061309624429
-0.01650933741970138
0.1482913024886941
0.0869770021133727
-0.01299739847615565
0.01714518873384933
0.1161820702433042
-0.0773644597308597
0.08237675758164145
-0.0526275794268601
0.06939388722162362
-0.1013850463156045
0.04282087744265638
0.03217303520157133
0.04113151774918891
-0.08298497566774302
-0.02189175767048435
-0.05301433065243061
-0.008416315449200636
0.04195454144183014
-0.08896858826506759
-0.2536165224418206
0.08064948637355514
0.06784118607466934
-0.08743227963531347
0.06189526429979886
-0.0818904865548529
0.00555938759462871
0.01283589835770196
-0.02595615309558282
0.02401025142556953
0.1467368654176877
0.1354114021475423
0.1647440726909229
0.08405918655625745
-0.07362668759665542
0.06820980838398362
-0.06723671875387063
0.1604265958208718
0.07406100139248975
-0.09101574463966637
0.001822252010238318
0.107821176032088
-0.05576924870250473
0.01027645308010781
-0.07142251458679763
-0.1718173158804176
0.08730461692591537
0.05515412880427953
-0.1261113282668039
0.0166298649471746
-0.106333841615549
-0.0892466042023367
-0.07758375662349627
-0.1566231576744348
0.02926434664833428
0.07437481994466764
-0.03200387717817245
0.004025017282277515
-0.08192072065334927
-0.1032397553904586
-0.05745702630049821
0.1386176444559355
0.1462719205780519
0.07448201375632144
0.06773762523739746
-0.02153469323252859
-0.04984509385874395
-0.0228198935706513
0.1425546783989479
-0.01304553220229768
-0.1400262036993802
0.05772547987282331
0.07291439342669152
0.06620153650505795
-0.07110503039001226
1
0.02250078154588315
0.004400828941170124
-0.05771010727411794
0.09276426385248983
0.07646769000168346
0.09648646791809193
-0.0838107689268302
0.1377346370735673
0.04028172647973999
0.03300156116935696
-0.09363674590697357
-0.05650148761916227
-0.0512807383312309
-0.1183078232909855
-0.1364304917612288
-0.0693498940081254
-0.1302884873838191
-0.08251245284811104
0.01949615059556185
0.1199890103336103
0.1252436389521983
0.002327140603106658
-0.1447743269979354
0.124643460938321
-0.12606699049493
-0.06451264869613502
0.1064274058268503
-0.1483211958057915
-0.02069570945636435
-0.04724723014869067
0.06158325668895377
0.02715647725181316
0.08149733542148575
-0.09905794933617934
-0.02819176342951265
-0.1789977621093504
0.02085952721743919
0.06855910431612071
0.1390375967573831
-0.07330105130778317
-0.03601735919569261
0.04760132136806387
-0.006212176689003574
0.03347176997642059
0.08335135217479753
0.1031920167494805
-0.193030927962785
0.09828072925603698
-0.005055149452251039
-0.04041757098837396
0.1397126161600209
-0.03882308490121136
-0.1060644820164621
0.08507914483799559
-0.01123468153009937
-0.03496054637922948
-0.06346094679440557
-0.01846679748620722
0.06156081618000409
0.01951302505370244
0.06487765022868774
-0.09019539500287575
-0.08076179772212753
0.06909748942315419
0.1934609235676595
-0.04514473808130349
-0.01671678539503583
0.09277263405040562
0.02133200083667337
-0.1023840547691781
-0.01732689983434901
-0.03218209082406136
0.01061029273400999
-0.06336957646725511
-0.071541153134887
-0.01021583473255319
-0.01262482402514789
-0.06294250799762152
0.1400094648182254
-0.00842306469478706
0.06437018873826325
0.04056669886172035
0.005940469333000764
0.1308830698760324
0.2518235613882107
0.002510967402477173
0.01837793871346748
0.0243957636971452
-0.2444246651319494
-0.02514713028410497
0.1454283355240898
-0.05662165161880835
-0.1237798824538236
0.1662845140219698
-0.04323051927791971
-0.05315030056827291
-0.1862185847727852
0.04744254954189213
0.007336645381433478
0.05231669897398467
-0.04657424425417445
0.03158383872674324
0.0629765813274165
0.05031715878296386
0.05035308465525493
-0.0001639610333828033
0.01313010628498847
-0.06488395400345129
-0.06179609489314556
0.01258475297007789
0.0476233611704355
0.1000230387296363
0.1877354509325545
0.1193816779686344
-0.07809717110709075
-0.1624471402575691
-0.1645102131160067
0.01334940182474399
-0.01160168377612313
0.07967553796591052
0.07142447589024098
-0.0297298541074924
-0.03754875176022068
-0.01378728006904225
0.1249080381264625
0.01627415416720925
0.1372129089317323
0.02250078154588315
1
0.1119757323534518
0.1735361692821575
0.03666363827392065
-0.09751266226921837
0.03807944275040295
0.00258929232890705
0.02721993424337829
0.1417408978533412
0.03613461936711704
-0.03775502764364811
-0.004153060249734019
-0.04514030444420456
0.02366601822748554
0.009318633874720606
0.1191761942024612
0.1222306040676415
-0.05474844632537169
0.07667606825698638
0.08600633025205703
0.03866901373748217
-0.1142037446700762
-0.002804946486177039
0.04535004181755006
-0.1087323160045172
0.08951857369892009
-0.09425957519847804
-0.06701148299134861
-0.004249355812699524
0.09891462318722145
-0.1711840057810657
-0.006024935208337438
-0.0686551020411218
-0.1476252754842722
0.104694140311211
0.110291083561723
-0.1144131568414421
0.1048102054403812
0.1679293242059075
-0.009314364335828721
-0.05869435018099158
0.06745589886305885
0.1250714530540544
0.04534178217088655
-0.02793609446647074
-0.02334312341659265
-0.04394899752218163
-0.04266539324089327
-0.1099469778844588
0.1006617202127643
0.1198194086620553
-0.1757250582744687
0.01750648745802958
-0.01792268776289218
-0.07434305378138742
-0.1882475822607892
0.1715884179828497
-0.0578177745483548
-0.01010597084360696
-0.1788054732280322
-0.1975415384151185
0.1469548936913106
-0.08683005208553471
-0.03090867752822712
-0.0368769589941398
0.08062834301922428
0.1836403956622273
-0.07486500186844366
-0.088141208333487
0.01580768240055317
-0.07232536213496135
0.1189330086739858
-0.1650086671091731
-0.2083921705836674
-0.1016090634069142
0.04353773868809508
-0.01381152491692892
0.1379874287358803
0.02328620040120897
-0.09655855773342477
0.09264954683866421
0.003223625105718445
-0.09110833276214822
-0.04766290809196953
0.06134099501279246
0.0866756202350233
0.2348898518261349
0.06574490201972397
-0.1178222405558643
-0.002265194674869936
-0.0440487400320286
0.05743160775088241
-0.08351752641186895
0.02934924257605667
-0.2145804149665796
0.09615886085961495
0.04064660965719014
0.03201999748298168
0.09199652692810709
0.02159353433130184
0.1820904595445467
-0.01693981678851853
-0.07788884754682888
-0.04048734409429321
-0.182684635230309
0.0865369335539294
0.213753477799855
-0.1238372454050613
-0.03971397763505222
0.08803073739266218
-0.1240846184008692
-0.009901999114747973
-0.1529970790561255
-0.04644340062525158
-0.1361845982849473
-0.02494269388450353
-0.02984520293280992
-0.03114507170143195
0.005984776808464841
0.001075551799223134
0.05589006800605494
-0.184370771361043
0.133554800585193
0.002258414136608544
-0.03089897099258588
-0.0497285288631211
0.03098185276610215
0.004400828941170124
0.1119757323534518
1
0.03312593778558907
-0.08417755435427286
0.03562098139943896
0.09675456293392658
0.09058281063608145
-0.1103371677070119
-0.01046911000210698
0.03933594188068978
0.01763809775652525
0.05119260838473683
-0.05202725911288066
0.1055145863101594
-0.005150343242734135
0.2506884654340368
0.1011082867068718
0.01198518121519804
0.01723967858398514
-0.009125374234715664
-0.03077446729666385
0.06223095773361551
-0.03523407630541664
-0.02795280271539793
-0.01305564452494455
-0.08911763502738376
0.03686440239921905
0.0354419013699085
0.1369818517572592
0.07340700593881394
0.1191992758063763
0.071863416043281
-0.05076341727179615
-0.1304162468118893
0.127388472588115
-0.0106231519695693
0.0003678619419205109
0.1040342641550687
0.04450340848053148
0.04471353221412747
-0.07990144733103299
0.09438423104375732
0.1391328039752755
0.04323256783120062
0.2039158257402195
-0.01273638136559394
0.0341114924709111
-0.1226952000700294
-0.1745694323352365
0.1380539585484301
0.00417246783378334
-0.138554976965869
0.1946617116316042
-0.0580679162513807
0.04766166316509152
-0.03431294450611064
0.0227820513079295
-0.02032241211442375
-0.007216908150861418
0.07215176675820442
-0.07593034036860921
0.07611815543706216
-0.0657743108688864
0.1061794304200615
0.1316373043620986
-0.02850952771479285
0.07855396027675185
-0.07904354910614939
0.06558701526490471
-0.1682058416400212
0.1105214813005962
0.07748646873444527
0.02604635426797749
0.0266380585232357
-0.0647191420764005
-0.1222590540445453
-0.04263418115261948
-0.02365342116287768
-0.02808682828972297
0.08058541679799866
0.1780773033641764
0.07029625544316502
0.004427700652793255
-0.02892995812886339
0.04689128145838886
-0.09063233522770792
0.0220717756981453
-0.01977215307341201
-0.1684284174861193
0.02517959854376269
-0.01310931300609667
-0.05773056793955687
-0.0820729001487899
-0.2504907486187569
-0.06944520831328195
0.0175164457959371
-0.04316282944324565
0.06711378996735197
0.01530476657096122
0.03412493920191528
-0.03334743808075859
-0.1525043482765512
0.122712510628342
-0.1209150149358432
0.1201504115198075
0.01320895669651976
0.1143246798664237
-0.1063870167662048
-0.02757801137171175
-0.023980179227083
0.1272766074721789
-0.1045652211192873
0.1157535361164959
-0.2327561480768854
-0.2024404112317005
-0.07317438957166747
-0.09075971822276382
0.08198097218385475
-0.1060220042305974
-0.06878662497850466
-0.07919314960229229
-0.04453901388179359
0.06002143274602138
0.0727060429287235
0.1190561278144816
0.09403362707767139
0.188145417704668
-0.05771010727411794
0.1735361692821575
0.03312593778558907
1
-0.0557996628256853
-0.07953169761815618
-0.08162757841266656
0.07636028918238308
-0.1155675486340064
0.02835582112019738
0.126527994088668
-0.07056570393402885
0.0801550510001876
-0.2233196227211277
0.1124563783183372
-0.07886893728357609
-0.02379957638337656
0.003489850879553554
-0.1002997985217005
-0.132791096175815
-0.08148506669010383
-0.04747976939949661
-0.03639941711383638
-0.1155412688998065
0.04800207384556587
-0.06758965596118578
0.1817435983879847
0.02766223345953651
-0.08600008938276478
0.03846042872985618
0.1968312195626837
-0.07297527675457521
-0.006670349603584563
0.05836323584964519
0.03568418581900199
0.08164580976131544
-0.07875788669741834
-0.1950612421441802
0.1685166095649383
-0.04262763346598419
-0.09685341511426143
-0.2456778518936318
0.05693571837286948
-0.01643703459571651
-0.0305799578053278
0.04330473085461637
-0.04539682599443804
0.01462332347003593
-0.004451252443579162
0.0584107767134824
-0.01967310709210763
0.1693757040337129
0.075930563024947
0.01520465256761098
-0.01117269040915385
-0.01415154235862871
-0.009722430236492732
-0.05716964851499354
0.03964142048966904
0.05685898254294362
0.05604317451450325
0.04375212996751075
-0.003262253675933406
-0.03693728467210501
-0.0764833661769517
-0.1197819176866607
-0.1620782322153571
-0.1373567505152932
0.08656919808137134
0.2676574694360836
-0.006644089487871443
-0.0534982897603526
0.003665367415190889
-0.1156490180295819
-0.05379704551434243
0.03737531562954225
0.05187224892805922
0.08238757892240359
0.005925010323739415
-0.08107499191971947
-0.01776858314834343
0.03955231063939436
-0.1625679780845191
0.1218932741192354
0.2006512765596234
-0.05443174412813104
-0.17948469547673
-0.07240777483475051
-0.03888319367946284
0.09503517908455365
0.01600844658319518
-0.1178973878554679
0.1600898840353232
0.07593225260307593
0.04996112188502431
0.1197117090266593
0.08057056140829227
-0.04101034128083531
-0.009879802095502717
0.05458244493396219
-0.09997215939732007
-0.1016824709287609
0.0014510483525445
-0.07236198969283403
0.01855580502881812
0.12059626924423
-0.03749966182745328
-0.006842039760292948
-0.07709122345601131
-0.05776356248017404
0.02098149872975962
0.0813049655618919
0.0678072550387403
-0.03786757367725409
0.1850223712570698
0.1504573914825016
-0.09617664162786144
-0.1821408000697116
-0.01215676845132474
-0.03973046069937495
-0.1980628194564484
0.1088843738668143
-0.003098638486081252
0.03051691841713303
0.05081533062889271
0.07068658232387587
0.0004683375655345524
0.0121077908836228
0.09276426385248983
0.03666363827392065
-0.08417755435427286
-0.0557996628256853
1
0.07920862947587295
0.01558481995066871
-0.2411495437376336
-0.07487298838939165
0.1535412292027623
-0.09846306882797881
-0.1530722552424517
-0.01424176058427713
0.0416826827129092
-0.07425054573717481
0.03831852418242289
0.07514153034466403
-0.07632390856556813
0.02697756707727067
-0.02174877918882084
-0.08818633528964086
-0.03489947825310642
0.04721170201646167
0.06360902038941894
0.02114187905066848
0.03422528683820491
-0.1050131481110833
0.01211842811098128
-0.1768779441342439
-0.01385203094626309
-0.007131046558886536
0.06053268489473978
-0.07214123268404984
0.1211542053835524
0.0445351589162951
0.04732765059286602
-0.1709136044775523
0.1519596606984177
0.05204448294249032
0.1523536005917736
-0.0568978984680274
0.08370702562127824
-0.07117777477530925
-0.0002892673035390127
0.08710187212586176
-0.02796445208091938
-0.005891645787580441
0.05756860044685389
-0.09262257861996964
-0.02189020168538763
-0.1137485424407994
-0.1001261928936195
0.08301153886861368
-0.007950973861642979
0.0127309837710945
-0.1596682196709167
-0.05778448793618153
-0.04789008723621582
-0.08120484171087783
0.1115474911310394
0.1221366439641113
0.158147586426618
8.073686750516805e-05
-0.01267358611685186
-0.1354823197129749
-0.01216093616978887
-0.1060674134197295
-0.1036699078596676
-0.202372315113879
-0.006945315953354979
-0.04431056393558916
-0.06706715626954704
-0.08873017602432322
0.0127055002891838
0.1734376700591242
-0.03056366047479268
0.04173861675707111
0.1716313651154198
0.04559486703140506
-0.0318244516678554
-0.03017738266837048
0.04920023263583943
0.005602233947462176
-0.04907729764290615
0.01362078121356511
0.03234090399876764
0.007912116758825125
0.002906478313758994
0.1364495184901033
0.07950232676954458
0.1686588962873564
-0.006518191624268366
-0.1205097870332605
0.05824205131939157
0.03261009390063282
-0.1511958559891713
0.02475992629215629
0.1376419968736764
0.00108111937393961
-0.06661064559674323
-0.04953089611820146
-0.02629582590493741
-0.03320944367240344
-0.09375957110083566
-0.07969464321072377
0.1159056144154507
0.009712507396270203
-0.0598420709262607
0.02028730067194943
0.1296366869298695
0.1675269802270266
-0.1277765590255718
-0.08018133507630271
0.001687555678058342
0.2170539037870834
0.1132742294063862
0.01483859885372115
-0.08854063261193833
0.05887898989884607
-0.09430797535197799
-0.041161845304978
0.1929864795909522
0.0121943152238359
-0.02044787098634208
0.07284384381959701
0.01607665927025309
-0.07900821420272573
-0.07217528934996231
0.07646769000168346
-0.09751266226921837
0.03562098139943896
-0.07953169761815618
0.07920862947587295
1
0.2656277275589112
-0.06553284818042139
0.0370295713114006
-0.1494729590659342
-0.2058402148456468
0.1409990456961383
-0.1721023696309516
0.03830251629498733
-0.1849024827385215
0.005242974126521238
-0.01564334502444856
-0.07125891670977262
0.09281947775809907
-0.115245975834123
-0.04884303889792981
-0.1122289134510645
0.0402281576979145
0.05907984848089116
-0.03886516976787638
-0.1296041229331003
0.0204746995108841
0.1346923891579808
-0.2610422336389255
-0.03263742261757306
-0.04624015947104074
0.02966434971444371
0.08308633943756073
0.08130155345954111
0.08265473583507767
-0.02558739798035013
-0.08723101399762119
0.03362091921735614
0.083711028214568
0.1016178356136133
0.03797941336612475
-0.03356803403606655
-0.04080714411972877
-0.08427341534532799
-0.02084177094685113
-0.01283977778925408
0.1782886601746176
0.01114137886429275
0.006894841987995559
-0.01302650900327706
0.06224020632911608
-0.113530206561352
-0.0004696570567690253
-0.01709033050189173
0.1013845591771846
0.1943465411617375
0.1273404796714958
0.04036161689636753
-0.1383982484610219
0.02307145263604654
0.01252144139553937
0.06045921796907629
0.1163882637350275
-0.04409333618886878
0.02903543673455067
0.09445207784924077
0.0182655641659945
0.111706830378771
0.04079096689992395
0.04743267127559456
-0.01876790561768907
-0.06480704464977821
0.0393198499342589
-0.0208035160798207
-0.05400885092119499
-0.02226855001942946
0.1047659397110482
0.005316369554925662
0.1397353149503215
-0.1698088952597677
-0.05722809497220299
0.1464569835555287
-0.004324626336089463
0.08980382186856849
-0.01698553069202146
0.06358912514926246
-0.03035205904800253
-0.0577228350737756
-0.1243888628125262
0.2716650396422401
0.01717679474416381
0.04920008964105483
-0.05400098485067428
0.08922900486571833
0.06071770231038617
-0.0004544832302690507
-0.07713509547692543
0.09264309345229041
-0.06959472287052892
-0.01385761921576071
-0.06829105247998031
0.07335442395691333
0.1013608040112693
0.07679374113519921
-0.0323889380286655
0.06559626247214498
-0.003384697839560517
-0.07518713251070924
-0.01827754642577508
0.05929859545294603
0.006595692517211954
-0.1756074632377226
0.04648708559145912
0.05848814790234433
0.03865804767708764
-0.02494792635707686
-0.01567581037358195
-0.09036482531372683
0.1892264833487343
0.01203439147438509
0.04601850631440985
0.1016666761553423
0.1641695587641088
-0.07290327865817886
0.0296794041942966
-0.09959901992120855
0.07501425534456577
-0.07620387808336065
0.09648646791809193
0.03807944275040295
0.09675456293392658
-0.08162757841266656
0.01558481995066871
0.2656277275589112
1
-0.1890740157544351
0.03258552247109887
0.02798139751826711
-0.1168922373107354
0.1002184801673995
-0.0650753065312616
0.03721461431867561
-0.05956663029355422
-0.0232980671934627
0.1545974497382897
-0.1797018330498733
0.007032291159380883
-0.06538423898990833
-0.05263405167018173
-0.1472819122868031
-0.06643511559946987
-0.1012555469103942
0.06804744445116374
-0.09198499759711651
0.02530219606788455
0.2534486987262538
-0.1251249283325373
0.1806793269465064
-0.1161202281850636
-0.1468106264998596
0.001250339379618414
-0.01907856065630113
-0.01080330356297071
-0.07706881693841855
-0.04031359306290069
0.2600878694414955
-0.1027680384212305
0.1471220450296711
0.07565977213835132
-0.04765575526171909
0.04439302580842229
0.1389509670146338
-0.01785076309222841
0.002972973283659554
0.08035989220610634
0.003643612921420462
0.08332192713064768
0.1040611157398076
0.07497171874976628
-0.01632678866939467
0.09564591585238366
0.02098391642276743
-0.07868541755564806
-0.05504600716324395
0.05607963574678666
-0.00756494417552419
-0.08252277177923119
-0.02655328550150436
0.0388422683679495
-0.1542479322503379
0.02561526523508364
0.1067207651335685
-0.02279846977014008
0.1407206020468852
0.09137711938953669
0.1087241258104536
0.07666613896461111
-0.06151611050258626
-0.0749264878291612
-0.01549041675607582
-0.09735984079830383
0.0225722508561749
0.01146367930585353
0.02802346427331082
0.002715787388402948
-0.07103555111437992
-0.03975177088828743
0.02859454030030998
0.08340026641355047
0.103334897212344
0.04662085309828948
-0.1407771657279297
-0.07312724210186852
-0.07568725928965053
-0.02807401659560623
0.1704607355623838
-0.01610179841163498
-0.1144933824495779
-0.08959377331965979
0.03325360853403161
0.08471436219781216
-0.01126019265641682
-0.05048925574450346
0.09221174175193825
0.02298775670642367
0.02507445450100514
0.1939640645040087
0.02928775818137739
-0.09324738956660331
0.0348502196790508
-0.06373396372369411
-0.007123855029695376
0.02155462979004654
-0.006343081439372681
-0.1016027209894174
0.107595301838385
0.003947045939427726
0.2340609007809569
-0.03630259538402346
0.0886880289909141
-0.1409187732096973
-0.05424944750405147
-0.1398720147727969
0.01838211145589952
-0.115955753148586
-0.005071586587965242
-0.05024641938388748
0.097915548680992
0.1455902064234072
-0.1649507562544738
-0.04615048920255998
-0.1002533040420222
0.06920839058444886
-0.05327023188211914
-0.05832220412147818
0.1408148745250617
-0.0838107689268302
0.00258929232890705
0.09058281063608145
0.07636028918238308
-0.2411495437376336
-0.06553284818042139
-0.1890740157544351
1
-0.1980812071984862
-0.02146275805047717
0.2024266152805145
-0.008684819924070537
0.09363672439568715
-0.07518708792356171
0.07464234237881165
-0.06959909076383694
0.02109510009081157
0.185164135451582
-0.0464065200806657
0.058255014179818
0.1411018044251605
-0.1281750837399983
0.1288674654852024
-0.07309940059744663
0.06957518052115899
-0.0514195809894462
0.1408096868814153
-0.111486455630351
0.1165522660299213
-0.1264767258531071
-0.002935987701748539
0.02810870286425483
0.1866664201423434
-0.1124730841067262
0.01877511014555393
0.02918578211543252
0.06916188133656355
-0.1834836178149101
0.2218480268108561
-0.1490902601925413
-0.05711639571662565
0.03759144615243838
-0.08378356027245219
-0.1065306907154127
-0.02442713478601046
-0.0113693734228742
-0.05801049760655555
-0.03420654516681794
-0.008956138350356573
-0.08401278881805978
-0.01579734297910049
0.05300226899446441
0.008856006710368526
-0.04341835805199985
0.06109525829410054
-0.01152034063624911
-0.03607137905549905
-0.1072400230891076
0.08536729481372017
-0.07026619731457243
-0.09755327319371392
0.02111795009540936
-0.05357630760867774
-0.007847128295302781
0.0780395225924404
-0.07269068702016565
0.07812421299284329
-0.2152008719873334
0.01877912508328114
0.06460255497655386
0.02641033211430284
0.1071756069343841
0.1546361761250911
-0.05408342105098045
0.1112379349265472
0.116909912771063
0.04835293044510298
0.06107658174932257
0.03987032424372598
-0.002900390541081037
0.1604867997443011
0.04685539902014699
-0.04159542229823117
-0.03402338736242045
-0.04784035548152093
-0.0239822927995963
0.01502933925741399
0.0270813605635064
0.2101185953500856
-0.04519222578647035
0.1056486565949221
0.1140423832628007
-0.1278922990385467
-0.1166766464441467
-0.07973743192520165
-0.07922321391851868
0.04224876914940524
0.00545453335733051
-0.122338267788056
0.002178168538655191
-0.07677783569470588
-0.07705255187538568
0.1953533165034256
-0.07384540830276633
0.04730615724699916
0.02834421008275452
0.04613431788474212
-0.2208501630933323
0.04313613510878436
-0.01122783847055304
-0.1573397052937882
-0.1207097459127111
0.1299464431773693
-0.08380068042860314
-0.07591048813843781
-0.05977102950126471
0.04723914414256652
0.0148176149360413
-0.1387568705934102
0.04354524272349571
-0.05691899337025207
0.1519508608028484
-0.04434160284121702
-0.01815399222818465
-0.03479602310697639
0.1556675675827091
-0.1650277742618206
-0.06713139266312343
0.1377346370735673
0.02721993424337829
-0.1103371677070119
-0.1155675486340064
-0.07487298838939165
0.0370295713114006
0.03258552247109887
-0.1980812071984862
1
0.09429502195621403
-0.1787913650368259
0.1639549361632911
-0.04022485665221781
-0.02563274474698866
-0.004931367762538478
-0.01578466744715354
-0.06991869981857088
-0.1292238608642113
-0.1396518915190485
-0.1596722214728101
-0.08591246690625837
-0.04226574010271818
-0.04742154822083014
0.1170571212878759
0.05876374850474133
0.06688794022570115
-0.03242509842774924
0.04367536185725746
0.09612144668395547
0.01583527123294096
-0.1479123689003095
-0.02187793153955069
0.01056587246292042
-0.09778135961179128
-0.07636616463522854
0.04826455350626017
-0.1521822526666077
0.0756879161242815
0.1664795402492741
0.1775584597698613
0.008628114128813997
-0.0456757423321436
-0.03391930684589959
-0.1097670169369912
-0.07583585024509229
0.03161126587300649
0.1368538903284158
-0.06056465297276755
0.0181968425249198
-0.007358301536997443
0.06685184346234792
-0.1367714915438047
-0.127766187675881
-0.08486032007427469
-0.1400598832939624
0.1341516387185162
-0.01562520091751978
-0.02793179792319466
0.04082470134784029
-0.005975047761208989
0.07853567500907642
-0.06014413161033096
-0.2188771736848895
0.09738540152501118
-0.2796004317715163
0.1522015102246641
-0.0939757787992901
-0.1204788546760521
-0.03740970802921954
0.09076220567239116
-0.05751024944723614
0.08285763646870363
0.08046906322314924
0.07587494994100839
-0.03956504683298377
-0.04803650255578396
0.04473487698671458
0.04175555729464184
0.03942350621768708
-0.03303623429711134
0.2054230478112353
-0.00339002190459955
-0.09701731930977001
0.09025738986182701
0.06460066052938114
0.008871922533273542
-0.1063269499028038
-0.1094441922046702
0.05138275267839816
-0.1594139761240146
-0.07262597453347878
0.08739887515209974
0.06992288702405715
0.09210915283523473
-0.09347918539973495
0.05837209385393275
-0.03400390731162228
0.02211624666843322
-0.05874286510027486
0.006714246435726139
0.04921874548750172
-0.1312003249750443
0.1879867266257145
-0.07632175912426077
0.0200754649491416
-0.1556943152344547
0.001087394162495297
0.02128371968679078
0.04019400331612531
-0.09819464113266205
0.08867395984300028
-0.09582471153879835
0.003775034932030045
-0.1316855545187284
5.857773639898062e-05
-0.002434072005541705
-0.06153432838299268
-0.03700936215173891
0.1147781027845302
-0.0419086683425503
0.1414274099447222
-0.1374068604356498
0.0418791655991634
0.03798772923060229
-0.05285515413471752
0.07106295746753927
-0.1367451811141308
0.08186694105728277
0.04028172647973999
0.1417408978533412
-0.01046911000210698
0.02835582112019738
0.1535412292027623
-0.1494729590659342
0.02798139751826711
-0.02146275805047717
0.09429502195621403
1
-0.03021162216020742
0.118541023288592
0.1939441964594892
0.03295788189662292
0.03338199091278975
-0.06292832119746167
0.02175798218169033
-0.08854279198298398
-0.04821728518559121
-0.01839945070368391
-0.1044889158095727
0.07571154050962578
-0.1705718110197856
0.05782817305550773
-0.03535385924253948
-0.1306435393675811
-0.05379848749447272
0.09771111107248238
0.05374287803147419
-0.07215406314666432
0.02055344860491184
-0.07814690993625323
0.03467016373623818
0.06983369183871414
-0.08549983149037005
0.05714377543997712
0.005308779229642825
0.04659004754799
0.009680393586277761
0.1735196821493993
-0.007477575996518071
0.06104664616200925
-0.08887890685485265
-0.0873663748391547
-0.09016591352056839
-0.1152143139073829
0.06176386548737584
0.01376710405079263
-0.1067961327577623
-0.1930458300010594
0.0506057569544973
0.01747190352873243
-0.01767432348359454
-0.06354604267324854
-0.1080316232907178
-0.05556664031235015
-0.01613897340031295
0.03854630997674789
-0.05110891632275766
-0.03232431125216392
0.04249031039653194
0.005461824468292613
-0.05012420428776639
-0.05121398548291744
-0.03713206575242756
-0.1046003632607023
-0.0337470564106781
0.05660532047662351
0.0756489367576232
0.04880473411189329
-0.1609933404253482
-0.1706903101599478
0.1376822435547247
0.00162340584337509
-0.09062209491993137
-0.0341097337489841
-0.07863838291258635
0.1519724893232776
-0.1461093913824477
-0.01142407233466611
0.04324696281307131
-0.06302026743961796
-0.008585217493291931
0.09724832006627296
0.01394640154999567
-0.107615947491541
0.04954867615612062
0.1200652426638906
0.01765696245192027
-0.1131543752186675
-0.02007165757810405
0.03937979309885978
0.1138351667598648
0.1805111621398064
-0.01523490152266822
-0.01593949871093779
-0.1598641983402196
-0.118025351505677
-0.01868165060530608
-0.1517875937581941
-0.148322075534679
-0.0455749426941079
-0.06239078491807877
0.09447845969105598
0.07660977311829009
-0.03457364022129835
0.05601374031691052
0.0524452521708798
-0.07294952605288717
-0.03530999287390818
0.002089540748248478
0.04844951938988252
-0.05022533390406118
-0.04663726552307572
0.07265230555920098
-0.01235970795510716
-0.07187003338311619
0.1095764809019656
-0.1304347190770661
0.0592357144473523
0.01888400514217211
-0.03194227453020868
-0.143411603310207
0.06454858308364407
0.09813529645628945
-0.05455933251498725
-0.07865179685292367
0.08073823722969892
0.03300156116935696
0.03613461936711704
0.03933594188068978
0.126527994088668
-0.09846306882797881
-0.2058402148456468
-0.1168922373107354
0.2024266152805145
-0.1787913650368259
-0.03021162216020742
1
-0.0671804555698482
0.09395918479614163
0.05584878745174691
-0.02072645753150715
-0.1697498485947881
-0.03948109540493098
0.2048847225234388
-0.0181495068202648
0.03033469224515793
0.01107775417923283
-0.001050492406729123
0.01953115193040197
-0.01272240986004262
-0.03101882106622409
-0.1308940796034498
0.1283431832769361
0.02712331733125246
0.14518452468723
0.003217056271483679
0.1171596709968316
0.09004455408805789
0.04892565839703852
0.1909812136278933
-0.01327116575241507
0.04738033040595011
-0.1918720735721195
-0.1197889912514496
0.08294920776549866
-0.08922663935756633
0.04139694626084099
-0.1106203740154336
0.0524212181289723
-0.01559574300183991
-0.177330621309544
0.004256577567874845
-0.09231923701366115
-0.1678030030011359
-0.08934011512536955
0.02542480491658457
-0.1077137422894167
0.05647152256223748
0.04655482401871165
0.08891595835840765
-0.0229272266868072
-0.02433867804205834
-0.03012799005548647
-0.06481639795584265
0.1074814122581902
-0.09774925856179752
0.01159009417508397
0.01048374649804895
0.02078302739591936
0.0392778822354069
-0.1235338159538994
0.05323629081763342
-0.04647749510571916
-0.08727321631805701
-0.1671043134558594
-0.09663205390134133
0.01343052057464828
0.05142709229048668
0.104337600054031
-0.01294145256954947
0.0323394558118338
-0.02197618368777782
-0.1226699889249964
-0.02542869904244622
0.103220912583852
0.09553447673005135
0.1140196360191954
-0.1057599282199536
-0.07396477174833078
0.0223925611209492
-0.1909789874957193
-0.16286889386242
0.02062566904432248
0.1500084456392852
0.006590157967194548
-0.03707080533732423
-0.058222935753695
0.1158089620181244
0.02421892736464327
-0.008014727545107445
-0.07718879536574788
-0.1529657636999399
-0.271521393053333
0.04250038110004017
-0.009828763578463181
0.06437330670634227
0.06289659566582552
0.02302659798611096
-0.03506721119789028
-0.08200039057530596
0.03122211046837227
-0.1722337397314159
0.1427889989159988
-0.06067563138815744
-0.002885114665204405
-0.1044737550121814
0.08039866926702333
-0.1942179748657871
-0.01407543796271868
0.0862863297778589
-0.02095528101420088
-0.07019489144806569
0.01665568781494458
0.001612490480519608
-0.07515411396943171
-0.04952170415729032
-0.03105204091273286
-0.09770467280058363
-0.02961004060647052
-0.02173211890336957
-0.0791670816599678
0.04253266979169023
-0.1422974736968699
-0.06615870243326785
-0.09363674590697357
-0.03775502764364811
0.01763809775652525
-0.07056570393402885
-0.1530722552424517
0.1409990456961383
0.1002184801673995
-0.008684819924070537
0.1639549361632911
0.118541023288592
-0.0671804555698482
1
0.0363469493081412
0.04529740488409693
-0.0002107508063128251
0.04172783938810444
0.0433940777800839
-0.04541205471262524
0.02723735197998072
0.0254681235188461
-0.1072281067973071
0.06140258310126841
-0.08071293834965197
-0.07005815952766148
-0.08457503867161006
-0.05397468128744412
-0.02487398259085061
-0.07911243459194311
0.009575779086425876
-0.1002895188440241
-0.1164322577488891
-0.1756897361339479
0.1232831258633192
-0.08363328198977057
0.07946777834815194
-0.1294200088939597
-0.09654922009510961
0.0134065223072726
0.05878364638326086
-0.04826513115914797
-0.1495677288404892
-0.04166805383288964
-0.09160767063796818
-0.05467308248686986
-0.007902762998199975
0.02561297470531135
0.02372945400483692
-0.1069858230113159
0.1231229394431998
-0.1770016111776198
0.01395507997956143
-0.1117108251716206
0.0293327541999948
0.02080437458979777
-0.1185916422158873
0.08509726690630076
0.1598776777419235
0.05996841778115245
0.02350401748995416
-0.1254403604915742
0.007856206020326238
0.05337937400559672
-0.0403726399231854
0.1786010886941029
-0.09404692465470067
0.004199043174676825
-0.08918306674787298
-0.03189509440428231
0.04277921236316449
-0.005520447800113508
-0.09315691324749269
-0.04106666614594789
0.05671095856798941
0.05843940972688295
0.03883591933936754
-0.04534022963097176
-0.1903620011242261
0.01114963789319136
0.09679554846785782
-0.06027634080955532
0.1039338098230669
-0.05650929727614515
-0.03647772416580194
0.06085896720398509
-0.06623138046138521
-0.006469721494655091
-0.1062157712391901
0.1055321449391092
-0.054909221807097
-0.0579168233607998
-0.1780149365068272
-0.03537455695142414
0.122129168453062
0.1419446412758302
-0.07945647219068898
0.1122651200677817
0.009705124827494954
0.08428419827753322
0.01122084739442299
0.03989589958435381
-0.08631474581738192
0.0378156521439215
0.02401157346996809
0.1025941705595928
-0.09475776925236833
-0.1043498979950745
-0.04027603176597892
0.08303163943775908
0.009112860672237525
-0.06896286380143024
0.1318927129019811
-0.02527190077142809
-0.03428581419597129
0.05857220433323092
-0.1054102538310682
0.02586540738986574
-0.07084447008529075
0.05886051810129847
0.06511399024419387
0.01626453316225274
0.06281897297740625
-0.04226619778334098
-0.1954887039348439
0.02659443898101505
-0.01759175050180546
-0.006381180181676795
0.06570006496966643
-0.01191094366878192
-0.05650148761916227
-0.004153060249734019
0.05119260838473683
0.0801550510001876
-0.01424176058427713
-0.1721023696309516
-0.0650753065312616
0.09363672439568715
-0.04022485665221781
0.1939441964594892
0.09395918479614163
0.0363469493081412
1
-0.1344447711963778
0.03147870687018681
-0.04416733585235646
-0.1084957995617596
-0.006783041999730356
-0.09684622071946006
0.1246860384098079
-0.04590036916197889
0.1498365787621914
-0.06652929904216463
0.07577644241447656
0.004247486187583582
-0.03019855882703684
0.01289655459882185
0.08460854523097977
-0.0218465946135604
-0.08730710594975945
0.03221925424758995
0.03758487313144597
0.06640746624030722
-0.08465280497115546
-0.02474202357625235
0.0186783795807137
-0.07621631566436829
0.1236442268916805
-0.01701677668400538
0.2028301405330189
0.07155869894448653
-0.02960873541146115
0.01677246489464117
-0.1183530662683987
-0.06776309051394906
0.03845691593362893
0.0241810133907404
-0.09686721219470523
-0.1361723407608154
0.02975499402663841
-0.07171900217711212
0.05328522276098997
0.07855610169547687
0.01771582873250667
-0.07258864463834826
0.1767122093559413
0.01344298313029503
-0.2054316208074708
-0.06903767235473282
0.03145716998557282
0.06295604769685323
0.0806393286615299
0.01848286076337652
0.06655027100914086
-0.1026323539795751
-0.09589533771199731
-0.0002001135369501458
0.0672533480242346
0.007082142963168565
-0.0986268765304435
0.0005156109157500588
-0.03549884367247904
-0.05194665970587869
0.08817425008046303
0.05726778677448689
-0.01141178188075456
0.1541214101753848
0.1518972917556149
0.003631447669538761
-0.05559410309342419
0.02909163027818819
-0.09276566401164413
-0.09612525834567592
0.07525431741383071
0.03686467223406861
-0.08976438658863967
0.01048714728853456
0.005062859443829369
0.02417681768809302
-0.05896366544592864
-0.1016147520391114
0.06308225105946016
-0.01513501552011999
0.0243845620511817
-0.006464844833182538
-0.08297005165534896
0.003040883434431742
0.001867111712116801
-0.1024566792965213
-0.04870132290522482
-0.1371181142699812
0.005664640565918831
0.1348119835586057
-0.007347309813618891
-0.03454686026523179
0.08523786941648032
0.1114510952971404
-0.08358369372578518
-0.05616887096965695
-0.05989576916443748
-0.158657043732736
0.01936317550243026
0.1315141327898964
0.001864278563819257
0.2225152356075885
0.06816496213898753
0.00571513728180517
0.02159418338231122
0.0290936808471514
0.05011584714074717
-0.1166000099494593
-0.09003365623084308
-0.0207705801499309
-0.03288992821268567
-0.1019749429781437
-0.07991003012634625
-0.0009316387642847156
-0.04578235044632366
-0.0512807383312309
-0.04514030444420456
-0.05202725911288066
-0.2233196227211277
0.0416826827129092
0.03830251629498733
0.03721461431867561
-0.07518708792356171
-0.02563274474698866
0.03295788189662292
0.05584878745174691
0.04529740488409693
-0.1344447711963778
1
-0.0794707402741415
0.08180419896166755
-0.1034096066529428
0.04655526016751611
-0.01640306558309919
0.02859975077991948
-0.03993777380995745
-0.02175135244308957
0.08369542621659121
-0.02046081528038942
-0.2356671156915565
-0.005074284447104168
0.1117185304449023
-0.09655094687479178
-0.006721255421897577
0.1319366501984713
-0.1735671668853767
0.04714063285050345
0.03658743193584094
-0.005245107286031867
0.03800421789406171
-0.1123870708963699
-0.1240320964802726
0.1331237270782278
0.02914979196390136
0.03685303387148282
-0.0363499853886218
-0.0265376861751525
-0.06946466503667383
0.0377169938162363
0.06594723835754401
0.03577842932049696
-0.0149292117378754
-0.01019871561896966
-0.06654190262616771
-0.02485232924396258
-0.002323804196780472
-0.2129527554922367
-0.1592205804574284
-0.02934890527677524
0.1414180389325692
-0.06900451178965752
0.05207349492094462
0.06439553177054566
-0.1311188909667632
0.1248825155542169
-0.1125424129391837
0.04233980465864307
0.03477049022509603
-0.009186015646536504
0.06710438959478168
-0.0660476096135353
0.2240295507079247
0.1106941696081409
0.05037744386252116
-0.1525755461094957
-0.1166663395776295
0.06024972792301875
0.145166417672996
-0.09475735768475207
-0.07699877581766787
0.02241983824221676
0.03125917016766625
-0.1807094679064187
-0.03898131364392626
0.07930819456735363
-0.159377790826562
0.04389021049985596
-0.04524656023528516
-0.1548949762623319
0.05737407777110635
-0.008674347546757808
-0.01946953100681394
-0.01074044023081655
-0.09256458011878743
-0.03069534270333725
-0.08556823276854406
0.01993929021576083
0.0006869214271272659
-0.1031008203814304
-0.04832524572984605
0.1435717965215765
0.05635440010702592
-0.03083317594033349
-0.05896223644407625
0.06925318267198427
0.04813033498450547
0.01677446295018862
0.04895827819518127
-0.002859389414890647
-0.05619566520469077
0.05580682145128441
-0.01388147270578202
0.00525364587328421
0.02967575278511363
0.1851218896590314
-0.04867440270688687
0.1422084124869289
0.02378919948987948
0.1059190946552813
-0.1640183093758501
-0.06414989538044172
0.0171818109913873
-0.1516434846299114
0.01406225712385495
0.05521054179035408
-0.1132168568783471
-0.0440732673984253
-0.02699480570307562
0.06224755764316667
0.09392280149375815
0.1550142061067505
-0.1291073302944068
0.05392227454459297
-0.1183078232909855
0.02366601822748554
0.1055145863101594
0.1124563783183372
-0.07425054573717481
-0.1849024827385215
-0.05956663029355422
0.07464234237881165
-0.004931367762538478
0.03338199091278975
-0.02072645753150715
-0.0002107508063128251
0.03147870687018681
-0.0794707402741415
1
-0.002199748408512046
-0.03443270886904944
0.03807242357839582
0.09274891684307633
0.07272365991742832
-0.1000134977984875
-0.02983072707012027
0.01564405131746487
-0.08233664260729993
0.01088243402817961
-0.06784485232436879
0.09311749194538239
-0.001229381595531241
0.01038595712151338
0.04911159107889802
-0.06523472678006323
-0.0972449278410451
-0.01888513576801
0.05185915752944061
0.01268016499321566
0.08043377798142558
-0.07870574634074337
-0.01612440137828985
0.007923447240158227
-0.2147401535832751
-0.1793511652273821
0.0201410794221821
-0.04934338369494189
0.1031349974426968
-0.112891557636815
0.08901832281324575
-0.03881530464567784
0.1147181760307449
0.02296281817639735
0.02584758504474384
-0.04901492071433657
0.01926462504010206
0.1268624558398279
-0.06378254278066442
-0.02011322476497037
0.08600062752002222
-0.05743741736102707
-0.05167800485782133
0.1857204181400804
0.02116447471149856
-0.02130003037114357
0.009910946374139072
0.05752034239325129
0.001346778769528489
0.02114179989551671
-0.01048280235798877
0.07443909072203629
0.183410645281209
-0.0320452843894449
-0.1028185910153986
0.02179961883610212
-0.003100771090127893
-0.07188727872331095
0.1496117673930708
0.05473302523875078
0.01971558146329636
0.09035391639151023
-0.08668199070463019
0.1017276415451622
0.107756101373428
0.04693985689627567
0.2073200469562945
-0.01429563999625195
0.04912040909952224
-0.05022446385296418
-0.1409343949953185
-0.02034489417598298
0.03546681349428936
0.03009183361836319
0.08524675758323465
0.09368026999498918
-0.1275832543354248
0.01480688961129154
-0.1403428453684807
0.07743543807832048
0.03170719920092072
-0.2138031841622766
-0.09463376796859552
0.05131017391888981
0.03203561939161359
-0.01049891485366695
0.1081484705435936
0.017250838719946
-0.004575334769434447
-0.02834442474144898
0.09149404475327846
0.102698087082651
-0.03939354303195236
-0.03728844841689207
-0.186225910860978
0.007351485545688121
-0.0984123146467011
0.03800537979729851
0.1483866577864662
-0.01398158404559511
0.08752606603656148
0.01115477302122447
-0.05058749243874273
0.005011094843980921
0.1382258536769169
0.0127215169197626
0.09424741488866301
0.1006768849656919
-0.02961375872301059
-0.149231820133436
-0.1131742255480578
0.05354619972783058
-0.1089256576753228
-0.1364304917612288
0.009318633874720606
-0.005150343242734135
-0.07886893728357609
0.03831852418242289
0.005242974126521238
-0.0232980671934627
-0.06959909076383694
-0.01578466744715354
-0.06292832119746167
-0.1697498485947881
0.04172783938810444
-0.04416733585235646
0.08180419896166755
-0.002199748408512046
1
-0.03598167377892061
-0.02721960985970547
-0.006736664421846359
-0.09511478267615689
0.02866214428968413
-0.08021492136813289
0.001994291595710226
-0.09595846029182384
0.01518175886858916
0.03626944264010478
0.03229940126280546
0.04217050300621003
0.02984586600201355
-0.09618233618177408
-0.1171007065903948
0.09835847736936726
0.06248711267876
0.04730524848637773
0.1142106684828805
-0.04481702524169565
-0.02551526440587145
0.00726080475251684
-0.04835077744513181
-0.08717011516780795
-0.05302162807720759
-0.04245047809597582
-0.07991254966126107
0.003470830810709194
0.0420256266389267
0.04281378454964573
0.04387685060969239
-0.03536978845026194
-0.01861841772942094
-0.03857291573877856
0.045624969940798
-0.1330522144465783
0.08401725237082534
-0.0001262153848252991
0.1227978576692083
-0.06892506562998527
-0.0577208003760568
0.04584854019808032
0.001524283979615392
0.173587024197859
0.161705895721435
0.04147708987301793
0.01696642033092862
0.007922761135386621
0.08125115837119271
0.1029809608179124
-0.06267405708411702
-0.08182508146268311
0.0775972919221251
0.1636008255535776
0.09793801088747733
-0.09836123154031289
-0.09350214232809317
-0.1353313857631666
-0.01153962249173004
-0.1443556178743819
-0.04949775274615306
-0.05314949973263303
-0.02486353543956338
-0.1597430435852529
-0.02468881873910012
-0.01703014394724378
-0.06747651877463137
-0.07733975691604775
-0.004331483851026371
0.05414457777642305
0.09617100809177301
-0.04020508032081778
-0.1851864441201763
0.06218830424416098
0.05031657370052323
-0.05567080325503027
0.04414819208167268
-0.078256365558645
0.1552777514266374
-0.04065344673131926
0.1186413392952816
-0.03376729804975488
-0.08251873425708874
0.05020062956500498
0.1631866508416945
0.07903208983453959
0.02916049052878085
0.01103347381345325
-0.06037335259591226
0.02684429706127734
-0.04584882947134317
0.01582664734808464
-0.09500497739472981
-0.02073434822611173
0.1290340348011172
0.1258861295036827
-0.02736997963897606
-0.2136167460185294
0.1142132662805075
-0.08664054675894074
0.05966036418834596
-0.1176573053011559
0.05777470269074053
-0.1435747205682549
-0.02691550636873495
-0.03117797603729835
-0.1525895141472047
0.1346185045385472
-0.09294953648954496
-0.02880890752780026
-0.02273224506083113
0.1346596524304935
-0.0693498940081254
0.1191761942024612
0.2506884654340368
-0.02379957638337656
0.07514153034466403
-0.01564334502444856
0.1545974497382897
0.02109510009081157
-0.06991869981857088
0.02175798218169033
-0.03948109540493098
0.0433940777800839
-0.1084957995617596
-0.1034096066529428
-0.03443270886904944
-0.03598167377892061
1
0.03825016603021412
-0.01606503963491081
-0.05124512794769256
-0.1496790937051929
0.0277787597949327
0.09679392050334952
-0.07599973336365223
-0.06904285427334202
0.0002400000462347198
-0.08609432328332783
-0.01644981130148249
-0.01426048030409842
0.01575440995654923
0.04361665895357843
-0.09440680062452193
-0.0181673784459679
-0.1336975038290751
-0.1315900167562575
0.02675354002112828
0.0181909587764154
-0.1247048809763225
-0.02266778521497758
-0.1093213250637734
0.03053039831723731
-0.01327124844358899
-0.08155928553076508
0.03180555531659755
0.03592309218016115
0.04844290307330203
-0.03487559787881618
0.1174885351897817
0.149488364017565
-0.06276537192390945
0.1382333344306281
-0.06082783299782605
-0.01910866581169762
0.1803987209427464
-0.1205767366516249
-0.1118997329454371
-0.1460791997688656
-0.07066046246797003
-0.0105099831211034
-0.06192031079736813
0.04249166774777799
-0.09409839208330191
-0.13478631176911
-0.08631835245955921
0.03297830573164229
0.03264446994275107
-0.1417372960568812
0.2063379527403552
0.0661393816970052
0.03835199381156976
0.00157853518807495
0.1400333291485222
0.06758907705717516
-0.02545100252936129
-0.001748768949453867
-0.006143353193716085
0.0370041059641503
0.02743094841426036
-0.04951013246825429
0.1461574902334272
0.1168955497296435
0.0550405816629084
-0.03785618856057424
0.01161851202119116
0.07104959875688795
0.06725036195113915
0.03261093385149493
0.004880470435536623
-0.1776332745328524
-0.01885479628104469
0.004737121288836382
0.02737512221829994
0.09160833634796103
0.03144351058500464
0.1123781010584146
-0.145650921964631
0.04759499685928765
-0.01617070146098035
-0.01425364406209264
0.09788626174619786
0.02293183834572921
0.03601798752566186
-0.003232721612120244
0.1851046780815567
-0.009801709089577303
0.08891360141417969
0.1431325968241105
-0.01587890395577703
0.0543359834975998
0.01762448591944451
0.08028569854382571
0.1247326809755794
-0.132322495551998
0.05462534692914943
0.120487469356993
-0.05911379129839445
-0.04929064924617457
-0.02838944142684472
-0.01819762215653215
-0.1558698057939239
0.01305675299663829
-0.05186608051946775
-0.09621939223051672
-0.03405806035201852
0.1955073106844215
-0.1246009563484903
0.01846683970404748
-0.05680581926538411
-0.1302884873838191
0.1222306040676415
0.1011082867068718
0.003489850879553554
-0.07632390856556813
-0.07125891670977262
-0.1797018330498733
0.185164135451582
-0.1292238608642113
-0.08854279198298398
0.2048847225234388
-0.04541205471262524
-0.006783041999730356
0.04655526016751611
0.03807242357839582
-0.02721960985970547
0.03825016603021412
1
0.03855364198126712
0.02027220742096304
0.1221666786939849
-0.1204427460142198
0.03548515441361852
-0.06408110445643106
-0.1238658530008657
0.01963481409839294
0.02505914350903079
0.005923493118713287
-0.1107432511228673
-0.1035006699741696
-0.01827792026530077
0.07939263409920963
0.02327059936839788
-0.04155116872762973
-0.007697507957440248
-0.04111007822530203
0.2398497694240968
-0.1547280463906295
0.065357005483204
-0.003104820957290973
-0.01084379667027859
-0.1140713405194284
0.119791892806632
0.07588530290059727
0.1694766552340808
0.06144708675517765
0.002504364163833194
-0.0925935532339727
-0.1194886169437026
0.07210046059784965
0.08239260664183835
0.05681676784549342
-0.01844626329512968
0.1618034101826012
0.1582306205238826
-0.06163303141671843
-0.1435556374633454
0.07973223387467827
0.01321583321226883
-0.1567562291547254
-0.08008189454983883
0.08962367741135373
-0.06821370801290452
-0.05164035978624473
-0.1443446035799293
0.06210207702941884
-0.01445426805776692
-0.01337671557124727
0.04844028318682402
0.0970347813190453
0.1258857569865149
-0.08427171257132861
0.07365554758403528
0.05333696558648449
-0.02551407372326718
-0.09545448659970143
0.03966050109774994
0.04330097569770629
0.01750748001812184
0.08064991528630212
-0.1467286974157802
-0.01190090915956936
-0.1772707906187678
-0.03991153898753778
0.07337032781124397
-0.1346632583366371
0.1604488741517394
0.04905989240991571
-0.0073872686852232
0.06204462189206367
0.1467209119952493
-0.1324636198964758
-0.02060200069999466
-0.0248894037866869
0.02465824446435242
0.05722556077358081
0.008466447583692397
-0.08718852510425355
0.05115684585236886
-0.05612975815884687
-0.0172591409404329
-0.1386050725500357
0.05113946939742377
0.08478169508087594
0.07141233729134125
-0.003261353798322682
0.005892395317980019
-0.1002624239522154
0.043079348224969
0.03978236179432987
0.09934016242391415
-0.1180189618363336
-0.01426716216501196
-0.0599954051463473
0.1068637599279174
-0.03025675642954768
0.1268922063943917
0.09596181729686148
0.07596810709575856
0.05543679206319491
-0.03612348372689539
-0.06744722218409828
-0.04973344865346757
0.001950598527159357
0.05687161840708835
0.1080581910829733
-0.002984475459240915
0.001022024342660203
-0.08251245284811104
-0.05474844632537169
0.01198518121519804
-0.1002997985217005
0.02697756707727067
0.09281947775809907
0.007032291159380883
-0.0464065200806657
-0.1396518915190485
-0.04821728518559121
-0.0181495068202648
0.02723735197998072
-0.09684622071946006
-0.01640306558309919
0.09274891684307633
-0.006736664421846359
-0.01606503963491081
0.03855364198126712
1
0.1449734212976203
-0.1587190347114604
0.02247097989193573
0.108676859867927
0.0736758802560207
0.08477381215660419
-0.04720768812997143
-0.04238156141346097
-0.04449100756430777
0.006278835908715005
0.06462172034016692
-0.04900574216232047
-0.104570634982034
-0.01822276655468124
0.08214499244678006
0.07601583416106028
0.1230411921877944
0.06389037485582201
0.05439422252766701
-0.1119976693819104
-0.09230722168202385
-0.02615435984647465
0.004422846613665427
0.001110480095743802
-0.07143146667904228
0.2022540586760962
-0.02142778677553529
-0.1180577480774747
-0.001055696016158117
0.09473896377435627
-0.0843550414361927
-0.09503432425259634
-0.08897551503447214
0.1187946081621511
0.0182042376270755
0.001542899048467784
0.1249773339365351
-0.08643742641874216
0.09767209541285632
-0.02963799591054337
-0.08681108018614098
-0.02052053465195385
0.00658978045180508
-0.01009004155720171
0.05081273854661998
-0.02907302336704026
0.07005041513604868
-0.1280444118924875
-0.1953905014337211
0.02213183237162255
-0.1117150772643962
0.07632014419285646
0.01967858457288958
0.04282428893172781
-0.08602557894861576
-0.02541857572591004
-0.2161646163917342
-0.1010057045770992
-0.0889204860720456
-0.2099726510506637
0.04390649153892343
-0.01118990374703977
-0.1142549414935658
-0.002110129705937195
-0.03884164342239909
0.03927740733884122
-0.1268830098747935
-0.003148967382422919
-0.07256118467328615
0.049983058049589
-0.1075375395095491
-0.0306091347630251
-0.1339079479894229
-0.007281072192461139
-0.02131874367759512
0.2249735768154954
0.1243749725859585
-0.09684568661422266
-0.2331500252523592
0.1385445430020433
0.1185052267048484
-0.02331158853681804
-0.07698218087106759
0.08823501937014123
-0.04857502809742616
0.01798120371847617
-0.1045713731086793
-0.02198204264868979
0.1811857995549111
0.05597261237139932
0.0952955499887391
0.1140411215370046
0.0427823124014676
0.06434896373387637
0.1094048600685851
0.0472015287773182
0.04638492186575943
-0.06439753444732646
0.06191428935930442
0.02098843710955545
-0.05077072792591068
0.04360488546932351
0.01601834408821491
-0.0406325943336124
-0.0251534836774886
0.06310296254206185
0.02720820601488995
-0.06915960764099525
0.05582712979629832
0.01949615059556185
0.07667606825698638
0.01723967858398514
-0.132791096175815
-0.02174877918882084
-0.115245975834123
-0.06538423898990833
0.058255014179818
-0.1596722214728101
-0.01839945070368391
0.03033469224515793
0.0254681235188461
0.1246860384098079
0.02859975077991948
0.07272365991742832
-0.09511478267615689
-0.05124512794769256
0.02027220742096304
0.1449734212976203
1
-0.1099046502026016
0.1318127620794228
0.06779527359562798
-0.0883239244928955
0.007908838249691604
0.03523364203482166
0.01945321902687963
-0.03297053430585357
0.06673993384707134
-0.01154270518398603
-0.04406991191430662
-0.01062767443767714
-0.02567039515320855
0.0003644274763975851
0.1011809995799447
-0.143857748939854
0.04589004695244109
0.02067090725951753
-0.01493441269751155
-0.002065918037529712
0.03471604713234042
0.03075322746249397
-0.04462618712056251
0.03816527074905279
0.1201027191921452
0.122656805852045
-0.2644776224966435
0.02504383901454285
0.04184442481801744
-0.05501935319184302
0.1100381186965489
-0.1271653861321481
-0.02290687709720431
0.01650862539897969
-0.01939603104350894
-0.1006205113381042
0.06833101529645881
0.1123209671164694
-0.03090576809549016
-0.07860494999733195
-0.1297293316922632
0.07776682300745519
-0.04123244565610594
0.07355081026105743
0.04666412702461768
-0.08789017317200652
0.1405785921266184
0.07236252262678947
0.1784928745934592
-0.1824310815138828
0.04163214347550075
0.02350479086290538
-0.0863808493204191
-0.03670963636777976
-0.05299651765853804
0.08887589018422959
0.007081220726803637
0.0554925994474256
0.1104805693118723
0.1600658059328887
0.120257635139603
-0.0006160578818516331
-0.02948861690705228
-0.0872010499797384
0.09740670670787137
0.135579133115881
0.05085569716192215
0.0007188624487346074
-0.03359927710607374
0.0199798200606281
-0.007442743521318834
0.1743301200677526
0.006712998930276233
-0.01240596022018494
0.1384404248697322
-0.006540036873118025
-0.1246864309352721
0.1533681191811511
-0.1733956173391004
0.04491638491961319
-0.01180543251231803
-0.09890406812496581
-0.1513290351833557
-0.1004425994099129
0.002976181475545858
0.01017137773040592
-0.001502565253995797
0.02956307181892971
0.05506657107575095
-0.05962250135281003
-0.0146872981238717
-0.03458912916096147
-0.1557986373391051
-0.005444640076305947
0.00744329254396158
0.1338682653180545
-0.06815918871063648
0.05700011606180345
-0.1594494386585666
0.05825984874293284
0.06894377408070571
0.03797174528663226
0.0292282828790938
-0.07876438712212587
0.0964101982792385
-0.1042348975614071
0.05680798736079883
-0.171531673761258
0.1199890103336103
0.08600633025205703
-0.009125374234715664
-0.08148506669010383
-0.08818633528964086
-0.04884303889792981
-0.05263405167018173
0.1411018044251605
-0.08591246690625837
-0.1044889158095727
0.01107775417923283
-0.1072281067973071
-0.04590036916197889
-0.03993777380995745
-0.1000134977984875
0.02866214428968413
-0.1496790937051929
0.1221666786939849
-0.1587190347114604
-0.1099046502026016
1
-0.111578910304394
-0.004877433105109397
-0.04203002751580255
-0.0798981580535216
-0.07957159178538609
0.05646228737789459
-0.1066907302071212
-0.03200369024092179
-0.1406313331608544
0.0266754308972487
0.07990102594836238
0.009877392396299034
-0.003155797041348054
-0.223785140010022
0.05229912820900855
0.1131665967171628
-0.1051240943834016
0.08684972432366457
0.01712342730223152
0.02878183428310331
0.08038013966071357
0.006522625278647193
-0.05927995107532558
-0.01716800049415375
0.08769815040864969
-0.01319995816827127
-0.0605353980242431
-0.04531672899313928
0.09729197846943227
-0.09341702389236287
0.1518953907706183
-0.06476705971808971
-0.04638113785623361
0.1153307110074058
-0.2051711237004196
0.1113333144999625
0.07447218114199035
-0.002872546320557287
0.07807973503484542
-0.05871397108776089
0.0535886763742433
-0.1143376195231644
0.02908555861029619
0.02407089585493571
0.1006982191956048
-0.1205093733460313
-0.09899705729075033
-0.1149186631839496
-0.1414899670135944
-0.1043584387593413
0.08781321005690905
-0.04200698969087495
-0.05502418786997704
0.05603269386819629
-0.07247587719760404
-0.01848485274703494
0.07142768203674851
0.03923501936206356
0.003557993978348412
-0.03292328555442826
-0.2086523597017039
-0.07024562355761339
0.1354737053042696
0.1344341041716152
0.04675031291434199
0.04480854028792914
-0.08375527492919035
0.06802935984543933
-0.1525209636046387
-0.1946590030109186
-0.007477903919606548
-0.02102503238733497
0.04519871845026707
0.06176395068715568
0.04431601783328687
0.09504379611200811
0.04800804135100715
-0.07013550491715433
-0.1050874193068834
0.1722881062055911
0.1021462581632802
-0.001024072422248326
0.09019646191300197
0.07104290771186517
-0.2269829383818517
0.09531572609930007
0.09425888166771416
0.1302787156977972
-0.120846217803978
0.1220765378329996
0.06171066556197838
0.05613565999166537
0.03609288008342344
-0.05969496599747889
0.05069897288584305
0.1100386341383506
-0.07899569957439484
0.006965469873882375
-0.03840715822360567
-0.06717032271805844
-0.04237449705605095
-0.1438417559970525
0.03657331017457528
-0.112617970853658
0.1454624158124755
0.02006408565554473
-0.1117972297725521
0.1252436389521983
0.03866901373748217
-0.03077446729666385
-0.04747976939949661
-0.03489947825310642
-0.1122289134510645
-0.1472819122868031
-0.1281750837399983
-0.04226574010271818
0.07571154050962578
-0.001050492406729123
0.06140258310126841
0.1498365787621914
-0.02175135244308957
-0.02983072707012027
-0.08021492136813289
0.0277787597949327
-0.1204427460142198
0.02247097989193573
0.1318127620794228
-0.111578910304394
1
0.05306565457820323
-0.1719493753881717
-0.04631894129156551
-0.1252983387192806
0.02360708959037118
-0.0102241018964071
-0.06595987690977963
0.003636403601148773
0.08981227767351031
-0.1113896780409178
0.09548773813652965
-0.0925471267325263
-0.07688180709066968
0.2042803629033724
0.06231149215489824
-0.04299875855201559
-0.1039801081317943
0.09568302819029136
-0.07088349955601515
0.2052693305472984
-0.05231541758667215
-0.09969383274922582
-0.1289576459911739
-0.09790586132376233
0.06648009385529503
-0.09331369298718456
0.01662294763360173
-0.1363360960362015
0.02593620738962702
0.05005346302087076
-0.01176044455814753
0.1202375019225534
0.03433038623242433
0.0614154532975576
-0.1203729282428983
0.1628499348318161
-0.01270264891882679
0.08901205088212512
-0.04860599498761953
0.02073989084905359
0.005815574181775061
0.01211031353122406
-0.02126416544395267
0.08943686461868271
-0.007691314210918466
0.02094384887922721
-0.01748032882094511
-0.04754253654853174
-0.1579895689608881
0.001781478134352352
0.02237480967189782
0.05480151137361397
-0.03976354622398948
-0.03493710215118358
0.1829487648404537
-0.002987222386203615
-0.08710772144002704
-0.1123215288518952
-0.1592744460863068
0.008376222708188158
-0.07389478987505876
0.1107662628728979
0.03930474170529581
-0.103610793723959
-0.0900674331598737
-0.05096532929648684
-0.09919126189426117
-0.03615278335693006
-0.1531605435790878
-0.09729922426972859
0.006438271413051332
0.002399936301992502
0.006640745200899648
-0.01942588390102163
0.1614997469183213
-0.02131626421654647
0.06108346897590637
0.06352852674441456
-0.2045448323645671
-0.01350472808168913
0.006721918446535448
0.08271657161174215
-0.1031978535243965
0.09197835397416809
-0.0360790272661135
-0.0608877070345771
-0.04871134531498114
-0.05925049128320747
-0.005193455934911866
0.02673466823831278
0.01895465708514089
-0.2804579737982831
-0.01989841685945017
0.05740402408150398
0.04647760005175963
-0.0317353359885329
-0.1217060639858154
0.1319191882773031
-0.1597707784800703
0.04016157808471088
0.03215919614930574
0.005546546499502248
-0.08380670982569945
0.04155649009610304
-0.06585245127879151
0.06803090048540088
0.002327140603106658
-0.1142037446700762
0.06223095773361551
-0.03639941711383638
0.04721170201646167
0.0402281576979145
-0.06643511559946987
0.1288674654852024
-0.04742154822083014
-0.1705718110197856
0.01953115193040197
-0.08071293834965197
-0.06652929904216463
0.08369542621659121
0.01564405131746487
0.001994291595710226
0.09679392050334952
0.03548515441361852
0.108676859867927
0.06779527359562798
-0.004877433105109397
0.05306565457820323
1
0.02249373410890026
-0.05119361654766067
-0.03022450015753046
0.07617735971825355
-0.009229669655930202
0.0307710355993629
0.1043803978632487
0.1663594997009752
0.1762151641874995
-0.06246107786432963
-0.01168122259373139
0.00023279812977689
-0.1218723720383798
-0.1723822252414962
-0.01354131120021625
0.0630325541245515
-0.1090950804877619
-0.06082034059669855
0.001522957618728851
0.004346698805389369
-0.1776790762138238
0.04089911761743952
0.1631588240891151
-0.01398062187154819
-0.2417333327014584
0.01251184999363099
-0.09939638642565675
-0.1233094594495862
-0.07011114806778074
-0.03416026744544873
0.05626639931540264
0.07652442307395962
0.08633876360387045
0.05894123563024525
-0.09999051552354671
-0.03196583284503033
0.05906113125107172
0.07328309957459853
-0.05151032454911888
-0.01944715063866062
0.02251311184943357
-0.1057205123431613
0.01551666648643636
0.01626206539964967
0.01621098802588174
-0.05007085898185051
0.04641428749128109
-0.01228529506293113
0.04463663441156891
0.08554898658523145
0.09894019066356508
0.03614009425086785
0.01251843208472093
-0.05547866563993432
-0.156131228114035
0.03358954646325502
-0.07431673837641271
-0.004634860262044017
0.02229485123867132
-0.05962390101390962
0.01422640200677394
0.06291316601973403
-0.06304330034006443
-0.03812272310458323
-0.00845657075012413
0.1163362797681111
0.05439817912402466
-0.07123025671636571
0.004698365426452248
-0.09071548223303316
0.07281376147855996
-0.06356688053651863
0.2024634507564852
-0.01903351714355614
-0.09021404640088765
-0.05057583024185088
-0.03999699987753316
0.009486751607846993
0.07855807911741337
0.05270717559772187
-0.0371689565026083
0.05950673511058275
-0.06238580068705842
-0.006626332010137168
-0.05884256549563256
-0.06978260875685742
0.01524171830626088
-0.03244248799130491
0.07096070821280819
-0.0240970065551928
-0.1120831472416999
0.03961663685678331
0.1049805095818187
-0.03016073117531909
0.1753415662172211
-0.03381315785874666
0.02648611365216909
-0.03195210857195448
0.07074891056237112
-0.1333487945380027
0.01056233976429016
-0.1117057644125322
-0.02392956674619208
-0.0742903960363628
-0.03946113704444039
-0.1447743269979354
-0.002804946486177039
-0.03523407630541664
-0.1155412688998065
0.06360902038941894
0.05907984848089116
-0.1012555469103942
-0.07309940059744663
0.1170571212878759
0.05782817305550773
-0.01272240986004262
-0.07005815952766148
0.07577644241447656
-0.02046081528038942
-0.08233664260729993
-0.09595846029182384
-0.07599973336365223
-0.06408110445643106
0.0736758802560207
-0.0883239244928955
-0.04203002751580255
-0.1719493753881717
0.02249373410890026
1
0.001452191714556947
0.1429719710883625
-0.01073956447596327
0.1369690862131923
0.06262110263088204
0.02663627649697451
0.07849675626612555
0.09748876811699116
-0.0760815355377944
0.07472178311896413
0.02061356862051048
0.1142328020378141
-0.01686612037270925
0.1008604071617736
-0.08033311438251825
-0.02861937694954506
0.1236434232791502
-0.1019697505800813
0.07659774388142825
-0.08872250006506666
-0.09375692382341244
-0.04828439573631371
-0.04289577865839417
-0.04313059242869141
-0.1203297536725322
0.1475487879870862
-0.08003743823722975
0.006601798399365068
0.005544861588079123
-0.0825663404373428
-0.08928397688024092
0.1472515386014491
0.1085322167241889
0.05369175334536475
-0.0006728101406378512
-0.04370253721693266
-0.1043280179833042
-0.0462592993029278
0.10809447228837
-0.1443922477061161
0.08532424087533338
0.02687353418960488
-0.01190875917059078
0.01783889717675028
-0.08928123355126873
0.2249933663150483
0.0222829085218462
0.01535934762849179
0.01506808646417992
0.06537283441338929
-0.1804912654393395
0.02332240313882164
0.00340983216796222
-0.04684973454796287
0.1106759630087924
-0.02434240299699741
-0.04486037577590768
0.105344085820538
0.006911762885688896
0.01938239721090132
-0.1660425398265815
0.004175260693446061
0.07444486399204581
0.04289441311149525
-0.1045292754785549
0.08812553222917681
0.1125982609463486
-0.0743022996065314
0.004041606548012807
0.1441838492475081
-0.03958721739214565
0.06104258787007036
-0.0800574538026502
-0.06048700163201466
0.04449575531145195
-0.004368796505732889
0.04501954097041738
-0.02030535528672227
-0.07161108248866468
-0.07730159439373049
0.009426029319176904
0.02948164709701166
-0.01599544668522995
0.08289740530237637
0.004646551812971383
0.1085704545379716
0.0200331566786256
0.04721141546072528
-0.01007274320209431
0.04323596473387887
-0.00662823014067964
0.1169834369079035
-0.08977277164954894
-0.03654382457310908
-0.05874283089647557
0.05639524863427965
0.08505389191619947
0.1686743641791953
0.007537738591590607
-0.153700912244419
-0.02668011365501096
0.08805744030963095
-0.006187840014412679
-0.01622060984818866
0.124643460938321
0.04535004181755006
-0.02795280271539793
0.04800207384556587
0.02114187905066848
-0.03886516976787638
0.06804744445116374
0.06957518052115899
0.05876374850474133
-0.03535385924253948
-0.03101882106622409
-0.08457503867161006
0.004247486187583582
-0.2356671156915565
0.01088243402817961
0.01518175886858916
-0.06904285427334202
-0.1238658530008657
0.08477381215660419
0.007908838249691604
-0.0798981580535216
-0.04631894129156551
-0.05119361654766067
0.001452191714556947
1
0.05505515271668417
0.06886132356133511
-0.08268726643636182
0.003197171690749118
-0.02339919755637507
0.1216535377084697
0.02226386482184867
0.0118727164246446
0.04099082551448763
0.03616135617264477
0.1147734057689769
0.03609857517523064
0.07687216242920777
0.03569036147225298
-0.1239229154653237
-0.111540908999999
0.04579835363699854
-0.2306677080839265
0.1469058917697601
-0.03239197842791346
-0.03475726895761486
-0.1292597858119778
0.009327353050799691
0.08957951694102605
0.1304520350036031
0.01802896475799231
0.1441690950639618
0.2179915345348576
-0.08990789372682893
-0.08194948692038938
-0.101491704320685
0.02532126071456917
-0.03121119251241869
0.1341288611940103
-0.08482365570212359
0.04672363469932637
-0.1060851677741033
-0.04283685533235083
0.03312085899094318
-0.0007807155640501984
-0.1944056832814616
-0.1308514094877598
-0.07833324195676551
-0.03398997766908486
0.0120274558680507
0.07049068543029149
-0.01945778887422655
0.08310132684294232
-0.08730315145588846
0.0509089630133542
0.0409233625710057
0.05130676831070799
-0.2188123837259768
-0.05297449815590984
-0.03144271484895696
0.04106458589320579
0.1571976513747098
0.05500432427626578
-0.09938849561632442
-0.05502994540630515
0.04181954043118166
-0.009633352526440946
0.1322231902988992
0.149585106980419
-0.05473146947978462
0.01619244239200435
0.02080837886138902
-0.007185554740161893
-0.03148338079289763
-0.01876065517824133
0.001404171458982017
-0.0521893462382105
-0.07935279500699202
0.0979719413035794
0.202985669681721
-0.0505246238371401
0.08216837714667452
0.04451281585925836
0.007646823493063241
-0.2385790850897523
-0.02818492741509335
-0.1632953492887846
-0.05906441497665262
-0.06293604102127892
-0.07798687473431971
-0.1955482158318202
0.07165435889397409
-0.0306026135244569
-0.1154428465330828
0.006102533274143861
-0.07525061463860254
-0.04908156840102649
-0.02960419588525616
-0.08681290532125384
0.04940496240304942
-0.03887455211287052
0.02688632741269531
-0.03956842844819948
0.05950486185345314
-0.004485025584730981
0.03971568333368419
-0.07404031488377785
-0.06111459381620572
-0.12606699049493
-0.1087323160045172
-0.01305564452494455
-0.06758965596118578
0.03422528683820491
-0.1296041229331003
-0.09198499759711651
-0.0514195809894462
0.06688794022570115
-0.1306435393675811
-0.1308940796034498
-0.05397468128744412
-0.03019855882703684
-0.005074284447104168
-0.06784485232436879
0.03626944264010478
0.0002400000462347198
0.01963481409839294
-0.04720768812997143
0.03523364203482166
-0.07957159178538609
-0.1252983387192806
-0.03022450015753046
0.1429719710883625
0.05505515271668417
1
-0.1417395334287667
-0.09297114005662538
0.01211499965656829
0.05068561563378066
-0.1700473170393821
-0.04744003732669028
-0.09408547480204446
-0.05818513160218198
0.1298463814662777
-0.169815016247299
0.1356920066993191
0.02468804173327388
-0.06662118371968581
-0.08537438525474358
0.03517934295268675
0.04204609725300323
-0.09808054621366946
0.03866150766421039
0.07071384173162232
0.00345714902466877
-0.00982359321315486
0.08758253089930408
-0.2917600886401943
0.1374677070925389
-0.02552482129193281
-0.08507773562162048
-0.02244117307548124
0.05430127828088524
-0.0507787692200884
0.06698909748183082
0.06585935475759305
0.02215974816286943
-0.01857813183976969
-0.02986495795394472
0.05299771898645726
0.101796752959561
0.05100288539142037
-0.1052960312521829
0.01605271731391126
-0.002079981851966604
0.0007894886179342503
0.1169816476768167
0.06262298482035961
0.04617861251991966
-0.05127433173741165
0.02993919275819299
0.1750153768471244
0.07613786544755224
0.05222946423149473
-0.1464288880209781
0.1126435469278412
-0.1395161844599397
0.04586828689676598
0.09017822529324425
0.08873011501158769
-0.04045378355004601
-0.1483352427756927
0.1340496442840543
0.0827730859422432
0.05809205689479136
-0.02704451512159484
0.1596498545017506
0.1255868863082358
-0.04228952750558672
-0.07651757286574495
0.1138003067069292
-0.05913128943418371
-0.02933563478429717
0.01654472717558306
-0.03308625604254288
-0.2277811046028788
0.08561534477635867
-0.1079393337538618
-0.1898528691918221
-0.07846730914482293
0.08291323540589413
0.0008886434119570932
0.2168435810973018
0.1082188370140944
-0.02401830195731684
-0.01963947024400663
0.02410329488606378
0.04616945632940997
0.08917067909786094
-0.08316630512324658
0.06154588612368037
0.06074165458308181
0.01478381876902958
0.04858087296153215
0.06553254992691254
-0.0825606028804521
-0.1247094938271926
-0.02778094712276729
-0.09125159543389243
-0.05852570345720596
-0.08610745745123474
-0.06445360369820728
-0.09339558186388823
0.07866802443850693
0.0007043745355594169
0.02838070765406824
0.05599586555888302
-0.06451264869613502
0.08951857369892009
-0.08911763502738376
0.1817435983879847
-0.1050131481110833
0.0204746995108841
0.02530219606788455
0.1408096868814153
-0.03242509842774924
-0.05379848749447272
0.1283431832769361
-0.02487398259085061
0.01289655459882185
0.1117185304449023
0.09311749194538239
0.03229940126280546
-0.08609432328332783
0.02505914350903079
-0.04238156141346097
0.01945321902687963
0.05646228737789459
0.02360708959037118
0.07617735971825355
-0.01073956447596327
0.06886132356133511
-0.1417395334287667
1
-0.04897590743239329
0.05785192556867447
-0.215048898911217
-0.08676629141323111
0.09997308405813013
-0.1033156008104214
0.0564650452332813
0.03707955268883226
0.1534262488062005
-0.117212491824021
-0.1911184409930695
0.05005587892758431
-0.05875292434026838
0.09212496610956164
-0.0003099900857340548
-0.06030599768475275
-0.07006342795516607
-0.0004320850893744111
0.1173372750597465
0.008633553350659897
0.09590917698787346
-0.00196511094515236
0.04720856115009556
0.07008263878834099
-0.08940466267747296
0.02726097701252633
-0.01187543458680726
0.0210019458115731
-0.04246156800335027
-0.06098394628750944
0.0682589400488072
0.0336124330135581
0.03588700704899851
-0.1053506151271438
0.03272795573497499
0.06103033721730603
0.007954894262307003
-0.003179492977141551
0.1138315138844606
0.02915737925632133
0.1022776404731649
-0.05531870619337723
0.01605892507047298
-0.1842575104578357
0.1102944984031429
0.1921775352500943
0.08858422394004832
0.06746875931084358
-0.1102729992506839
-0.05330282452032579
0.04762832165288552
0.1459456229755249
0.07894275045857227
-0.008222725354665918
0.07720614015940479
0.06857590661165035
0.006895210632326299
0.1573225440380781
0.01978446656809621
-0.07389388461460179
-0.1490145077209797
-0.0416379173289595
0.1857839784095241
0.0881776769407355
0.05942242006272848
0.06370432464291452
0.08652565963917012
0.05696725843920852
-0.007021842288135769
0.08256276107032343
0.04866634297894002
-0.02166392652371479
-0.05741860635756997
0.04286520988471004
0.09072780776659096
0.01768379477311897
0.1988561085037903
-0.06733659107736469
-0.03674964166147384
0.07562004711943618
-0.06583841744128544
0.04485089558710766
-0.1322965402495579
0.08219282928384139
-0.08639218538384071
0.05986265954918686
0.1478878440032971
0.05762680800144981
0.08437629715324588
0.08029673752822725
0.2134663370047581
0.07568288879022164
-0.001029749613184892
-0.1042726407846352
0.06939527329190677
0.006879642926413348
0.03403335984712494
-0.05889341670126549
0.02053936506306388
0.002140648441824728
-0.1400036482392025
0.1064274058268503
-0.09425957519847804
0.03686440239921905
0.02766223345953651
0.01211842811098128
0.1346923891579808
0.2534486987262538
-0.111486455630351
0.04367536185725746
0.09771111107248238
0.02712331733125246
-0.07911243459194311
0.08460854523097977
-0.09655094687479178
-0.001229381595531241
0.04217050300621003
-0.01644981130148249
0.005923493118713287
-0.04449100756430777
-0.03297053430585357
-0.1066907302071212
-0.0102241018964071
-0.009229669655930202
0.1369690862131923
-0.08268726643636182
-0.09297114005662538
-0.04897590743239329
1
0.03782323438173406
0.1106604452135722
0.006559312422996552
0.05629767492878431
0.02815067797203318
0.03043619287745119
-0.0008553280709761198
0.02633626801546482
0.05213918342749058
0.05716372611838277
0.01600323910503013
0.1803866349437243
0.03925078645455222
-0.06117160505245611
-0.1094567103831559
0.006793299008768747
-0.05247467892056959
0.09484031321109104
0.09696992115796042
0.05610706315734318
-0.1224681540245963
0.02560303889284053
0.07456333984034853
0.03092482784273072
0.08594937843564265
0.06458975472310456
-0.2302452225695971
0.1572250041519852
-0.03153741383498773
0.07738966754411009
0.1573888573717654
0.1124774322811696
0.04367668518157019
0.0614527280592231
0.06554672216318513
-0.01736643582069334
-0.09381681990578622
0.03896477015865028
-0.007418589105966308
0.04182027393563027
0.01573498670747337
0.02634519211551236
0.007168443140053639
-0.05598473113037158
0.0955160732421407
0.1475179503041007
-0.06409716571251931
-0.0733173408842295
0.01523001724817916
-0.1357522218910602
-0.005944344304223786
0.04089299274401106
-0.06001058768351937
0.01040405213807985
-0.02901924362476068
0.1243430233601333
0.08050272590651621
-0.03011012220584301
0.04346207406582454
0.1712929750573214
-0.0006849828773100239
0.02833703929223019
-0.1499402637110393
-0.01225832608464353
-0.09997541252678774
-0.05988242694034338
-0.1748363526478836
-0.05608259278613668
0.1049886538316019
-0.005648868080373133
0.02334865873431522
-0.0779001422952427
-0.05734979735163752
-0.01798266795862275
0.08518894331651274
0.04532200769848818
0.0246652004870752
0.01014548029899253
-0.06398552515554759
-0.07282455205007377
0.02521841302600446
-0.05723105207129293
-0.1359374567526089
0.1366226455005502
0.1714525142504696
-0.004574335570237596
-0.06878832524812273
0.0155187187430866
0.1609174014246769
0.1993262548654065
-0.08820441535551578
0.09279701548826771
-0.03916186832221433
-0.04060860465995825
-0.02605284582977932
0.02981503586809314
0.09469998621988988
0.03823243362788151
-0.00475145060069194
0.05571580434831082
-0.1483211958057915
-0.06701148299134861
0.0354419013699085
-0.08600008938276478
-0.1768779441342439
-0.2610422336389255
-0.1251249283325373
0.1165522660299213
0.09612144668395547
0.05374287803147419
0.14518452468723
0.009575779086425876
-0.0218465946135604
-0.006721255421897577
0.01038595712151338
0.02984586600201355
-0.01426048030409842
-0.1107432511228673
0.006278835908715005
0.06673993384707134
-0.03200369024092179
-0.06595987690977963
0.0307710355993629
0.06262110263088204
0.003197171690749118
0.01211499965656829
0.05785192556867447
0.03782323438173406
1
-0.05238881185663956
-0.1080339112400382
0.02982148891633453
-0.04312375204678505
-0.1381494035148679
0.1191002617077332
-0.04184511260671127
-0.06302227454010642
-0.08301956135564979
0.01155630141035817
-0.0507956838971341
0.1618456288919635
-0.02317950501660427
0.01304891243111919
-0.008906776596244684
-0.1890966735894629
-0.1072157882719877
-0.0130169533776196
0.0493127527674969
-0.001868979161943017
-0.09673397585733633
0.05346336579595286
0.022624801336879
0.001373937381229377
-0.1005378846587926
-0.1013610692999029
-0.00621415801363528
0.100869228205995
-0.1359380628351508
0.2133905524612006
-0.02359330876859549
-0.004776982946140651
-0.04982321577684333
0.1929887893580853
0.02917753744118002
0.1260741440716705
-0.1524016168564814
-0.02155522402396622
0.08765645708953038
-0.06587778227372895
-0.1898173775755603
-0.06834887729174019
0.04843979303741933
0.06527171007251337
0.147741078020067
-0.07793635494863427
-0.1369881484387764
0.003643519215507643
0.02399000113176523
0.08293819773815819
-0.03558960619093015
-0.1381842280998686
0.1108760578984858
0.06506862282506609
-0.243002891891442
0.009889141093014227
0.1162890031240144
0.008050802741165555
-0.1872090496550342
-0.01558487612883944
0.0540895919442548
0.0587429557920754
-0.06171490483088933
0.1314104006914726
0.03970100733588201
0.007640248817290262
0.0004224369441926182
0.1562663761951513
0.03328562150434555
0.03436124372633215
0.1683471506559196
-0.07775164136410045
-0.0005602368975586459
0.07901037337675307
0.02418792310838605
-0.1879205393377744
-0.004753431739403085
-0.02432950784139846
-0.1133844051236529
0.06816485226093218
0.1031457425567787
-0.1817328584938421
-0.02377766884759633
0.01231577644089119
-0.1548811246971262
-0.1438725627951424
-0.1106548997979664
-0.06868863648368652
-0.050260262107155
0.1493944619022821
-0.04356958861424055
-0.04827325021126835
-0.1240062871739539
0.1362184425507176
0.1423892092591798
-0.08694851200857989
-0.07720331663912267
-0.04970661949634108
0.04611388701265455
-0.02069570945636435
-0.004249355812699524
0.1369818517572592
0.03846042872985618
-0.01385203094626309
-0.03263742261757306
0.1806793269465064
-0.1264767258531071
0.01583527123294096
-0.07215406314666432
0.003217056271483679
-0.1002895188440241
-0.08730710594975945
0.1319366501984713
0.04911159107889802
-0.09618233618177408
0.01575440995654923
-0.1035006699741696
0.06462172034016692
-0.01154270518398603
-0.1406313331608544
0.003636403601148773
0.1043803978632487
0.02663627649697451
-0.02339919755637507
0.05068561563378066
-0.215048898911217
0.1106604452135722
-0.05238881185663956
1
-0.1268521185923498
-0.06557610042504868
0.04480459462933356
0.04692508433873915
0.03635969667086941
0.07761177975665176
-0.01078778147027245
0.1731928580182519
0.07165035738541789
0.101412985640871
-0.07285818485987816
0.0005507367564922261
0.03426740570406513
0.09140177512145342
-0.002762553758137744
-0.02554116121598784
-0.1321382611025616
0.04949893985013594
-0.1088982568960072
-0.07099182716747932
-0.02707600478315741
0.1114446740197597
-0.1675151310027896
-0.005875074596490077
-0.07288305852048463
0.09865046737787811
0.1222453182746111
-0.04970266012933885
-0.008106360048976628
0.02244050509918406
0.07842022438989882
-0.09447160322335955
-0.04576333771319224
-0.0967277809250299
0.02885994246195622
0.1712027441734143
0.1033523668042967
-0.05710979986598796
-0.05358222387326885
0.1047774668909604
-0.003020897337003114
-0.115977274909215
-0.002568271983139241
0.06981867490426318
-0.07307116083045474
0.04157059614160048
-0.00373439880128263
0.0485496251151445
-0.06471380864919983
-0.1177268334662146
-0.0415514882234429
-0.06312896244911645
-0.07315959871479916
-0.06139773734241526
-0.07818022259861593
0.003052746241093049
-0.108031540341224
0.04149956335893835
-0.06483835742009257
-0.03344176556183441
-0.1640349157470652
-0.1543146267396594
0.02810551475204404
0.014381986702032
-0.05272953178430249
0.05857031271468954
-0.004005594344395558
-0.01601021713162103
0.006430146947581067
-0.01062835002697816
0.06302733364329841
0.05048399245062529
-0.02433410612664626
0.01928372161015146
0.05365061214511104
-0.06295892882324974
-0.0659306917910782
0.1315051819880306
-0.05805371189817132
0.03764567852777846
0.1665120699376562
0.1472378898995298
-0.08193959730095203
0.00865030476239604
-0.09215716606130542
-0.01225990197894183
-0.0522496919694447
-0.005402037818752521
0.1028229963560287
0.1336655167089634
-0.09959965092898036
0.000463076181171522
-0.05538349014820257
-0.02312649451749722
-0.07738483317265882
0.07485616496925268
-0.1132953353840536
0.1622973492205798
-0.04724723014869067
0.09891462318722145
0.07340700593881394
0.1968312195626837
-0.007131046558886536
-0.04624015947104074
-0.1161202281850636
-0.002935987701748539
-0.1479123689003095
0.02055344860491184
0.1171596709968316
-0.1164322577488891
0.03221925424758995
-0.1735671668853767
-0.06523472678006323
-0.1171007065903948
0.04361665895357843
-0.01827792026530077
-0.04900574216232047
-0.04406991191430662
0.0266754308972487
0.08981227767351031
0.1663594997009752
0.07849675626612555
0.1216535377084697
-0.1700473170393821
-0.08676629141323111
0.006559312422996552
-0.1080339112400382
-0.1268521185923498
1
-0.03748161414151747
-0.1090469363296286
-0.02181029786604613
0.0604761823658554
0.06888841054312946
0.1249780251773534
0.04600677456663183
0.03357971738671955
-0.03313776490991969
-0.009666062484684889
-0.01722553188545565
-0.09766401031393566
-0.07764752047733811
-0.1282221748769811
0.1533545738968111
0.04832398937309708
0.03103491180232126
-0.06639299856645837
0.02898186339243808
0.0588055290466226
0.02304854812458377
0.1002493265754557
0.1304791725048363
-0.1417225130533757
-0.05702276412171217
0.003012256413016877
0.04830659415212617
-0.1257141240080794
0.02786259464174183
-0.1592481801374437
-0.1349949010222618
0.1667759242185533
0.1646845977305912
0.03883096411617128
-0.1346242761597768
-0.065475949410845
0.1241635968983917
-0.04542291862630176
0.05163380899375345
0.006693417627326864
0.06996896770478607
-0.07028531944001026
-0.01906074405931606
-0.06912774037095909
0.07615783988237744
0.1851716495351088
0.1036292982452946
-0.05276978688644251
0.09298206403331451
0.03139662222680074
0.01973742789808948
0.02413460761695115
-0.007530802533620287
-0.1375373780666133
-0.09567004729242069
-0.08567808644821599
-0.04085569019638069
0.02127903719541373
0.02271643656453899
-0.009832496699372318
-0.07070763921663549
0.2039580547816362
-0.01140636202816432
0.07037970125089887
-0.05791582870483924
0.1327288799902979
-0.01852672892641561
-0.07170256544904823
0.02247689863559124
-0.001555780367239104
-0.03055815383343154
0.05515167673706593
-0.02228536578689338
0.02876549866860764
-0.02188311315744133
0.06680739773747368
0.1565386184283755
-0.02557164304703628
0.06611770637199917
-0.105363727175724
-0.04769122823007262
-0.01607573487044378
-0.1605538342241151
-0.003422289521667465
0.0649470576689134
-0.0902034981083894
0.1155830536232107
-0.0879188196905157
0.0102694168937402
-0.05433295237052915
0.0791160433894611
-0.1164910350221924
-0.07554518940150062
-0.04003860928627722
-0.2343051448759679
0.09369705573160279
-0.05403696012725197
0.06158325668895377
-0.1711840057810657
0.1191992758063763
-0.07297527675457521
0.06053268489473978
0.02966434971444371
-0.1468106264998596
0.02810870286425483
-0.02187793153955069
-0.07814690993625323
0.09004455408805789
-0.1756897361339479
0.03758487313144597
0.04714063285050345
-0.0972449278410451
0.09835847736936726
-0.09440680062452193
0.07939263409920963
-0.104570634982034
-0.01062767443767714
0.07990102594836238
-0.1113896780409178
0.1762151641874995
0.09748876811699116
0.02226386482184867
-0.04744003732669028
0.09997308405813013
0.05629767492878431
0.02982148891633453
-0.06557610042504868
-0.03748161414151747
1
0.1052035187941793
0.1110326132496517
-0.07148709848683864
0.02085701964549061
-0.1257628256614906
0.03229775250381509
0.07183441755489499
0.08246120359047637
0.1493049700649637
-0.08352998881037296
-0.02802132665351136
0.2261188242739155
-0.02479707352597342
0.03452349081332826
0.008257360647620508
-0.1710612504682207
-0.007349815585950051
0.1171869252621139
-0.02461538709766526
0.01421065402508106
0.1636573234673196
-0.02242873003707041
0.1662578527121766
-0.01438624631504895
-0.06221623516831213
-0.0665622081796467
0.008122544439440094
0.06671491212386467
0.03279755422986703
0.1552463276748557
0.08925931326179513
0.1762943259824724
-0.07814635960224005
-0.01200026093366779
-0.007686903731267378
0.06448112030149823
-0.126717616835511
-0.2388822847203403
0.01939459200083107
0.09524369434494129
-0.03486394835937184
-0.06873598002122375
-0.01810640537809272
0.07477045115025986
-0.04378834032230347
0.2054934652022947
0.06952194769349225
0.09006060133249932
-0.01432807051131984
0.01762397700101947
0.08002591638413969
-0.1490068035125524
0.06305220970810423
-0.08442051911316525
-0.02811402335594401
0.03137193992066155
0.06273974011468476
0.08661156833057848
0.08301474365771465
-0.005961145419336133
0.02635956397298836
0.008378651745916888
-0.03001576954975744
-0.01391352597893726
0.02485089906130617
0.1677161691133802
0.04242551681560859
-0.02165413031574667
0.005318882653935136
0.03192914780306179
0.1409385693136389
-0.0967419632238678
-0.2297480317927364
-0.01122223499270635
0.09239083667404971
-0.01867993400084001
-0.1431247352507724
-0.003265533810026262
-0.132787894840531
-0.1703788882951056
0.008842217587008391
0.00963155166111679
0.003801753986295446
-0.07041863103025466
-0.1031908161444564
0.111272840326843
0.05332111449915951
-0.04528544802482429
-0.01184686517577893
-0.1360634778244288
-0.04599907547438459
-0.157521542402467
0.04089316041440703
-0.04553379836904625
0.09537427863777102
-0.04709399663024383
0.02715647725181316
-0.006024935208337438
0.071863416043281
-0.006670349603584563
-0.07214123268404984
0.08308633943756073
0.001250339379618414
0.1866664201423434
0.01056587246292042
0.03467016373623818
0.04892565839703852
0.1232831258633192
0.06640746624030722
0.03658743193584094
-0.01888513576801
0.06248711267876
-0.0181673784459679
0.02327059936839788
-0.01822276655468124
-0.02567039515320855
0.009877392396299034
0.09548773813652965
-0.06246107786432963
-0.0760815355377944
0.0118727164246446
-0.09408547480204446
-0.1033156008104214
0.02815067797203318
-0.04312375204678505
0.04480459462933356
-0.1090469363296286
0.1052035187941793
1
0.05901384533028578
0.06924740919353305
0.03979225271578908
0.04696288007481959
0.02715339407489032
0.09953051146826485
0.01418243789051596
0.1389618802842755
0.09076191205527291
-0.05341658819480186
0.1055101644910838
-0.1535308860457398
-0.1987193633094831
0.01005276908651402
-0.01545744655880473
0.09533687470739724
0.1131965782582854
-0.02373225182868798
0.1148224326275618
-0.05666201560598218
-0.1106100279172893
0.05933041205483777
0.05047026392771476
0.04463684631402707
-0.01872311964270268
0.09676421224449408
0.08352483257442475
0.06251506220365471
-0.06691875040322592
-0.01443933387021134
-0.1343616415397319
-0.1749041623453639
-0.07994931385002128
-0.0206605578190725
0.05178105131517102
0.02295388617349275
0.04129591289137193
0.01827434162449872
0.09010954329979186
0.03622328018768391
0.004422335173161165
-0.02603221163135048
0.03814453760772235
0.07642771749899961
-0.02247898782620199
-0.05517090301737298
-0.1067774512207217
-0.08701553450984821
-0.006435872994365294
-0.1145705124076528
0.04095237867593608
-0.2026684069826047
-0.1073586506684281
-0.1288826936369465
0.05356566396465693
0.1092848020370485
0.05770312234150451
0.1215387843242298
0.02784301038809836
-0.02676964656318016
0.06022967348004568
-0.04454419089792547
-0.05263824954952501
0.02272153792915158
-0.1261173116719154
-0.09692440569085724
-0.0293514900965116
-0.1357382863351067
0.01523702070645922
-0.06617969992088482
-0.04097360650268661
-0.06669120729030367
0.1511112301224669
-0.0349419556000494
-0.06688756098222794
-0.05070940127002677
-0.05335947550741284
0.03096998979241813
-0.1025623238391879
0.06372457335034228
-0.03126419733882567
0.07874226216190217
-0.002073835010464252
-0.03140944415566346
0.06277085850767222
0.08669697173501774
0.02694339185463265
0.05983730272418582
0.1584458912497038
-0.103965138587404
0.0072001291877473
0.2215241590326169
-0.02375013284967241
0.1442437566542662
0.009248972007349409
0.08149733542148575
-0.0686551020411218
-0.05076341727179615
0.05836323584964519
0.1211542053835524
0.08130155345954111
-0.01907856065630113
-0.1124730841067262
-0.09778135961179128
0.06983369183871414
0.1909812136278933
-0.08363328198977057
-0.08465280497115546
-0.005245107286031867
0.05185915752944061
0.04730524848637773
-0.1336975038290751
-0.04155116872762973
0.08214499244678006
0.0003644274763975851
-0.003155797041348054
-0.0925471267325263
-0.01168122259373139
0.07472178311896413
0.04099082551448763
-0.05818513160218198
0.0564650452332813
0.03043619287745119
-0.1381494035148679
0.04692508433873915
-0.02181029786604613
0.1110326132496517
0.05901384533028578
1
0.05563268200556661
0.04658999331777326
-0.057236687391428
-0.1163626909171598
0.03918845086895759
-0.1153125656514141
-0.07703701937412361
-0.1185538417886447
0.06582453480348453
0.1004065889566638
0.02540756333245107
0.0527399193378242
-0.02211817438331426
-0.06136031376873616
-0.1751309450424262
0.09661761811306048
-0.07323429341952178
-0.1413329570741247
0.1117572631221094
-0.05612045397369727
0.144650019651979
0.05585917911019117
-0.02112574476319596
0.1398944548056444
0.07549740774391007
-0.02601510833591575
0.1157496408419703
0.02664447988787452
0.102157309068194
-0.05372616200270196
-0.01993971770825649
0.1138625912060878
-0.05221613427965603
0.02097454704558536
-0.1042366811486115
0.07544817492053624
0.03792412278850377
-0.03752559721408652
0.04914680159466206
0.06384769953899094
0.05876593556537695
0.01510363726570404
0.01702721937179074
-0.02600409542464265
0.005637739775742017
0.1080519330950783
-0.1092689911842746
0.1023812796560247
0.003203654397137429
0.0374440241186618
0.07838198415592587
-0.0808617354056189
-0.1287806540079182
-0.06116134386278213
-0.03313474166993281
0.1802779310044138
-0.003800406852805496
-0.1422797823893284
-0.06691199587727428
-0.02268091955181709
-0.1117853692285406
0.01850718298565396
0.00307427348131544
-0.02617854783415843
0.03661165377675848
0.1109051973892297
-0.06694456049417885
0.005000572120783725
0.0859167291830405
0.003728507903305843
-0.1103390920590133
0.09747260070971324
-0.1129902166678587
-0.05410850642768412
-0.1599284201480788
0.03560964605572631
-0.05952496067016782
-0.04384506662370592
-0.08232655732826824
0.04926642625127137
0.03229211588300972
-0.1038944236072846
-0.07354784064172318
-0.07117290688787578
-0.007548557664843903
-0.13461416262159
-0.0650715990323382
0.007733502495459602
0.09888878402325804
-0.1100782779527977
0.004725928591566533
-0.009087460774460092
-0.0679355830721209
0.1824681653622406
-0.09905794933617934
-0.1476252754842722
-0.1304162468118893
0.03568418581900199
0.0445351589162951
0.08265473583507767
-0.01080330356297071
0.01877511014555393
-0.07636616463522854
-0.08549983149037005
-0.01327116575241507
0.07946777834815194
-0.02474202357625235
0.03800421789406171
0.01268016499321566
0.1142106684828805
-0.1315900167562575
-0.007697507957440248
0.07601583416106028
0.1011809995799447
-0.223785140010022
-0.07688180709066968
0.00023279812977689
0.02061356862051048
0.03616135617264477
0.1298463814662777
0.03707955268883226
-0.0008553280709761198
0.1191002617077332
0.03635969667086941
0.0604761823658554
-0.07148709848683864
0.06924740919353305
0.05563268200556661
1
-0.07989393325857376
-0.0206295629958697
0.07671836208739431
-0.001246952287245458
-0.05323731153578257
0.08142905031301212
-0.03463534188755042
-0.04136391536750739
-0.02719722844470019
0.02111319137647537
-0.1634554464528427
0.0339598104849381
0.06327109265983842
0.06010713008823421
-0.02260699217655114
0.1086060047416566
-0.07165589504083342
0.07330007721369658
-0.1392984518138711
0.137934674844175
0.08326767732277203
0.08219176251963878
0.0001780383847280968
0.1088758677869233
-0.0810004999343254
0.04693642197607127
0.03179699013527689
0.005456504616380339
0.08639887830528366
0.06801274268490036
0.002268334219746201
-0.008596253324102625
0.1070136668292137
-0.01118518482985593
0.0679227791902033
-0.04174426774977227
-0.02500238653162267
0.04123052107725175
-0.05574794654479239
0.0611959749870714
-0.164240253656824
0.02596614070142073
0.02439430059852651
0.03972359779119773
0.02425106624503722
0.008649940839617423
0.009726339577139767
-0.07324185530604151
-0.05077214648628924
0.1465169644709103
0.029175571181752
-0.02989822590617875
0.08372289018189422
0.1971090819166749
0.01842698271640485
-0.05403722143873521
0.0482945072306146
0.06548453587926219
-0.06324745257970474
-0.04619579541231852
0.03305885732452922
0.02479684480706415
-0.03678408383346368
0.05511223852747436
-0.1859745697630046
0.04756170683377346
0.07262082434612048
0.01909267106825219
0.01043383177533831
0.08234222239709825
-0.1457528053221802
-0.03022161560874968
0.1351508710462649
0.02807258052196583
0.07945495869439237
-0.02022637994594595
0.02054783841843651
-0.04861672339916577
0.02197007338306129
-0.1416217043537613
0.08919086319541464
-0.1284991036602712
0.1071521459445331
0.03343783137921909
-0.06102451084207904
-0.007939634963281653
-0.07462090462795937
-0.1431618456999891
0.1519450060922931
0.164868793502532
0.1203494814793127
-0.08648742081280282
-0.05843391837637917
-0.02819176342951265
0.104694140311211
0.127388472588115
0.08164580976131544
0.04732765059286602
-0.02558739798035013
-0.07706881693841855
0.02918578211543252
0.04826455350626017
0.05714377543997712
0.04738033040595011
-0.1294200088939597
0.0186783795807137
-0.1123870708963699
0.08043377798142558
-0.04481702524169565
0.02675354002112828
-0.04111007822530203
0.1230411921877944
-0.143857748939854
0.05229912820900855
0.2042803629033724
-0.1218723720383798
0.1142328020378141
0.1147734057689769
-0.169815016247299
0.1534262488062005
0.02633626801546482
-0.04184511260671127
0.07761177975665176
0.06888841054312946
0.02085701964549061
0.03979225271578908
0.04658999331777326
-0.07989393325857376
1
-0.03260112638469778
0.022849263726895
-0.08559082538872809
0.1280266867746891
0.09598659105495121
0.1389139170683422
-0.03538118419070582
-0.1055106064554183
-0.2122325683773372
-0.07348440070522874
-0.03111902736348272
0.09536496960186654
-0.1183917139989497
-0.1697359116818446
0.09020626637956171
0.1205805868074337
0.0796753968968586
0.06256443848063678
-0.07353899210283109
-0.01413409726888923
-0.1866013840656753
0.07775063087866139
-0.124865833670547
0.01896460220971992
-0.01306910209750414
-0.04735191587339479
0.02380141570108943
0.01647794523868644
0.1121376709939153
0.01743719033819545
-0.04460170719467587
-0.09915497741765067
-0.03712891715936219
-0.01414691509107482
0.03891016727581495
0.1131783154712305
0.03691796443076197
0.1750554781091561
0.002932052566756469
-0.07061769783081932
-0.1283405367887563
-0.02718250088852676
0.03771475209798945
0.1129913033210394
-0.0773158971669738
-0.03925595405056279
-0.1251555344420491
-0.1784329791509655
-0.05504933913337565
0.1197114721699547
0.1418300756528125
0.07620721451175635
-0.1002434577671734
0.02925590697553104
0.02985656907702796
0.1903844465376244
0.04739014181907973
-0.0298700374826545
0.01659113786327873
0.03847278608379125
0.1618669233939306
0.1545699861759667
-0.0079628086825759
-0.004240194730131239
0.08858934452369435
0.1179482680506763
0.03637800097913511
0.06618824256008768
-0.004174542702719598
0.0191916656964402
-0.06857484706676199
-0.07318529223276904
0.1382127857441505
0.0166016822239383
0.06973124856771318
0.1113461294898002
-0.06953377757155361
0.05518157963069917
0.0897285040452258
-0.1635389131894457
-0.004862136367327664
-0.09942137077082384
0.1333727835604073
-0.07099181987321024
0.1224538623290594
-0.135898644311854
0.09311515193927655
-0.05267298210207055
0.05838741423126267
-0.06333763348977484
0.1133737856488069
-0.05533024762846597
-0.1789977621093504
0.110291083561723
-0.0106231519695693
-0.07875788669741834
-0.1709136044775523
-0.08723101399762119
-0.04031359306290069
0.06916188133656355
-0.1521822526666077
0.005308779229642825
-0.1918720735721195
-0.09654922009510961
-0.07621631566436829
-0.1240320964802726
-0.07870574634074337
-0.02551526440587145
0.0181909587764154
0.2398497694240968
0.06389037485582201
0.04589004695244109
0.1131665967171628
0.06231149215489824
-0.1723822252414962
-0.01686612037270925
0.03609857517523064
0.1356920066993191
-0.117212491824021
0.05213918342749058
-0.06302227454010642
-0.01078778147027245
0.1249780251773534
-0.1257628256614906
0.04696288007481959
-0.057236687391428
-0.0206295629958697
-0.03260112638469778
1
0.0315168640608569
-0.01939761139576344
-0.06905274963281142
0.1368602027294664
0.07795233080095214
0.002668146500397574
0.117835972527375
-0.02138615487460482
-0.02528784024461946
0.02713770148223802
0.1583978597452793
-0.09856201513579201
0.1095071121515962
0.2499817165896442
0.07921022314930211
0.006746730753388199
0.02375750105273397
-0.08600082492511618
-0.07495985060963332
-0.1195221301685338
0.166574409964444
-0.04148888486163095
0.04587031723605561
-0.02616706947558582
-0.1895623519466055
0.05796009806024446
-0.03686162222792948
-0.1142869969527659
0.01444823608981184
0.002567165475568182
-0.03166077156469769
-0.06288354162530402
0.03248326571488647
-0.1649973459973259
-0.1209449756242869
-0.1110381891838048
-0.02516311530483429
-0.02327845491325602
0.1191363411037545
-0.07793324887874394
0.01609192046314266
0.005139029627264896
-0.002835578601312906
-0.09536590759435092
-0.07818092999249517
-0.08097413599882941
0.06756608648700418
-0.03830464779111683
0.04973841299455353
-0.169114010523044
-0.0138813074793191
-0.02023147620135704
0.1411183205235822
0.01485012972335731
-0.03680102954647453
0.07145466492935715
0.07141970667007587
0.04575349492230935
0.1619607490911905
-0.0207764780155272
0.07294651708016626
0.05478757162992244
-0.03452027196014355
0.03050795046663194
0.08626157130898911
0.103181618495728
-0.08343487438956147
-0.04820010340238462
-0.09014005808438195
-0.03829509553144218
-0.03791930762424861
-0.1366864864212202
-0.0219074516711277
0.03749521966708988
-0.1035226283246417
0.1079358534475841
0.001207893714280076
-0.1125184804729476
0.0769901359525469
0.06246762763620006
-0.03777600383593904
0.1000477781344245
-0.01682565161987615
-0.06938365491391055
-0.1518615944809687
0.09432369512206322
0.02126205795253869
-0.07937436415395552
-0.09432224740708034
-0.09829380663536895
-0.09112454747801477
0.02085952721743919
-0.1144131568414421
0.0003678619419205109
-0.1950612421441802
0.1519596606984177
0.03362091921735614
0.2600878694414955
-0.1834836178149101
0.0756879161242815
0.04659004754799
-0.1197889912514496
0.0134065223072726
0.1236442268916805
0.1331237270782278
-0.01612440137828985
0.00726080475251684
-0.1247048809763225
-0.1547280463906295
0.05439422252766701
0.02067090725951753
-0.1051240943834016
-0.04299875855201559
-0.01354131120021625
0.1008604071617736
0.07687216242920777
0.02468804173327388
-0.1911184409930695
0.05716372611838277
-0.08301956135564979
0.1731928580182519
0.04600677456663183
0.03229775250381509
0.02715339407489032
-0.1163626909171598
0.07671836208739431
0.022849263726895
0.0315168640608569
1
-0.05564451576189291
0.1317062913088777
0.04569325877184242
0.09647698227404473
0.07869000886770453
0.05166224234043738
-0.04035027128797848
-0.09162155842262679
-0.007782466613504487
0.125138554798418
0.02609865060098219
0.1267883327634476
0.07657073435586499
-0.02465126836652016
0.04095494687898446
-0.09510801115966715
-0.07268545076709848
-0.1174964093979739
0.09203422656894147
-0.1194957627087816
0.01963797287261457
0.1277944743832847
0.09357298137868876
0.1084874484135913
0.1519023941503686
-0.04411828798600768
0.1461741295114346
-0.002467537072446565
0.01992309438419766
-0.02947201054723696
0.0459301031891875
-0.07311392467807917
-0.1714738822135156
-0.006349715562110119
0.1567994959516323
0.03013476105127214
0.02459173766785398
-0.05723826056607582
-0.03540668237355881
0.05293137943282046
0.06003670542093129
0.1593872861847737
0.07834911374655133
0.055833214855326
0.083724374654431
-0.1151393820658918
-0.07731189687140126
-0.03496818040726003
0.0553226241036498
0.03504381430578374
0.09757161060483373
-0.01954301443271752
0.05859311207502417
-0.006984019239190863
0.1436885512775774
0.0138662447534263
0.09995763281351512
-0.06693587837368321
-0.1099401006298548
0.07197118028174349
0.01895597181366454
0.1008611372451093
-0.06704070839428716
-0.03512800371260644
-0.025516628162481
-0.05091989469617648
0.0180068312469843
0.1957231306311506
-0.004829420664567649
-0.1076181858236911
0.07754861025145789
0.1727002025842621
-0.07384469808267821
0.1140911095080321
0.09787589966381198
-0.01675981915754125
-0.03104082017995708
-0.1233437475404586
-0.06173666989863433
0.003477693134811846
-0.1484755792272635
0.06037931089817929
0.07643398648791544
-0.02273832037315512
-0.05733008828736882
-0.03305998149655859
0.1869693352767158
0.124448311901844
-0.1005787745817482
-0.01835889056945363
0.06855910431612071
0.1048102054403812
0.1040342641550687
0.1685166095649383
0.05204448294249032
0.083711028214568
-0.1027680384212305
0.2218480268108561
0.1664795402492741
0.009680393586277761
0.08294920776549866
0.05878364638326086
-0.01701677668400538
0.02914979196390136
0.007923447240158227
-0.04835077744513181
-0.02266778521497758
0.065357005483204
-0.1119976693819104
-0.01493441269751155
0.08684972432366457
-0.1039801081317943
0.0630325541245515
-0.08033311438251825
0.03569036147225298
-0.06662118371968581
0.05005587892758431
0.01600323910503013
0.01155630141035817
0.07165035738541789
0.03357971738671955
0.07183441755489499
0.09953051146826485
0.03918845086895759
-0.001246952287245458
-0.08559082538872809
-0.01939761139576344
-0.05564451576189291
1
-0.01628731268026486
-0.1400670704525034
0.00467003781958596
-0.0685290509471751
0.09123817738070972
0.02421126712637797
-0.03434835632214119
0.05553380265144179
0.01380700436856935
-0.03252182282900257
0.008096899331341546
-0.05263895431340382
0.003341313253688933
-0.2094573753282372
-0.1907471760113331
0.0253460283709785
0.02277480773158806
0.1170472364162266
0.008868914176890175
0.01992870161636323
-0.00944475885601833
-0.1234673472871666
0.03868121443020614
-0.09301544798324757
0.1498176084368566
0.06684457783263238
0.05419417968271694
-0.1059191121212637
-0.019034602059801
-0.08782955100191023
0.04860544555281632
-0.02013119703373578
-0.06379208574896508
0.02438336928142625
0.05989029128528973
-0.08331245735212398
-0.03033828074366415
0.05643352108324551
0.1705792059515401
0.05248546733933585
0.1378410315362983
0.1172408987554955
-0.110988157994915
0.03953019271786674
-0.03534938951346229
0.1565019745969247
0.2687286834037874
-0.1223938714503948
0.0472090706131075
0.19161868538382
-0.1737023866349936
0.01892713055865051
0.09389371817769615
0.02960251572406371
0.04997107714685579
-0.008453024483627641
-0.02307659559574906
-0.006971262934944602
0.02532154270083169
-0.08100769623149778
0.03115764761534188
-0.06379159801874963
0.04541433678986299
0.03320418115324564
0.1221483321548485
0.1075017773892327
0.02423937858272231
0.05071971528841224
0.1443052675972814
-0.02897875065563754
-0.1388610645775446
-0.008743305579050988
-0.1087591179585629
-0.02047644937533395
0.0185496111114979
0.02278827665770473
0.1002940659272261
0.0293931664472893
-0.05970479292023146
0.336268935175343
-0.1132980498306955
0.08597875968768415
0.01754103816380121
-0.08598437087772252
0.09826374338201707
0.08029940408780489
-0.00471637115061161
-0.01624826642451368
-0.08817711633919124
0.1390375967573831
0.1679293242059075
0.04450340848053148
-0.04262763346598419
0.1523536005917736
0.1016178356136133
0.1471220450296711
-0.1490902601925413
0.1775584597698613
0.1735196821493993
-0.08922663935756633
-0.04826513115914797
0.2028301405330189
0.03685303387148282
-0.2147401535832751
-0.08717011516780795
-0.1093213250637734
-0.003104820957290973
-0.09230722168202385
-0.002065918037529712
0.01712342730223152
0.09568302819029136
-0.1090950804877619
-0.02861937694954506
-0.1239229154653237
-0.08537438525474358
-0.05875292434026838
0.1803866349437243
-0.0507956838971341
0.101412985640871
-0.03313776490991969
0.08246120359047637
0.01418243789051596
-0.1153125656514141
-0.05323731153578257
0.1280266867746891
-0.06905274963281142
0.1317062913088777
-0.01628731268026486
1
0.1040526284355442
-0.01205422968802354
0.04567512438842947
-0.001845775724306943
-0.01051524863856192
0.004700361019637708
0.193380814313613
-0.03208867828888321
-0.06330053569808294
-0.1007739819545307
0.02642021797092437
-0.02190359633671979
-0.09500350498722018
-0.002543194670039557
-0.0467005007384831
0.001710210668642506
-0.03688890515754467
-0.08677187359581845
-0.04253503381134217
0.04312244880387341
0.04257987715620336
0.008030646042432789
0.04787021171598871
0.001435706916523099
-0.06941276535060306
-0.007252648261779087
-0.1660834606759777
0.02634525659333253
0.07288889473661916
0.1086177947948994
0.1246519758509309
-0.04256545696106277
0.02753937665548348
-0.1176552141644152
0.03621300742372182
0.140081819494239
0.1360458058847622
-0.006257985444599511
0.0224115888137245
-0.03322499956429905
0.1390419714519912
-0.003799815583638733
0.05045164274766044
0.2144203380023019
0.08395683294061358
0.006008150247657463
-0.06039330596276393
0.03745763547634835
0.01929788554916583
0.1223571758119554
0.0395516041539138
0.08725010638170064
-0.1507896150607366
0.0959404068330081
-0.07338982991535314
0.02177060431642553
0.1089143849544973
0.01877430392768994
-0.1864066961557758
-0.004650451375430641
0.02473298330678498
0.1175632885255046
0.1015397605149601
0.0548144310519701
-0.1205855895847642
-0.1536880889568359
0.06319790824600947
0.03448685426181849
-0.04787824115710212
-0.03251588027745336
-0.002843492372534511
0.06127409771281199
-0.08984191170059121
0.001278775503747321
-0.009223201054008489
-0.09299449555477786
0.001051712934897056
0.03129349796982381
-0.02053758090832526
-0.1871725103248969
0.03425681415246262
-0.01731061992579615
-0.01895559591175502
-0.0672602590426214
-0.02306221437259692
0.01220544121618476
0.07701263244881561
0.04170857303466866
-0.07330105130778317
-0.009314364335828721
0.04471353221412747
-0.09685341511426143
-0.0568978984680274
0.03797941336612475
0.07565977213835132
-0.05711639571662565
0.008628114128813997
-0.007477575996518071
0.04139694626084099
-0.1495677288404892
0.07155869894448653
-0.0363499853886218
-0.1793511652273821
-0.05302162807720759
0.03053039831723731
-0.01084379667027859
-0.02615435984647465
0.03471604713234042
0.02878183428310331
-0.07088349955601515
-0.06082034059669855
0.1236434232791502
-0.111540908999999
0.03517934295268675
0.09212496610956164
0.03925078645455222
0.1618456288919635
-0.07285818485987816
-0.009666062484684889
0.1493049700649637
0.1389618802842755
-0.07703701937412361
0.08142905031301212
0.09598659105495121
0.1368602027294664
0.04569325877184242
-0.1400670704525034
0.1040526284355442
1
-0.1046034517163895
0.04035225999771912
-0.09026763619399369
0.03404377087381991
-0.1479849525814511
-0.05099852861506736
0.1650148166959871
-0.04846950280451414
0.05335833017056858
0.01800898969234574
0.03883766472230028
-0.03396819755409351
0.06274144779131378
-0.06084714057367817
0.0194367061273519
-0.04799797976877244
0.05929356978404816
0.02155297584702507
-0.1271768178119121
0.06336490710937523
0.002683552829996758
-0.01053803421828097
0.2073365851573651
-0.06704850811968496
-0.04765168513748672
0.05542186516710933
0.07079151536188473
0.08993095507982077
-0.1446341677783472
0.01275203032571859
-0.05693407561402061
-0.03347084739458298
0.03740493424696324
0.1015160409269187
-0.1090553529693521
0.03879875869553209
0.03603718773907976
-0.0124693435848557
-0.03576238701370464
0.02930728268172195
-0.1080604753980326
0.03469277394888029
-0.1252264022913493
0.07975225171541564
-0.02234344372427883
0.1630793368440887
-0.02200314835633886
0.1080908050724224
-0.01371482812830421
-0.0472516237488337
0.03451255571792977
-0.05118247462072636
0.09409391669777323
0.3047609210216624
0.128787979117275
-0.089690439973461
-0.02178706082539856
0.05969929377199261
0.04743890479365595
0.1036162192285969
0.09299314612787936
-0.0003522272438466218
0.1032849984606052
0.04403026884581988
-0.09614379307448656
-0.06215573759994392
0.03675333099437855
0.02359913966562406
-0.006298163225930058
-0.1379341997712407
-0.03906590380526691
0.0830746141218818
-0.08911300479798337
-0.03180894009885524
0.1269205497271117
-0.07176618270728907
-0.01384304055550313
-0.1627977558561888
0.07016206413838058
0.01729953848540704
-0.2436757636810706
-0.04550483075813608
0.02947462687546354
0.03146338898975583
-0.0562590389825714
-0.0769637202279523
-0.1562021769400156
-0.03601735919569261
-0.05869435018099158
-0.07990144733103299
-0.2456778518936318
0.08370702562127824
-0.03356803403606655
-0.04765575526171909
0.03759144615243838
-0.0456757423321436
0.06104664616200925
-0.1106203740154336
-0.04166805383288964
-0.02960873541146115
-0.0265376861751525
0.0201410794221821
-0.04245047809597582
-0.01327124844358899
-0.1140713405194284
0.004422846613665427
0.03075322746249397
0.08038013966071357
0.2052693305472984
0.001522957618728851
-0.1019697505800813
0.04579835363699854
0.04204609725300323
-0.0003099900857340548
-0.06117160505245611
-0.02317950501660427
0.0005507367564922261
-0.01722553188545565
-0.08352998881037296
0.09076191205527291
-0.1185538417886447
-0.03463534188755042
0.1389139170683422
0.07795233080095214
0.09647698227404473
0.00467003781958596
-0.01205422968802354
-0.1046034517163895
1
-0.1565165693365383
0.002402576861871344
-0.04878732990723614
-0.07957311705536912
-0.00766681847561613
0.0847564506501922
0.1314964091740596
-0.01396353042415322
0.02100146554785457
-0.02190009223834562
-0.05477910562559956
-0.1022512563621769
-0.04603982475006196
-0.04436294115422078
-0.01967773238607624
0.04205525249924214
-0.004355391485928728
0.04860951162658025
-0.00128070435076242
0.04595430583575306
0.0587014350795286
0.05322996054661415
0.06873133840881794
0.1150580016642688
-0.01333127310845858
-0.0006617645924741067
0.1128803564287143
-0.0224549358777726
-0.0257260654610764
-0.05216844378913556
-0.04143567245924687
-0.0009969529197395998
0.1743328053676157
0.1237089680607043
0.02059007998863888
-0.08885346176959671
-0.0103745425083276
-0.1071759797177725
-0.1710978407969744
0.0404458451839068
0.03731319702485285
0.07767932786797493
0.1147094108671276
0.0001933567209556767
0.01029570963340438
0.117843506208451
0.03483849675597403
-0.07250333270238371
-0.03405228893295113
0.03813815947443739
-0.1279070638028132
-0.05687379828410126
-0.03573852307758367
0.009485851019774203
0.01941350201661911
0.02111759130229668
0.02053437135717122
-0.01880315566672821
0.04490872248042246
0.09172037494261076
0.06687485453804259
-0.02928392372025736
-0.06076114322574787
0.1542522756737547
0.01613750015855756
-0.08757744787970211
0.08658520488408944
-0.05457693721535235
0.06519152409348343
-0.2421940261056614
-0.06899629850461399
-0.07134894576888234
-0.07566077028650878
-0.1718128400708145
0.03158068075523554
0.1058082864943353
0.07963520617887931
0.03259780610817629
-0.0247018280437546
0.01664790058784552
0.07212371679501156
-0.03281213968084488
0.08542141022331003
-0.07203281196463669
0.2104438756299836
0.2299642852739004
0.04760132136806387
0.06745589886305885
0.09438423104375732
0.05693571837286948
-0.07117777477530925
-0.04080714411972877
0.04439302580842229
-0.08378356027245219
-0.03391930684589959
-0.08887890685485265
0.0524212181289723
-0.09160767063796818
0.01677246489464117
-0.06946466503667383
-0.04934338369494189
-0.07991254966126107
-0.08155928553076508
0.119791892806632
0.001110480095743802
-0.04462618712056251
0.006522625278647193
-0.05231541758667215
0.004346698805389369
0.07659774388142825
-0.2306677080839265
-0.09808054621366946
-0.06030599768475275
-0.1094567103831559
0.01304891243111919
0.03426740570406513
-0.09766401031393566
-0.02802132665351136
-0.05341658819480186
0.06582453480348453
-0.04136391536750739
-0.03538118419070582
0.002668146500397574
0.07869000886770453
-0.0685290509471751
0.04567512438842947
0.04035225999771912
-0.1565165693365383
1
-0.02391228802905067
0.06208462827442716
-0.119794546547182
0.1149784216852604
-0.1513525671708858
-0.06004056365882365
0.009923169297180602
0.02097572618012456
0.1737296755861837
0.05244652495522785
-0.01988758824665377
0.2895911326839495
0.113595075086715
-0.01398775630155421
-0.07288817238877515
-0.1413267074361511
-0.04961081807165647
0.064382148859361
-0.06430873617892854
0.1978715666079451
-0.03139128489486594
0.05868973345785836
-0.02876512560193301
0.01485613533337283
0.1806513109568169
0.1347123259623406
-0.02316506808813971
-0.01638219814167351
0.009916973944856267
-0.04488252528155421
-0.0423888158957016
-0.1134500342564334
0.04280834384235153
0.1261589618621254
-0.05173365124236413
-0.038234334097962
0.1476725067669622
-0.2182497923910581
0.1342991783875866
0.007991635652351111
-0.1249336863975029
-0.171297608225981
0.06677576087821482
-0.02130335416325279
-0.01018658966711219
-0.1523591649641899
0.0517857471359717
-0.03547731569687253
0.05424094210503353
-0.02219397920917473
0.09695619113966354
0.0602605028964801
-0.05255060493652546
0.1234342360984638
-0.1052634342197359
-0.09785557876511
0.06215085251281768
0.06917027604315258
0.12404762711898
0.07023613559298791
0.04558092047699985
0.0006167984276941006
0.1565515271070002
-0.06159167635911921
0.2035312246245778
0.02305234494384031
0.03304667793881759
-0.2331111900485307
0.06885322436613225
0.1248155686753687
0.1886921089273941
-0.09558771901833088
-0.04516166487347854
-0.1040834260670768
0.02229662395334293
-0.05048732059358396
-0.02303324674289128
0.2328583556755794
-0.005046478942881086
-0.1462246687892947
0.1022037499919948
-0.05682364225124645
-0.0934573284722304
0.1125099654476286
0.0901758390449514
-0.006212176689003574
0.1250714530540544
0.1391328039752755
-0.01643703459571651
-0.0002892673035390127
-0.08427341534532799
0.1389509670146338
-0.1065306907154127
-0.1097670169369912
-0.0873663748391547
-0.01559574300183991
-0.05467308248686986
-0.1183530662683987
0.0377169938162363
0.1031349974426968
0.003470830810709194
0.03180555531659755
0.07588530290059727
-0.07143146667904228
0.03816527074905279
-0.05927995107532558
-0.09969383274922582
-0.1776790762138238
-0.08872250006506666
0.1469058917697601
0.03866150766421039
-0.07006342795516607
0.006793299008768747
-0.008906776596244684
0.09140177512145342
-0.07764752047733811
0.2261188242739155
0.1055101644910838
0.1004065889566638
-0.02719722844470019
-0.1055106064554183
0.117835972527375
0.05166224234043738
0.09123817738070972
-0.001845775724306943
-0.09026763619399369
0.002402576861871344
-0.02391228802905067
1
-0.05090545723839565
0.03194795072106917
-0.01575394506734784
-0.06627700977602233
0.1164193868692643
0.2517715908572434
0.03444956287244577
0.009874261699214053
-0.03711998091701828
-0.03027518028998018
0.06626611108674536
-0.1572484298316672
-0.1078477368398815
0.1256428397005385
0.1484254554497206
-0.02061976692857884
-0.008976782710299459
0.03589960082607487
-0.122237309145025
-0.1107881490617488
0.01447252712642526
0.04666304443772495
0.05822240263805575
0.0620263541213547
0.1829537235637139
0.126399186975083
0.0004941896402206672
0.1360844632810633
0.101486091930845
-0.09447918330520483
-0.1008215326978379
0.07745698712441416
0.06382447174234421
0.006209656754095913
-0.08624518174635121
0.07413894904020572
0.06254281955914344
-0.07906072571611251
0.02889256204593469
0.02577471999461146
-0.07227301413231489
0.02933822849325947
0.1507846910978467
-0.07566132787496252
-0.002140086263311049
0.02145085438053119
0.1635183800747532
-0.07588839740275086
0.05628721402806118
-0.07700445628047434
0.04368287039795025
-0.04188722307979162
-0.03691331286023415
-0.05126402641823042
-0.01738434961208089
0.1982939671447879
0.02369645215915053
-0.0233988760245398
-0.0666131171801384
0.005990505985790484
0.1775042086678081
-0.01456904654288141
0.1833952570662782
-0.08425280880290842
-0.03978329498074713
-0.03954084527254089
0.08565232534819123
-0.08383647207013557
-0.04999953494517625
0.01518815728111562
0.1681768061810454
-0.1162220910795613
0.161380330568325
-0.02002184824682211
0.06152988189076099
-0.002869496603042729
0.1675574304849918
-0.03106506991266071
0.03916257908050463
0.01716348732799563
-0.1627560354544779
-0.01870450438813163
0.0003243710162181244
0.1166645778188859
0.03347176997642059
0.04534178217088655
0.04323256783120062
-0.0305799578053278
0.08710187212586176
-0.02084177094685113
-0.01785076309222841
-0.02442713478601046
-0.07583585024509229
-0.09016591352056839
-0.177330621309544
-0.007902762998199975
-0.06776309051394906
0.06594723835754401
-0.112891557636815
0.0420256266389267
0.03592309218016115
0.1694766552340808
0.2022540586760962
0.1201027191921452
-0.01716800049415375
-0.1289576459911739
0.04089911761743952
-0.09375692382341244
-0.03239197842791346
0.07071384173162232
-0.0004320850893744111
-0.05247467892056959
-0.1890966735894629
-0.002762553758137744
-0.1282221748769811
-0.02479707352597342
-0.1535308860457398
0.02540756333245107
0.02111319137647537
-0.2122325683773372
-0.02138615487460482
-0.04035027128797848
0.02421126712637797
-0.01051524863856192
0.03404377087381991
-0.04878732990723614
0.06208462827442716
-0.05090545723839565
1
0.02672117075087622
0.07124941782480745
-0.0002650177729775494
0.04871433460266119
-0.08183009484909455
-0.1127679465073044
0.0817789083279559
0.04780024428059666
-0.03062435091641399
0.01612644005001613
-0.04814838693423414
-0.02251472790863759
-0.009234787578410293
0.07468608929458798
-0.00458511120875903
0.1739496736185569
0.1272193108232808
-0.07211699554161492
0.001497555547633166
0.05268562535732438
-0.05344846247634765
0.04238542083285154
0.08830195098141055
0.06982636945454601
0.03125127480236781
0.03164938371845667
0.08545128276140715
0.07400600247868805
0.0055275587974144
0.07209162764493444
-0.1596891719943441
-0.00554291661837435
0.05485366096267358
-0.1307877088770855
-0.07333286924268188
0.05582319486265642
-0.05796796670996706
-0.1656722612142805
0.01673290156003406
0.01783955725258035
-0.05162103986301876
-0.02271767876067569
0.1224873377830464
-0.04766186706598013
0.08031334694558938
-0.001331497169477079
0.09324665396486849
-0.01201054666520553
0.04749721905616761
0.1585107745743641
-0.04268404560900526
-0.1267988517024633
-0.09577680399282638
-0.116792204790048
0.01639608608993922
-0.04477798054490112
0.1445000339631154
0.07166878226537372
0.02181954253549284
-0.151972210174078
0.02545358480694546
0.02195306605842018
0.04451082808588538
-0.07536561653699279
-0.04047591785108988
0.01356372895882806
0.009728652941223373
-0.1043183869950422
0.07785282129067425
-0.109989449720548
0.1194571004059126
-0.01105939481508487
-0.005598067747581535
0.04377247081760352
-0.07795011773202311
-0.08630594081345604
0.03478370258264708
-0.06933743154849727
0.1182640416120971
-0.09460446738996246
-0.003776327609133948
-0.08990508290888968
0.002460021448913864
0.08335135217479753
-0.02793609446647074
0.2039158257402195
0.04330473085461637
-0.02796445208091938
-0.01283977778925408
0.002972973283659554
-0.0113693734228742
0.03161126587300649
-0.1152143139073829
0.004256577567874845
0.02561297470531135
0.03845691593362893
0.03577842932049696
0.08901832281324575
0.04281378454964573
0.04844290307330203
0.06144708675517765
-0.02142778677553529
0.122656805852045
0.08769815040864969
-0.09790586132376233
0.1631588240891151
-0.04828439573631371
-0.03475726895761486
0.00345714902466877
0.1173372750597465
0.09484031321109104
-0.1072157882719877
-0.02554116121598784
0.1533545738968111
0.03452349081332826
-0.1987193633094831
0.0527399193378242
-0.1634554464528427
-0.07348440070522874
-0.02528784024461946
-0.09162155842262679
-0.03434835632214119
0.004700361019637708
-0.1479849525814511
-0.07957311705536912
-0.119794546547182
0.03194795072106917
0.02672117075087622
1
-0.09083102666938232
-0.01328034084730883
-0.06741021745601311
0.03558280923682083
-0.1115423264538084
-0.0645061934129002
0.09898370161895166
0.1790738565427219
-0.2293158118362285
-0.04565883032248814
0.04258613061806481
-0.09481348953626872
0.04683036985433968
-0.009349492004686282
0.06931869113623769
0.1954363769536555
-0.03309173739873016
0.01190571151221863
0.04156974909539224
-0.02873591125602888
0.13352868632791
0.03417415356347181
-0.04152470379375705
-0.004098750370212234
-0.1109991888333662
0.0644160266615465
-0.02048121876185391
0.01476466839237235
-0.00887793262081661
0.2310159692786827
0.03416857730458802
-0.08729311699567516
-0.03465832235292866
0.01981593490019118
0.02286622153686747
-0.07344498186344423
-0.03766185036161167
0.04005280657366853
-0.02590993548577753
-0.01754157372752316
-0.09449164930096846
0.2204573216740206
0.01979173776376103
0.0295311803983859
-0.1093418424156573
0.1041648014639907
-0.07153090647822442
-0.08419992456254786
-0.04110078212849064
-0.1800702086613266
-0.04597544336456585
0.04552828824399647
-0.08588896202330434
-0.1427668363644375
0.04478814373951385
-0.0400365887618762
0.09773243220271907
-0.02730279728386928
0.1454242611013704
0.1360587738173766
-0.06733388841992648
-0.1678185773664492
0.08187064012781267
0.01776932477339419
0.07433152501180788
-0.02353890212434387
0.04221503508095138
0.06809134322575239
0.01892513968749072
0.08783691304520024
0.06984854452270391
-0.1320800143931201
0.04399206675572616
0.03999696120476372
0.01261567583976899
0.1078937722973344
-0.09830789452432645
0.1600991227685986
0.06288364669500998
0.1069680860712681
-0.004623605097139098
-0.01273008479019683
0.1031920167494805
-0.02334312341659265
-0.01273638136559394
-0.04539682599443804
-0.005891645787580441
0.1782886601746176
0.08035989220610634
-0.05801049760655555
0.1368538903284158
0.06176386548737584
-0.09231923701366115
0.02372945400483692
0.0241810133907404
-0.0149292117378754
-0.03881530464567784
0.04387685060969239
-0.03487559787881618
0.002504364163833194
-0.1180577480774747
-0.2644776224966435
-0.01319995816827127
0.06648009385529503
-0.01398062187154819
-0.04289577865839417
-0.1292597858119778
-0.00982359321315486
0.008633553350659897
0.09696992115796042
-0.0130169533776196
-0.1321382611025616
0.04832398937309708
0.008257360647620508
0.01005276908651402
-0.02211817438331426
0.0339598104849381
-0.03111902736348272
0.02713770148223802
-0.007782466613504487
0.05553380265144179
0.193380814313613
-0.05099852861506736
-0.00766681847561613
0.1149784216852604
-0.01575394506734784
0.07124941782480745
-0.09083102666938232
1
-0.06589980215732513
-0.1007249148698078
-0.03016867866667104
0.000826181223448171
-0.1117541334857912
-0.04533114998494441
-0.1213983213015962
0.03334695764069175
0.1727014822278723
0.1227484897320754
-0.0828497752459359
0.03842504645460652
0.247959271407987
-0.0498287721331219
-0.1888985706317073
0.06585082019619125
-0.07873414516441612
-0.029498610549902
-0.04641878757512321
-0.03193375981808151
0.04405420958329331
0.02689371141817484
0.1122119840654323
-0.06484323140903063
-0.02433363209724763
0.09013728433811248
0.06769186141205104
-0.1799876484186717
-0.1546278785114006
-0.07238879724165791
-0.1588081452492756
-0.05971044305971233
0.08924618249688679
0.01090155159539392
-0.1272458781236736
0.09597211114872038
-0.0194998537045326
0.04773439182744545
0.1097952585358874
-0.07846159353495534
0.02614094021237061
0.09092430849056551
0.1794789138570698
0.07915839011225342
0.05125736740237673
0.06519016458302201
-0.03833505234824229
0.01143746115389432
0.06277791637585932
0.04181970196196052
0.09743047477828763
0.1240156493986762
-0.0800054289843516
0.1045261861532307
0.03263064598764399
-0.0459906199844342
-0.03603957802553171
0.02180614262804548
-0.03542143887086108
0.0001414241264473919
-0.01233082460340804
-0.1020707674915405
0.2243916624758831
-0.0515802065508998
0.1767378024930281
0.04022252913984017
0.1376047165527239
0.02857786943462636
0.0007424597474647819
-0.02580943781820521
0.01788749887393327
0.1620351064293756
-0.0766444029710987
-0.1185730639845689
-0.1006702456479302
-0.03734296574620751
-0.00710771382021531
-0.02544507451909428
-0.07102011064778192
-0.03091772947403784
-0.02094312876946751
-0.193030927962785
-0.04394899752218163
0.0341114924709111
0.01462332347003593
0.05756860044685389
0.01114137886429275
0.003643612921420462
-0.03420654516681794
-0.06056465297276755
0.01376710405079263
-0.1678030030011359
-0.1069858230113159
-0.09686721219470523
-0.01019871561896966
0.1147181760307449
-0.03536978845026194
0.1174885351897817
-0.0925935532339727
-0.001055696016158117
0.02504383901454285
-0.0605353980242431
-0.09331369298718456
-0.2417333327014584
-0.04313059242869141
0.009327353050799691
0.08758253089930408
0.09590917698787346
0.05610706315734318
0.0493127527674969
0.04949893985013594
0.03103491180232126
-0.1710612504682207
-0.01545744655880473
-0.06136031376873616
0.06327109265983842
0.09536496960186654
0.1583978597452793
0.125138554798418
0.01380700436856935
-0.03208867828888321
0.1650148166959871
0.0847564506501922
-0.1513525671708858
-0.06627700977602233
-0.0002650177729775494
-0.01328034084730883
-0.06589980215732513
1
-0.01040219652499097
0.05864695543265974
0.0717962179757605
-0.008955427547158789
-0.1092085881713252
-0.1031865069797825
-0.1009694218405375
-0.1244522332303431
0.04463083654590461
-0.02762245584838315
0.1113851640481711
0.07016051427392032
-0.04737689531085797
-0.001453631778246756
0.1324222548930231
0.1222508547142343
0.188388325036472
0.06286351110936973
0.06024691637823948
-0.0270407949945849
0.09625463228129492
-0.06176307002947078
-0.05164187790370596
0.131862666001594
-0.1505891461425614
0.03823448211564923
-0.06574184877214966
-0.02997745299546321
-0.007318788673370758
-0.08527476060922605
-0.05676815248646869
0.1112828892637678
0.005389397164508097
-0.02221352332274361
0.1257719397544918
0.06471884258282484
-0.05656294030623138
0.03723892026510213
0.1592300655865964
-0.03650391438654519
-0.1587761087948159
0.09018449232202301
0.1126937440121894
0.03321934819675348
-0.09621133341527247
-0.05041312628168011
0.1016975197681138
0.1070136410583375
-0.1477286128466892
-0.02338722852555347
-0.01443678556871587
-0.06745852045326997
0.2759946411590436
-0.09285549958206284
-0.06741507515193054
0.0450844937948918
0.07251360796398637
-0.03905309002704451
0.04852451336246686
0.05589477892437771
-0.09881969874002461
0.1586340691207356
0.0276710907650239
0.04494283439526181
-0.1104555376724989
0.02405156710694336
-0.03433015240866775
-0.02446107513966184
0.1953724325027815
-0.07336756072882006
-0.01913654393299564
-0.2269543005129928
0.05748738576192387
-0.007407896346166634
-0.01707709235385261
-0.1128689422719097
-0.1347778393663235
0.007866639190027024
0.02418890870960418
0.01849100477489225
0.09828072925603698
-0.04266539324089327
-0.1226952000700294
-0.004451252443579162
-0.09262257861996964
0.006894841987995559
0.08332192713064768
-0.008956138350356573
0.0181968425249198
-0.1067961327577623
-0.08934011512536955
0.1231229394431998
-0.1361723407608154
-0.06654190262616771
0.02296281817639735
-0.01861841772942094
0.149488364017565
-0.1194886169437026
0.09473896377435627
0.04184442481801744
-0.04531672899313928
0.01662294763360173
0.01251184999363099
-0.1203297536725322
0.08957951694102605
-0.2917600886401943
-0.00196511094515236
-0.1224681540245963
-0.001868979161943017
-0.1088982568960072
-0.06639299856645837
-0.007349815585950051
0.09533687470739724
-0.1751309450424262
0.06010713008823421
-0.1183917139989497
-0.09856201513579201
0.02609865060098219
-0.03252182282900257
-0.06330053569808294
-0.04846950280451414
0.1314964091740596
-0.06004056365882365
0.1164193868692643
0.04871433460266119
-0.06741021745601311
-0.1007249148698078
-0.01040219652499097
1
0.04632399692664578
0.07283497654972146
0.09549110364159544
-0.05549514869807423
-0.111980390597795
0.1515721319143177
-0.1650642905893741
0.04126574412200087
-0.003476754382593292
0.07240570044959194
-0.1137179403801589
-0.1399483980148692
0.06286727719378614
-0.04400720359573715
-0.02182065105582921
0.1211832336641188
-0.06005850140611188
0.06727186648475419
0.1318471253111283
0.0173543463254066
0.06174177792865908
0.08906763963484626
0.1443499151888368
-0.0970355844769403
-0.1091753188534286
-0.04263612062967981
0.01551940013206186
-0.1310035233378947
0.03258229077940268
-0.09118550762472086
-0.1008380982176711
-0.04326992202301517
0.0008291637954520731
0.03174988397963884
-0.1037356846526266
-0.2063364973620619
0.04991579833001022
0.02511637008843183
-0.06255618256750128
-0.1331805930449144
0.165275072354254
0.0221652255232081
0.0803005957738122
-0.008124832441677964
0.1364592486032803
0.0911517729042428
0.1035480769310574
-0.01868717749617984
0.03441332738465996
-0.1234113200290511
-0.01944914520475256
-0.05354469115578828
0.001343319471551334
0.02547332237037459
0.08621032609900225
-0.03199946919974937
0.1382359192353593
-0.1435936554872454
0.1314392124989759
-0.05324023242579166
0.02342651824883169
-0.1114174611301822
0.07582980064997231
0.02929434243415678
0.01959870963563352
-0.0531175505043768
0.112444834271881
-0.006373149285517951
0.1129886559269201
-0.05530112430231126
0.07932993463684812
-0.02258012401619745
-0.07570998741896195
-0.1777202404529214
-0.08717321919327631
-0.001222442699345341
-0.06888609094438197
0.1997734277734543
-0.1415043670886338
-0.005055149452251039
-0.1099469778844588
-0.1745694323352365
0.0584107767134824
-0.02189020168538763
-0.01302650900327706
0.1040611157398076
-0.08401278881805978
-0.007358301536997443
-0.1930458300010594
0.02542480491658457
-0.1770016111776198
0.02975499402663841
-0.02485232924396258
0.02584758504474384
-0.03857291573877856
-0.06276537192390945
0.07210046059784965
-0.0843550414361927
-0.05501935319184302
0.09729197846943227
-0.1363360960362015
-0.09939638642565675
0.1475487879870862
0.1304520350036031
0.1374677070925389
0.04720856115009556
0.02560303889284053
-0.09673397585733633
-0.07099182716747932
0.02898186339243808
0.1171869252621139
0.1131965782582854
0.09661761811306048
-0.02260699217655114
-0.1697359116818446
0.1095071121515962
0.1267883327634476
0.008096899331341546
-0.1007739819545307
0.05335833017056858
-0.01396353042415322
0.009923169297180602
0.2517715908572434
-0.08183009484909455
0.03558280923682083
-0.03016867866667104
0.05864695543265974
0.04632399692664578
1
-0.06850939235806959
-0.006775603949654192
0.1305160516665705
-0.05153756028615168
0.06207757267326875
-0.1462122004765362
-0.02998982701728773
-0.02203119918083853
-0.0007178032069407375
0.1173309463234495
-0.05415461855549324
0.115958482962617
-0.1046629495548242
-0.1191721740360505
0.009929394620170843
0.06134909736554583
0.05738467892154604
-0.2699210591203685
-0.1076667997976135
-0.07869607205974284
-0.02341575475894552
-0.03618659585062127
-0.02409364370362334
0.0640715642384623
-0.008738295840025403
-0.09958466909438231
-0.03543001905475242
-0.04533596489676034
-0.03418284984001736
0.2066927370879205
0.03831474877433471
-0.06864564681824689
-0.02117038277816883
-0.1507547055191129
-0.05706722737960926
0.2430484076224737
0.04864214858715398
0.02626991527051274
0.07081482414817306
-0.05565431375315013
0.03860837821491588
0.05729325644885157
-0.117712839413757
-0.03751570274756343
0.0685315671353126
-0.002911072742826095
-0.01988174474265186
0.08735956769165963
0.1888567292032527
-0.08814928257574291
-0.02281904275623698
-0.03248200020209557
-0.01986158993208255
0.1012783489032016
-0.05511500653261533
-0.06793651319368986
-0.1820335569415804
0.1106300344530397
0.1130858328131328
0.1799459400353368
0.04226961113032319
-0.04701658534570461
-0.04219081300709709
0.1101123198916982
0.1595374069304707
-0.06373957268095548
-0.06179767863705284
0.03320943960905823
-0.01895661589009076
-0.09785801834905565
0.03062262991617952
0.05922983907519268
0.06401146261337717
-0.005122241499377091
0.175035160743068
0.02058959102989498
-0.1420645581314581
0.04977665078298134
-0.04041757098837396
0.1006617202127643
0.1380539585484301
-0.01967310709210763
-0.1137485424407994
0.06224020632911608
0.07497171874976628
-0.01579734297910049
0.06685184346234792
0.0506057569544973
-0.1077137422894167
0.01395507997956143
-0.07171900217711212
-0.002323804196780472
-0.04901492071433657
0.045624969940798
0.1382333344306281
0.08239260664183835
-0.09503432425259634
0.1100381186965489
-0.09341702389236287
0.02593620738962702
-0.1233094594495862
-0.08003743823722975
0.01802896475799231
-0.02552482129193281
0.07008263878834099
0.07456333984034853
0.05346336579595286
-0.02707600478315741
0.0588055290466226
-0.02461538709766526
-0.02373225182868798
-0.07323429341952178
0.1086060047416566
0.09020626637956171
0.2499817165896442
0.07657073435586499
-0.05263895431340382
0.02642021797092437
0.01800898969234574
0.02100146554785457
0.02097572618012456
0.03444956287244577
-0.1127679465073044
-0.1115423264538084
0.000826181223448171
0.0717962179757605
0.07283497654972146
-0.06850939235806959
1
0.03583015208728618
0.02782793153628036
0.03744891324889527
0.000303385167049728
-0.169272803553173
-0.1379561493968561
-0.001442056500709422
0.02334323764465845
-0.08586840597189613
-0.03446785173845675
-0.09213856865657899
0.03923478988256789
0.05239348663615918
-0.004930619622152042
0.04501841306689616
0.007405973293225102
0.08705432670311024
-0.0609454450220987
-0.004420216090157504
-0.08670746723989417
0.009476490841893665
0.07890923759482604
-0.04607377743874043
0.08167458827401852
0.03699323452256633
-0.04184536881912835
0.02604164655863436
-0.01502613338564326
0.1301325104023476
0.01933151341496773
-0.04030518857491707
0.1190213339847033
0.02058523276900714
0.1424895053656372
0.1539951517796227
0.1579996451492159
-0.0513073399022031
0.01835331037432451
-0.0008316609862735339
0.05357417267461206
0.1412158232376023
0.1521915836815093
0.08104556244605847
-0.1722315996982332
0.1312611540150905
0.005431509174293615
0.06994956193338001
-0.03412246339525521
0.02175844757548618
0.06892068771332399
0.03871277169733026
-0.05121168140111282
-0.04025241591526228
-0.1088391522731099
-0.06433418961405438
-0.01333068698025965
-0.0499821393289303
-0.03474376309697159
-0.03248740440483085
-0.06089091278130833
-0.003730069012856664
-0.3109013683308827
0.1250205518733808
-0.0600697180056428
-0.1446060314439507
-0.04468125585586867
-0.0788835301723603
-0.008932668435892657
-0.07884523502342175
0.02491807959288473
-0.1152814564125402
0.06615842003537893
-0.09926133819783137
-0.07086059335605885
-0.0323960639883253
0.1288912330105083
0.134025813795519
0.1397126161600209
0.1198194086620553
0.00417246783378334
0.1693757040337129
-0.1001261928936195
-0.113530206561352
-0.01632678866939467
0.05300226899446441
-0.1367714915438047
0.01747190352873243
0.05647152256223748
-0.1117108251716206
0.05328522276098997
-0.2129527554922367
0.01926462504010206
-0.1330522144465783
-0.06082783299782605
0.05681676784549342
-0.08897551503447214
-0.1271653861321481
0.1518953907706183
0.05005346302087076
-0.07011114806778074
0.006601798399365068
0.1441690950639618
-0.08507773562162048
-0.08940466267747296
0.03092482784273072
0.022624801336879
0.1114446740197597
0.02304854812458377
0.01421065402508106
0.1148224326275618
-0.1413329570741247
-0.07165589504083342
0.1205805868074337
0.07921022314930211
-0.02465126836652016
0.003341313253688933
-0.02190359633671979
0.03883766472230028
-0.02190009223834562
0.1737296755861837
0.009874261699214053
0.0817789083279559
-0.0645061934129002
-0.1117541334857912
-0.008955427547158789
0.09549110364159544
-0.006775603949654192
0.03583015208728618
1
0.01538670369550721
-5.779731686116757e-05
0.002451917231605587
-0.05657462093268956
0.1011747494025889
-0.1374000788638311
-0.02599824586559906
-0.0154003134555422
-0.005122244565396693
0.07898696426554555
-0.1273717816230313
0.1255483198603408
-0.001850583035925918
0.07269293331960641
-0.06108119128598249
0.02559477598557721
0.01303560862942768
0.3195952375953455
-0.04932831850053485
0.0320303217085212
0.05316474869698272
0.02694776395922527
-0.1060963298465217
0.131893542474859
0.07095189439291637
0.07838051513663612
-0.03864342623072925
-0.03186093322648288
-0.1157958557898197
0.02611423032464735
-0.07160796033803496
0.02313645851810087
-0.0565255411563415
-0.1044002799146296
-0.05614565394545105
-0.05527682714289174
-0.1509536116667868
0.2069831526775091
-0.04089515924274105
-0.07208903839186775
0.06531308670964013
-0.05261894214388538
-0.02531813377162895
0.1316656695100871
-0.07485837389584184
-0.05401375346413914
-0.03663033986322341
0.03818192019370252
-0.08938900677759172
-0.1181629486034089
-0.02951542783403752
-0.06484872508230664
-0.03667687064853397
-0.08914177543689578
0.003661481640419474
0.06092219112253499
0.07772469874782248
0.04839331801825316
0.2363689278355029
-0.01524554090194907
-0.2043422659732282
0.05232984211126573
0.03153160227008536
0.005100846715985425
-0.0978473641552491
0.1538696521405766
0.0553682417630386
0.05874290071900088
-0.124273800655072
0.06060380677240031
0.09569096213935463
0.04861253719780692
0.04548672982302292
-0.2165433598053856
-0.04795382110115533
-0.03838061309624429
-0.03882308490121136
-0.1757250582744687
-0.138554976965869
0.075930563024947
0.08301153886861368
-0.0004696570567690253
0.09564591585238366
0.008856006710368526
-0.127766187675881
-0.01767432348359454
0.04655482401871165
0.0293327541999948
0.07855610169547687
-0.1592205804574284
0.1268624558398279
0.08401725237082534
-0.01910866581169762
-0.01844626329512968
0.1187946081621511
-0.02290687709720431
-0.06476705971808971
-0.01176044455814753
-0.03416026744544873
0.005544861588079123
0.2179915345348576
-0.02244117307548124
0.02726097701252633
0.08594937843564265
0.001373937381229377
-0.1675151310027896
0.1002493265754557
0.1636573234673196
-0.05666201560598218
0.1117572631221094
0.07330007721369658
0.0796753968968586
0.006746730753388199
0.04095494687898446
-0.2094573753282372
-0.09500350498722018
-0.03396819755409351
-0.05477910562559956
0.05244652495522785
-0.03711998091701828
0.04780024428059666
0.09898370161895166
-0.04533114998494441
-0.1092085881713252
-0.05549514869807423
0.1305160516665705
0.02782793153628036
0.01538670369550721
1
0.1956002321428257
-0.03088884601084651
-0.02729926514724806
-0.1571340926827371
-0.1652440506131339
0.1317064016784975
0.1569124369284585
0.07310717213993924
0.2265710181212016
-0.1513428264033507
-0.04006457677540824
0.06588695564573041
0.01690137440948659
-0.1709734900815187
0.05658330527331908
0.02499383497598967
0.05584568991995909
0.158273731256338
-0.06913241210691852
0.07320384404831422
0.01646530557725225
0.03645062942046007
0.01515692390573247
0.01430466928994395
0.1314451205530779
0.08988636793825788
-0.1855487225542186
0.01157266344053313
0.05537931287185222
-0.2862050949023812
0.003220637620215572
0.01752760594983334
0.05592237627975361
-0.06052198810721347
-0.03498278609350285
-0.1729781463492059
-0.1862580209526987
0.003550451523759171
-0.09132371705547865
0.09121852769803841
0.02044523991049693
0.04924688892936586
-0.004546303949683913
-0.005524682558611306
-0.04332140176244099
-0.06228350835242528
0.02533779540268019
-0.08244933179805798
-0.0288932856887989
0.03660117602194222
-0.03600177349106548
0.00657637274881413
-0.06699982640766314
0.1270796847921381
0.100572910829732
-0.002575490263445106
-0.1484433214684482
0.1607553196712249
0.03440362867009897
-0.04108118127495664
0.02787337798638529
0.03211719316598943
-0.05911887527744356
-0.03553659573026834
-0.0489028975260999
0.004948245674818871
-0.08047765144692778
-0.1078629005441934
0.09451418888570665
-0.01201246244130552
0.1976119615160762
-0.0702376515245445
-0.2109917138004037
-0.04912965190899891
-0.01650933741970138
-0.1060644820164621
0.01750648745802958
0.1946617116316042
0.01520465256761098
-0.007950973861642979
-0.01709033050189173
0.02098391642276743
-0.04341835805199985
-0.08486032007427469
-0.06354604267324854
0.08891595835840765
0.02080437458979777
0.01771582873250667
-0.02934890527677524
-0.06378254278066442
-0.0001262153848252991
0.1803987209427464
0.1618034101826012
0.0182042376270755
0.01650862539897969
-0.04638113785623361
0.1202375019225534
0.05626639931540264
-0.0825663404373428
-0.08990789372682893
0.05430127828088524
-0.01187543458680726
0.06458975472310456
-0.1005378846587926
-0.005875074596490077
0.1304791725048363
-0.02242873003707041
-0.1106100279172893
-0.05612045397369727
-0.1392984518138711
0.06256443848063678
0.02375750105273397
-0.09510801115966715
-0.1907471760113331
-0.002543194670039557
0.06274144779131378
-0.1022512563621769
-0.01988758824665377
-0.03027518028998018
-0.03062435091641399
0.1790738565427219
-0.1213983213015962
-0.1031865069797825
-0.111980390597795
-0.05153756028615168
0.03744891324889527
-5.779731686116757e-05
0.1956002321428257
1
-0.1078963114299228
-0.05741331327182574
-0.1226083591015879
0.07554291636197458
0.003742634032869563
0.1420541217978626
-0.07284263120366377
0.1544272163653032
0.0417449819837275
-0.04998524944586086
-0.04560475678561166
0.1016148333850465
0.01857700421742651
0.1149695975285189
-0.01564488921750213
-0.1638807054472728
-0.09265343556949233
0.0009221911866822158
-0.2066632079669278
-0.05341569999558681
-0.0720212972514917
0.04687696232158641
0.01337948373364189
-0.06318955249853647
0.05742401205485463
0.1521939596928397
-0.0731577028680868
0.06276530535516284
0.08925953602506416
0.03404402403170342
-0.04666721806501838
-0.05689714203169109
0.03740165123049338
0.06646450847534557
-0.1034179142857911
-0.04632793707453309
0.09095136079525533
-0.1331188170416383
-0.01757355222998552
-0.07800807316123132
0.07632005806661352
-0.10313684842191
0.03834006266265901
0.1389653232191476
-0.01972369129428123
-0.03028209301190518
-0.003265977644555644
-0.06885148799132758
-0.03030316920837528
-0.03277589558670319
-0.01078553539807529
0.1687246584007222
-0.05456159983053983
0.04897631159055124
0.09400247012742703
0.07474842028415662
0.1142569287371432
-0.01408891834179414
-0.1364321370500694
-0.1208148342100277
0.122045502546038
-0.05435394180857692
-0.1130543242042241
0.08876362258283238
0.02652016797310576
0.05324865530462156
-0.004360930276541517
-0.0225725445564795
-0.135268249041141
-0.1007561235635307
0.09914625608450083
-0.165037110134488
0.08412212404236709
0.1482913024886941
0.08507914483799559
-0.01792268776289218
-0.0580679162513807
-0.01117269040915385
0.0127309837710945
0.1013845591771846
-0.07868541755564806
0.06109525829410054
-0.1400598832939624
-0.1080316232907178
-0.0229272266868072
-0.1185916422158873
-0.07258864463834826
0.1414180389325692
-0.02011322476497037
0.1227978576692083
-0.1205767366516249
0.1582306205238826
0.001542899048467784
-0.01939603104350894
0.1153307110074058
0.03433038623242433
0.07652442307395962
-0.08928397688024092
-0.08194948692038938
-0.0507787692200884
0.0210019458115731
-0.2302452225695971
-0.1013610692999029
-0.07288305852048463
-0.1417225130533757
0.1662578527121766
0.05933041205483777
0.144650019651979
0.137934674844175
-0.07353899210283109
-0.08600082492511618
-0.07268545076709848
0.0253460283709785
-0.0467005007384831
-0.06084714057367817
-0.04603982475006196
0.2895911326839495
0.06626611108674536
0.01612644005001613
-0.2293158118362285
0.03334695764069175
-0.1009694218405375
0.1515721319143177
0.06207757267326875
0.000303385167049728
0.002451917231605587
-0.03088884601084651
-0.1078963114299228
1
0.02582088915469494
-0.07796663908816015
0.1189998866870852
-0.1832861764771764
-0.07947625435720178
0.0394282343737445
0.04477288174188705
0.1283217128325968
0.05832079984218368
-0.08373929504090451
-0.03273130579900687
-0.08490137998296576
0.03105065289892884
-0.1291485929743205
-0.1821588292177641
-0.08525145114370911
-0.03628489140026706
0.06580297579145188
0.006231002066175589
0.1783005033909345
-0.08706321037145523
-0.0691391320828431
0.00249532166082882
0.04000027260273384
-0.01177829520518337
-0.1107866447528524
0.1846809971415981
0.1078698879322066
-0.09834147542168663
-0.02818918615987748
-0.1317542249998493
0.1691409173132842
0.07558733223066151
0.02321791773254387
0.01552264215687463
-0.04125709063174775
0.06639465956359908
-0.005413883013883906
-0.005026696261426586
-0.1331118745400894
-0.1404354361652958
0.1658846120311399
-0.02218158022274452
0.03408696558281811
-0.09141007588596836
-0.05828959837089219
0.01822151721528101
0.09047735231708837
0.08949678894281264
-0.0379032539164634
-0.02718392320278087
-0.08152227707428998
-0.1090892325187796
0.1407461781681164
-0.05433526016411146
-0.07094127605236297
-0.04707879426847322
0.03809644143102126
-0.1719691407357544
-0.01396990558633846
0.01774454485984937
-0.01313998532191562
0.001706327140982664
-0.01244022283173049
-0.06151386838705274
-0.15507528856418
0.002835841930375892
0.01224622318307286
0.04643469780633416
0.0903581900437396
0.07459967776855581
-0.02674753720388932
0.0869770021133727
-0.01123468153009937
-0.07434305378138742
0.04766166316509152
-0.01415154235862871
-0.1596682196709167
0.1943465411617375
-0.05504600716324395
-0.01152034063624911
0.1341516387185162
-0.05556664031235015
-0.02433867804205834
0.08509726690630076
0.1767122093559413
-0.06900451178965752
0.08600062752002222
-0.06892506562998527
-0.1118997329454371
-0.06163303141671843
0.1249773339365351
-0.1006205113381042
-0.2051711237004196
0.0614154532975576
0.08633876360387045
0.1472515386014491
-0.101491704320685
0.06698909748183082
-0.04246156800335027
0.1572250041519852
-0.00621415801363528
0.09865046737787811
-0.05702276412171217
-0.01438624631504895
0.05047026392771476
0.05585917911019117
0.08326767732277203
-0.01413409726888923
-0.07495985060963332
-0.1174964093979739
0.02277480773158806
0.001710210668642506
0.0194367061273519
-0.04436294115422078
0.113595075086715
-0.1572484298316672
-0.04814838693423414
-0.04565883032248814
0.1727014822278723
-0.1244522332303431
-0.1650642905893741
-0.1462122004765362
-0.169272803553173
-0.05657462093268956
-0.02729926514724806
-0.05741331327182574
0.02582088915469494
1
-0.07825561203943256
0.1197090945686245
-0.03703092368323006
-0.01503746753536694
0.02309873107112581
0.02067436062922914
0.01410474388287491
-0.04498674042547536
-0.02579793839395891
-0.01854283110802863
0.1569287742527317
-0.04631578864976726
-0.1562927787803816
-0.09843932347069499
0.06653345611214154
-0.07865073645553976
0.05101160924924478
0.07254294474722452
-0.08846676386500155
0.08179310986493815
-0.1070172964503297
0.02081111761558952
-0.05953904332481514
-0.03261892202490881
-0.02518092855160918
0.02443271790935545
0.1246172224457744
0.02176180530717931
-0.1079787874110836
-0.09505203549403358
-0.06306398681936806
0.07556979629049648
0.003722512267506976
0.04854467694858756
-0.05021108826546608
0.1079034240528715
0.03685871261130991
-0.003618838879746939
0.05186755197031462
-0.06524271035469785
-0.09929094103313657
0.0818407226472047
-0.174310173868414
0.08228542197328864
0.03776846230651291
-0.0291169084453518
0.07592907451404723
0.01981818772199765
0.08145872543004662
0.09877312992036437
-0.1357110459556462
-0.08353559789262803
-0.1170332834419828
0.02946287300537826
-0.03929776335049603
-0.01725419848872192
-0.04779478875256113
0.0008650024279180874
-0.08648444953390561
0.08323437131340702
-0.04729962342700317
-0.103407526855481
-0.07756418023281612
-0.04640426347700752
-0.0113549758568346
-0.07057011543678705
0.09528438291482157
0.08746200282580498
0.07525436682631625
-0.110849062383397
-0.1178093859892641
-0.01299739847615565
-0.03496054637922948
-0.1882475822607892
-0.03431294450611064
-0.009722430236492732
-0.05778448793618153
0.1273404796714958
0.05607963574678666
-0.03607137905549905
-0.01562520091751978
-0.01613897340031295
-0.03012799005548647
0.1598776777419235
0.01344298313029503
0.05207349492094462
-0.05743741736102707
-0.0577208003760568
-0.1460791997688656
-0.1435556374633454
-0.08643742641874216
0.06833101529645881
0.1113333144999625
-0.1203729282428983
0.05894123563024525
0.1085322167241889
0.02532126071456917
0.06585935475759305
-0.06098394628750944
-0.03153741383498773
0.100869228205995
0.1222453182746111
0.003012256413016877
-0.06221623516831213
0.04463684631402707
-0.02112574476319596
0.08219176251963878
-0.1866013840656753
-0.1195221301685338
0.09203422656894147
0.1170472364162266
-0.03688890515754467
-0.04799797976877244
-0.01967773238607624
-0.01398775630155421
-0.1078477368398815
-0.02251472790863759
0.04258613061806481
0.1227484897320754
0.04463083654590461
0.04126574412200087
-0.02998982701728773
-0.1379561493968561
0.1011747494025889
-0.1571340926827371
-0.1226083591015879
-0.07796663908816015
-0.07825561203943256
1
-0.1946446813392275
-0.06194674103029368
0.05033252383423771
-0.00333533693055283
0.05885237494068796
0.02090413337584953
-0.01007433618998466
0.01317007109952387
0.005089853989949355
-0.06636029923707934
0.0543473150559262
0.01383971963995681
-0.05408706262955101
0.04495520213072345
0.03459330527723775
-0.02448714237925314
0.04294220838122299
0.05847898158879099
-0.02335744724427578
-0.0231247958708919
-0.1128377744476931
0.1016030560043354
0.0135618899977948
-0.03279656706449437
0.01960395308351557
-0.04939824284749972
-0.04730243120531692
0.1049899204271457
-0.03950879901965309
0.06269587062649576
-0.02980124332686608
0.005489377592177321
0.01651108620217605
0.006940205886502579
0.03986529349947067
-0.1199980146643882
-0.08410870227689857
0.04112122434076165
-0.007868731852361734
0.007379270602173195
-0.1476604007871826
0.1089568587950837
-0.1391573289325096
0.01112440563635297
0.1446175919849214
0.008207418511966788
-0.04300659088567859
0.03048555624295369
0.01224818770338247
0.127563925797789
-0.1092124858348029
-0.001873852663817723
0.03052166959202166
0.01868892850016078
-0.05638936582060859
0.07070057275939613
0.03147706048697187
0.03559793261455509
-0.04143289750450813
-0.08523612857281844
0.01812197333746159
-0.1052581107389742
0.08605344773266398
-0.02573160860047305
0.1215944534876079
-0.1473072825864402
-0.2195114553856826
-0.02619859391111739
0.2803909109019827
-0.05939293808158294
0.01714518873384933
-0.06346094679440557
0.1715884179828497
0.0227820513079295
-0.05716964851499354
-0.04789008723621582
0.04036161689636753
-0.00756494417552419
-0.1072400230891076
-0.02793179792319466
0.03854630997674789
-0.06481639795584265
0.05996841778115245
-0.2054316208074708
0.06439553177054566
-0.05167800485782133
0.04584854019808032
-0.07066046246797003
0.07973223387467827
0.09767209541285632
0.1123209671164694
0.07447218114199035
0.1628499348318161
-0.09999051552354671
0.05369175334536475
-0.03121119251241869
0.02215974816286943
0.0682589400488072
0.07738966754411009
-0.1359380628351508
-0.04970266012933885
0.04830659415212617
-0.0665622081796467
-0.01872311964270268
0.1398944548056444
0.0001780383847280968
0.07775063087866139
0.166574409964444
-0.1194957627087816
0.008868914176890175
-0.08677187359581845
0.05929356978404816
0.04205525249924214
-0.07288817238877515
0.1256428397005385
-0.009234787578410293
-0.09481348953626872
-0.0828497752459359
-0.02762245584838315
-0.003476754382593292
-0.02203119918083853
-0.001442056500709422
-0.1374000788638311
-0.1652440506131339
0.07554291636197458
0.1189998866870852
0.1197090945686245
-0.1946446813392275
1
-0.0163757860007438
-0.02706674282950788
-0.01600708597727756
-0.06381126681397195
-0.1016083380511434
-0.1248294854742801
-0.01791369585798016
-0.07561671926939817
-0.0321715378084893
0.04436937613702944
-0.003726008492643925
-0.102002053818129
-0.1239257707906748
0.2023531143835383
-0.05663092203490963
0.1003526421801172
-0.1472598391070173
0.1616710372777013
-0.02171380420932228
0.06964533808870431
0.03183005168677707
0.06423591365593695
-0.06483686465110863
-0.05830784427513607
-0.0005552699505394706
0.009005656526881421
0.09594603676182234
0.1382409550091062
-0.04077814572906145
-0.136652410364477
-0.02417289456616244
0.2277692675360196
0.01527284798520295
-0.007324293528811712
-0.07721697026712136
-0.01639207784698931
-0.05116921358125819
0.0566679156937815
0.05040566816779369
-0.02176276751879156
0.07532904921407324
-0.06733766201299546
0.04648049899987988
0.04880327801605971
-0.1911984843139727
-0.06935414680776969
-0.03037784996836075
0.01725831836769306
0.07554094258176
-0.03758579374454922
-0.08730995744740071
-0.09478047685802204
-0.0554765714631771
0.06359280041155821
0.0005770501720753086
0.1698715330076871
-0.05339795617566356
0.05271413484943598
0.0558201448120975
-0.03146400830688062
-0.06494513907462798
-0.06831576209202005
0.06195835295551717
0.03830159864321914
-0.04357364905054958
0.1897488325098522
-0.007643507648401451
0.02970769532177073
-0.0483065751350911
0.1161820702433042
-0.01846679748620722
-0.0578177745483548
-0.02032241211442375
0.03964142048966904
-0.08120484171087783
-0.1383982484610219
-0.08252277177923119
0.08536729481372017
0.04082470134784029
-0.05110891632275766
0.1074814122581902
0.02350401748995416
-0.06903767235473282
-0.1311188909667632
0.1857204181400804
0.001524283979615392
-0.0105099831211034
0.01321583321226883
-0.02963799591054337
-0.03090576809549016
-0.002872546320557287
-0.01270264891882679
-0.03196583284503033
-0.0006728101406378512
0.1341288611940103
-0.01857813183976969
0.0336124330135581
0.1573888573717654
0.2133905524612006
-0.008106360048976628
-0.1257141240080794
0.008122544439440094
0.09676421224449408
0.07549740774391007
0.1088758677869233
-0.124865833670547
-0.04148888486163095
0.01963797287261457
0.01992870161636323
-0.04253503381134217
0.02155297584702507
-0.004355391485928728
-0.1413267074361511
0.1484254554497206
0.07468608929458798
0.04683036985433968
0.03842504645460652
0.1113851640481711
0.07240570044959194
-0.0007178032069407375
0.02334323764465845
-0.02599824586559906
0.1317064016784975
0.003742634032869563
-0.1832861764771764
-0.03703092368323006
-0.06194674103029368
-0.0163757860007438
1
-0.007599711564129944
0.1285094498653221
0.04256104720173938
-0.08269101918405732
0.1430312348232473
0.04862964873220774
-0.08039325166401669
0.02750909085678478
0.05516754487213464
-0.1503138733174483
0.06064977122696997
-0.1111923387109735
0.004360642061718711
0.07529395826599769
0.09747075232380042
-0.05737380295352551
0.01254209626532515
-0.06148365612934744
0.1257262754033265
0.04656411126024097
0.04317799549661637
0.03508477946234523
0.08035204960895692
-0.1185051522585498
-0.07768233246625567
0.1286648060757566
0.07111052706673303
-0.09055810460992722
-0.01444619330805208
-0.0009292804481484777
-0.07360610888915955
-0.04254322780577904
0.04667615248081948
0.103495252476241
-0.03677338754933948
-0.1167633569391334
0.02461479850861326
0.02873043202812687
0.125733925785371
0.0604528329877065
-0.1677511442578879
-0.1326530811207926
-0.1085284839904482
0.0005709319357713807
-0.1701418209523201
0.1321085306986582
0.054481090065524
-0.1233578210323903
0.01979902238115489
-0.05434561781738
-0.03419185076553266
0.08252782522461255
-0.04094422137267915
0.036755104766088
-0.0121351061202263
-0.02103595385353306
0.0489051353198436
0.008989683862433255
0.03254387390614299
-0.03329506980186671
-0.02842063645491416
-0.1708277175403163
0.1185080841841657
0.003055840577292607
0.2065705762670426
-0.08245631330679365
-0.2678174360020008
0.07654279421690183
-0.0773644597308597
0.06156081618000409
-0.01010597084360696
-0.007216908150861418
0.05685898254294362
0.1115474911310394
0.02307145263604654
-0.02655328550150436
-0.07026619731457243
-0.005975047761208989
-0.03232431125216392
-0.09774925856179752
-0.1254403604915742
0.03145716998557282
0.1248825155542169
0.02116447471149856
0.173587024197859
-0.06192031079736813
-0.1567562291547254
-0.08681108018614098
-0.07860494999733195
0.07807973503484542
0.08901205088212512
0.05906113125107172
-0.04370253721693266
-0.08482365570212359
-0.02986495795394472
0.03588700704899851
0.1124774322811696
-0.02359330876859549
0.02244050509918406
0.02786259464174183
0.06671491212386467
0.08352483257442475
-0.02601510833591575
-0.0810004999343254
0.01896460220971992
0.04587031723605561
0.1277944743832847
-0.00944475885601833
0.04312244880387341
-0.1271768178119121
0.04860951162658025
-0.04961081807165647
-0.02061976692857884
-0.00458511120875903
-0.009349492004686282
0.247959271407987
0.07016051427392032
-0.1137179403801589
0.1173309463234495
-0.08586840597189613
-0.0154003134555422
0.1569124369284585
0.1420541217978626
-0.07947625435720178
-0.01503746753536694
0.05033252383423771
-0.02706674282950788
-0.007599711564129944
1
-0.05621096881342713
-0.09207195459319398
0.09914524961697914
-0.07872227755727582
-0.1176582943289298
-0.03046877878244254
0.00743073337043975
0.01783991242518932
-0.03975975640975558
0.1071388401352925
-0.04260071362741892
-0.07200064560137562
0.103431719195642
-0.09601311476833965
-0.04982643163283119
-0.06504422641086371
-0.07450655228878933
0.1193965822685091
-0.002284880846500114
0.02624329290998555
-0.03374734304810082
0.001697677441485093
-0.006563499447798292
0.09072712898987273
0.03062721277385665
0.03686370610360122
-0.007296578702885437
-0.03214204571508483
-0.02991715509339091
0.0585483846051705
0.07038478009624535
-0.06006267034627088
-0.1032134534161746
-0.02788060173628691
-0.0148295236730795
-0.0227440844325776
0.002580294309723209
0.0403697732489724
-0.09950522644469467
0.02229073057064907
-0.07782054243105926
0.08807202521331028
-0.07217385495361453
-0.01011446191361779
-0.1652356101236635
0.09456588481484959
0.102847345594594
-0.08196503791088415
-0.07415863453007218
-0.1273779578463294
-0.08696305099181911
-0.1219468802555264
-0.05465007601370012
-0.1996488706789125
-0.1002221265897783
0.03991503977235041
0.1097402056930819
0.04801485210668956
0.1591124842776327
0.1274871605931622
-0.02352538655884872
0.01311018999637886
0.04745105632749669
-0.01320240228221434
-0.03025588589034655
0.0905872456158293
-0.007751578918697192
0.08237675758164145
0.01951302505370244
-0.1788054732280322
0.07215176675820442
0.05604317451450325
0.1221366439641113
0.01252144139553937
0.0388422683679495
-0.09755327319371392
0.07853567500907642
0.04249031039653194
0.01159009417508397
0.007856206020326238
0.06295604769685323
-0.1125424129391837
-0.02130003037114357
0.161705895721435
0.04249166774777799
-0.08008189454983883
-0.02052053465195385
-0.1297293316922632
-0.05871397108776089
-0.04860599498761953
0.07328309957459853
-0.1043280179833042
0.04672363469932637
0.05299771898645726
-0.1053506151271438
0.04367668518157019
-0.004776982946140651
0.07842022438989882
-0.1592481801374437
0.03279755422986703
0.06251506220365471
0.1157496408419703
0.04693642197607127
-0.01306910209750414
-0.02616706947558582
0.09357298137868876
-0.1234673472871666
0.04257987715620336
0.06336490710937523
-0.00128070435076242
0.064382148859361
-0.008976782710299459
0.1739496736185569
0.06931869113623769
-0.0498287721331219
-0.04737689531085797
-0.1399483980148692
-0.05415461855549324
-0.03446785173845675
-0.005122244565396693
0.07310717213993924
-0.07284263120366377
0.0394282343737445
0.02309873107112581
-0.00333533693055283
-0.01600708597727756
0.1285094498653221
-0.05621096881342713
1
0.05627451030399214
0.07157936744315405
0.002320523019011086
-0.06673807542683564
0.01767766467804489
-0.1134788156587689
0.004952562572481094
0.08062579081115842
-0.05666067062499817
-0.08139440150539609
0.05404297778650871
0.02455080432196954
-0.1269038093700023
0.07398902321550375
0.143436914100159
0.09662314744645267
0.1227341118428487
-0.008920324867127107
0.04230011822833137
0.03991528517762873
0.1181971001419326
0.0557252147463826
0.07185538200888114
0.005506309980708557
-0.01444450688357626
-0.01437006858048434
-0.02978197780919893
0.05689315049450782
0.1359291803795183
0.04595864387653931
0.1125507231494138
0.02188793509817795
0.1183867609527657
0.0884209927434306
0.009553386555488949
-0.08525301701506061
-0.1709897953549387
-0.1877920171496497
0.2344617954608655
0.01383999444342646
-0.06671152510642758
0.03655568122646664
-0.001133156808162783
-0.1072094366377495
-0.1123482145260535
0.02321101192629863
0.06971519912248061
-0.02078970533595482
-0.04193920107740494
0.03967527122193447
0.1190450686021314
-0.1188223217187309
0.0109732521585113
-0.02212608130385667
0.08262655703372423
-0.1640525382122911
0.01673160464964303
-0.03456593645465645
-0.08329971256661922
-0.08726260027310236
-0.1451259686345187
-0.01903978073576304
0.07443563934343278
-0.04493218386344808
-0.08757683028229767
-0.08902018666939711
-0.0526275794268601
0.06487765022868774
-0.1975415384151185
-0.07593034036860921
0.04375212996751075
0.158147586426618
0.06045921796907629
-0.1542479322503379
0.02111795009540936
-0.06014413161033096
0.005461824468292613
0.01048374649804895
0.05337937400559672
0.0806393286615299
0.04233980465864307
0.009910946374139072
0.04147708987301793
-0.09409839208330191
0.08962367741135373
0.00658978045180508
0.07776682300745519
0.0535886763742433
0.02073989084905359
-0.05151032454911888
-0.0462592993029278
-0.1060851677741033
0.101796752959561
0.03272795573497499
0.0614527280592231
-0.04982321577684333
-0.09447160322335955
-0.1349949010222618
0.1552463276748557
-0.06691875040322592
0.02664447988787452
0.03179699013527689
-0.04735191587339479
-0.1895623519466055
0.1084874484135913
0.03868121443020614
0.008030646042432789
0.002683552829996758
0.04595430583575306
-0.06430873617892854
0.03589960082607487
0.1272193108232808
0.1954363769536555
-0.1888985706317073
-0.001453631778246756
0.06286727719378614
0.115958482962617
-0.09213856865657899
0.07898696426554555
0.2265710181212016
0.1544272163653032
0.04477288174188705
0.02067436062922914
0.05885237494068796
-0.06381126681397195
0.04256104720173938
-0.09207195459319398
0.05627451030399214
1
