# callgrind format
version: 1
creator: callgrind-3.25.1
pid: 1279145
cmd:  ./blur_par 15 ./data/im1.ppm ./data_o/blur_im1_par_t16.ppm 16
part: 1


desc: I1 cache: 
desc: D1 cache: 
desc: LL cache: 

desc: Timerange: Basic block 0 - 424172478
desc: Trigger: Program termination

positions: line
events: Ir
summary: 4386234037


ob=(4) ???
fl=(4) ???
fn=(4606) 0x0000000004006000
0 7

fn=(4012) 0x0000000004cb9320
0 2
cob=(2) /usr/lib/libc.so.6
cfi=(2) ???
cfn=(4014) 0x0000000000170bb0
calls=1 0 
0 22

fn=(8246) 0x000000000403af7c
0 4

fn=(4350) 0x0000000004cb92e0
0 4
cob=(2)
cfi=(2)
cfn=(4352) 0x000000000016fde0
calls=2 0 
0 50

fn=(4996) 0x0000000004cb9330
0 4
cob=(2)
cfi=(2)
cfn=(4998) 0x000000000016e120
calls=2 0 
0 42

fn=(8374) 0x0000000004c8e7c8
0 4

fn=(4058) 0x0000000004b7f000
0 7

fn=(4042) 0x0000000004c6c000
0 7

ob=(3) /usr/lib/libm.so.6
fl=(3) ???
fn=(3314) __log_finite
0 9

fn=(3320) log2f
0 10

fn=(3324) powf
0 10

fn=(3332) logf
0 10

fn=(3328) log2
0 10

fn=(3290) sin
0 9

fn=(3302) __asin_finite
0 8

fn=(3310) __acos_finite
0 8

fn=(3288) fmaf
0 6

fn=(3316) 0x0000000000059b70
0 10

fn=(3296) __sinh_finite
0 10

fn=(3304) roundeven
0 7

fn=(8326) 0x000000000000f670
0 5
cfn=(8328) 0x000000000000f620
calls=1 0 
0 16
0 2
cfn=(8328)
calls=1 0 
0 16
0 3

fn=(3338) __exp_finite
0 9

fn=(4062) 0x000000000000f760
0 12

fn=(3292) __atan2_finite
0 9

fn=(3300) expm1
0 10

fn=(3308) sinf
0 10

fn=(3312) atan
0 9

fn=(3326) sincosf
0 10

fn=(3334) cos
0 9

fn=(3306) fma
0 6

fn=(3322) __pow_finite
0 8

fn=(3330) tan
0 9

fn=(7090) exp
0 112
cfn=(7092) 0x000000000007bc90
calls=16 0 
0 552
0 192

fn=(7092)
0 552

fn=(8328)
0 32

fn=(8340) 0x000000000000f710
0 9
cob=(2)
cfi=(2)
cfn=(8222) __cxa_finalize
calls=1 0 
0 98
0 1
cfn=(8348) 0x000000000000f6a0
calls=1 0 
0 5
0 3

fn=(3340) cosf
0 10

ob=(4)
fl=(4)
fn=(8272) 0x000000000488f274
0 4

fn=(3966) 0x000000000488f000
0 7

fn=(7454) 0x0000000004cb9290
0 128
cob=(2)
cfi=(2)
cfn=(7456) 0x000000000016e360
calls=64 0 
0 1216

fn=(4172) 0x0000000004cb9240
0 138
cob=(2)
cfi=(2)
cfn=(4174) 0x000000000016ed00
calls=69 0 
0 966

fn=(4068) 0x0000000004973000
0 7

fn=(8324) 0x0000000004ac7264
0 4

fn=(8354) 0x0000000004c04588
0 4

ob=(3)
fl=(3)
fn=(3286) sincos
0 8

fn=(3294) __atanh_finite
0 10

fn=(8348)
0 5

fn=(3336) expf
0 10

fn=(3298) exp2f
0 10

ob=(7) /usr/lib/libstdc++.so.6.0.34
fl=(18) /usr/src/debug/gcc/gcc/libstdc++-v3/src/c++98/codecvt.cc
fn=(5080) std::codecvt<char, char, __mbstate_t>::do_always_noconv() const
100 1164

fn=(4134) std::codecvt<char, char, __mbstate_t>::codecvt(unsigned long)
38 2
fi=(17) /usr/src/debug/gcc/gcc-build/x86_64-pc-linux-gnu/libstdc++-v3/include/bits/locale_classes.h
436 3
fe=(18)
38 4
fi=(17)
436 1
fe=(18)
41 4
cfi=(14) /usr/src/debug/gcc/gcc/libstdc++-v3/src/c++98/locale.cc
cfn=(4090) std::locale::facet::_S_get_c_locale()
calls=1 221 
* 18
* 1
+1 4

fn=(4192) std::codecvt<wchar_t, char, __mbstate_t>::codecvt(unsigned long)
118 2
fi=(17)
436 3
fe=(18)
118 4
fi=(17)
436 1
fe=(18)
121 4
cfi=(14)
cfn=(4090)
calls=1 221 
* 18
* 1
+1 4

fl=(40) /usr/src/debug/gcc/gcc-build/x86_64-pc-linux-gnu/libstdc++-v3/include/bits/locale_classes.tcc
fn=(5852) std::ctype<char> const& std::use_facet<std::ctype<char> >(std::locale const&)
220 4638
119 1546
cfi=(14)
cfn=(4128) std::locale::id::_M_id() const
calls=773 507 
* 4638
* 773
+1 773
+8 1546
228 1546
+3 2319

fl=(41) /usr/src/debug/gcc/gcc-build/x86_64-pc-linux-gnu/libstdc++-v3/include/istream
fn=(6958) std::istream::gcount() const
364 1547364
+1 3094728

fl=(11) /usr/src/debug/gcc/gcc/libstdc++-v3/src/c++98/ios_init.cc
fn=(4074) std::ios_base::Init::Init()
78 9
fi=(12) /usr/src/debug/gcc/gcc-build/x86_64-pc-linux-gnu/libstdc++-v3/include/ext/atomicity.h
+22 1
-14 1
+14 2
-14 1
+1 2
fe=(11)
-7 3
fi=(75) /usr/src/debug/gcc/gcc-build/x86_64-pc-linux-gnu/libstdc++-v3/include/streambuf
475 2
-1 1
+1 22
fe=(11)
83 1
fi=(75)
475 1
fe=(11)
83 1
+2 1
fi=(75)
475 1
fe=(11)
85 1
fi=(75)
475 1
cfi=(13) /usr/src/debug/gcc/gcc/libstdc++-v3/src/c++11/locale_init.cc
cfn=(4078) std::locale::locale()
calls=1 269 
* 36165
fi=(33) /usr/src/debug/gcc/gcc-build/x86_64-pc-linux-gnu/libstdc++-v3/include/ext/stdio_sync_filebuf.h
83 1
fi=(75)
475 2
fi=(33)
83 1
fi=(75)
475 1
fi=(33)
83 1
fe=(11)
+3 1
fi=(75)
475 2
fe=(11)
86 1
fi=(75)
475 1
fi=(33)
83 2
fi=(75)
474 1
+1 1
cfi=(13)
cfn=(4078)
calls=1 269 
* 26
fe=(11)
87 1
fi=(75)
475 5
fi=(33)
83 1
fe=(11)
+4 1
fi=(75)
475 1
fi=(33)
83 2
fi=(75)
474 1
+1 1
cfi=(13)
cfn=(4078)
calls=1 269 
* 26
fi=(34) /usr/src/debug/gcc/gcc-build/x86_64-pc-linux-gnu/libstdc++-v3/include/bits/basic_ios.h
+2 1
fi=(33)
83 3
fi=(34)
477 2
cfi=(35) /usr/src/debug/gcc/gcc/libstdc++-v3/src/c++11/ios.cc
cfn=(4236) std::ios_base::ios_base()
calls=1 76 
* 86
fi=(37) /usr/src/debug/gcc/gcc-build/x86_64-pc-linux-gnu/libstdc++-v3/include/bits/ostream.h
93 1
fi=(34)
476 1
+1 1
-1 1
fi=(37)
93 2
fi=(34)
476 1
+1 2
fi=(37)
93 2
cfi=(38) /usr/src/debug/gcc/gcc-build/x86_64-pc-linux-gnu/libstdc++-v3/include/bits/basic_ios.tcc
cfn=(4242) std::basic_ios<char, std::char_traits<char> >::init(std::basic_streambuf<char, std::char_traits<char> >*)
calls=1 +38 
* 958
fi=(34)
477 3
cfi=(35)
cfn=(4236)
calls=1 76 
* 86
* 1
-1 1
fi=(41)
99 1
-1 1
fi=(34)
476 1
fi=(41)
99 1
fi=(34)
476 1
fi=(41)
98 5
fi=(34)
477 2
fi=(41)
99 1
cfi=(38)
cfn=(4242)
calls=1 +32 
* 157
fi=(34)
477 3
cfi=(35)
cfn=(4236)
calls=1 76 
* 86
fi=(37)
93 1
fi=(34)
477 1
-1 2
fi=(37)
93 2
fi=(34)
476 1
+1 2
fi=(37)
93 2
cfi=(38)
cfn=(4242)
calls=1 +38 
* 157
fi=(34)
477 4
cfi=(35)
cfn=(4236)
calls=1 76 
* 86
fi=(37)
93 1
fi=(34)
477 1
-1 2
fi=(37)
93 2
fi=(34)
476 1
+1 2
fi=(37)
93 2
cfi=(38)
cfn=(4242)
calls=1 +38 
* 157
fe=(11)
+9 1
fi=(75)
475 2
fi=(34)
325 2
fi=(75)
475 1
fe=(11)
102 1
fi=(75)
475 1
fi=(36) /usr/src/debug/gcc/gcc-build/x86_64-pc-linux-gnu/libstdc++-v3/include/bits/ios_base.h
107 1
fi=(75)
475 2
-1 1
+1 1
cfi=(13)
cfn=(4078)
calls=1 269 
* 26
fi=(33)
83 1
fi=(75)
475 2
fi=(33)
83 1
fi=(75)
475 1
fi=(33)
83 1
fe=(11)
+20 1
fi=(75)
475 2
fe=(11)
103 1
fi=(75)
475 1
fi=(33)
83 2
fi=(75)
474 1
+1 1
cfi=(13)
cfn=(4078)
calls=1 269 
* 26
fe=(11)
104 1
fi=(75)
475 5
fi=(33)
83 1
fe=(11)
+21 1
fi=(75)
475 1
fi=(33)
83 2
fi=(75)
474 1
+1 1
cfi=(13)
cfn=(4078)
calls=1 269 
* 26
fi=(34)
+2 1
fi=(33)
83 3
fi=(34)
477 2
cfi=(35)
cfn=(4236)
calls=1 76 
* 86
fi=(37)
93 1
fi=(34)
477 1
-1 2
fi=(37)
93 2
fi=(34)
476 1
+1 2
fi=(37)
93 2
cfi=(38)
cfn=(4280) std::basic_ios<wchar_t, std::char_traits<wchar_t> >::init(std::basic_streambuf<wchar_t, std::char_traits<wchar_t> >*)
calls=1 +38 
* 159
fi=(34)
477 3
cfi=(35)
cfn=(4236)
calls=1 76 
* 86
fi=(41)
98 1
fi=(34)
477 1
-1 2
fi=(41)
99 2
-1 2
fi=(34)
476 1
fi=(41)
98 3
fi=(34)
477 2
fi=(41)
99 1
cfi=(38)
cfn=(4280)
calls=1 +32 
* 159
fi=(34)
477 3
cfi=(35)
cfn=(4236)
calls=1 76 
* 86
fi=(37)
93 1
fi=(34)
477 1
-1 2
fi=(37)
93 2
fi=(34)
476 1
+1 2
fi=(37)
93 2
cfi=(38)
cfn=(4280)
calls=1 +38 
* 159
fi=(34)
477 4
cfi=(35)
cfn=(4236)
calls=1 76 
* 86
fi=(37)
93 1
fi=(34)
477 1
-1 2
fi=(37)
93 2
fi=(34)
476 1
+1 2
fi=(37)
93 2
cfi=(38)
cfn=(4280)
calls=1 +38 
* 159
fi=(12)
+17 1
fi=(34)
325 1
fi=(36)
107 1
fi=(34)
325 1
fi=(12)
110 2
-16 1
fe=(11)
+27 8

fn=(8288) std::ios_base::Init::~Init()
123 1
fi=(12)
-69 1
+32 1
+14 2
-32 2
fe=(11)
+59 2
-4 1
+11 1
-11 1
+11 1
cfi=(131) /usr/src/debug/gcc/gcc-build/x86_64-pc-linux-gnu/libstdc++-v3/include/bits/ostream.tcc
cfn=(8024) std::ostream::flush()
calls=1 +91 
* 132
+1 2
cfi=(131)
cfn=(8024)
calls=1 +90 
* 406
+1 2
cfi=(131)
cfn=(8024)
calls=1 +89 
* 132
+3 2
cfi=(131)
cfn=(8306) std::basic_ostream<wchar_t, std::char_traits<wchar_t> >::flush()
calls=1 +86 
* 132
+1 2
cfi=(131)
cfn=(8306)
calls=1 +85 
* 406
+1 2
cfi=(131)
cfn=(8306)
calls=1 +84 
* 132
+6 2

fl=(38)
fn=(4242)
131 88
+3 11
cfi=(39) /usr/src/debug/gcc/gcc/libstdc++-v3/src/c++98/ios_locale.cc
cfn=(4244) std::ios_base::_M_init()
calls=11 -95 
* 827
+3 33
cfn=(4252) std::basic_ios<char, std::char_traits<char> >::_M_cache_locale(std::locale const&)
calls=11 +32 
* 550
+16 44
fi=(19) /usr/src/debug/gcc/gcc-build/x86_64-pc-linux-gnu/libstdc++-v3/include/bits/locale_facets.h
884 22
+1 10
fe=(38)
155 20
+1 10
+8 30
-2 10
-1 10
+2 10
+1 10
+1 50
-10 2
+1 1
+8 3
-2 1
-1 1
+2 1
+1 1
+1 5
fi=(19)
886 2
cfi=(26) /usr/src/debug/gcc/gcc/libstdc++-v3/src/c++11/ctype.cc
cfn=(4258) std::ctype<char>::_M_widen_init() const
calls=1 90 
* 794
+1 6
fe=(38)

fn=(4282) std::basic_ios<wchar_t, std::char_traits<wchar_t> >::_M_cache_locale(std::locale const&)
169 28
fi=(40)
-50 8
cfi=(14)
cfn=(4128)
calls=4 507 
* 24
* 8
+1 4
+23 4
fe=(38)
+28 8
fi=(40)
-52 4
cfi=(14)
cfn=(4128)
calls=4 507 
* 24
* 8
+1 4
+25 4
fe=(38)
+27 8
fi=(40)
-53 4
cfi=(14)
cfn=(4128)
calls=4 507 
* 24
* 4
+1 4
+24 4
fe=(38)
+29 8
+1 16

fn=(5028) std::basic_ios<char, std::char_traits<char> >::clear(std::_Ios_Iostate)
46 3
fi=(36)
198 15
-5 3
fe=(38)
52 6

fn=(4280)
131 28
+3 4
cfi=(39)
cfn=(4244)
calls=4 -95 
* 292
+3 12
cfn=(4282)
calls=4 +32 
* 200
+16 16
fi=(19)
299 12
cfi=(27) /usr/src/debug/gcc/gcc-build/x86_64-pc-linux-gnu/libstdc++-v3/src/c++11/ctype_members.cc
cfn=(4288) std::ctype<wchar_t>::do_widen(char) const
calls=4 -94 
* 16
fe=(38)
155 8
+1 4
+8 12
-2 4
-1 4
+2 4
+1 4
+1 16

fn=(4252)
169 77
fi=(40)
-50 22
cfi=(14)
cfn=(4128)
calls=11 507 
* 66
* 22
+1 11
+8 11
fe=(38)
+43 22
fi=(40)
-52 11
cfi=(14)
cfn=(4128)
calls=11 507 
* 66
* 22
+1 11
+10 11
fe=(38)
+42 22
fi=(40)
-53 11
cfi=(14)
cfn=(4128)
calls=11 507 
* 66
* 11
+1 11
+9 11
fe=(38)
+44 22
+1 44

fl=(82) /usr/src/debug/gcc/gcc-build/x86_64-pc-linux-gnu/libstdc++-v3/include/bits/basic_string.tcc
fn=(5576) std::__cxx11::basic_string<char, std::char_traits<char>, std::allocator<char> >::_M_append(char const*, unsigned long) [clone .isra.0]
444 12
fi=(80) /usr/src/debug/gcc/gcc-build/x86_64-pc-linux-gnu/libstdc++-v3/include/bits/basic_string.h
259 4
fe=(82)
444 8
fi=(80)
1165 4
239 4
+41 8
1279 1
fe=(82)
447 1
+2 2
-2 3
+2 6
+2 6
+1 3
fi=(80)
-2 9
fi=(77) /usr/src/debug/gcc/gcc-build/x86_64-pc-linux-gnu/libstdc++-v3/include/bits/char_traits.h
-21 9
cob=(2)
cfi=(2)
cfn=(4702) 0x000000000016bf80
calls=3 0 
* 51
fi=(80)
239 3
454 3
239 3
-5 3
fi=(77)
352 3
fe=(82)
459 7
-4 5
cob=(8) /home/nithin/CLionProjects/1dv1674_a2/blur/blur_par
cfi=(60) /usr/include/c++/15.1.1/bits/basic_string.tcc
cfn=(5602) std::__cxx11::basic_string<char, std::char_traits<char>, std::allocator<char> >::_M_mutate(unsigned long, unsigned long, char const*, unsigned long)
calls=1 -99 
* 1139
fi=(80)
239 3
-5 1
fi=(77)
352 1
fe=(82)
459 2
fi=(80)
1279 6
fe=(82)

fn=(5140) std::__cxx11::basic_string<char, std::char_traits<char>, std::allocator<char> >::swap(std::__cxx11::basic_string<char, std::char_traits<char>, std::allocator<char> >&)
64 117
+3 26
fi=(80)
239 13
+18 13
-18 13
+41 26
-23 12
fe=(82)
116 12
fi=(80)
280 24
-51 12
fe=(82)
-99 12
fi=(80)
+99 12
+37 48
1165 12
234 24
fe=(82)
-96 36
fi=(80)
1165 1
234 2
fe=(82)
-96 68
fi=(80)
257 1
+25 1
-2 2
fe=(82)
108 1
-2 1
fi=(77)
429 11
fi=(80)
229 2
+37 3
fe=(82)

fl=(137) /usr/src/debug/gcc/gcc/libstdc++-v3/libsupc++/eh_globals.cc
fn=(8300) __cxa_get_globals
62 10
cob=(1) /usr/lib/ld-linux-x86-64.so.2
cfi=(1) ???
cfn=(8302) __tls_get_addr
calls=2 -62 
* 24
* 6

fl=(39)
fn=(4244)
39 90
+2 15
-2 45
+4 15
-2 15
+3 30
cfi=(13)
cfn=(4078)
calls=15 269 
* 414
* 45
cfi=(14)
cfn=(4246) std::locale::operator=(std::locale const&)
calls=15 +76 
* 210
* 30
cfi=(14)
cfn=(4248) std::locale::~locale()
calls=15 +47 
* 90
+1 120

fl=(68) /usr/src/debug/gcc/gcc-build/x86_64-pc-linux-gnu/libstdc++-v3/include/fstream
fn=(7968) std::basic_ofstream<char, std::char_traits<char> >::basic_ofstream()
834 7
fi=(34)
477 1
fe=(68)
834 1
fi=(34)
477 1
cfi=(35)
cfn=(4236)
calls=1 76 
* 175
-1 1
+1 1
fi=(37)
-36 1
fi=(34)
+35 1
fi=(37)
-35 4
fi=(34)
+35 1
fi=(37)
-35 1
fi=(34)
+36 2
fi=(37)
-36 1
cfi=(38)
cfn=(4242)
calls=1 131 
* 169
fe=(68)
834 7
cfi=(69) /usr/src/debug/gcc/gcc-build/x86_64-pc-linux-gnu/libstdc++-v3/include/bits/fstream.tcc
cfn=(4918) std::basic_filebuf<char, std::char_traits<char> >::basic_filebuf()
calls=1 85 
* 97
+1 3
cfi=(38)
cfn=(4242)
calls=1 131 
* 169
* 6

fn=(5052) std::basic_ifstream<char, std::char_traits<char> >::rdbuf() const
676 1
+1 2

fn=(5522) std::basic_ifstream<char, std::char_traits<char> >::~basic_ifstream()
642 5
+1 1
-1 1
+1 4
264 1
643 1
264 2
-3 1
cfi=(69)
cfn=(5454) std::basic_filebuf<char, std::char_traits<char> >::close()
calls=1 -8 
* 31
+3 2
cfi=(70) /usr/src/debug/gcc/gcc-build/x86_64-pc-linux-gnu/libstdc++-v3/src/c++11/basic_file.cc
cfn=(5524) std::__basic_file<char>::~__basic_file()
calls=1 -54 
* 23
fi=(75)
-57 5
cfi=(14)
cfn=(4248)
calls=1 91 
* 6
fi=(41)
-99 2
fi=(34)
296 1
fi=(41)
108 1
fi=(34)
296 3
fe=(68)
643 2
fi=(34)
296 1
cfi=(35)
cfn=(5530) std::ios_base::~ios_base()
calls=1 87 
* 61
fe=(68)

fn=(8086) std::basic_ofstream<char, std::char_traits<char> >::close()
1051 5
+2 1
-2 1
+2 1
cfi=(69)
cfn=(5454)
calls=1 253 
* 950
* 2
+2 3

fn=(8118) std::basic_ofstream<char, std::char_traits<char> >::~basic_ofstream()
917 5
+1 1
-1 1
+1 10
261 1
cfi=(69)
cfn=(5454)
calls=1 -8 
* 31
+3 2
cfi=(70)
cfn=(5524)
calls=1 -54 
* 23
fi=(75)
-57 5
cfi=(14)
cfn=(4248)
calls=1 91 
* 6
fi=(37)
101 1
fi=(34)
296 1
fi=(37)
101 1
fi=(34)
296 3
fe=(68)
918 2
fi=(34)
296 1
cfi=(35)
cfn=(5530)
calls=1 87 
* 61
fe=(68)

fn=(5452) std::basic_ifstream<char, std::char_traits<char> >::close()
776 5
+2 1
-2 1
+2 1
cfi=(69)
cfn=(5454)
calls=1 253 
* 635
* 2
+2 3

fn=(4928) std::basic_ifstream<char, std::char_traits<char> >::open(std::__cxx11::basic_string<char, std::char_traits<char>, std::allocator<char> > const&, std::_Ios_Openmode)
743 2
fi=(36)
151 1
fe=(68)
743 3
+2 1
-2 1
345 2
cfi=(69)
cfn=(4930) std::basic_filebuf<char, std::char_traits<char> >::open(char const*, std::_Ios_Openmode)
calls=1 183 
* 943
746 3
-1 2
+6 1
-1 1
+1 1
-1 1
cfi=(38)
cfn=(5028)
calls=1 46 
* 9

fn=(7978) std::basic_ofstream<char, std::char_traits<char> >::open(std::__cxx11::basic_string<char, std::char_traits<char>, std::allocator<char> > const&, std::_Ios_Openmode)
1018 2
fi=(36)
151 1
fe=(68)
1018 3
+2 1
-2 1
345 2
cfi=(69)
cfn=(4930)
calls=1 183 
* 1004
1021 3
-1 2
+6 1
-1 1
+1 1
-1 1
cfi=(38)
cfn=(5028)
calls=1 46 
* 9

fn=(4914) std::basic_ifstream<char, std::char_traits<char> >::basic_ifstream()
561 7
fi=(34)
-84 1
fe=(68)
+84 1
fi=(34)
-84 1
cfi=(35)
cfn=(4236)
calls=1 76 
* 86
fi=(41)
702 1
fi=(34)
476 1
fi=(41)
703 1
fi=(34)
477 1
fi=(41)
702 2
+1 1
fi=(34)
476 2
fi=(41)
702 2
fi=(34)
477 2
fi=(41)
703 1
cfi=(38)
cfn=(4242)
calls=1 131 
* 157
fe=(68)
561 7
cfi=(69)
cfn=(4918)
calls=1 85 
* 85
+1 3
cfi=(38)
cfn=(4242)
calls=1 131 
* 157
* 6

fl=(132) /usr/src/debug/gcc/gcc-build/x86_64-pc-linux-gnu/libstdc++-v3/include/ostream
fn=(8016) std::basic_ostream<char, std::char_traits<char> >& std::endl<char, std::char_traits<char> >(std::basic_ostream<char, std::char_traits<char> >&)
66 18
+1 9
fi=(34)
-16 6
fi=(19)
884 6
fe=(132)
67 9
cfi=(131)
cfn=(8020) std::ostream::put(char)
calls=3 +90 
* 165
* 6
+22 6
cfi=(131)
cfn=(8024)
calls=3 225 
* 834

fl=(70)
fn=(5524)
210 6
+1 2
cfn=(5462) std::__basic_file<char>::close()
calls=2 318 
* 34
* 4

fn=(4932) std::__basic_file<char>::is_open() const
304 56

fn=(5082) std::__basic_file<char>::xsgetn(char*, long)
334 2090
+14 380
cfn=(5084) std::__basic_file<char>::fd()
calls=190 -39 
* 1900
fi=(76) /usr/include/bits/unistd.h
32 760
cob=(2)
cfi=(2)
cfn=(5090) read
calls=190 -32 
* 7790
* 190
fe=(70)
349 380
+3 1330

fn=(8032) std::__basic_file<char>::xsputn(char const*, long)
356 1728
132 192
360 192
cfn=(5084)
calls=192 -51 
* 1920
* 192
141 768
cob=(2)
cfi=(2)
cfn=(8034) write
calls=192 0 
* 14400
+1 384
+6 384
362 1344

fn=(4920) std::__basic_file<char>::__basic_file(pthread_mutex_t*)
207 2
+1 6

fn=(5462)
318 24
+2 4
cfn=(4932)
calls=4 -16 
* 16
* 8
+3 4
+4 2
+3 6
-6 4
cob=(2)
cfi=(2)
cfn=(5464) fclose
calls=2 0 
* 732
+1 2
+1 4
+4 2
-11 2
+11 4

fn=(4936) (anonymous namespace)::fopen_mode(std::_Ios_Openmode)
93 14
+8 2
-6 2

fn=(5084)
309 1146
cob=(2)
cfi=(2)
cfn=(5086) fileno
calls=382 0 
* 2674

fn=(4934) std::__basic_file<char>::open(char const*, std::_Ios_Openmode, int)
255 14
+2 2
-2 2
+2 2
cfn=(4936)
calls=2 93 
* 18
+1 12
cfn=(4932)
calls=2 +46 
* 8
* 4
+2 6
cob=(2)
cfi=(2)
cfn=(4938) fopen
calls=2 0 
* 1191
* 6
+2 2
+5 2
-4 2
+4 10

fl=(19)
fn=(5700) std::ctype<char>::do_narrow(char, char) const
1144 16
+1 8

fn=(8050) std::num_put<char, std::ostreambuf_iterator<char, std::char_traits<char> > >::do_put(std::ostreambuf_iterator<char, std::char_traits<char> >, std::ios_base&, char, unsigned long) const
2553 3
+2 6
cfi=(133) /usr/src/debug/gcc/gcc-build/x86_64-pc-linux-gnu/libstdc++-v3/include/bits/locale_facets.tcc
cfn=(8052) std::ostreambuf_iterator<char, std::char_traits<char> > std::num_put<char, std::ostreambuf_iterator<char, std::char_traits<char> > >::_M_insert_int<unsigned long>(std::ostreambuf_iterator<char, std::char_traits<char> >, std::ios_base&, char, unsigned long) const
calls=3 875 
* 801

fl=(69)
fn=(4930)
183 20
fi=(68)
+96 4
cfi=(70)
cfn=(4932)
calls=2 +25 
* 8
fe=(69)
-92 4
+2 10
cfi=(70)
cfn=(4934)
calls=2 +66 
* 1281
fi=(68)
+90 4
cfi=(70)
cfn=(4932)
calls=2 +25 
* 8
fe=(69)
-89 4
+2 4
cfn=(5020) std::basic_filebuf<char, std::char_traits<char> >::_M_allocate_internal_buffer()
calls=2 54 
* 554
+4 2
fi=(68)
511 2
fe=(69)
193 2
+3 2
+5 2
fi=(75)
520 2
+2 2
+44 2
-46 2
+47 2
fe=(69)
201 4
fi=(75)
520 2
+46 2
fe=(69)
205 4
+4 2
+4 12

fn=(5454)
253 20
fi=(68)
+26 4
fe=(69)
-26 20
fi=(68)
+26 8
cfi=(70)
cfn=(4932)
calls=4 +25 
* 16
fe=(69)
-23 8
+9 2
+15 4
cfn=(5456) std::basic_filebuf<char, std::char_traits<char> >::_M_terminate_output()
calls=2 952 
* 283
* 2
-10 2
-2 2
+1 2
+1 2
cfn=(5458) std::basic_filebuf<char, std::char_traits<char> >::_M_destroy_internal_buffer()
calls=2 68 
* 410
+1 2
fi=(75)
567 2
fe=(69)
290 2
fi=(68)
511 2
fe=(69)
271 2
+3 2
fi=(75)
520 2
+2 2
+44 2
-46 2
fe=(69)
274 4
fi=(75)
520 2
+46 2
fe=(69)
290 2
cfi=(70)
cfn=(5462)
calls=2 +28 
* 780
+3 8
+4 40
-40 4

fn=(5074) std::basic_filebuf<char, std::char_traits<char> >::underflow()
327 2090
+5 570
+2 380
fi=(75)
494 190
fi=(68)
230 380
fi=(75)
497 190
fe=(69)
346 380
+4 380
+7 190
-7 570
fi=(34)
51 380
fi=(29) /usr/src/debug/gcc/gcc-build/x86_64-pc-linux-gnu/libstdc++-v3/include/bits/codecvt.h
219 380
cfi=(18)
cfn=(5080)
calls=190 100 
* 570
fe=(69)
357 380
-27 2
fi=(77)
452 189
fe=(69)
+30 1900
359 760
cfi=(70)
cfn=(5082)
calls=190 -25 
* 14820
* 190
+2 380
+94 189
fi=(68)
+54 189
fi=(75)
+58 189
fe=(69)
458 189
fi=(68)
+51 945
fi=(75)
+11 189
+46 189
-44 189
+44 378
fi=(68)
-55 1
fi=(75)
+56 1
fe=(69)
467 1
fi=(75)
+53 1
+2 1
+44 1
-46 1
+46 1
-46 2
fe=(69)

fn=(5458)
68 12
+3 4
+2 8
cfi=(85) /usr/src/debug/gcc/gcc/libstdc++-v3/libsupc++/del_opv.cc
cfn=(5460) operator delete[](void*)
calls=2 -39 
* 362
+1 2
+1 2
+2 6
+1 2
+2 2
-1 2
+1 2
+2 6

fn=(8026) std::basic_filebuf<char, std::char_traits<char> >::sync()
1013 3
+6 9
-6 3
+8 6
-8 3
+8 3
cfn=(8000) std::basic_filebuf<char, std::char_traits<char> >::overflow(int)
calls=3 545 
* 618
+5 3
-4 12
+4 3

fn=(5456)
952 20
+5 2
-5 6
+5 4
+2 4
cfn=(8000)
calls=1 545 
* 206
+1 2
+6 4
-1 1
fi=(34)
51 2
fi=(29)
219 2
cfi=(18)
cfn=(5080)
calls=1 100 
* 3
* 1
fe=(69)
965 2
+44 24

fn=(8000)
545 1737
+6 772
+3 386
fi=(75)
-16 193
+3 193
fe=(69)
+21 386
+3 384
fi=(77)
446 188
fi=(75)
554 188
-16 188
+16 376
fe=(69)
+19 564
cfn=(8028) std::basic_filebuf<char, std::char_traits<char> >::_M_convert_to_external(char*, long)
calls=188 +37 
* 28764
* 12
cfn=(8028)
calls=4 +37 
* 612
* 384
fi=(68)
-62 192
-5 384
fi=(75)
+16 384
-2 192
fi=(68)
-14 192
+7 576
+1 384
fi=(75)
+53 192
-1 384
fi=(77)
465 573
fe=(69)
606 1544
-26 3
fi=(77)
465 8
fi=(68)
+46 1
-5 2
+8 1
fi=(75)
+54 1
-48 1
+1 1
+1 1
+44 2
+1 1
fe=(69)
+19 1
+1 2
fi=(77)
446 1
fi=(75)
554 1
fi=(77)
-89 1
fe=(69)

fn=(7994) std::basic_filebuf<char, std::char_traits<char> >::xsputn(char const*, long)
759 40
+8 5
+1 5
-1 5
fi=(34)
51 10
fi=(29)
219 10
-1 5
+1 5
cfi=(18)
cfn=(5080)
calls=5 100 
* 15
fe=(69)
769 35
fi=(75)
541 5
fe=(69)
771 10
+3 11
+1 3
+2 10
+23 5
-2 10
+2 20
-2 5
cfi=(78) /usr/src/debug/gcc/gcc-build/x86_64-pc-linux-gnu/libstdc++-v3/include/bits/streambuf.tcc
cfn=(5096) std::basic_streambuf<char, std::char_traits<char> >::xsputn(char const*, long)
calls=5 84 
* 362

fn=(8028)
610 2304
+6 192
fi=(34)
51 384
fi=(29)
219 768
cfi=(18)
cfn=(5080)
calls=192 100 
* 576
fe=(69)
616 384
+30 768
cfi=(70)
cfn=(8032)
calls=192 356 
* 21504
+22 384
+1 2112

fn=(4918)
85 10
fi=(75)
475 2
fe=(69)
85 2
fi=(75)
475 2
-1 2
+1 14
cfi=(13)
cfn=(4078)
calls=2 269 
* 64
fe=(69)
92 2
-6 8
+6 2
-6 2
+6 2
-6 4
cfi=(70)
cfn=(4920)
calls=2 207 
* 8
+4 2
-3 2
fi=(40)
+32 2
fe=(69)
-32 4
+1 6
+1 2
+1 2
+1 2
-1 2
+1 4
fi=(40)
+28 2
cfi=(14)
cfn=(4128)
calls=2 507 
* 12
* 2
+1 2
+11 2
fe=(69)
-37 4
+1 6

fn=(5020)
54 2
+5 8
-5 8
+7 6
cfi=(71) /usr/src/debug/gcc/gcc/libstdc++-v3/libsupc++/new_opv.cc
cfn=(5022) operator new[](unsigned long)
calls=2 -30 
* 520
* 4
+1 2
+2 4

fl=(86) /usr/src/debug/gcc/gcc/libstdc++-v3/src/c++98/istream-string.cc
fn=(5556) std::basic_istream<char, std::char_traits<char> >& std::getline<char, std::char_traits<char>, std::allocator<char> >(std::basic_istream<char, std::char_traits<char> >&, std::__cxx11::basic_string<char, std::char_traits<char>, std::allocator<char> >&, char)
124 36
+12 4
-12 12
+12 20
cfi=(87) /usr/src/debug/gcc/gcc-build/x86_64-pc-linux-gnu/libstdc++-v3/include/bits/istream.tcc
cfn=(5558) std::istream::sentry::sentry(std::istream&, bool)
calls=4 -85 
* 120
+1 8
+65 48
fi=(80)
+32 4
+5 4
fi=(77)
352 4
fe=(86)
144 4
fi=(34)
338 8
fi=(75)
494 4
350 8
fi=(77)
452 4
fi=(80)
259 4
fi=(77)
452 4
fe=(86)
153 4
fi=(80)
259 4
fi=(77)
452 8
fe=(86)
148 8
fi=(77)
405 8
fe=(86)
149 16
fi=(75)
494 4
fe=(86)
152 4
+1 8
fi=(80)
1165 4
fe=(86)
152 4
fi=(49) /usr/src/debug/gcc/gcc-build/x86_64-pc-linux-gnu/libstdc++-v3/include/bits/stl_algobase.h
+87 8
fe=(86)
-85 8
fi=(77)
405 24
cob=(2)
cfi=(2)
cfn=(5566) 0x000000000016b580
calls=4 0 
* 87
fe=(86)
160 4
fi=(80)
422 4
fi=(77)
-17 4
fe=(86)
160 12
fi=(80)
422 12
1570 20
cfi=(82)
cfn=(5576)
calls=4 444 
* 1310
fi=(75)
804 12
fe=(86)
163 4
fi=(75)
804 4
350 8
fe=(86)
149 4
fi=(77)
452 4
fe=(86)
149 8
fi=(75)
494 4
fe=(86)
178 4
fi=(75)
328 8
507 8
fe=(86)
197 4

fl=(27)
fn=(4288)
205 16

fn=(4154) std::ctype<wchar_t>::_M_initialize_ctype()
273 8
+2 3
cob=(2)
cfi=(2)
cfn=(4156) uselocale
calls=1 0 
* 22
* 1
+3 1
+6 128
-6 384
fi=(28) /usr/include/wchar.h
+73 256
cob=(2)
cfi=(2)
cfn=(4160) wctob
calls=128 0 
* 2432
fe=(27)
-70 256
+5 1
+5 3
fi=(28)
+54 2
cob=(2)
cfi=(2)
cfn=(4162) btowc
calls=1 0 
* 22
* 510
cob=(2)
cfi=(2)
cfn=(4162)
calls=255 0 
* 10090
fe=(27)
-53 256
-2 256
+1 512
+3 1
+2 28
+1 8
-1 8
+1 16
cfn=(4168) std::ctype<wchar_t>::_M_convert_to_wmask(unsigned short) const
calls=8 60 
* 1671
-1 8
+1 8
-3 8
+2 36
+1 4
-1 4
+1 4
cfn=(4168)
calls=4 60 
* 1677
* 4
-3 12
+8 1
-2 1
+2 4
-2 1
cob=(2)
cfi=(2)
cfn=(4156)
calls=1 0 
* 22
* 2

fn=(4168)
60 12
+2 73
+36 3
cob=(2)
cfi=(2)
cfn=(4170) wctype_l
calls=1 -98 
* 487
-36 21
+6 3
cob=(2)
cfi=(2)
cfn=(4170)
calls=1 -68 
* 381
+3 3
cob=(2)
cfi=(2)
cfn=(4170)
calls=1 -71 
* 540
-9 6
+18 3
cob=(2)
cfi=(2)
cfn=(4170)
calls=1 -80 
* 197
-3 3
cob=(2)
cfi=(2)
cfn=(4170)
calls=1 -77 
* 144
-3 3
cob=(2)
cfi=(2)
cfn=(4170)
calls=1 -74 
* 91
+9 3
cob=(2)
cfi=(2)
cfn=(4170)
calls=1 -83 
* 250
+21 4
-39 3
cob=(2)
cfi=(2)
cfn=(4170)
calls=1 -65 
* 328
+24 3
cob=(2)
cfi=(2)
cfn=(4170)
calls=1 -89 
* 191
-3 3
cob=(2)
cfi=(2)
cfn=(4170)
calls=1 -86 
* 593

fl=(30) /usr/src/debug/gcc/gcc/libstdc++-v3/src/c++11/cow-locale_init.cc
fn=(4208) std::locale::_Impl::_M_init_extra(std::locale::facet**)
100 10
fi=(19)
1720 1
fe=(30)
100 1
+3 1
-2 1
+1 1
fi=(19)
1720 1
fi=(17)
436 1
fe=(30)
103 1
fi=(19)
1719 4
+1 1
cfi=(31) /usr/src/debug/gcc/gcc-build/x86_64-pc-linux-gnu/libstdc++-v3/src/c++98/numeric_members_cow.cc
cfn=(4210) std::numpunct<char>::_M_initialize_numpunct(__locale_struct*)
calls=1 92 
* 421
fi=(12)
54 1
+56 2
-16 1
fi=(17)
659 4
cfi=(14)
cfn=(4128)
calls=1 507 
* 15
* 3
+56 1
436 1
715 3
cfi=(14)
cfn=(4090)
calls=1 221 
* 18
* 1
fi=(12)
110 2
-16 1
fi=(17)
659 4
cfi=(14)
cfn=(4128)
calls=1 507 
* 15
* 1
fi=(21) /usr/src/debug/gcc/gcc-build/x86_64-pc-linux-gnu/libstdc++-v3/include/bits/locale_facets_nonio.h
1108 1
fi=(17)
659 1
fi=(21)
1108 1
fi=(17)
659 1
fi=(21)
1107 1
+1 1
fi=(17)
436 1
fi=(21)
1107 3
+1 1
cfi=(32) /usr/src/debug/gcc/gcc-build/x86_64-pc-linux-gnu/libstdc++-v3/src/c++98/monetary_members_cow.cc
cfn=(4216) std::moneypunct<char, false>::_M_initialize_moneypunct(__locale_struct*, char const*)
calls=1 372 
* 114
fi=(12)
110 2
-16 1
fi=(17)
659 4
cfi=(14)
cfn=(4128)
calls=1 507 
* 15
* 2
fi=(21)
1108 1
fi=(17)
659 1
fi=(21)
1107 1
+1 2
fi=(17)
436 1
fi=(21)
1107 4
+1 1
cfi=(32)
cfn=(4218) std::moneypunct<char, true>::_M_initialize_moneypunct(__locale_struct*, char const*)
calls=1 216 
* 114
fi=(12)
110 2
-16 1
fi=(17)
659 4
cfi=(14)
cfn=(4128)
calls=1 507 
* 15
* 3
fi=(21)
1530 1
fi=(17)
436 1
fi=(21)
1530 2
fi=(12)
110 2
-16 1
fi=(17)
659 4
cfi=(14)
cfn=(4128)
calls=1 507 
* 15
* 3
fi=(21)
1690 1
fi=(17)
436 1
fi=(21)
1690 2
fi=(12)
110 2
-16 1
fi=(17)
659 4
cfi=(14)
cfn=(4128)
calls=1 507 
* 15
* 3
fi=(21)
422 1
fi=(17)
+14 1
fi=(21)
-14 2
fi=(12)
110 2
-16 1
fi=(17)
659 4
cfi=(14)
cfn=(4128)
calls=1 507 
* 15
* 2
fe=(30)
112 1
fi=(17)
659 1
fe=(30)
112 2
cfi=(25) /usr/src/debug/gcc/gcc-build/x86_64-pc-linux-gnu/libstdc++-v3/include/x86_64-pc-linux-gnu/bits/messages_members.h
cfn=(4220) std::messages<char>::messages(unsigned long)
calls=1 -68 
* 42
fi=(12)
-2 2
-16 1
fi=(17)
659 4
cfi=(14)
cfn=(4128)
calls=1 507 
* 15
* 1
fi=(19)
1720 1
fi=(17)
659 1
fi=(19)
1720 1
fi=(17)
659 1
fe=(30)
115 1
fi=(17)
436 1
fe=(30)
114 1
+1 1
fi=(19)
1719 1
fe=(30)
114 1
+2 1
fi=(19)
1719 3
+1 1
cfi=(31)
cfn=(4222) std::numpunct<wchar_t>::_M_initialize_numpunct(__locale_struct*)
calls=1 183 
* 353
fi=(12)
110 2
-16 1
fi=(17)
659 4
cfi=(14)
cfn=(4128)
calls=1 507 
* 15
* 3
+56 1
436 1
715 3
cfi=(14)
cfn=(4090)
calls=1 221 
* 18
* 1
fi=(12)
110 2
-16 1
fi=(17)
659 4
cfi=(14)
cfn=(4128)
calls=1 507 
* 15
* 1
fi=(21)
1108 1
fi=(17)
659 1
fi=(21)
1108 1
fi=(17)
659 1
fi=(21)
1107 1
+1 1
fi=(17)
436 1
fi=(21)
1107 4
+1 1
cfi=(32)
cfn=(4224) std::moneypunct<wchar_t, false>::_M_initialize_moneypunct(__locale_struct*, char const*)
calls=1 741 
* 109
fi=(12)
110 2
-16 1
fi=(17)
659 4
cfi=(14)
cfn=(4128)
calls=1 507 
* 15
* 2
fi=(21)
1108 1
fi=(17)
659 1
fi=(21)
1107 1
+1 2
fi=(17)
436 1
fi=(21)
1107 3
+1 1
cfi=(32)
cfn=(4226) std::moneypunct<wchar_t, true>::_M_initialize_moneypunct(__locale_struct*, char const*)
calls=1 558 
* 109
fi=(12)
110 2
-16 1
fi=(17)
659 4
cfi=(14)
cfn=(4128)
calls=1 507 
* 15
* 3
fi=(21)
1530 1
fi=(17)
436 1
fi=(21)
1530 2
fi=(12)
110 2
-16 1
fi=(17)
659 4
cfi=(14)
cfn=(4128)
calls=1 507 
* 15
* 3
fi=(21)
1690 1
fi=(17)
436 1
fi=(21)
1690 2
fi=(12)
110 2
-16 1
fi=(17)
659 4
cfi=(14)
cfn=(4128)
calls=1 507 
* 15
* 3
fi=(21)
422 1
fi=(17)
+14 1
fi=(21)
-14 2
fi=(12)
110 2
-16 1
fi=(17)
659 4
cfi=(14)
cfn=(4128)
calls=1 507 
* 15
* 2
fe=(30)
125 1
fi=(17)
659 1
fe=(30)
125 2
cfi=(25)
cfn=(4228) std::messages<wchar_t>::messages(unsigned long)
calls=1 -81 
* 42
fi=(12)
-15 2
-16 1
fi=(17)
659 3
cfi=(14)
cfn=(4128)
calls=1 507 
* 15
* 1
fe=(30)
129 1
fi=(17)
659 1
fe=(30)
129 2
cfi=(14)
cfn=(4128)
calls=1 507 
* 6
+1 1
-1 1
+1 2
cfi=(14)
cfn=(4128)
calls=1 507 
* 6
+1 1
-1 1
+1 2
cfi=(14)
cfn=(4128)
calls=1 507 
* 6
* 1
+2 1
-2 1
+2 2
cfi=(14)
cfn=(4128)
calls=1 507 
* 6
* 1
+1 1
-1 1
+1 2
cfi=(14)
cfn=(4128)
calls=1 507 
* 6
* 1
+1 2
-1 1
+1 1
cfi=(14)
cfn=(4128)
calls=1 507 
* 6
* 1
+2 8

fl=(15) /usr/src/debug/gcc/gcc-build/x86_64-pc-linux-gnu/libstdc++-v3/src/c++11/ctype_configure_char.cc
fn=(6118) std::ctype<char>::do_tolower(char) const
182 15

fn=(4088) std::ctype<char>::ctype(unsigned short const*, bool, unsigned long)
121 2
fi=(17)
436 1
fe=(15)
121 8
fi=(17)
436 3
fe=(15)
127 3
-5 1
cfi=(14)
cfn=(4090)
calls=1 +99 
* 149
+1 1
-1 1
+1 3
+1 2
+1 2
+1 2
+3 3
-3 1
+3 1
-2 1
+2 1
-2 1
+2 36
+1 39
+1 6
-5 2

fl=(16) /usr/src/debug/gcc/gcc-build/x86_64-pc-linux-gnu/libstdc++-v3/src/c++98/c++locale.cc
fn=(4108) std::locale::facet::_S_create_c_locale(__locale_struct*&, char const*, __locale_struct*)
134 5
+1 1
-1 1
+1 1
cob=(2)
cfi=(2)
cfn=(4110) newlocale
calls=1 0 
* 38
* 1
+1 2
+6 3

fl=(80)
fn=(5132) std::__cxx11::basic_string<char, std::char_traits<char>, std::allocator<char> >::_M_replace(unsigned long, unsigned long, char const*, unsigned long) [clone .isra.0]
422 13
fi=(82)
542 13
fe=(80)
422 13
fi=(82)
542 65
fe=(80)
1165 13
422 39
239 13
+18 13
+23 26
1279 13
fi=(82)
549 39
+2 26
+2 13
+2 39
fe=(80)
441 26
fi=(82)
570 26
+2 26
fe=(80)
450 26
fi=(77)
-21 52
cob=(2)
cfi=(2)
cfn=(4702)
calls=13 0 
* 1149306
-77 13
fe=(80)
234 13
fi=(77)
352 13
fi=(82)
583 65
fe=(80)
441 3

fn=(5552) std::basic_istream<char, std::char_traits<char> >& std::getline<char, std::char_traits<char>, std::allocator<char> >(std::basic_istream<char, std::char_traits<char> >&, std::__cxx11::basic_string<char, std::char_traits<char>, std::allocator<char> >&)
4407 28
+2 12
fi=(34)
51 12
fi=(19)
884 8
fe=(80)
4409 32
cfi=(86)
cfn=(5556)
calls=4 124 
* 1933

fl=(84) /usr/src/debug/gcc/gcc/libstdc++-v3/libsupc++/del_op.cc
fn=(5176) operator delete(void*)
48 82
+1 82
cob=(2)
cfi=(2)
cfn=(5178) free
calls=82 -49 
* 8705

fl=(78)
fn=(5096)
84 2134
+3 194
-3 194
+4 806
fi=(75)
541 209
fe=(78)
91 627
+2 207
fi=(77)
429 207
fe=(78)
93 207
fi=(49)
239 414
fe=(78)
96 207
fi=(77)
429 207
fe=(78)
97 207
fi=(77)
429 207
cob=(2)
cfi=(2)
cfn=(4702)
calls=207 0 
* 150893
fi=(75)
807 207
fe=(78)
101 427
+2 26
fi=(77)
452 26
fe=(78)
103 4
fi=(77)
452 4
fe=(78)
114 1746
fi=(77)
452 15
fe=(78)
103 30
cfi=(69)
cfn=(8000)
calls=1 545 
* 48
cfi=(79) /usr/src/debug/gcc/gcc-build/x86_64-pc-linux-gnu/libstdc++-v3/include/bits/sstream.tcc
cfn=(5102) std::__cxx11::basic_stringbuf<char, std::char_traits<char>, std::allocator<char> >::overflow(int)
calls=14 -20 
* 1164968
+1 30
+2 15
+1 30

fn=(6950) std::basic_streambuf<char, std::char_traits<char> >::xsgetn(char*, long)
50 13926276
+3 1547364
-3 7736820
+4 6189456
fi=(75)
494 1547364
fe=(78)
57 4642092
+2 1547363
fi=(77)
429 1547363
fe=(78)
59 1547363
fi=(49)
239 3094726
fe=(78)
62 1547363
fi=(77)
429 1547363
fe=(78)
63 1547363
fi=(77)
429 1547363
cob=(2)
cfi=(2)
cfn=(4702)
calls=1547363 0 
* 24757808
fi=(75)
804 1547363
fe=(78)
67 3094726
+2 4
fi=(75)
712 3
fe=(78)
80 13926276
fi=(77)
352 1
fe=(78)
73 1
-1 2
fi=(75)
712 2
cfi=(79)
cfn=(6960) std::__cxx11::basic_stringbuf<char, std::char_traits<char>, std::allocator<char> >::underflow()
calls=1 153 
* 19
+2 2
494 1
fi=(77)
-42 1
fi=(75)
+55 3
fe=(78)

fl=(87)
fn=(6948) std::istream::read(char*, long)
709 12378912
+4 1547364
-4 6189456
+3 1547364
+1 4642092
cfn=(5558)
calls=1547364 51 
* 46420920
+1 3094728
+5 1547364
fi=(75)
367 3094728
fi=(34)
-29 3094728
fi=(75)
+29 3094728
cfi=(78)
cfn=(6950)
calls=1547364 50 
* 92841851
fe=(87)
719 1547364
+1 3094728
+14 15473640

fn=(5558)
51 12378944
+4 1547368
-4 1547368
+1 1547368
+3 3094736
fi=(34)
+92 1547368
fe=(87)
-92 4642104
fi=(34)
311 3094736
fe=(87)
59 3094736
+2 3094736
+29 1547368
+6 9284208

fl=(71)
fn=(5022)
31 17
+1 17
cfi=(72) /usr/src/debug/gcc/gcc/libstdc++-v3/libsupc++/new_op.cc
cfn=(5024) operator new(unsigned long)
calls=17 +11 
* 5892

fl=(43) ???
fn=(8318) 0x00000000000ae430
0 5

fn=(8274) 0x00000000000ae4a0
0 9
cob=(2)
cfi=(2)
cfn=(8222)
calls=1 0 
0 1583
0 1
cfn=(8318)
calls=1 0 
0 5
0 3

fn=(4328) 0x00000000000ae4f0
0 12

fl=(13)
fn=(4080) std::locale::_S_initialize()
340 39
fi=(12)
54 39
fe=(13)
342 78
+3 139
fi=(129) /usr/src/debug/gcc/gcc-build/x86_64-pc-linux-gnu/libstdc++-v3/include/x86_64-pc-linux-gnu/bits/gthr-default.h
746 8
fe=(13)
340 8
fi=(129)
746 4
cob=(2)
cfi=(2)
cfn=(4092) pthread_once
calls=4 0 
* 101
fe=(13)
345 12
+2 8
-1 1
cfn=(4082) std::locale::_S_initialize_once()
calls=1 -22 
* 36139

fn=(4078)
269 273
+2 39
cfn=(4080)
calls=39 +69 
* 36576
+11 39
+1 39
-1 78
+1 78
+6 156

fn=(4084) std::locale::_Impl::_Impl(unsigned long)
490 2
+5 2
-5 11
+2 2
+3 2
+1 2
-1 49
+1 51
+3 16
+1 2
+1 1
cfi=(14)
cfn=(4086) std::locale::facet::_S_get_c_name()
calls=1 233 
* 3
+9 3
fi=(140) /usr/include/bits/string_fortified.h
29 1
fe=(13)
510 1
fi=(140)
29 1
fe=(13)
510 1
cfi=(15)
cfn=(4088)
calls=1 121 
* 269
fi=(17)
652 4
cfi=(14)
cfn=(4126) std::locale::_Impl::_M_install_facet(std::locale::id const*, std::locale::facet const*)
calls=1 325 
* 398
fe=(13)
511 3
cfi=(18)
cfn=(4134)
calls=1 38 
* 37
fi=(17)
652 4
cfi=(14)
cfn=(4126)
calls=1 325 
* 398
fi=(19)
1636 1
-1 1
+85 1
fi=(17)
436 1
fi=(19)
1633 1
+87 1
-84 1
-4 1
+4 1
+83 1
-87 1
+87 1
-85 1
+85 2
-85 2
+1 2
+1 1
fi=(17)
436 1
fi=(19)
1719 1
+1 1
cfi=(20) /usr/src/debug/gcc/gcc-build/x86_64-pc-linux-gnu/libstdc++-v3/src/c++98/numeric_members.cc
cfn=(4138) std::__cxx11::numpunct<char>::_M_initialize_numpunct(__locale_struct*)
calls=1 92 
* 421
fi=(17)
652 4
cfi=(14)
cfn=(4126)
calls=1 325 
* 398
fi=(19)
1983 1
fi=(17)
652 2
436 1
652 1
fi=(19)
1983 2
fi=(17)
652 1
cfi=(14)
cfn=(4126)
calls=1 325 
* 398
fi=(19)
2347 1
fi=(17)
652 2
436 1
652 1
fi=(19)
2347 2
fi=(17)
652 1
cfi=(14)
cfn=(4126)
calls=1 325 
* 398
+63 1
436 1
715 3
cfi=(14)
cfn=(4090)
calls=1 221 
* 18
* 1
-63 4
cfi=(14)
cfn=(4126)
calls=1 325 
* 398
fi=(21)
1026 1
-6 1
+88 1
fi=(17)
436 1
fi=(21)
1020 1
+88 2
-82 1
fi=(17)
436 1
fi=(21)
1026 1
+81 1
-88 1
+88 1
-88 2
+2 2
+1 2
+1 2
+1 1
+1 1
+1 1
fi=(17)
436 1
fi=(21)
1107 2
+1 1
cfi=(22) /usr/src/debug/gcc/gcc-build/x86_64-pc-linux-gnu/libstdc++-v3/src/c++98/monetary_members.cc
cfn=(4142) std::__cxx11::moneypunct<char, false>::_M_initialize_moneypunct(__locale_struct*, char const*)
calls=1 372 
* 114
fi=(17)
652 4
cfi=(14)
cfn=(4126)
calls=1 325 
* 398
fi=(21)
1026 1
+82 2
fi=(17)
436 1
fi=(21)
1019 1
+89 1
-82 1
-7 1
+7 1
-6 2
+87 1
-88 1
+88 1
-86 1
+86 2
-86 1
+1 2
+1 2
+1 1
+1 1
+1 1
fi=(17)
436 1
fi=(21)
1107 1
+1 1
cfi=(22)
cfn=(4144) std::__cxx11::moneypunct<char, true>::_M_initialize_moneypunct(__locale_struct*, char const*)
calls=1 216 
* 114
fi=(17)
652 4
cfi=(14)
cfn=(4126)
calls=1 325 
* 398
fi=(21)
1530 1
fi=(17)
652 2
436 1
652 1
fi=(21)
1530 2
fi=(17)
652 1
cfi=(14)
cfn=(4126)
calls=1 325 
* 398
fi=(21)
1690 1
fi=(17)
652 2
436 1
652 1
fi=(21)
1690 2
fi=(17)
652 1
cfi=(14)
cfn=(4126)
calls=1 325 
* 398
fi=(21)
138 1
-13 1
fi=(17)
436 1
fe=(13)
+97 1
fi=(21)
138 1
fe=(13)
533 2
fi=(21)
138 1
-13 1
+13 2
-13 22
fe=(13)
533 1
cfi=(23) /usr/src/debug/gcc/gcc-build/x86_64-pc-linux-gnu/libstdc++-v3/include/x86_64-pc-linux-gnu/bits/time_members.h
cfn=(4146) std::__timepunct<char>::__timepunct(std::__timepunct_cache<char>*, unsigned long)
calls=1 48 
* 179
fi=(17)
652 4
cfi=(14)
cfn=(4126)
calls=1 325 
* 398
fi=(21)
422 1
fi=(17)
652 2
436 1
652 1
fi=(21)
422 2
fi=(17)
652 1
cfi=(14)
cfn=(4126)
calls=1 325 
* 398
fi=(21)
859 1
fi=(17)
652 2
436 1
652 1
fi=(21)
859 2
fi=(17)
652 1
cfi=(14)
cfn=(4126)
calls=1 325 
* 398
fe=(13)
537 3
cfi=(25)
cfn=(4150) std::__cxx11::messages<char>::messages(unsigned long)
calls=1 44 
* 42
fi=(17)
652 4
cfi=(14)
cfn=(4126)
calls=1 325 
* 398
fe=(13)
540 3
cfi=(26)
cfn=(4152) std::ctype<wchar_t>::ctype(unsigned long)
calls=1 103 
* 18710
fi=(17)
652 4
cfi=(14)
cfn=(4126)
calls=1 325 
* 398
fe=(13)
541 3
cfi=(18)
cfn=(4192)
calls=1 118 
* 37
fi=(17)
652 4
cfi=(14)
cfn=(4126)
calls=1 325 
* 398
fi=(19)
1636 1
+84 1
fi=(17)
436 2
fi=(19)
1633 1
+87 1
-84 1
-4 1
+4 1
+83 1
-87 1
+87 1
-85 3
+1 2
+1 1
fi=(17)
436 1
fi=(19)
1719 2
+1 1
cfi=(20)
cfn=(4194) std::__cxx11::numpunct<wchar_t>::_M_initialize_numpunct(__locale_struct*)
calls=1 183 
* 353
fi=(17)
652 4
cfi=(14)
cfn=(4126)
calls=1 325 
* 398
fi=(19)
1983 1
fi=(17)
652 2
436 1
652 1
fi=(19)
1983 2
fi=(17)
652 1
cfi=(14)
cfn=(4126)
calls=1 325 
* 398
fi=(19)
2347 1
fi=(17)
652 2
436 1
652 1
fi=(19)
2347 2
fi=(17)
652 1
cfi=(14)
cfn=(4126)
calls=1 325 
* 398
+63 1
436 1
715 3
cfi=(14)
cfn=(4090)
calls=1 221 
* 18
* 8
-64 2
+1 8
cfi=(14)
cfn=(4126)
calls=1 325 
* 398
fi=(21)
1026 1
+82 2
fi=(17)
436 1
fi=(21)
1019 1
+89 1
-82 1
-7 1
+7 1
+81 1
-88 1
+88 1
-87 1
+87 2
-86 2
+1 2
+1 2
+1 1
+1 1
+1 1
fi=(17)
436 1
fi=(21)
1107 1
+1 1
cfi=(22)
cfn=(4196) std::__cxx11::moneypunct<wchar_t, false>::_M_initialize_moneypunct(__locale_struct*, char const*)
calls=1 741 
* 109
fi=(17)
652 4
cfi=(14)
cfn=(4126)
calls=1 325 
* 398
fi=(21)
1026 1
+82 2
fi=(17)
436 1
fi=(21)
1019 1
+89 1
-82 1
-7 1
+7 1
+81 1
-88 1
+88 1
-87 1
+1 2
+1 2
+1 2
+1 1
+1 1
+1 1
fi=(17)
436 1
fi=(21)
1107 2
+1 1
cfi=(22)
cfn=(4198) std::__cxx11::moneypunct<wchar_t, true>::_M_initialize_moneypunct(__locale_struct*, char const*)
calls=1 558 
* 109
fi=(17)
652 4
cfi=(14)
cfn=(4126)
calls=1 325 
* 398
fi=(21)
1530 1
fi=(17)
652 2
436 1
652 1
fi=(21)
1530 2
fi=(17)
652 1
cfi=(14)
cfn=(4126)
calls=1 325 
* 398
fi=(21)
1690 1
fi=(17)
652 2
436 1
652 1
fi=(21)
1690 2
fi=(17)
652 1
cfi=(14)
cfn=(4126)
calls=1 325 
* 398
fi=(21)
138 1
-13 1
fi=(17)
436 1
fe=(13)
563 1
fi=(21)
138 1
fe=(13)
563 2
fi=(21)
138 1
-13 1
+13 2
-13 22
fe=(13)
563 1
cfi=(23)
cfn=(4200) std::__timepunct<wchar_t>::__timepunct(std::__timepunct_cache<wchar_t>*, unsigned long)
calls=1 48 
* 175
fi=(17)
+89 4
cfi=(14)
cfn=(4126)
calls=1 325 
* 398
fi=(21)
422 1
fi=(17)
652 2
436 1
652 1
fi=(21)
422 2
fi=(17)
652 1
cfi=(14)
cfn=(4126)
calls=1 325 
* 398
fi=(21)
859 1
fi=(17)
652 2
436 1
652 1
fi=(21)
859 2
fi=(17)
652 1
cfi=(14)
cfn=(4126)
calls=1 325 
* 398
fe=(13)
-85 3
cfi=(25)
cfn=(4204) std::__cxx11::messages<wchar_t>::messages(unsigned long)
calls=1 44 
* 42
fi=(17)
+85 4
cfi=(14)
cfn=(4126)
calls=1 325 
* 398
fi=(29)
489 1
fi=(17)
652 2
436 1
652 1
fi=(29)
489 2
fi=(17)
652 1
cfi=(14)
cfn=(4126)
calls=1 325 
* 398
fi=(29)
546 1
fi=(17)
652 2
436 1
652 1
fi=(29)
546 2
fi=(17)
652 1
cfi=(14)
cfn=(4126)
calls=1 325 
* 398
fi=(29)
-48 1
fi=(17)
+48 2
436 1
652 1
fi=(29)
-48 2
fi=(17)
+48 1
cfi=(14)
cfn=(4126)
calls=1 325 
* 398
fi=(29)
+9 1
fi=(17)
-9 2
436 1
652 1
fi=(29)
+9 2
fi=(17)
-9 1
cfi=(14)
cfn=(4126)
calls=1 325 
* 398
fe=(13)
-62 2
+3 2
-3 4
+3 1
cfi=(30)
cfn=(4208)
calls=1 100 
* 1926
+5 3
cfi=(14)
cfn=(4128)
calls=1 -91 
* 6
* 1
+1 1
-1 1
+1 2
cfi=(14)
cfn=(4128)
calls=1 -92 
* 6
+1 1
-1 1
+1 2
cfi=(14)
cfn=(4128)
calls=1 -93 
* 6
* 1
+1 1
-1 1
+1 2
cfi=(14)
cfn=(4128)
calls=1 -94 
* 6
* 1
+2 1
-2 1
+2 2
cfi=(14)
cfn=(4128)
calls=1 -96 
* 6
+1 1
-1 1
+1 2
cfi=(14)
cfn=(4128)
calls=1 -97 
* 6
* 1
+1 1
-1 1
+1 2
cfi=(14)
cfn=(4128)
calls=1 -98 
* 6
+1 2
-1 1
+1 1
cfi=(14)
cfn=(4128)
calls=1 -99 
* 6
* 2
+2 11

fn=(4082)
324 2
+4 7
-4 1
+9 2
-9 1
+9 1
cfn=(4084)
calls=1 490 
* 36118
* 2
+2 2
-2 1
+1 2
+2 1
-1 1
cfi=(14)
cfn=(4230) std::locale::locale(std::locale::_Impl*)
calls=1 88 
* 3

fl=(14)
fn=(5678) std::locale::locale(std::locale const&)
78 8
+1 8
+2 8
-2 8
+2 16
+2 8

fn=(4246)
120 38
+1 95
+4 38
+2 38
-4 57

fn=(4128)
507 887
+1 2661
fi=(12)
54 48
fe=(14)
521 96
+22 288
+2 48
+1 48
-1 839
+1 839

fn=(4086)
233 21

fn=(4090)
221 14
fi=(129)
746 28
fe=(14)
221 28
fi=(129)
746 14
cob=(2)
cfi=(2)
cfn=(4092)
calls=14 0 
* 215
fe=(14)
226 56
+3 28

fn=(4106) std::locale::facet::_S_initialize_once()
208 1
+4 3
+4 3
cfi=(16)
cfn=(4108)
calls=1 -82 
* 52

fn=(4248)
91 33
+2 132
fi=(17)
605 33
fe=(14)

fn=(4230)
88 2
+1 1

fn=(4126)
325 320
+1 128
+2 32
cfn=(4128)
calls=32 507 
* 480
+3 32
-3 32
+3 96
fi=(12)
54 32
+40 32
+16 64
-16 32
fe=(14)
369 64
+1 32
-1 32
+1 64
+36 96
+15 4768
+2 1536
+1 4608
+7 256

fl=(10) /usr/src/debug/gcc/gcc/libstdc++-v3/src/c++98/globals_io.cc
fn=(4072) _GLOBAL__sub_I.00090_globals_io.cc
118 2
-38 1
+38 1
-38 1
cfi=(11)
cfn=(4074)
calls=1 -2 
* 39311
* 2
+38 1
-38 2
cob=(2)
cfi=(2)
cfn=(4292) __cxa_atexit
calls=1 -80 
* 73

fl=(130) /usr/src/debug/gcc/gcc-build/x86_64-pc-linux-gnu/libstdc++-v3/include/bits/ostream_insert.h
fn=(7988) std::basic_ostream<char, std::char_traits<char> >& std::__ostream_insert<char, std::char_traits<char> >(std::basic_ostream<char, std::char_traits<char> >&, char const*, long)
84 22
+6 4
-6 6
+6 2
cfi=(131)
cfn=(7990) std::ostream::sentry::sentry(std::ostream&)
calls=2 -40 
* 30
+1 4
+4 6
fi=(36)
790 4
fe=(130)
96 4
fi=(36)
801 2
fi=(37)
577 8
+1 4
fe=(130)
121 24
fi=(34)
338 2
fi=(75)
460 8
cfi=(69)
cfn=(7994)
calls=2 759 
* 270
fe=(130)
60 6
-1 4

fl=(110) /usr/src/debug/gcc/gcc/libstdc++-v3/libsupc++/del_ops.cc
fn=(6004) operator delete(void*, unsigned long)
32 52
+1 52
cfi=(84)
cfn=(5176)
calls=52 +15 
* 3602

fl=(131)
fn=(8044) std::ostream& std::ostream::_M_insert<unsigned long>(unsigned long)
67 39
+3 9
cfn=(7990)
calls=3 -20 
* 45
+1 6
+6 12
fi=(34)
-26 6
389 6
fi=(19)
2413 3
fi=(34)
338 3
fi=(19)
2413 12
fi=(134) /usr/src/debug/gcc/gcc-build/x86_64-pc-linux-gnu/libstdc++-v3/include/bits/streambuf_iterator.h
287 6
fi=(19)
2413 3
cfn=(8050)
calls=3 2553 
* 810
fe=(131)
82 6
fi=(37)
577 12
+1 6
fe=(131)
96 36

fn=(8020)
157 17021037
+9 4642101
cfn=(7990)
calls=1547367 50 
* 23210505
+1 3094734
+5 1547367
fi=(34)
338 3094734
fi=(75)
541 1547367
436 3094734
+2 1547179
554 1547179
fi=(37)
+23 6188716
+1 3094358
-1 752
+1 376
fe=(131)
187 15473670
fi=(75)
443 188
fi=(77)
+9 188
fi=(75)
-9 188
cfi=(69)
cfn=(8000)
calls=188 545 
* 39480
fe=(131)
173 376

fn=(8024)
225 42
+8 6
-8 18
fi=(34)
338 6
fe=(131)
233 12
+2 18
cfn=(7990)
calls=6 50 
* 238
+1 12
+5 6
fi=(34)
+97 12
fi=(75)
-58 12
cfi=(33)
cfn=(8292) __gnu_cxx::stdio_sync_filebuf<char, std::char_traits<char> >::sync()
calls=3 -87 
* 225
cfi=(69)
cfn=(8026)
calls=3 1013 
* 663
fe=(131)
-39 12
fi=(37)
577 24
+1 12
fe=(131)
256 60
fi=(37)
577 3
+1 2
cfi=(136) /usr/src/debug/gcc/gcc/libstdc++-v3/libsupc++/eh_catch.cc
cfn=(8298) std::uncaught_exception()
calls=1 138 
* 29
* 2
-63 1
fi=(34)
338 1
fi=(37)
515 1
+1 1
+69 2
fi=(75)
280 2
cfi=(33)
cfn=(8292)
calls=1 -87 
* 75
fi=(37)
585 2
-66 5
fe=(131)

fn=(8025) std::ostream::flush()'2
225 7
+8 1
-8 3
fi=(34)
338 1
fe=(131)
233 2
+2 3
cfn=(7991) std::ostream::sentry::sentry(std::ostream&)'2
calls=1 50 
* 15
+1 2
+5 1
fi=(34)
+97 2
fi=(75)
-58 2
cfi=(33)
cfn=(8292)
calls=1 -87 
* 75
fe=(131)
-39 2
fi=(37)
577 4
+1 2
fe=(131)
256 10

fn=(8306)
225 21
+8 3
-8 9
fi=(34)
338 3
fe=(131)
233 6
+2 9
cfn=(8308) std::basic_ostream<wchar_t, std::char_traits<wchar_t> >::sentry::sentry(std::basic_ostream<wchar_t, std::char_traits<wchar_t> >&)
calls=3 50 
* 193
+1 6
+5 3
fi=(34)
+97 6
fi=(75)
-58 6
cfi=(33)
cfn=(8310) __gnu_cxx::stdio_sync_filebuf<wchar_t, std::char_traits<wchar_t> >::sync()
calls=3 -87 
* 225
fe=(131)
-39 6
fi=(37)
577 12
+1 6
fe=(131)
256 30
fi=(37)
577 3
+1 2
cfi=(136)
cfn=(8298)
calls=1 138 
* 29
* 2
-63 1
fi=(34)
338 1
fi=(37)
515 1
+1 1
+69 2
fi=(75)
280 2
cfi=(33)
cfn=(8310)
calls=1 -87 
* 75
fi=(37)
585 2
-66 5
fe=(131)

fn=(8307) std::basic_ostream<wchar_t, std::char_traits<wchar_t> >::flush()'2
225 7
+8 1
-8 3
fi=(34)
338 1
fe=(131)
233 2
+2 3
cfn=(8309) std::basic_ostream<wchar_t, std::char_traits<wchar_t> >::sentry::sentry(std::basic_ostream<wchar_t, std::char_traits<wchar_t> >&)'2
calls=1 50 
* 15
+1 2
+5 1
fi=(34)
+97 2
fi=(75)
-58 2
cfi=(33)
cfn=(8310)
calls=1 -87 
* 75
fe=(131)
-39 2
fi=(37)
577 4
+1 2
fe=(131)
256 10

fn=(8308)
50 3
+5 3
-3 3
-2 3
+2 3
+3 6
fi=(34)
311 3
147 3
fe=(131)
-92 8
-5 1
+6 1
-6 4
+6 1
cfn=(8307)
calls=1 225 
* 132
+2 4
fi=(34)
+89 1
fe=(131)
-89 3
+1 1
+3 2
-4 4
+1 4

fn=(8309)
50 1
+5 1
-3 1
-2 1
+2 1
+3 2
fi=(34)
311 1
147 1
fe=(131)
-92 2
+3 2
+1 2

fn=(7990)
50 1547378
+5 1547378
-3 1547378
-2 1547378
+2 1547378
+3 3094756
fi=(34)
311 1547378
147 1547378
fe=(131)
-92 3094758
-5 1
+6 1
-6 4
+6 1
cfn=(8025)
calls=1 225 
* 132
+2 4
fi=(34)
+89 1
fe=(131)
-89 3
+1 1
+3 2
-4 3094754
+1 3094754

fn=(7991)
50 1
+5 1
-3 1
-2 1
+2 1
+3 2
fi=(34)
311 1
147 1
fe=(131)
-92 2
+3 2
+1 2

fl=(33)
fn=(8310)
193 5
+1 10
cob=(2)
cfi=(2)
cfn=(8294) fflush
calls=5 0 
* 360

fn=(8292)
193 5
+1 10
cob=(2)
cfi=(2)
cfn=(8294)
calls=5 0 
* 360

fl=(32)
fn=(4218)
216 11
+1 2
+3 2
+3 1
+12 1
-10 1
-2 1
+1 1
+11 1
-11 1
+1 2
+1 1
+1 1
+1 1
+1 1
+1 1
+1 1
+1 1
+1 1
+1 1
+1 1
+1 2
+3 2
-1 2
+1 3
-1 3
+1 30
-1 30
366 8

fn=(4226)
558 13
+1 2
+3 2
731 11
565 2
+5 1
-3 1
-2 1
+12 1
-7 1
+7 1
-5 1
+2 1
+3 1
-10 1
+1 1
+1 1
+2 1
+2 1
+2 1
+1 1
+2 2
+5 1
-1 1
+1 1
-2 2
+2 2
-2 3
+2 20
-2 31

fn=(4216)
372 11
+1 2
+3 2
+3 1
+12 1
-10 1
-2 1
+1 1
+11 1
-11 1
+1 2
+1 1
+1 1
+1 1
+1 1
+1 1
+1 1
+1 1
+1 1
+1 1
+1 1
+1 2
+3 2
-1 2
+1 3
-1 3
+1 30
-1 30
517 8

fn=(4224)
741 13
+1 2
+3 2
914 11
748 2
+5 1
-3 1
-2 1
+12 1
-7 1
+7 1
-5 1
+2 1
+3 1
-10 1
+1 1
+1 1
+2 1
+2 1
+2 1
+1 1
+2 2
+5 1
-1 1
+1 1
-2 2
+2 2
-2 3
+2 20
-2 31

fl=(44) /usr/src/debug/gcc/gcc/libstdc++-v3/src/c++11/compatibility-c++0x.cc
fn=(8282) std::error_category::~error_category()
182 4

fn=(8284) std::(anonymous namespace)::generic_error_category::~generic_error_category()
188 4
cfn=(8282)
calls=1 -6 
* 2

fn=(4336) std::error_category::error_category()
180 10

fn=(8280) std::(anonymous namespace)::system_error_category::~system_error_category()
203 4
cfn=(8282)
calls=1 -21 
* 2

fn=(4334) _GLOBAL__sub_I_compatibility_c__0x.cc
260 2
-72 1
+30 1
+42 1
-72 1
cfn=(4336)
calls=1 -8 
* 5
* 1
+30 3
-30 1
+30 1
cob=(2)
cfi=(2)
cfn=(4292)
calls=1 0 
* 76
-15 1
+16 1
-16 1
cfn=(4336)
calls=1 -23 
* 5
* 1
+57 1
-42 1
-15 1
+15 3
cob=(2)
cfi=(2)
cfn=(4292)
calls=1 0 
* 76

fl=(25)
fn=(4228)
44 2
fi=(17)
436 3
fe=(25)
44 4
fi=(17)
436 1
fe=(25)
46 3
-1 1
cfi=(14)
cfn=(4090)
calls=1 221 
* 18
* 1
+1 1
cfi=(14)
cfn=(4086)
calls=1 233 
* 3
* 1
+1 4

fn=(4220)
44 2
fi=(17)
436 3
fe=(25)
44 4
fi=(17)
436 1
fe=(25)
46 3
-1 1
cfi=(14)
cfn=(4090)
calls=1 221 
* 18
* 1
+1 1
cfi=(14)
cfn=(4086)
calls=1 233 
* 3
* 1
+1 4

fn=(4150)
44 2
fi=(17)
436 3
fe=(25)
44 4
fi=(17)
436 1
fe=(25)
46 3
-1 1
cfi=(14)
cfn=(4090)
calls=1 221 
* 18
* 1
+1 1
cfi=(14)
cfn=(4086)
calls=1 233 
* 3
* 1
+1 4

fn=(4204)
44 2
fi=(17)
436 3
fe=(25)
44 4
fi=(17)
436 1
fe=(25)
46 3
-1 1
cfi=(14)
cfn=(4090)
calls=1 221 
* 18
* 1
+1 1
cfi=(14)
cfn=(4086)
calls=1 233 
* 3
* 1
+1 4

fl=(50) /usr/src/debug/gcc/gcc/libstdc++-v3/src/c++98/bitmap_allocator.cc
fn=(4556) _GLOBAL__sub_I_bitmap_allocator.cc
127 1
fi=(51) /usr/src/debug/gcc/gcc-build/x86_64-pc-linux-gnu/libstdc++-v3/include/ext/bitmap_allocator.h
1113 4
106 5
1126 3
+5 3
fi=(52) /usr/src/debug/gcc/gcc-build/x86_64-pc-linux-gnu/libstdc++-v3/include/ext/concurrence.h
134 1
fi=(51)
1131 1
fi=(52)
134 13
fi=(51)
1113 4
106 5
1126 3
+5 3
fi=(52)
134 1
fi=(51)
1131 1
fi=(52)
134 13
fe=(50)
-7 1
fi=(51)
1126 1
412 2
+9 1
-9 1
+10 1
1126 1
412 2
+9 1
-9 1
+10 1
fe=(50)

fl=(47) /usr/src/debug/gcc/gcc/libstdc++-v3/src/c++11/future.cc
fn=(4342) std::future_category()
89 3

fl=(23)
fn=(4146)
48 2
fi=(17)
436 2
fe=(23)
49 1
fi=(17)
436 1
fe=(23)
48 4
fi=(17)
436 1
fe=(23)
50 1
-1 1
+1 3
cfi=(14)
cfn=(4086)
calls=1 233 
* 3
+1 2
-1 1
+1 1
cfi=(24) /usr/src/debug/gcc/gcc-build/x86_64-pc-linux-gnu/libstdc++-v3/src/c++98/time_members.cc
cfn=(4148) std::__timepunct<char>::_M_initialize_timepunct(__locale_struct*)
calls=1 +15 
* 152
* 4

fn=(4200)
48 2
fi=(17)
436 2
fe=(23)
49 1
fi=(17)
436 1
fe=(23)
48 4
fi=(17)
436 1
fe=(23)
50 1
-1 1
+1 3
cfi=(14)
cfn=(4086)
calls=1 233 
* 3
+1 2
-1 1
+1 1
cfi=(24)
cfn=(4202) std::__timepunct<wchar_t>::_M_initialize_timepunct(__locale_struct*)
calls=1 222 
* 148
* 4

fl=(136)
fn=(8298)
138 6
+2 2
cfi=(137)
cfn=(8300)
calls=2 -78 
* 40
+5 2
-4 6
+4 2

fl=(74) /usr/src/debug/gcc/gcc/libstdc++-v3/src/c++98/streambuf.cc
fn=(5070) long std::__copy_streambufs_eof<char, std::char_traits<char> >(std::basic_streambuf<char, std::char_traits<char> >*, std::basic_streambuf<char, std::char_traits<char> >*, bool&)
39 12
fi=(75)
494 1
+3 1
fe=(74)
42 1
fi=(75)
350 2
fe=(74)
39 2
fi=(75)
460 756
cfi=(78)
cfn=(5096)
calls=189 84 
* 1324134
804 189
fe=(74)
51 189
+1 378
fi=(75)
353 567
cfi=(69)
cfn=(5074)
calls=189 -26 
* 27780
fe=(74)
44 566
fi=(75)
494 188
fe=(74)
46 188
+1 376
-1 1
+1 2
+25 9
fi=(75)
353 1
fe=(74)
44 1
fi=(75)
353 1
cfi=(69)
cfn=(5074)
calls=1 -26 
* 147
fe=(74)
44 2
fi=(75)
497 1
-3 2
fe=(74)

fl=(37)
fn=(8042) std::ostream::operator<<(unsigned int)
200 3
+4 6
cfi=(131)
cfn=(8044)
calls=3 67 
* 1020

fn=(8078) std::basic_ostream<char, std::char_traits<char> >& std::operator<< <std::char_traits<char> >(std::basic_ostream<char, std::char_traits<char> >&, unsigned char)
658 10831548
-14 3094728
fi=(36)
790 1547364
fe=(37)
644 3094728
+15 7736820
-13 4642092
cfi=(131)
cfn=(8020)
calls=1547364 157 
* 85145064
+1 1547364
+12 1547364

fn=(7984) std::basic_ostream<char, std::char_traits<char> >& std::operator<< <std::char_traits<char> >(std::basic_ostream<char, std::char_traits<char> >&, char const*)
734 12
+2 4
fi=(77)
393 6
cob=(2)
cfi=(2)
cfn=(4174)
calls=2 0 
* 28
fe=(37)
739 8
cfi=(130)
cfn=(7988)
calls=2 84 
* 410
+3 8

fn=(8014) std::ostream::operator<<(std::ostream& (*)(std::ostream&))
116 3
+5 3
cfi=(132)
cfn=(8016)
calls=3 -55 
* 1059

fl=(72)
fn=(5024)
43 164
+4 82
-4 246
+4 246
+3 164
cob=(2)
cfi=(2)
cfn=(4364) malloc
calls=82 -50 
* 20838
* 164
+9 246

fl=(26)
fn=(4152)
103 2
fi=(17)
436 3
fe=(26)
103 4
fi=(17)
436 1
fe=(26)
105 4
cfi=(14)
cfn=(4090)
calls=1 221 
* 18
* 1
+1 1
-1 1
+1 4
cfi=(27)
cfn=(4154)
calls=1 273 
* 18671

fn=(4258)
90 2
+3 10
-3 2
+3 9
-3 2
+3 1
-3 3
+3 4
-1 1
+1 1
-1 1
+1 1
-1 3
+1 410
-1 15
+1 180
-1 30
+1 6
-1 1
+1 12
-1 2
+2 5
fi=(19)
1120 32
fe=(26)
98 4
cob=(2)
cfi=(2)
cfn=(4180) 0x000000000016b820
calls=1 -98 
* 47
+1 4
+1 6

fl=(22)
fn=(4144)
216 11
+1 2
+3 2
+3 1
+12 1
-10 1
-2 1
+1 1
+11 1
-11 1
+1 2
+1 1
+1 1
+1 1
+1 1
+1 1
+1 1
+1 1
+1 1
+1 1
+1 1
+1 2
+3 2
-1 2
+1 3
-1 3
+1 30
-1 30
366 8

fn=(4198)
558 13
+1 2
+3 2
731 11
565 2
+5 1
-3 1
-2 1
+12 1
-7 1
+7 1
-5 1
+2 1
+3 1
-10 1
+1 1
+1 1
+2 1
+2 1
+2 1
+1 1
+2 2
+5 1
-1 1
+1 1
-2 2
+2 2
-2 3
+2 20
-2 31

fn=(4142)
372 11
+1 2
+3 2
+3 1
+12 1
-10 1
-2 1
+1 1
+11 1
-11 1
+1 2
+1 1
+1 1
+1 1
+1 1
+1 1
+1 1
+1 1
+1 1
+1 1
+1 1
+1 2
+3 2
-1 2
+1 3
-1 3
+1 30
-1 30
517 8

fn=(4196)
741 13
+1 2
+3 2
914 11
748 2
+5 1
-3 1
-2 1
+12 1
-7 1
+7 1
-5 1
+2 1
+3 1
-10 1
+1 1
+1 1
+2 1
+2 1
+2 1
+1 1
+2 2
+5 1
-1 1
+1 1
-2 2
+2 2
-2 3
+2 20
-2 31

fl=(65) /usr/src/debug/gcc/gcc-build/x86_64-pc-linux-gnu/libstdc++-v3/include/sstream
fn=(4880) std::__cxx11::basic_stringstream<char, std::char_traits<char>, std::allocator<char> >::basic_stringstream()
1041 7
fi=(34)
477 1
fe=(65)
1041 9
fi=(34)
477 1
cfi=(35)
cfn=(4236)
calls=1 76 
* 86
fi=(41)
702 1
fi=(34)
476 1
fi=(41)
703 1
fi=(34)
477 1
fi=(41)
702 2
+1 1
fi=(34)
476 2
fi=(41)
702 2
fi=(34)
477 2
fi=(41)
703 1
cfi=(38)
cfn=(4242)
calls=1 131 
* 157
fi=(37)
441 7
cfi=(38)
cfn=(4242)
calls=1 131 
* 157
fe=(65)
1042 3
fi=(75)
475 1
fe=(65)
1042 7
fi=(75)
475 1
cfi=(13)
cfn=(4078)
calls=1 269 
* 26
fe=(65)
136 2
1043 1
fi=(80)
234 1
fe=(65)
1043 1
136 1
fi=(77)
352 1
fe=(65)
136 1
fi=(80)
246 2
fe=(65)
1043 1
cfi=(38)
cfn=(4242)
calls=1 131 
* 157
* 6

fn=(8130) std::__cxx11::basic_stringstream<char, std::char_traits<char>, std::allocator<char> >::~basic_stringstream()
1083 6
+1 6
fi=(80)
257 1
fe=(65)
1084 1
fi=(80)
239 1
+41 2
fi=(83) /usr/src/debug/gcc/gcc-build/x86_64-pc-linux-gnu/libstdc++-v3/include/bits/new_allocator.h
172 1
cfi=(84)
cfn=(5176)
calls=1 48 
* 62
fi=(75)
+35 5
cfi=(14)
cfn=(4248)
calls=1 91 
* 6
fi=(37)
101 1
fi=(41)
+7 1
fi=(34)
296 1
fi=(37)
101 1
fi=(41)
+7 2
fi=(34)
296 3
fe=(65)
1084 2
fi=(34)
296 1
cfi=(35)
cfn=(5530)
calls=1 87 
* 61
fe=(65)

fl=(31)
fn=(4210)
92 10
+1 2
+3 2
+68 2
+1 1
-1 1
+3 2
+1 1
+1 7
-70 3
+1 1
+1 1
+2 1
+1 2
+3 2
-1 4
+1 3
-1 3
+1 105
-1 105
+4 2
-1 4
+1 3
-1 3
+1 75
-1 76

fn=(4222)
183 9
+1 2
+3 2
+69 1
+1 1
-1 1
+3 2
+1 1
+1 6
-71 3
+4 1
-3 1
+3 1
+6 1
-8 1
+8 1
-2 4
+2 2
-2 3
+2 70
-2 105
+6 2
-2 2
+2 2
-2 3
+2 50
-2 76

fl=(20)
fn=(4194)
183 9
+1 2
+3 2
+69 1
+1 1
-1 1
+3 2
+1 1
+1 6
-71 3
+4 1
-3 1
+3 1
+6 1
-8 1
+8 1
-2 4
+2 2
-2 3
+2 70
-2 105
+6 2
-2 2
+2 2
-2 3
+2 50
-2 76

fn=(4138)
92 10
+1 2
+3 2
+68 2
+1 1
-1 1
+3 2
+1 1
+1 7
-70 3
+1 1
+1 1
+2 1
+1 2
+3 2
-1 4
+1 3
-1 3
+1 105
-1 105
+4 2
-1 4
+1 3
-1 3
+1 75
-1 76

fl=(53) /usr/src/debug/gcc/gcc/libstdc++-v3/src/c++98/parallel_settings.cc
fn=(4562) _GLOBAL__sub_I_parallel_settings.cc
42 1
fi=(141) /usr/src/debug/gcc/gcc-build/x86_64-pc-linux-gnu/libstdc++-v3/include/parallel/settings.h
290 1
+10 1
+3 1
-5 1
-9 1
+1 3
+13 2
-13 1
+10 1
+2 1
-2 1
+9 1
-9 1
+3 1
+8 1
+3 1
+3 1
+5 3
+8 1
-28 1
-13 1
+41 2
-41 3
+39 1
+2 2
-2 1
-39 1
+27 1
-27 1
+14 1
+27 1
+6 1
+2 1
+2 1
-4 1
+2 1
fe=(53)
42 1

fl=(45) /usr/src/debug/gcc/gcc/libstdc++-v3/src/c++11/compatibility-condvar.cc
fn=(4338) _GLOBAL__sub_I_compatibility_condvar.cc
108 1
-26 1
+26 1

fl=(48) /usr/src/debug/gcc/gcc/libstdc++-v3/libsupc++/eh_alloc.cc
fn=(4344) _GLOBAL__sub_I_eh_alloc.cc
456 2
fi=(52)
134 1
fe=(48)
+61 1
456 10
fi=(52)
134 2
fe=(48)
+53 1
fi=(52)
-53 1
fe=(48)
+53 2
+8 1
cob=(2)
cfi=(2)
cfn=(4346) secure_getenv
calls=1 0 
* 530
+7 1
-7 1
+7 3
fi=(142) /usr/src/debug/gcc/gcc-build/x86_64-pc-linux-gnu/libstdc++-v3/include/string_view
-56 1
-1 1
+1 1
fi=(143) /usr/src/debug/gcc/gcc-build/x86_64-pc-linux-gnu/libstdc++-v3/include/bits/stl_pair.h
902 1
fe=(48)
203 2
fi=(49)
+36 2
fe=(48)
-49 1
fi=(49)
+49 2
fe=(48)
-11 1
-38 2
+42 2
-94 3
+94 1
+1 1
456 11
235 2
cob=(2)
cfi=(2)
cfn=(4364)
calls=1 0 
* 1727
* 1
+1 2
+12 1
-3 1
+2 1
+1 2

fl=(135) /usr/src/debug/gcc/gcc-build/x86_64-pc-linux-gnu/libstdc++-v3/include/bits/shared_ptr_atomic.h
fn=(8286) std::atomic<std::shared_ptr<std::chrono::tzdb_list::_Node> >::~atomic()
631 1
fi=(144) /usr/src/debug/gcc/gcc-build/x86_64-pc-linux-gnu/libstdc++-v3/include/bits/atomic_base.h
501 1
fe=(135)
-76 2
+1 3

fl=(133)
fn=(8058) int std::__int_to_char<char, unsigned long>(char*, unsigned long, char const*, std::_Ios_Fmtflags, bool)
819 9
+4 6
+5 39
+3 3
-2 3
-1 6
+3 3
-3 48
+3 6
-2 6
-1 12
+3 6
+25 6
+1 3

fn=(8054) std::__use_cache<std::__numpunct_cache<char> >::operator()(std::locale const&) const [clone .isra.0]
57 18
+2 3
-2 3
+2 3
cfi=(14)
cfn=(4128)
calls=3 507 
* 18
* 3
+1 3
+1 15
+16 18

fn=(8052)
875 39
fi=(36)
-22 3
fe=(133)
+22 12
+9 3
cfn=(8054)
calls=3 57 
* 84
fi=(36)
695 3
fe=(133)
884 3
+1 3
+5 18
fi=(36)
87 3
fe=(133)
890 3
+11 6
fi=(36)
87 3
fe=(133)
890 3
+6 3
fi=(36)
87 3
fe=(133)
901 3
-5 3
+1 3
+4 3
-4 3
-1 3
+5 12
cfn=(8058)
calls=3 -82 
* 156
+4 3
-3 3
+3 3
-3 3
-1 3
+1 6
+3 6
+13 6
fi=(36)
790 3
fe=(133)
947 9
fi=(36)
801 3
+1 3
fi=(134)
329 6
fi=(75)
460 12
cfi=(69)
cfn=(7994)
calls=3 759 
* 306
fi=(134)
331 15
fe=(133)
959 33

fl=(24)
fn=(4148)
66 8
+1 2
+3 2
192 9
73 1
cfi=(14)
cfn=(4090)
calls=1 221 
* 18
+2 3
-2 1
+2 19
+54 1
-54 63
+54 1
-54 19
192 5

fn=(4202)
222 7
+1 2
+3 2
396 8
229 1
cfi=(14)
cfn=(4090)
calls=1 -8 
* 18
+2 3
-2 1
+2 18
+54 1
-54 57
396 1
231 2
+54 1
-54 24
396 2

fl=(54) /usr/src/debug/gcc/gcc/libstdc++-v3/src/c++11/locale-inst.cc
fn=(4572) _GLOBAL__sub_I_cxx11_wlocale_inst.cc
160 1
fi=(21)
1653 4
1818 4
1415 8
fi=(19)
1893 4
fi=(21)
796 4
2024 4
fi=(17)
838 4
fe=(54)
160 1

fn=(4580) _GLOBAL__sub_I_locale_inst.cc
160 1
fi=(19)
2310 4
2603 4
fi=(21)
1653 4
1818 4
1415 8
fi=(19)
1893 4
fi=(21)
328 4
929 4
796 4
2024 4
fi=(17)
838 4
fe=(54)
160 1

fn=(4588) _GLOBAL__sub_I_wlocale_inst.cc
160 1
fi=(19)
2310 4
2603 4
fi=(21)
1653 4
1818 4
1415 8
fi=(19)
1893 4
fi=(21)
328 4
929 4
796 4
2024 4
fi=(17)
838 4
fe=(54)
160 1

fn=(4564) _GLOBAL__sub_I_cxx11_locale_inst.cc
160 1
fi=(21)
1653 4
1818 4
1415 8
fi=(19)
1893 4
fi=(21)
796 4
2024 4
fi=(17)
838 4
fe=(54)
160 1

fl=(46) /usr/src/debug/gcc/gcc/libstdc++-v3/src/c++11/compatibility-thread-c++0x.cc
fn=(4340) _GLOBAL__sub_I_compatibility_thread_c__0x.cc
128 3
-74 1
cfi=(47)
cfn=(4342)
calls=1 +35 
* 3
* 2
+74 2

fl=(85)
fn=(5460)
34 17
+1 17
cfi=(84)
cfn=(5176)
calls=17 +13 
* 3575

fl=(42) /usr/src/debug/gcc/gcc/libstdc++-v3/src/c++20/tzdb.cc
fn=(4320) _GLOBAL__sub_I.00098_tzdb.cc
2174 1
198 4
cob=(2)
cfi=(2)
cfn=(4292)
calls=1 0 
* 76

fl=(34)
fn=(5540) std::basic_ios<char, std::char_traits<char> >::fail() const
213 1
+1 3

fn=(5646) std::basic_ios<char, std::char_traits<char> >::operator bool() const
124 2
+1 6

fn=(5042) std::basic_ios<char, std::char_traits<char> >::rdbuf() const
337 1
+1 2

fn=(5034) std::basic_ios<char, std::char_traits<char> >::operator!() const
133 2
+81 4
-80 2

fl=(79)
fn=(5146) std::__cxx11::basic_stringbuf<char, std::char_traits<char>, std::allocator<char> >::_M_sync(char*, unsigned long, unsigned long)
249 13
fi=(80)
-10 13
fe=(79)
+10 13
fi=(80)
+8 13
1165 13
280 26
1279 13
fe=(79)
252 13
+2 13
+1 13
+2 26
+8 26
+1 13
+1 13
fi=(75)
520 13
fe=(79)
266 13
fi=(75)
522 13
fe=(79)
267 13
+2 39
cfn=(5108) std::__cxx11::basic_stringbuf<char, std::char_traits<char>, std::allocator<char> >::_M_pbump(char*, char*, long)
calls=13 +11 
* 143

fn=(5108)
280 14
fi=(75)
566 14
fe=(79)
280 14
fi=(75)
567 14
fe=(79)
284 42
fi=(75)
554 42
fe=(79)
290 14

fn=(6960)
153 1
+5 2
fi=(75)
541 1
-44 1
fi=(65)
-77 2
+3 4
fi=(75)
+71 1
fe=(79)
163 2
fi=(77)
452 1
fe=(79)
167 1
fi=(75)
522 1
+1 2
fe=(79)

fn=(5102)
83 154
+4 42
+4 28
fi=(80)
239 14
+18 28
+23 28
1279 12
fi=(75)
544 12
-6 12
+3 12
fe=(79)
97 48
fi=(75)
544 2
-6 2
+3 2
fe=(79)
97 8
+19 26
fi=(75)
554 14
fe=(79)
110 14
+39 140
-48 6
cfn=(5108)
calls=1 280 
* 11
+1 2
fi=(75)
491 1
fe=(79)
105 1
+1 1
-1 1
+1 1
-2 1
fi=(75)
520 1
+2 1
fe=(79)
104 1
+2 1
fi=(75)
521 1
+20 1
fi=(77)
-95 2
fi=(80)
1279 4
fe=(79)
116 39
fi=(80)
+89 13
fe=(79)
-72 13
fi=(77)
352 13
fe=(79)
137 13
fi=(80)
+68 26
fi=(49)
+58 26
fi=(80)
-29 13
fi=(49)
+29 13
-24 39
fe=(79)
137 13
cob=(8)
cfi=(60)
cfn=(5110) std::__cxx11::basic_string<char, std::char_traits<char>, std::allocator<char> >::reserve(unsigned long)
calls=13 335 
* 11136
fi=(75)
538 13
fi=(80)
1165 13
fe=(79)
138 26
fi=(80)
1830 78
cfn=(5132)
calls=13 422 
* 1149907
1165 13
239 13
1279 13
1727 13
1279 26
1727 26
fi=(77)
446 13
-94 13
fe=(79)
141 26
fi=(80)
+93 13
fi=(77)
352 13
fe=(79)
141 13
cfi=(82)
cfn=(5140)
calls=13 -77 
* 505
+2 26
-1 26
+1 26
-1 13
cfn=(5146)
calls=13 249 
* 455
fi=(80)
+97 13
+41 26
fi=(83)
172 12
cfi=(84)
cfn=(5176)
calls=12 48 
* 1630
fi=(80)
305 12
fe=(79)

fl=(35)
fn=(4236)
76 11
+3 11
-2 11
+2 11
-2 11
+1 11
fi=(36)
640 22
fe=(35)
79 33
-2 11
+1 44
fi=(36)
640 11
fe=(35)
79 11
fi=(36)
640 11
fe=(35)
79 22
fi=(36)
640 77
fe=(35)
79 77
fi=(36)
640 77
fe=(35)
79 198
cfi=(13)
cfn=(4078)
calls=11 269 
* 375

fn=(5534) std::ios_base::_M_dispose_callbacks()
177 24
+1 3
+1 6
+6 3
+1 18

fn=(5532) std::ios_base::_M_call_callbacks(std::ios_base::event)
163 21
+1 3
+1 6
+8 18

fn=(5530)
87 6
+2 3
-2 21
+2 3
cfn=(5532)
calls=3 +74 
* 48
+1 6
cfn=(5534)
calls=3 +87 
* 54
+1 12
+5 12
cfi=(14)
cfn=(4248)
calls=3 -5 
* 18

ob=(2)
fl=(2)
fn=(4156)
0 44

fn=(3074) stpcpy
0 19

fn=(3086) __memset_chk
0 69

fn=(3122) strncmp
0 44

fn=(3130) strncasecmp_l
0 22

fn=(3132) strchrnul
0 25

fn=(4034) 0x0000000000027500
0 22

fn=(4366) 0x00000000000a29f0
0 794
cob=(1)
cfi=(1)
cfn=(220) __tunable_get_val
calls=1 0 
0 17
0 4
cob=(1)
cfi=(1)
cfn=(220)
calls=1 0 
0 18
0 4
cob=(1)
cfi=(1)
cfn=(220)
calls=1 0 
0 17
0 4
cob=(1)
cfi=(1)
cfn=(220)
calls=1 0 
0 17
0 4
cob=(1)
cfi=(1)
cfn=(220)
calls=1 0 
0 18
0 4
cob=(1)
cfi=(1)
cfn=(220)
calls=1 0 
0 17
0 4
cob=(1)
cfi=(1)
cfn=(220)
calls=1 0 
0 17
0 4
cob=(1)
cfi=(1)
cfn=(220)
calls=1 0 
0 17
0 4
cob=(1)
cfi=(1)
cfn=(220)
calls=1 0 
0 17
0 4
cob=(1)
cfi=(1)
cfn=(220)
calls=1 0 
0 17
0 4
cob=(1)
cfi=(1)
cfn=(220)
calls=1 0 
0 17
0 4
cob=(1)
cfi=(1)
cfn=(220)
calls=1 0 
0 17
0 8

fn=(4812) __isoc23_strtol
0 128

fn=(4938)
0 28
cfn=(4364)
calls=2 0 
0 228
0 24
cfn=(4946) 0x000000000008f730
calls=2 0 
0 114
0 8
cfn=(4958) 0x000000000008c050
calls=2 0 
0 245
0 10
cfn=(4974) _IO_file_fopen
calls=2 0 
0 502
0 32

fn=(4946)
0 24
cfn=(4948) 0x000000000008f6c0
calls=2 0 
0 52
0 38

fn=(4982) 0x0000000000091f80
0 6835
cfn=(7430) 0x000000000009ddf0
calls=197 0 
0 2955
0 2728

fn=(5090)
0 1900
cfn=(4980) 0x0000000000092010
calls=190 0 
0 5510
0 380

fn=(5466) _IO_un_link
0 26
cfn=(4962) 0x0000000000092720
calls=2 0 
0 26
0 109
cfn=(4966) 0x0000000000092770
calls=2 0 
0 20
0 47

fn=(7272) calloc
0 1617
cfn=(4412) 0x00000000000a4c60
calls=21 0 
0 4169
0 2023

fn=(7288) pthread_mutex_lock
0 1353

fn=(7328) 0x0000000000119080
0 416
cfn=(7330) 0x0000000000119010
calls=32 0 
0 285
0 576
cfn=(7358) clone
calls=32 0 
0 608
0 288

fn=(7446) snprintf
0 672
cfn=(7448) 0x0000000000089dc0
calls=32 0 
0 16800
0 160

fn=(4622) __sigsetjmp
0 924

fn=(4102) _pthread_cleanup_push
0 238

fn=(3072) wcpncpy
0 18

fn=(3098) memset
0 69

fn=(3106) strcmp
0 40

fn=(3108) memrchr
0 25

fn=(3116) wcscmp
0 50

fn=(3472) gettimeofday
0 7

fn=(3862) __libc_early_init
0 11
cob=(1)
cfi=(1)
cfn=(220)
calls=1 0 
0 18
0 4
cob=(1)
cfi=(1)
cfn=(220)
calls=1 0 
0 18
0 4
cob=(1)
cfi=(1)
cfn=(220)
calls=1 0 
0 18
0 4
cob=(1)
cfi=(1)
cfn=(220)
calls=1 0 
0 18
0 4
cob=(1)
cfi=(1)
cfn=(220)
calls=1 0 
0 18
0 19
cfn=(3864) __ctype_init
calls=1 0 
0 17
0 7
cfn=(3866) getrlimit
calls=1 0 
0 10
0 29
cfn=(3868) 0x0000000000098300
calls=1 0 
0 78
0 2
cfn=(3878) 0x00000000000419a0
calls=1 0 
0 18
0 6

fn=(4160)
0 2432

fn=(4162)
0 8192
cfn=(4164) _dl_mcount_wrapper_check
calls=128 0 
0 640
0 1280

fn=(4292)
0 95
cfn=(4300) 0x000000000003fcc0
calls=5 0 
0 162
0 120

fn=(4300)
0 162

fn=(5206) 0x00000000000a28d0
0 932
cfn=(5260) 0x00000000000a2650
calls=8 0 
0 161
0 188

fn=(7258) pthread_getattr_default_np
0 384
cfn=(7260) 0x00000000000935f0
calls=32 0 
0 1120
0 256

fn=(7274) 0x000000000016c980
0 144

fn=(7372) pthread_attr_destroy
0 192

fn=(7390) pthread_join
0 1472
cfn=(7732) 0x0000000000092d40
calls=32 0 
0 10785
0 640
cfn=(4102)
calls=32 0 
0 224
0 52
cfn=(7414) 0x00000000000926a0
calls=4 0 
0 348
0 284
cfn=(4114) _pthread_cleanup_pop
calls=32 0 
0 192
0 128

fn=(7430)
0 2955

fn=(7440) 0x0000000000095430
0 1184
cfn=(7446)
calls=32 0 
0 17632
0 128
cfn=(5342) 0x0000000000119a80
calls=32 0 
0 512
0 1120

fn=(7456)
0 1216

fn=(7464) 0x000000000005ae70
0 1952
cfn=(4702)
calls=64 0 
0 832
0 1088

fn=(7614) __call_tls_dtors
0 429

fn=(7732)
0 1336
cfn=(7754) 0x0000000000092970
calls=24 0 
0 9113
0 336

fn=(8296) _IO_file_sync
0 180

fn=(4620) _setjmp
0 99
cfn=(4622)
calls=33 0 
0 924

fn=(3092) __memcpy_chk
0 44

fn=(4348) getenv
0 19
cob=(4)
cfi=(4)
cfn=(4172)
calls=1 0 
0 16
0 419
cob=(4)
cfi=(4)
cfn=(4350)
calls=2 0 
0 54
0 16

fn=(4364)
0 2638
cfn=(4406) 0x00000000000a5c60
calls=1 0 
0 483
0 345
cfn=(4412)
calls=18 0 
0 5207
0 259
cfn=(4366)
calls=1 0 
0 1052
0 164
cfn=(4412)
calls=54 0 
0 12241
0 404

fn=(4452) 0x00000000000a4190
0 1815
cfn=(5328) 0x00000000000a35c0
calls=20 0 
0 2085
0 358
cfn=(4468) __default_morecore
calls=14 0 
0 634
0 390
cfn=(4468)
calls=1 0 
0 26
0 19

fn=(4472) brk
0 144

fn=(4978) open
0 43
cfn=(4980)
calls=2 0 
0 92
0 17

fn=(4980)
0 2304
cfn=(4982)
calls=384 0 
0 12322
0 3072

fn=(5506) _IO_unsave_markers
0 12

fn=(5508) _IO_file_close
0 6
cfn=(5510) __close_nocancel
calls=2 0 
0 12

fn=(7452) 0x0000000000063920
0 832
cob=(4)
cfi=(4)
cfn=(7454)
calls=32 0 
0 672
0 224
cfn=(7464)
calls=32 0 
0 1568
0 1920
cob=(4)
cfi=(4)
cfn=(7454)
calls=32 0 
0 672
0 192
cfn=(7464)
calls=32 0 
0 608
0 608
cfn=(7512) 0x0000000000059400
calls=32 0 
0 3360
0 1408
cfn=(7464)
calls=32 0 
0 1696
0 1344

fn=(7632) 0x0000000000132760
0 128
cfn=(7634) 0x000000000013a6a0
calls=32 0 
0 704
0 224

fn=(7754)
0 768
cob=(1)
cfi=(1)
cfn=(7762) _dl_deallocate_tls
calls=24 0 
0 7841
0 72
cfn=(5418) munmap
calls=24 0 
0 144
0 288

fn=(4618) 0x0000000000027640
0 10
cfn=(4620)
calls=1 0 
0 31
0 14
cob=(8)
cfi=(56) /home/nithin/CLionProjects/1dv1674_a2/blur/blur_par.cpp
cfn=(4632) main
calls=1 13 
0 906367971
0 2
cfn=(8140) exit
calls=1 0 
0 3959

fn=(3084) strcat
0 19

fn=(3090) wcsncpy
0 18

fn=(3128) wcscpy
0 17

fn=(3864)
0 561

fn=(4406)
0 15
cfn=(4412)
calls=1 0 
0 369
0 99

fn=(4412)
0 13864
cfn=(5260)
calls=14 0 
0 398
0 598
cfn=(4520) 0x00000000000a1ce0
calls=24 0 
0 120
0 945
cfn=(4520)
calls=17 0 
0 85
0 64
cfn=(4520)
calls=4 0 
0 20
0 157
cfn=(4452)
calls=34 0 
0 5327
0 204
cfn=(4520)
calls=34 0 
0 170
0 34

fn=(4976) _IO_file_open
0 32
cfn=(4978)
calls=2 0 
0 152
0 30
cfn=(4960) _IO_link_in
calls=2 0 
0 28
0 12

fn=(4992) 0x00000000000aeca0
0 40
cob=(4)
cfi=(4)
cfn=(4996)
calls=2 0 
0 46
0 32

fn=(7448)
0 736
cfn=(7452)
calls=32 0 
0 15104
0 192
cfn=(7564) 0x000000000005a930
calls=32 0 
0 576
0 192

fn=(7834) 0x0000000000092900
0 36

fn=(8034)
0 1920
cfn=(4980)
calls=192 0 
0 12096
0 384

fn=(8412) _IO_flush_all
0 16
cfn=(4962)
calls=1 0 
0 13
0 141
cfn=(4966)
calls=1 0 
0 10
0 18

fn=(3112) index
0 63

fn=(3114) rindex
0 25

fn=(3118) stpncpy
0 21

fn=(3138) strcasecmp_l
0 22

fn=(3140) strlen
0 125

fn=(3148) strspn
0 14

fn=(4164)
0 640

fn=(4966)
0 60

fn=(5328)
0 360
cfn=(5332) mmap
calls=20 0 
0 520
0 200
cfn=(5342)
calls=20 0 
0 353
0 652

fn=(5332)
0 1248

fn=(5342)
0 840
cob=(1)
cfi=(1)
cfn=(220)
calls=1 0 
0 18
0 7

fn=(5464)
0 38
cfn=(5514) _IO_file_finish
calls=2 0 
0 50
0 30
cfn=(5178)
calls=2 0 
0 120
0 14
cfn=(5466)
calls=2 0 
0 220
0 59
cfn=(5504) _IO_file_close_it
calls=2 0 
0 188
0 13

fn=(5514)
0 10
cfn=(5516) _IO_default_finish
calls=2 0 
0 40

fn=(7260)
0 1120

fn=(7268) mprotect
0 168

fn=(7290) pthread_mutex_unlock
0 1353

fn=(7316) 0x0000000000092930
0 384

fn=(7334) 0x0000000000119160
0 16

fn=(7512)
0 3360

fn=(7644) 0x00000000000bfc80
0 256
cfn=(5178)
calls=32 0 
0 128
0 128
cfn=(5178)
calls=32 0 
0 128

fn=(7674) 0x0000000000041ae0
0 128

fn=(4094) 0x000000000009abc0
0 80
cfn=(4102)
calls=2 0 
0 14
0 4
cob=(7)
cfi=(13)
cfn=(4082)
calls=1 324 
0 5
cob=(7)
cfi=(14)
cfn=(4106)
calls=1 208 
0 59
0 6
cfn=(4114)
calls=2 0 
0 12
0 20

fn=(4110)
0 38

fn=(3070) mempcpy
0 22

fn=(3082) wmemset
0 30

fn=(3096) wcslen
0 40

fn=(3104) strpbrk
0 7

fn=(3120) wmemchr
0 63

fn=(3144) memmove
0 110

fn=(3146) memchr
0 42

fn=(3484) strstr
0 7

fn=(4014)
0 22

fn=(4520)
0 395

fn=(4702)
0 27414278

fn=(4958)
0 18
cfn=(4960)
calls=2 0 
0 219
0 8

fn=(4974)
0 94
cfn=(4976)
calls=2 0 
0 254
0 12
cfn=(4992)
calls=2 0 
0 118
0 24

fn=(5260)
0 1035

fn=(5412) 0x00000000000a1d00
0 580
cfn=(5418)
calls=20 0 
0 120

fn=(5418)
0 264

fn=(5512) _IO_setb
0 38

fn=(7256) __libc_sigaction
0 51

fn=(7618) 0x0000000000092be0
0 192

fn=(7624) 0x00000000000a97a0
0 896
cfn=(7626) 0x00000000001602f0
calls=32 0 
0 384
0 32
cfn=(7632)
calls=32 0 
0 1056
0 32
cfn=(7644)
calls=32 0 
0 640
0 32
cfn=(7650) 0x0000000000091e20
calls=32 0 
0 192
0 64

fn=(7688) madvise
0 192

fn=(8142) 0x00000000000403f0
0 125
cfn=(8468) _Exit
calls=1 0 
0 3
0 13
cob=(1)
cfi=(1)
cfn=(8166) 0x0000000000004f60
calls=1 0 
0 3381
0 5
cfn=(8410) 0x00000000000900d0
calls=1 0 
0 409
0 2
cfn=(7614)
calls=1 0 
0 13
0 1

fn=(8224) 0x0000000000100180
0 90

fn=(8410)
0 12
cfn=(8412)
calls=1 0 
0 198
0 6
cfn=(4962)
calls=1 0 
0 13
0 152
cfn=(4966)
calls=1 0 
0 10
0 18

fn=(4604) (below main)
0 19
cfn=(4292)
calls=1 0 
0 76
0 12
cob=(1)
cfi=(1)
cfn=(4616) _dl_audit_preinit
calls=1 0 
0 5
0 6
cfn=(4618)
calls=1 0 
0 906371987
0 11
cob=(4)
cfi=(4)
cfn=(4606)
calls=1 0 
0 7
0 20
cob=(8)
cfi=(55) ???
cfn=(4610) 0x0000000000006690
calls=1 0 
0 12
0 4

fn=(3058) 0x00000000000bfad0
0 30

fn=(3076) __memmove_chk
0 44

fn=(3078) wmemcmp
0 50

fn=(3080) wcscat
0 18

fn=(3124) strcasecmp
0 22

fn=(3134) bcmp
0 75

fn=(3866)
0 10

fn=(4026) 0x0000000000027490
0 12

fn=(4346)
0 6
cfn=(4348)
calls=1 0 
0 524

fn=(4352)
0 50

fn=(4738) __isoc23_strtoul
0 581

fn=(4948)
0 52

fn=(5188) 0x00000000000a3d50
0 1477
cfn=(5260)
calls=15 0 
0 321
0 90
cfn=(5206)
calls=15 0 
0 482
0 52
cfn=(5206)
calls=13 0 
0 595
0 380

fn=(5504)
0 38
cfn=(5506)
calls=2 0 
0 12
0 20
cfn=(5508)
calls=2 0 
0 18
0 18
cfn=(5512)
calls=2 0 
0 38
0 12
cfn=(5466)
calls=2 0 
0 8
0 24

fn=(5510)
0 12

fn=(7254) pthread_create
0 800
cfn=(7258)
calls=32 0 
0 1760
0 192
cfn=(7266) getpagesize
calls=32 0 
0 192
0 1184
cfn=(7372)
calls=32 0 
0 192
0 1360
cfn=(7834)
calls=4 0 
0 36
0 16
cfn=(7316)
calls=4 0 
0 48
0 140
cfn=(5178)
calls=4 0 
0 16
0 320
cfn=(5178)
calls=64 0 
0 256
0 248
cfn=(7274)
calls=4 0 
0 144
0 12
cob=(1)
cfi=(1)
cfn=(3676) _dl_allocate_tls_init
calls=4 0 
0 1548
0 3012
cfn=(7320) 0x0000000000095270
calls=32 0 
0 4029
0 424
cfn=(7256)
calls=1 0 
0 51
0 146
cfn=(7318) _IO_enable_locks
calls=3 0 
0 52
0 454
cfn=(5332)
calls=28 0 
0 728
0 560
cfn=(7268)
calls=28 0 
0 168
0 476
cob=(1)
cfi=(1)
cfn=(7270) _dl_allocate_tls
calls=28 0 
0 19485
0 392
cfn=(7316)
calls=28 0 
0 336
0 204

fn=(7564)
0 576

fn=(7634)
0 704

fn=(7650)
0 192

fn=(8140)
0 7
cfn=(8142)
calls=1 0 
0 3952

fn=(8294)
0 190
cfn=(8296)
calls=10 0 
0 180
0 350

fn=(8468)
0 3

fn=(3088) memcpy
0 110

fn=(3102) strnlen
0 50

fn=(3110) wcschr
0 50

fn=(3126) strcspn
0 7

fn=(3136) strcpy
0 19

fn=(3142) strncpy
0 42

fn=(3868)
0 11
cob=(1)
cfi=(1)
cfn=(220)
calls=1 0 
0 18
0 4
cob=(1)
cfi=(1)
cfn=(220)
calls=1 0 
0 17
0 4
cob=(1)
cfi=(1)
cfn=(220)
calls=1 0 
0 18
0 6

fn=(3878)
0 18

fn=(4170)
0 130
cob=(4)
cfi=(4)
cfn=(4172)
calls=10 0 
0 160
0 338
cob=(4)
cfi=(4)
cfn=(4172)
calls=48 0 
0 768
0 20
cob=(4)
cfi=(4)
cfn=(4172)
calls=10 0 
0 160
0 370
cfn=(4180)
calls=49 0 
0 1048
0 208

fn=(4174)
0 1134

fn=(4736) __errno_location
0 100

fn=(4962)
0 78

fn=(4998)
0 399

fn=(5178)
0 5802
cfn=(5180) 0x00000000000a3ec0
calls=36 0 
0 5357
0 657
cfn=(5412)
calls=13 0 
0 455
0 14
cfn=(5412)
calls=7 0 
0 245
0 1160

fn=(5566)
0 87

fn=(7266)
0 384

fn=(7320)
0 1248
cfn=(7328)
calls=32 0 
0 2173
0 608

fn=(7330)
0 134
cfn=(7334)
calls=1 0 
0 16
0 135

fn=(7414)
0 128
cfn=(4982)
calls=4 0 
0 196
0 24

fn=(7434) 0x0000000000095500
0 425
cfn=(3864)
calls=25 0 
0 425
0 75
cfn=(7440)
calls=25 0 
0 15050
0 450
cfn=(4620)
calls=25 0 
0 775
0 725
cfn=(7614)
calls=25 0 
0 325
0 25
cfn=(7618)
calls=25 0 
0 150
0 25
cfn=(7624)
calls=25 0 
0 2600
0 750
cfn=(7674)
calls=25 0 
0 100
0 200
cfn=(7266)
calls=25 0 
0 150
0 500
cfn=(7440)
calls=25 0 
0 1025
0 50
cob=(8)
cfi=(128) /home/nithin/CLionProjects/1dv1674_a2/blur/filters_par.cpp
cfn=(7836) FilterPar::pass2_worker(void*)
calls=9 213 
0 982880423
cob=(8)
cfi=(128)
cfn=(7604) FilterPar::pass1_worker(void*)
calls=16 185 
0 1737794575
0 139
cfn=(7688)
calls=25 0 
0 150
0 74
cfn=(7435) 0x0000000000095500'2
calls=7 0 
0 756464466

fn=(7435)
0 119
cfn=(3864)
calls=7 0 
0 119
0 21
cfn=(7440)
calls=7 0 
0 4214
0 126
cfn=(4620)
calls=7 0 
0 217
0 203
cfn=(7614)
calls=7 0 
0 91
0 7
cfn=(7618)
calls=7 0 
0 42
0 7
cfn=(7624)
calls=7 0 
0 728
0 210
cfn=(7674)
calls=7 0 
0 28
0 56
cfn=(7266)
calls=7 0 
0 42
0 140
cfn=(7440)
calls=7 0 
0 287
0 14
cob=(8)
cfi=(128)
cfn=(7836)
calls=7 213 
0 756457709
0 37
cfn=(7688)
calls=7 0 
0 42
0 7

fn=(8222)
0 357
cfn=(8224)
calls=5 0 
0 90
0 116
cob=(7)
cfi=(11)
cfn=(8288)
calls=1 123 
0 1365
cob=(7)
cfi=(135)
cfn=(8286)
calls=1 631 
0 7
cob=(7)
cfi=(44)
cfn=(8284)
calls=1 188 
0 6
cob=(7)
cfi=(44)
cfn=(8280)
calls=1 203 
0 6
0 28

fn=(4092)
0 110
cfn=(4094)
calls=2 0 
0 200
0 6

fn=(4114)
0 204

fn=(3068) strncasecmp
0 22

fn=(3094) __mempcpy_chk
0 22

fn=(3100) wcsnlen
0 20

fn=(4000) 0x0000000000027420
0 33
cob=(4)
cfi=(4)
cfn=(4012)
calls=1 0 
0 24
0 12

fn=(4180)
0 1144

fn=(4468)
0 108
cfn=(4470) sbrk
calls=18 0 
0 579
0 72

fn=(4470)
0 330
cfn=(4472)
calls=15 0 
0 135
0 97
cfn=(4472)
calls=1 0 
0 9
0 8

fn=(4960)
0 76
cfn=(4962)
calls=2 0 
0 26
0 99
cfn=(4966)
calls=2 0 
0 20
0 26

fn=(5086)
0 2674

fn=(5180)
0 23
cfn=(4468)
calls=1 0 
0 26
0 9
cfn=(4468)
calls=1 0 
0 47
0 2
cfn=(4468)
calls=1 0 
0 26
0 329
cfn=(5260)
calls=5 0 
0 155
0 30
cfn=(5206)
calls=5 0 
0 120
0 12
cfn=(5206)
calls=3 0 
0 84
0 917
cfn=(5188)
calls=28 0 
0 3397
0 180

fn=(5516)
0 40

fn=(7318)
0 52

fn=(7358)
0 783
cfn=(7434)
calls=25 0 
0 3477163652

fn=(7626)
0 384

ob=(8)
fl=(66) /home/nithin/CLionProjects/1dv1674_a2/blur/ppm.cpp
fn=(5542) PPM::Reader::get_magic_number[abi:cxx11]()
33 6
+1 3
cfi=(57) /usr/include/c++/15.1.1/bits/basic_string.h
cfn=(5544) std::__cxx11::basic_string<char, std::char_traits<char>, std::allocator<char> >::basic_string()
calls=1 585 
* 147
+2 5
cob=(1)
cfi=(1)
cfn=(4650) 0x0000000000012dc0
calls=1 -36 
* 1597
* 5
+2 1
+1 4

fn=(4908) PPM::Reader::fill(std::__cxx11::basic_string<char, std::char_traits<char>, std::allocator<char> >)
14 9
+1 3
cob=(1)
cfi=(1)
cfn=(4650)
calls=1 -15 
* 1466
* 5
+2 6
cob=(1)
cfi=(1)
cfn=(4650)
calls=1 -17 
* 2359
* 5
+2 4
cob=(1)
cfi=(1)
cfn=(4650)
calls=1 -19 
* 957
* 5
* 2
+8 6
cfi=(73) /usr/include/c++/15.1.1/bits/streambuf_iterator.h
cfn=(5036) std::ostreambuf_iterator<char, std::char_traits<char> >::ostreambuf_iterator(std::ostream&)
calls=1 286 
* 1013
-1 3
cfi=(73)
cfn=(5044) std::istreambuf_iterator<char, std::char_traits<char> >::istreambuf_iterator()
calls=1 +94 
* 17
-1 3
cob=(1)
cfi=(1)
cfn=(4650)
calls=1 -25 
* 1032
* 5
* 5
cfi=(73)
cfn=(5054) std::istreambuf_iterator<char, std::char_traits<char> >::istreambuf_iterator(std::basic_streambuf<char, std::char_traits<char> >*)
calls=1 139 
* 19
-1 11
cfi=(73)
cfn=(5056) __gnu_cxx::__enable_if<std::__is_char<char>::__value, std::ostreambuf_iterator<char, std::char_traits<char> > >::__type std::copy<char>(std::istreambuf_iterator<char, std::char_traits<char> >, std::istreambuf_iterator<char, std::char_traits<char> >, std::ostreambuf_iterator<char, std::char_traits<char> >)
calls=1 341 
* 1356834
+5 3
cob=(1)
cfi=(1)
cfn=(4650)
calls=1 -29 
* 1670
* 5
+1 4
cob=(1)
cfi=(1)
cfn=(4650)
calls=1 -30 
* 1138
* 5
* 7

fn=(5594) PPM::Reader::get_dimensions()
42 8
+1 3
cfi=(57)
cfn=(5544)
calls=1 585 
* 147
+2 6
cob=(7)
cfi=(80)
cfn=(5552)
calls=1 4407 
* 1354
* 1
* 5
cob=(7)
cfi=(80)
cfn=(5552)
calls=1 4407 
* 221
* 1
* 12
cob=(7)
cfi=(34)
cfn=(5646)
calls=1 +79 
* 4
cob=(1)
cfi=(1)
cfn=(4650)
calls=1 -45 
* 933
* 6
* 12
cfi=(57)
cfn=(5648) std::__cxx11::basic_string<char, std::char_traits<char>, std::allocator<char> >::operator[](unsigned long)
calls=2 1365 
* 194
* 13
+3 6
cfi=(89) /usr/include/c++/15.1.1/bits/regex.h
cfn=(5650) std::__cxx11::basic_regex<char, std::__cxx11::regex_traits<char> >::basic_regex(char const*, std::regex_constants::syntax_option_type)
calls=1 494 
* 400904
+1 3
cfi=(89)
cfn=(6490) std::__cxx11::match_results<__gnu_cxx::__normal_iterator<char const*, std::__cxx11::basic_string<char, std::char_traits<char>, std::allocator<char> > >, std::allocator<std::__cxx11::sub_match<__gnu_cxx::__normal_iterator<char const*, std::__cxx11::basic_string<char, std::char_traits<char>, std::allocator<char> > > > > >::match_results()
calls=1 1823 
* 110
+2 6
cfi=(89)
cfn=(6506) bool std::regex_match<std::char_traits<char>, std::allocator<char>, std::allocator<std::__cxx11::sub_match<__gnu_cxx::__normal_iterator<char const*, std::__cxx11::basic_string<char, std::char_traits<char>, std::allocator<char> > > > >, char, std::__cxx11::regex_traits<char> >(std::__cxx11::basic_string<char, std::char_traits<char>, std::allocator<char> > const&, std::__cxx11::match_results<std::__cxx11::basic_string<char, std::char_traits<char>, std::allocator<char> >::const_iterator, std::allocator<std::__cxx11::sub_match<__gnu_cxx::__normal_iterator<char const*, std::__cxx11::basic_string<char, std::char_traits<char>, std::allocator<char> > > > > >&, std::__cxx11::basic_regex<char, std::__cxx11::regex_traits<char> > const&, std::regex_constants::match_flag_type)
calls=1 2359 
* 14016
+2 3
cfi=(89)
cfn=(6814) std::__cxx11::match_results<__gnu_cxx::__normal_iterator<char const*, std::__cxx11::basic_string<char, std::char_traits<char>, std::allocator<char> > >, std::allocator<std::__cxx11::sub_match<__gnu_cxx::__normal_iterator<char const*, std::__cxx11::basic_string<char, std::char_traits<char>, std::allocator<char> > > > > >::ready() const
calls=1 1879 
* 79
* 2
+1 4
cfi=(89)
cfn=(6818) std::__cxx11::match_results<__gnu_cxx::__normal_iterator<char const*, std::__cxx11::basic_string<char, std::char_traits<char>, std::allocator<char> > >, std::allocator<std::__cxx11::sub_match<__gnu_cxx::__normal_iterator<char const*, std::__cxx11::basic_string<char, std::char_traits<char>, std::allocator<char> > > > > >::operator[](unsigned long) const
calls=1 1971 
* 247
* 5
cfi=(89)
cfn=(6824) std::__cxx11::sub_match<__gnu_cxx::__normal_iterator<char const*, std::__cxx11::basic_string<char, std::char_traits<char>, std::allocator<char> > > >::operator std::__cxx11::basic_string<char, std::char_traits<char>, std::allocator<char> >() const
calls=1 976 
* 387
* 5
cfi=(57)
cfn=(4724) std::__cxx11::stoul(std::__cxx11::basic_string<char, std::char_traits<char>, std::allocator<char> > const&, unsigned long*, int)
calls=1 4465 
* 297
* 5
cfi=(89)
cfn=(6818)
calls=1 1971 
* 247
* 5
cfi=(89)
cfn=(6824)
calls=1 976 
* 387
* 5
cfi=(57)
cfn=(4724)
calls=1 4465 
* 297
* 7
cfi=(120) /usr/include/c++/15.1.1/bits/stl_pair.h
cfn=(6840) std::pair<unsigned int, unsigned int>::pair<unsigned long, unsigned long, true>(unsigned long&&, unsigned long&&)
calls=1 901 
* 22
* 4
cfi=(57)
cfn=(4788) std::__cxx11::basic_string<char, std::char_traits<char>, std::allocator<char> >::~basic_string()
calls=1 895 
* 97
* 3
cfi=(57)
cfn=(4788)
calls=1 895 
* 97
* 1
+4 3
cfi=(89)
cfn=(6842) std::__cxx11::match_results<__gnu_cxx::__normal_iterator<char const*, std::__cxx11::basic_string<char, std::char_traits<char>, std::allocator<char> > >, std::allocator<std::__cxx11::sub_match<__gnu_cxx::__normal_iterator<char const*, std::__cxx11::basic_string<char, std::char_traits<char>, std::allocator<char> > > > > >::~match_results()
calls=1 1859 
* 200
* 3
cfi=(89)
cfn=(6844) std::__cxx11::basic_regex<char, std::__cxx11::regex_traits<char> >::~basic_regex()
calls=1 578 
* 2853
* 3
cfi=(57)
cfn=(4788)
calls=1 895 
* 222
* 7

fn=(7954) PPM::Writer::operator()(Matrix, std::__cxx11::basic_string<char, std::char_traits<char>, std::allocator<char> >)
156 12
+2 3
cob=(1)
cfi=(1)
cfn=(4650)
calls=1 0 
* 1647
* 5
+2 6
cob=(1)
cfi=(1)
cfn=(4650)
calls=1 0 
* 2394
* 5
+2 4
cob=(7)
cfi=(34)
cfn=(5034)
calls=1 -29 
* 4
* 1
* 2
+4 5
cob=(1)
cfi=(1)
cfn=(4650)
calls=1 0 
* 1311
* 5
* 4
cob=(1)
cfi=(1)
cfn=(4650)
calls=1 0 
* 1149
* 5
+2 3
cfi=(127) /home/nithin/CLionProjects/1dv1674_a2/blur/matrix.cpp
cfn=(7030) Matrix::get_x_size() const
calls=1 -57 
* 7
* 5
cob=(1)
cfi=(1)
cfn=(4650)
calls=1 0 
* 1111
* 5
* 5
cob=(7)
cfi=(37)
cfn=(7984)
calls=1 734 
* 203
* 1
* 4
cfi=(127)
cfn=(7032) Matrix::get_y_size() const
calls=1 -52 
* 7
* 3
cob=(7)
cfi=(37)
cfn=(8042)
calls=1 +32 
* 343
* 1
* 4
cob=(7)
cfi=(37)
cfn=(8014)
calls=1 -52 
* 355
* 1
+1 3
cfi=(127)
cfn=(8066) Matrix::get_color_max() const
calls=1 -48 
* 7
* 5
cob=(7)
cfi=(37)
cfn=(8042)
calls=1 +31 
* 343
* 1
* 4
cob=(7)
cfi=(37)
cfn=(8014)
calls=1 -53 
* 355
* 1
+2 3
cfi=(127)
cfn=(7030)
calls=1 -60 
* 7
* 4
cfi=(127)
cfn=(7032)
calls=1 -55 
* 7
* 2
+1 3
cfi=(127)
cfn=(8068) Matrix::get_R() const
calls=1 -46 
* 7
* 4
cfi=(127)
cfn=(8070) Matrix::get_G() const
calls=1 -41 
* 7
* 4
cfi=(127)
cfn=(8072) Matrix::get_B() const
calls=1 -36 
* 7
* 1
+1 6
+2 1
+1 2063152
+2 2578940
cob=(7)
cfi=(37)
cfn=(8078)
calls=515787 658 
* 39729018
cob=(1)
cfi=(1)
cfn=(4650)
calls=1 0 
* 1144
* 515792
* 515788
-1 2063152
+1 2063152
cob=(7)
cfi=(37)
cfn=(8078)
calls=515788 658 
* 39729095
* 515788
* 4642092
cob=(7)
cfi=(37)
cfn=(8078)
calls=515788 658 
* 39728882
* 515788
-3 7736825
+6 3
cob=(1)
cfi=(1)
cfn=(4650)
calls=1 0 
* 1977
* 5
+1 3
cob=(1)
cfi=(1)
cfn=(4650)
calls=1 0 
* 1198
* 5
+3 10

fn=(6934) PPM::Reader::get_color_max()
61 8
+1 3
cfi=(57)
cfn=(5544)
calls=1 585 
* 147
+2 5
cob=(7)
cfi=(80)
cfn=(5552)
calls=1 4407 
* 225
* 1
+2 6
cfi=(89)
cfn=(5650)
calls=1 494 
* 202270
+1 3
cfi=(89)
cfn=(6490)
calls=1 1823 
* 110
+2 6
cfi=(89)
cfn=(6506)
calls=1 2359 
* 9865
+2 3
cfi=(89)
cfn=(6814)
calls=1 1879 
* 79
* 2
+1 4
cfi=(89)
cfn=(6818)
calls=1 1971 
* 247
* 5
cfi=(89)
cfn=(6824)
calls=1 976 
* 387
* 5
cfi=(57)
cfn=(4724)
calls=1 4465 
* 297
* 4
cfi=(57)
cfn=(4788)
calls=1 895 
* 97
* 1
+4 3
cfi=(89)
cfn=(6842)
calls=1 1859 
* 200
* 3
cfi=(89)
cfn=(6844)
calls=1 578 
* 1830
* 3
cfi=(57)
cfn=(4788)
calls=1 895 
* 97
* 7

fn=(4888) PPM::Reader::operator()(std::__cxx11::basic_string<char, std::char_traits<char>, std::allocator<char> >)
103 12
+2 5
cfi=(57)
cfn=(4890) std::__cxx11::basic_string<char, std::char_traits<char>, std::allocator<char> >::basic_string(std::__cxx11::basic_string<char, std::char_traits<char>, std::allocator<char> > const&)
calls=1 613 
* 307
* 5
cfn=(4908)
calls=1 -91 
* 1366601
* 3
cfi=(57)
cfn=(4788)
calls=1 895 
* 97
+2 4
cob=(1)
cfi=(1)
cfn=(4650)
calls=1 0 
* 976
* 5
* 2
+4 5
cfn=(5542)
calls=1 -78 
* 1768
+2 5
cfi=(57)
cfn=(5580) bool std::operator!=<char, std::char_traits<char>, std::allocator<char> >(std::__cxx11::basic_string<char, std::char_traits<char>, std::allocator<char> > const&, char const*)
calls=1 4150 
* 1174
* 2
+4 3
cfn=(5594)
calls=1 -75 
* 423462
* 4
cfi=(120)
cfn=(6926) std::tuple_element<0ul, std::pair<unsigned int, unsigned int> >::type&& std::get<0ul, unsigned int, unsigned int>(std::pair<unsigned int, unsigned int>&&)
calls=1 1288 
* 19
* 4
cfi=(120)
cfn=(6930) std::tuple_element<1ul, std::pair<unsigned int, unsigned int> >::type&& std::get<1ul, unsigned int, unsigned int>(std::pair<unsigned int, unsigned int>&&)
calls=1 1288 
* 20
* 1
+2 8
+4 6
+2 2
+4 3
cfn=(6934)
calls=1 -68 
* 215923
* 1
+2 2
+4 8
cfn=(6938) PPM::Reader::get_data(unsigned int, unsigned int)
calls=1 -56 
* 235718655
* 3
cfi=(126) /usr/include/c++/15.1.1/tuple
cfn=(6984) std::tuple_element<0ul, std::tuple<unsigned char*, unsigned char*, unsigned char*> >::type&& std::get<0ul, unsigned char*, unsigned char*, unsigned char*>(std::tuple<unsigned char*, unsigned char*, unsigned char*>&&)
calls=1 2456 
* 36
* 4
cfi=(126)
cfn=(6992) std::tuple_element<1ul, std::tuple<unsigned char*, unsigned char*, unsigned char*> >::type&& std::get<1ul, unsigned char*, unsigned char*, unsigned char*>(std::tuple<unsigned char*, unsigned char*, unsigned char*>&&)
calls=1 2456 
* 36
* 4
cfi=(126)
cfn=(7000) std::tuple_element<2ul, std::tuple<unsigned char*, unsigned char*, unsigned char*> >::type&& std::get<2ul, unsigned char*, unsigned char*, unsigned char*>(std::tuple<unsigned char*, unsigned char*, unsigned char*>&&)
calls=1 2456 
* 35
* 1
+2 12
+4 5
cob=(1)
cfi=(1)
cfn=(4650)
calls=1 0 
* 1095
* 5
+1 16
cfi=(127)
cfn=(7012) Matrix::Matrix(unsigned char*, unsigned char*, unsigned char*, unsigned int, unsigned int, unsigned int)
calls=1 10 
* 29
* 1
+1 3
cfi=(57)
cfn=(4788)
calls=1 895 
* 97
+5 11

fn=(6938)
79 10
+1 3
+1 3
cob=(1)
cfi=(1)
cfn=(4650)
calls=1 -81 
* 1106
* 5
* 4
cob=(7)
cfi=(71)
cfn=(5022)
calls=1 -50 
* 362
* 1
* 4
cob=(7)
cfi=(71)
cfn=(5022)
calls=1 -50 
* 362
* 1
* 1
+2 3
+1 4642092
cob=(7)
cfi=(87)
cfn=(6948)
calls=515787 709 
* 66536523
cob=(1)
cfi=(1)
cfn=(4650)
calls=1 -84 
* 901
* 515792
+1 1547364
cob=(7)
cfi=(41)
cfn=(6958)
calls=515787 364 
* 1547361
cob=(1)
cfi=(1)
cfn=(4650)
calls=1 -85 
* 737
* 515792
* 2063152
+1 4642092
cob=(7)
cfi=(87)
cfn=(6948)
calls=515788 709 
* 66536663
* 515788
+1 1547364
cob=(7)
cfi=(41)
cfn=(6958)
calls=515788 364 
* 1547364
* 515788
* 2063152
+1 4642092
cob=(7)
cfi=(87)
cfn=(6948)
calls=515788 709 
* 66536652
* 515788
+1 1547364
cob=(7)
cfi=(41)
cfn=(6958)
calls=515788 364 
* 1547364
* 515788
* 2063152
+2 1031576
-8 2578943
+16 12
cfi=(126)
cfn=(6970) std::tuple<unsigned char*, unsigned char*, unsigned char*>::tuple<unsigned char*, unsigned char*, unsigned char*, true, true>(unsigned char*&&, unsigned char*&&, unsigned char*&&)
calls=1 1488 
* 128
+1 6

fl=(98) /usr/include/c++/15.1.1/bits/locale_facets.h
fn=(5698) std::ctype<char>::narrow(char, char) const
941 270
+2 210
+1 132
+1 80
cob=(7)
cfi=(19)
cfn=(5700)
calls=8 1144 
* 24
* 8
+1 24
+1 42
+1 7
+1 14
-1 1
+1 46

fn=(6116) std::ctype<char>::tolower(char) const
845 18
+1 27
cob=(7)
cfi=(15)
cfn=(6118)
calls=3 182 
* 15
* 6

fl=(99) /usr/include/c++/15.1.1/bits/allocated_ptr.h
fn=(5788) std::__allocated_ptr<std::allocator<std::_Sp_counted_ptr_inplace<std::__detail::_NFA<std::__cxx11::regex_traits<char> >, std::allocator<void>, (__gnu_cxx::_Lock_policy)2> > >::operator=(decltype(nullptr))
79 8
+2 4
+1 2
+1 4

fn=(5720) std::__allocated_ptr<std::allocator<std::_Sp_counted_ptr_inplace<std::__detail::_NFA<std::__cxx11::regex_traits<char> >, std::allocator<void>, (__gnu_cxx::_Lock_policy)2> > > std::__allocate_guarded<std::allocator<std::_Sp_counted_ptr_inplace<std::__detail::_NFA<std::__cxx11::regex_traits<char> >, std::allocator<void>, (__gnu_cxx::_Lock_policy)2> > >(std::allocator<std::_Sp_counted_ptr_inplace<std::__detail::_NFA<std::__cxx11::regex_traits<char> >, std::allocator<void>, (__gnu_cxx::_Lock_policy)2> >&)
100 16
fi=(81) /usr/include/c++/15.1.1/bits/alloc_traits.h
614 12
cfi=(62) /usr/include/c++/15.1.1/bits/new_allocator.h
cfn=(5722) std::__new_allocator<std::_Sp_counted_ptr_inplace<std::__detail::_NFA<std::__cxx11::regex_traits<char> >, std::allocator<void>, (__gnu_cxx::_Lock_policy)2> >::allocate(unsigned long, void const*)
calls=2 126 
* 297
* 4
fe=(99)
102 10
cfn=(5734) std::__allocated_ptr<std::allocator<std::_Sp_counted_ptr_inplace<std::__detail::_NFA<std::__cxx11::regex_traits<char> >, std::allocator<void>, (__gnu_cxx::_Lock_policy)2> > >::__allocated_ptr(std::allocator<std::_Sp_counted_ptr_inplace<std::__detail::_NFA<std::__cxx11::regex_traits<char> >, std::allocator<void>, (__gnu_cxx::_Lock_policy)2> >&, std::_Sp_counted_ptr_inplace<std::__detail::_NFA<std::__cxx11::regex_traits<char> >, std::allocator<void>, (__gnu_cxx::_Lock_policy)2>*)
calls=2 -49 
* 32
+1 6

fn=(5736) std::__allocated_ptr<std::allocator<std::_Sp_counted_ptr_inplace<std::__detail::_NFA<std::__cxx11::regex_traits<char> >, std::allocator<void>, (__gnu_cxx::_Lock_policy)2> > >::get() const
88 12
fi=(58) /usr/include/c++/15.1.1/bits/ptr_traits.h
211 2
fe=(99)
88 4

fn=(5790) std::__allocated_ptr<std::allocator<std::_Sp_counted_ptr_inplace<std::__detail::_NFA<std::__cxx11::regex_traits<char> >, std::allocator<void>, (__gnu_cxx::_Lock_policy)2> > >::~__allocated_ptr()
71 16
+2 16
+1 14
fi=(81)
649 12
cfi=(62)
cfn=(6914) std::__new_allocator<std::_Sp_counted_ptr_inplace<std::__detail::_NFA<std::__cxx11::regex_traits<char> >, std::allocator<void>, (__gnu_cxx::_Lock_policy)2> >::deallocate(std::_Sp_counted_ptr_inplace<std::__detail::_NFA<std::__cxx11::regex_traits<char> >, std::allocator<void>, (__gnu_cxx::_Lock_policy)2>*, unsigned long)
calls=2 156 
* 158
* 2
fe=(99)
75 12

fn=(5734)
53 32
+1 20
+1 12

fl=(127)
fn=(7030)
111 15
+1 10
+1 10

fn=(7032)
116 15
+1 10
+1 10

fn=(7024) Matrix::g(unsigned int, unsigned int) const
146 12894700
+1 28368340
+1 5157880

fn=(8066)
121 3
+1 2
+1 2

fn=(7012)
10 8
+1 3
+1 3
+1 3
+1 3
+1 3
+1 3
+2 3

fn=(7022) Matrix::r(unsigned int, unsigned int) const
141 12894700
+1 28368340
+1 5157880

fn=(7848) Matrix::~Matrix()
92 20
+2 20
+1 40
cob=(7)
cfi=(85)
cfn=(5460)
calls=4 -61 
* 787
cob=(1)
cfi=(1)
cfn=(4650)
calls=1 -95 
* 900
* 9
+1 10
+2 20
+1 40
cob=(7)
cfi=(85)
cfn=(5460)
calls=5 -65 
* 1115
* 5
+1 10
+2 20
+1 40
cob=(7)
cfi=(85)
cfn=(5460)
calls=5 -69 
* 1157
* 5
+1 10
+3 50
+1 15

fn=(7020) Matrix::b(unsigned int, unsigned int)
166 12894700
+1 25789400
+1 5157880

fn=(8068)
126 3
+1 2
+1 2

fn=(8070)
131 3
+1 2
+1 2

fn=(8072)
136 3
+1 2
+1 2

fn=(7014) Matrix::Matrix(Matrix const&)
42 20
+1 32
cob=(7)
cfi=(71)
cfn=(5022)
calls=4 -12 
* 1447
* 4
* 12
+1 32
cob=(7)
cfi=(71)
cfn=(5022)
calls=4 -13 
* 1483
* 4
* 12
+1 32
cob=(7)
cfi=(71)
cfn=(5022)
calls=4 -14 
* 1313
* 4
* 12
+1 16
+1 16
+1 16
+2 8
+1 5408
+1 12378912
cfn=(7016) Matrix::r(unsigned int, unsigned int)
calls=2063152 156 
* 35073584
* 14442064
cfn=(7018) Matrix::g(unsigned int, unsigned int)
calls=2063152 161 
* 35073584
* 14442064
cfn=(7020)
calls=2063152 166 
* 35073584
* 2063152
+1 12378912
cfn=(7022)
calls=2063152 +88 
* 37136736
* 14442064
cfn=(7024)
calls=2063152 +93 
* 37136736
* 14442064
cfn=(7026) Matrix::b(unsigned int, unsigned int) const
calls=2063152 +98 
* 37136736
* 2063152
+2 6189456
+1 6189456
+1 6189456
-6 12392432
-1 16244
+10 16

fn=(7018)
161 12894700
+1 25789400
+1 5157880

fn=(7016)
156 12894700
+1 25789400
+1 5157880

fn=(7026)
151 12894700
+1 28368340
+1 5157880

fl=(112) /usr/include/c++/15.1.1/x86_64-pc-linux-gnu/bits/ctype_inline.h
fn=(6068) std::ctype<char>::is(unsigned short, char) const
44 15420

fl=(115) /usr/include/c++/15.1.1/bits/stl_algo.h
fn=(6150) __gnu_cxx::__normal_iterator<char*, std::vector<char, std::allocator<char> > > std::__unique<__gnu_cxx::__normal_iterator<char*, std::vector<char, std::allocator<char> > >, __gnu_cxx::__ops::_Iter_equal_to_iter>(__gnu_cxx::__normal_iterator<char*, std::vector<char, std::allocator<char> > >, __gnu_cxx::__normal_iterator<char*, std::vector<char, std::allocator<char> > >, __gnu_cxx::__ops::_Iter_equal_to_iter)
841 24
+4 15
cfn=(6152) __gnu_cxx::__normal_iterator<char*, std::vector<char, std::allocator<char> > > std::__adjacent_find<__gnu_cxx::__normal_iterator<char*, std::vector<char, std::allocator<char> > >, __gnu_cxx::__ops::_Iter_equal_to_iter>(__gnu_cxx::__normal_iterator<char*, std::vector<char, std::allocator<char> > >, __gnu_cxx::__normal_iterator<char*, std::vector<char, std::allocator<char> > >, __gnu_cxx::__ops::_Iter_equal_to_iter)
calls=3 -22 
* 81
* 9
fi=(117) /usr/include/c++/15.1.1/bits/stl_iterator.h
1166 3
+65 9
-65 3
+65 9
fe=(115)
846 6
+1 6
+9 15

fn=(6152)
823 30
fi=(117)
1166 3
+65 9
-65 3
+65 9
fe=(115)
826 6
+1 6
+9 15

fn=(6174) bool std::binary_search<__gnu_cxx::__normal_iterator<char const*, std::vector<char, std::allocator<char> > >, char>(__gnu_cxx::__normal_iterator<char const*, std::vector<char, std::allocator<char> > >, __gnu_cxx::__normal_iterator<char const*, std::vector<char, std::allocator<char> > >, char const&)
2195 6912
+12 768
cfi=(116) /usr/include/c++/15.1.1/bits/predefined_ops.h
cfn=(6176) __gnu_cxx::__ops::__iter_less_val()
calls=768 75 
* 3840
-1 4608
cfi=(67) /usr/include/c++/15.1.1/bits/stl_algobase.h
cfn=(6178) __gnu_cxx::__normal_iterator<char const*, std::vector<char, std::allocator<char> > > std::__lower_bound<__gnu_cxx::__normal_iterator<char const*, std::vector<char, std::allocator<char> > >, char, __gnu_cxx::__ops::_Iter_less_val>(__gnu_cxx::__normal_iterator<char const*, std::vector<char, std::allocator<char> > >, __gnu_cxx::__normal_iterator<char const*, std::vector<char, std::allocator<char> > >, char const&, __gnu_cxx::__ops::_Iter_less_val)
calls=768 1496 
* 29952
* 2304
fi=(117)
1166 768
+81 2304
-81 768
+81 2304
fe=(115)
2208 2304
+1 3840

fn=(6140) void std::sort<__gnu_cxx::__normal_iterator<char*, std::vector<char, std::allocator<char> > > >(__gnu_cxx::__normal_iterator<char*, std::vector<char, std::allocator<char> > >, __gnu_cxx::__normal_iterator<char*, std::vector<char, std::allocator<char> > >)
4831 15
+10 3
cfi=(116)
cfn=(6142) __gnu_cxx::__ops::__iter_less_iter()
calls=3 51 
* 15
* 15
cfn=(6144) void std::__sort<__gnu_cxx::__normal_iterator<char*, std::vector<char, std::allocator<char> > >, __gnu_cxx::__ops::_Iter_less_iter>(__gnu_cxx::__normal_iterator<char*, std::vector<char, std::allocator<char> > >, __gnu_cxx::__normal_iterator<char*, std::vector<char, std::allocator<char> > >, __gnu_cxx::__ops::_Iter_less_iter)
calls=3 1901 
* 60
+1 9

fn=(6144)
1901 21
fi=(117)
1166 3
+81 9
-81 3
+81 9
fe=(115)
1904 6
+7 9

fn=(6146) __gnu_cxx::__normal_iterator<char*, std::vector<char, std::allocator<char> > > std::unique<__gnu_cxx::__normal_iterator<char*, std::vector<char, std::allocator<char> > > >(__gnu_cxx::__normal_iterator<char*, std::vector<char, std::allocator<char> > >, __gnu_cxx::__normal_iterator<char*, std::vector<char, std::allocator<char> > >)
875 15
+10 3
cfi=(116)
cfn=(6148) __gnu_cxx::__ops::__iter_equal_to_iter()
calls=3 123 
* 15
-1 15
cfn=(6150)
calls=3 -43 
* 180
+2 6

fl=(118) /usr/include/c++/15.1.1/bits/std_function.h
fn=(6260) std::__detail::_BracketMatcher<std::__cxx11::regex_traits<char>, false, false>*& std::_Any_data::_M_access<std::__detail::_BracketMatcher<std::__cxx11::regex_traits<char>, false, false>*>()
92 24
+1 18
cfn=(6262) std::_Any_data::_M_access()
calls=6 -6 
* 36
* 12

fn=(6274) std::function<bool (char)>::function(std::function<bool (char)>&&)
406 100
+1 140
cfn=(6218) std::_Function_base::_Function_base()
calls=20 241 
* 220
* 80
+2 60
cfn=(6276) std::function<bool (char)>::operator bool() const
calls=20 575 
* 380
* 40
+2 120
+1 80
+1 40
+1 40
+2 60

fn=(6868) std::_Function_base::_Base_manager<std::__detail::_BracketMatcher<std::__cxx11::regex_traits<char>, false, false> >::_M_manager(std::_Any_data&, std::_Any_data const&, std::_Manager_operation)
182 21
+3 9
+20 9
cfn=(6870) std::_Function_base::_Base_manager<std::__detail::_BracketMatcher<std::__cxx11::regex_traits<char>, false, false> >::_M_destroy(std::_Any_data&, std::integral_constant<bool, false>)
calls=3 -30 
* 1491
+1 3
+2 3
+1 9

fn=(6216) std::function<bool (char)>::function<std::__detail::_BracketMatcher<std::__cxx11::regex_traits<char>, false, false>, void>(std::__detail::_BracketMatcher<std::__cxx11::regex_traits<char>, false, false>&&)
437 18
+2 21
cfn=(6218)
calls=3 241 
* 33
* 6
+10 9
cfn=(6220) bool std::_Function_base::_Base_manager<std::__detail::_BracketMatcher<std::__cxx11::regex_traits<char>, false, false> >::_M_not_empty_function<std::__detail::_BracketMatcher<std::__cxx11::regex_traits<char>, false, false> >(std::__detail::_BracketMatcher<std::__cxx11::regex_traits<char>, false, false> const&)
calls=3 237 
* 18
* 12
fi=(105) /usr/include/c++/15.1.1/bits/move.h
73 3
fe=(118)
451 12
cfn=(6222) void std::_Function_base::_Base_manager<std::__detail::_BracketMatcher<std::__cxx11::regex_traits<char>, false, false> >::_M_init_functor<std::__detail::_BracketMatcher<std::__cxx11::regex_traits<char>, false, false> >(std::_Any_data&, std::__detail::_BracketMatcher<std::__cxx11::regex_traits<char>, false, false>&&)
calls=3 213 
* 1769
+2 9
+1 9
+2 15

fn=(6410) void std::_Function_base::_Base_manager<std::__detail::_CharMatcher<std::__cxx11::regex_traits<char>, false, false> >::_M_create<std::__detail::_CharMatcher<std::__cxx11::regex_traits<char>, false, false> >(std::_Any_data&, std::__detail::_CharMatcher<std::__cxx11::regex_traits<char>, false, false>&&, std::integral_constant<bool, true>)
152 6
+2 3
cfn=(6262)
calls=1 -67 
* 6
* 4
cfi=(100) /usr/include/c++/15.1.1/new
cfn=(5738) operator new(unsigned long, void*)
calls=1 +54 
* 7
* 2
fi=(105)
-81 1
fe=(118)
+81 5
+1 4

fn=(6712) std::function<bool (char)>::operator()(char) const
589 66
+2 33
cfn=(6278) std::_Function_base::_M_empty() const
calls=11 249 
* 99
* 22
+2 22
fi=(105)
73 11
fe=(118)
593 44
cfn=(6748) std::_Function_handler<bool (char), std::__detail::_CharMatcher<std::__cxx11::regex_traits<char>, false, false> >::_M_invoke(std::_Any_data const&, char&&)
calls=1 290 
* 107
cfn=(6714) std::_Function_handler<bool (char), std::__detail::_BracketMatcher<std::__cxx11::regex_traits<char>, false, false> >::_M_invoke(std::_Any_data const&, char&&)
calls=10 290 
* 1770
+1 22

fn=(6218)
241 308

fn=(6268) std::function<bool (char)>::function()
370 16
+1 28
cfn=(6218)
calls=4 241 
* 44
* 20

fn=(6404) std::function<bool (char)>::function<std::__detail::_CharMatcher<std::__cxx11::regex_traits<char>, false, false>, void>(std::__detail::_CharMatcher<std::__cxx11::regex_traits<char>, false, false>&&)
437 5
+2 7
cfn=(6218)
calls=1 241 
* 11
* 2
+10 3
cfn=(6406) bool std::_Function_base::_Base_manager<std::__detail::_CharMatcher<std::__cxx11::regex_traits<char>, false, false> >::_M_not_empty_function<std::__detail::_CharMatcher<std::__cxx11::regex_traits<char>, false, false> >(std::__detail::_CharMatcher<std::__cxx11::regex_traits<char>, false, false> const&)
calls=1 237 
* 6
* 4
fi=(105)
73 1
fe=(118)
451 4
cfn=(6408) void std::_Function_base::_Base_manager<std::__detail::_CharMatcher<std::__cxx11::regex_traits<char>, false, false> >::_M_init_functor<std::__detail::_CharMatcher<std::__cxx11::regex_traits<char>, false, false> >(std::_Any_data&, std::__detail::_CharMatcher<std::__cxx11::regex_traits<char>, false, false>&&)
calls=1 213 
* 53
+2 3
+1 3
+2 3

fn=(6408)
213 7
fi=(105)
73 1
fe=(118)
217 4
cfn=(6410)
calls=1 -65 
* 38
+1 3

fn=(6872) std::_Function_handler<bool (char), std::__detail::_CharMatcher<std::__cxx11::regex_traits<char>, false, false> >::_M_manager(std::_Any_data&, std::_Any_data const&, std::_Manager_operation)
269 7
+3 6
+12 6
cfn=(6874) std::_Function_base::_Base_manager<std::__detail::_CharMatcher<std::__cxx11::regex_traits<char>, false, false> >::_M_manager(std::_Any_data&, std::_Any_data const&, std::_Manager_operation)
calls=1 182 
* 43
+2 1
+1 3

fn=(6748)
290 8
fi=(105)
73 1
fe=(118)
292 3
cfn=(6750) std::_Function_base::_Base_manager<std::__detail::_CharMatcher<std::__cxx11::regex_traits<char>, false, false> >::_M_get_pointer(std::_Any_data const&)
calls=1 136 
* 28
* 3
cfi=(124) /usr/include/c++/15.1.1/bits/invoke.h
cfn=(6754) std::enable_if<is_invocable_r_v<bool, std::__detail::_CharMatcher<std::__cxx11::regex_traits<char>, false, false>&, char>, bool>::type std::__invoke_r<bool, std::__detail::_CharMatcher<std::__cxx11::regex_traits<char>, false, false>&, char>(std::__detail::_CharMatcher<std::__cxx11::regex_traits<char>, false, false>&, char&&)
calls=1 106 
* 61
+2 3

fn=(6866) std::_Function_handler<bool (char), std::__detail::_BracketMatcher<std::__cxx11::regex_traits<char>, false, false> >::_M_manager(std::_Any_data&, std::_Any_data const&, std::_Manager_operation)
269 21
+3 18
+12 18
cfn=(6868)
calls=3 182 
* 1545
+2 3
+1 9

fn=(6870)
175 15
+2 9
cfn=(6260)
calls=3 -85 
* 45
* 15
cfi=(93) /usr/include/c++/15.1.1/bits/regex_compiler.h
cfn=(6296) std::__detail::_BracketMatcher<std::__cxx11::regex_traits<char>, false, false>::~_BracketMatcher()
calls=3 424 
* 1191
* 9
cob=(7)
cfi=(110)
cfn=(6004)
calls=3 32 
* 192
* 3
+1 12

fn=(6224) void std::_Function_base::_Base_manager<std::__detail::_BracketMatcher<std::__cxx11::regex_traits<char>, false, false> >::_M_create<std::__detail::_BracketMatcher<std::__cxx11::regex_traits<char>, false, false> >(std::_Any_data&, std::__detail::_BracketMatcher<std::__cxx11::regex_traits<char>, false, false>&&, std::integral_constant<bool, false>)
160 21
+3 6
cob=(7)
cfi=(72)
cfn=(5024)
calls=3 43 
* 434
* 3
* 9
fi=(105)
-90 3
fe=(118)
+90 9
cfi=(93)
cfn=(6226) std::__detail::_BracketMatcher<std::__cxx11::regex_traits<char>, false, false>::_BracketMatcher(std::__detail::_BracketMatcher<std::__cxx11::regex_traits<char>, false, false>&&)
calls=3 424 
* 1152
* 3
-1 9
cfn=(6260)
calls=3 -70 
* 45
+1 12
+1 18

fn=(6750)
136 4
+4 3
cfn=(6752) std::__detail::_CharMatcher<std::__cxx11::regex_traits<char>, false, false> const& std::_Any_data::_M_access<std::__detail::_CharMatcher<std::__cxx11::regex_traits<char>, false, false> >() const
calls=1 -43 
* 15
* 3
fi=(105)
-87 1
fe=(118)
+92 2

fn=(6874)
182 7
+3 3
+20 3
cfn=(6876) std::_Function_base::_Base_manager<std::__detail::_CharMatcher<std::__cxx11::regex_traits<char>, false, false> >::_M_destroy(std::_Any_data&, std::integral_constant<bool, true>)
calls=1 -37 
* 25
+1 1
+2 1
+1 3

fn=(6876)
168 4
+2 3
cfn=(6878) std::__detail::_CharMatcher<std::__cxx11::regex_traits<char>, false, false>& std::_Any_data::_M_access<std::__detail::_CharMatcher<std::__cxx11::regex_traits<char>, false, false> >()
calls=1 -78 
* 15
+1 3

fn=(6878)
92 4
+1 3
cfn=(6262)
calls=1 -6 
* 6
* 2

fn=(6222)
213 21
fi=(105)
73 3
fe=(118)
217 12
cfn=(6224)
calls=3 -57 
* 1724
+1 9

fn=(6262)
87 48

fn=(6272) std::function<bool (char)>::operator=(std::function<bool (char)>&&)
489 40
fi=(105)
139 4
fe=(118)
491 16
cfn=(6274)
calls=4 -85 
* 272
* 20
cfn=(6280) std::function<bool (char)>::swap(std::function<bool (char)>&)
calls=4 +67 
* 480
* 12
cfn=(6288) std::function<bool (char)>::~function()
calls=4 336 
* 84
+1 4
+1 20

fn=(6278)
249 279

fn=(6714)
290 80
fi=(105)
73 10
fe=(118)
292 30
cfn=(6716) std::_Function_base::_Base_manager<std::__detail::_BracketMatcher<std::__cxx11::regex_traits<char>, false, false> >::_M_get_pointer(std::_Any_data const&)
calls=10 136 
* 250
* 30
cfi=(124)
cfn=(6722) std::enable_if<is_invocable_r_v<bool, std::__detail::_BracketMatcher<std::__cxx11::regex_traits<char>, false, false>&, char>, bool>::type std::__invoke_r<bool, std::__detail::_BracketMatcher<std::__cxx11::regex_traits<char>, false, false>&, char>(std::__detail::_BracketMatcher<std::__cxx11::regex_traits<char>, false, false>&, char&&)
calls=10 106 
* 1340
+2 30

fn=(6752)
97 4
+1 3
cfn=(6720) std::_Any_data::_M_access() const
calls=1 -10 
* 6
* 2

fn=(6220)
237 9
+1 9

fn=(6280)
558 20
+2 20
cfi=(105)
cfn=(6282) std::enable_if<std::__and_<std::__not_<std::__is_tuple_like<std::_Any_data> >, std::is_move_constructible<std::_Any_data>, std::is_move_assignable<std::_Any_data> >::value, void>::type std::swap<std::_Any_data>(std::_Any_data&, std::_Any_data&)
calls=4 227 
* 140
+1 28
cfi=(105)
cfn=(6284) std::enable_if<std::__and_<std::__not_<std::__is_tuple_like<bool (*)(std::_Any_data&, std::_Any_data const&, std::_Manager_operation)> >, std::is_move_constructible<bool (*)(std::_Any_data&, std::_Any_data const&, std::_Manager_operation)>, std::is_move_assignable<bool (*)(std::_Any_data&, std::_Any_data const&, std::_Manager_operation)> >::value, void>::type std::swap<bool (*)(std::_Any_data&, std::_Any_data const&, std::_Manager_operation)>(bool (*&)(std::_Any_data&, std::_Any_data const&, std::_Manager_operation), bool (*&)(std::_Any_data&, std::_Any_data const&, std::_Manager_operation))
calls=4 227 
* 116
+1 28
cfi=(105)
cfn=(6286) std::enable_if<std::__and_<std::__not_<std::__is_tuple_like<bool (*)(std::_Any_data const&, char&&)> >, std::is_move_constructible<bool (*)(std::_Any_data const&, char&&)>, std::is_move_assignable<bool (*)(std::_Any_data const&, char&&)> >::value, void>::type std::swap<bool (*)(std::_Any_data const&, char&&)>(bool (*&)(std::_Any_data const&, char&&), bool (*&)(std::_Any_data const&, char&&))
calls=4 227 
* 116
+1 12

fn=(6290) std::_Function_base::~_Function_base()
243 112
+2 112
+1 32
cfn=(6872)
calls=1 +23 
* 66
cfn=(6866)
calls=3 +23 
* 1614
+1 84

fn=(6716)
136 40
+8 30
cfn=(6718) std::__detail::_BracketMatcher<std::__cxx11::regex_traits<char>, false, false>* const& std::_Any_data::_M_access<std::__detail::_BracketMatcher<std::__cxx11::regex_traits<char>, false, false>*>() const
calls=10 -47 
* 150
* 10
+1 20

fn=(6276)
575 80
+1 60
cfn=(6278)
calls=20 249 
* 180
* 60

fn=(6288)
336 196
cfn=(6290)
calls=28 -93 
* 2020
* 84

fn=(6406)
237 3
+1 3

fn=(6718)
97 40
+1 30
cfn=(6720)
calls=10 -10 
* 60
* 20

fn=(6720)
88 66

fl=(119) /usr/include/c++/15.1.1/bits/regex_automaton.tcc
fn=(6420) std::__detail::_NFA<std::__cxx11::regex_traits<char> >::_M_eliminate_dummy()
178 14
+2 12
cfi=(104) /usr/include/c++/15.1.1/bits/stl_vector.h
cfn=(5932) std::vector<std::__detail::_State<char>, std::allocator<std::__detail::_State<char> > >::begin()
calls=2 998 
* 38
* 10
cfi=(104)
cfn=(5934) std::vector<std::__detail::_State<char>, std::allocator<std::__detail::_State<char> > >::end()
calls=2 1018 
* 40
* 4
fi=(117)
1090 28
fe=(119)
180 28
+2 28
+2 35
cfi=(104)
cfn=(5968) std::vector<std::__detail::_State<char>, std::allocator<std::__detail::_State<char> > >::operator[](unsigned long)
calls=5 1261 
* 205
* 15
-2 349
cfi=(104)
cfn=(5968)
calls=31 1261 
* 1271
* 62
cfi=(103) /usr/include/c++/15.1.1/bits/regex_automaton.h
cfn=(5910) std::__detail::_State<char>::_M_opcode() const
calls=31 -14 
* 217
* 166
+3 84
cfi=(103)
cfn=(6424) std::__detail::_State_base::_M_has_alt() const
calls=28 -78 
* 495
* 56
+1 36
cfi=(104)
cfn=(5968)
calls=3 1261 
* 123
* 6
cfi=(103)
cfn=(5910)
calls=3 -18 
* 21
* 15
fi=(117)
1103 84
+1 84
+62 28
+81 84
-81 28
+81 84
fe=(119)
180 56
fi=(117)
1104 4
+62 2
+81 6
-81 2
+81 6
fe=(119)
180 4
+10 12

fl=(121) /usr/include/c++/15.1.1/bits/regex_executor.h
fn=(6598) std::__detail::_Executor<__gnu_cxx::__normal_iterator<char const*, std::__cxx11::basic_string<char, std::char_traits<char>, std::allocator<char> > >, std::allocator<std::__cxx11::sub_match<__gnu_cxx::__normal_iterator<char const*, std::__cxx11::basic_string<char, std::char_traits<char>, std::allocator<char> > > > >, std::__cxx11::regex_traits<char>, true>::_Executor(__gnu_cxx::__normal_iterator<char const*, std::__cxx11::basic_string<char, std::char_traits<char>, std::allocator<char> > >, __gnu_cxx::__normal_iterator<char const*, std::__cxx11::basic_string<char, std::char_traits<char>, std::allocator<char> > >, std::vector<std::__cxx11::sub_match<__gnu_cxx::__normal_iterator<char const*, std::__cxx11::basic_string<char, std::char_traits<char>, std::allocator<char> > > >, std::allocator<std::__cxx11::sub_match<__gnu_cxx::__normal_iterator<char const*, std::__cxx11::basic_string<char, std::char_traits<char>, std::allocator<char> > > > > >&, std::__cxx11::basic_regex<char, std::__cxx11::regex_traits<char> > const&, std::regex_constants::match_flag_type)
69 28
+5 12
cfi=(104)
cfn=(6600) std::_Vector_base<std::__cxx11::sub_match<__gnu_cxx::__normal_iterator<char const*, std::__cxx11::basic_string<char, std::char_traits<char>, std::allocator<char> > > >, std::allocator<std::__cxx11::sub_match<__gnu_cxx::__normal_iterator<char const*, std::__cxx11::basic_string<char, std::char_traits<char>, std::allocator<char> > > > > >::get_allocator() const
calls=2 317 
* 54
* 8
cfi=(104)
cfn=(6494) std::vector<std::__cxx11::sub_match<__gnu_cxx::__normal_iterator<char const*, std::__cxx11::basic_string<char, std::char_traits<char>, std::allocator<char> > > >, std::allocator<std::__cxx11::sub_match<__gnu_cxx::__normal_iterator<char const*, std::__cxx11::basic_string<char, std::char_traits<char>, std::allocator<char> > > > > >::vector(std::allocator<std::__cxx11::sub_match<__gnu_cxx::__normal_iterator<char const*, std::__cxx11::basic_string<char, std::char_traits<char>, std::allocator<char> > > > > const&)
calls=2 572 
* 118
fi=(63) /usr/include/c++/15.1.1/bits/allocator.h
189 6
cfi=(62)
cfn=(6504) std::__new_allocator<std::__cxx11::sub_match<__gnu_cxx::__normal_iterator<char const*, std::__cxx11::basic_string<char, std::char_traits<char>, std::allocator<char> > > > >::~__new_allocator()
calls=2 -85 
* 12
* 2
fe=(121)
82 6
fi=(117)
1054 6
fe=(121)
75 6
+1 8
+1 6
+1 8
cfi=(91) /usr/include/c++/15.1.1/bits/shared_ptr_base.h
cfn=(6606) std::__shared_ptr_access<std::__detail::_NFA<std::__cxx11::regex_traits<char> > const, (__gnu_cxx::_Lock_policy)2, false, false>::operator*() const
calls=2 1357 
* 64
* 4
+1 6
+1 8
fi=(62)
+8 2
fi=(63)
+80 2
fe=(121)
-88 10
cfi=(104)
cfn=(5930) std::vector<std::__detail::_State<char>, std::allocator<std::__detail::_State<char> > >::size() const
calls=2 1117 
* 32
* 12
cfi=(104)
cfn=(6608) std::vector<std::pair<__gnu_cxx::__normal_iterator<char const*, std::__cxx11::basic_string<char, std::char_traits<char>, std::allocator<char> > >, int>, std::allocator<std::pair<__gnu_cxx::__normal_iterator<char const*, std::__cxx11::basic_string<char, std::char_traits<char>, std::allocator<char> > >, int> > >::vector(unsigned long, std::allocator<std::pair<__gnu_cxx::__normal_iterator<char const*, std::__cxx11::basic_string<char, std::char_traits<char>, std::allocator<char> > >, int> > const&)
calls=2 586 
* 2572
fi=(63)
189 6
cfi=(62)
cfn=(6614) std::__new_allocator<std::pair<__gnu_cxx::__normal_iterator<char const*, std::__cxx11::basic_string<char, std::char_traits<char>, std::allocator<char> > >, int> >::~__new_allocator()
calls=2 -85 
* 12
* 2
fe=(121)
81 14
cfi=(104)
cfn=(5930)
calls=2 1117 
* 32
* 10
cfi=(103)
cfn=(5854) std::__detail::_NFA_base::_M_start() const
calls=2 208 
* 14
* 8
cfn=(6652) std::__detail::_Executor<__gnu_cxx::__normal_iterator<char const*, std::__cxx11::basic_string<char, std::char_traits<char>, std::allocator<char> > >, std::allocator<std::__cxx11::sub_match<__gnu_cxx::__normal_iterator<char const*, std::__cxx11::basic_string<char, std::char_traits<char>, std::allocator<char> > > > >, std::__cxx11::regex_traits<char>, true>::_State_info<std::integral_constant<bool, true>, std::vector<std::__cxx11::sub_match<__gnu_cxx::__normal_iterator<char const*, std::__cxx11::basic_string<char, std::char_traits<char>, std::allocator<char> > > >, std::allocator<std::__cxx11::sub_match<__gnu_cxx::__normal_iterator<char const*, std::__cxx11::basic_string<char, std::char_traits<char>, std::allocator<char> > > > > > >::_State_info(long, unsigned long)
calls=2 278 
* 34
+1 6
+3 8
cfi=(94) /usr/include/c++/15.1.1/bits/regex_constants.h
cfn=(6654) std::regex_constants::operator&(std::regex_constants::match_flag_type, std::regex_constants::match_flag_type)
calls=2 377 
* 16
* 8
+2 18

fn=(6656) std::__detail::_Executor<__gnu_cxx::__normal_iterator<char const*, std::__cxx11::basic_string<char, std::char_traits<char>, std::allocator<char> > >, std::allocator<std::__cxx11::sub_match<__gnu_cxx::__normal_iterator<char const*, std::__cxx11::basic_string<char, std::char_traits<char>, std::allocator<char> > > > >, std::__cxx11::regex_traits<char>, true>::_M_match()
91 8
+2 8
+1 8
cfn=(6658) std::__detail::_Executor<__gnu_cxx::__normal_iterator<char const*, std::__cxx11::basic_string<char, std::char_traits<char>, std::allocator<char> > >, std::allocator<std::__cxx11::sub_match<__gnu_cxx::__normal_iterator<char const*, std::__cxx11::basic_string<char, std::char_traits<char>, std::allocator<char> > > > >, std::__cxx11::regex_traits<char>, true>::_M_main(std::__detail::_Executor<__gnu_cxx::__normal_iterator<char const*, std::__cxx11::basic_string<char, std::char_traits<char>, std::allocator<char> > >, std::allocator<std::__cxx11::sub_match<__gnu_cxx::__normal_iterator<char const*, std::__cxx11::basic_string<char, std::char_traits<char>, std::allocator<char> > > > >, std::__cxx11::regex_traits<char>, true>::_Match_mode)
calls=2 +55 
* 15632
+1 4

fn=(6658)
149 12
+1 10
cfi=(122) /usr/include/c++/15.1.1/bits/regex_executor.tcc
cfn=(6660) std::__detail::_Executor<__gnu_cxx::__normal_iterator<char const*, std::__cxx11::basic_string<char, std::char_traits<char>, std::allocator<char> > >, std::allocator<std::__cxx11::sub_match<__gnu_cxx::__normal_iterator<char const*, std::__cxx11::basic_string<char, std::char_traits<char>, std::allocator<char> > > > >, std::__cxx11::regex_traits<char>, true>::_M_main_dispatch(std::__detail::_Executor<__gnu_cxx::__normal_iterator<char const*, std::__cxx11::basic_string<char, std::char_traits<char>, std::allocator<char> > >, std::allocator<std::__cxx11::sub_match<__gnu_cxx::__normal_iterator<char const*, std::__cxx11::basic_string<char, std::char_traits<char>, std::allocator<char> > > > >, std::__cxx11::regex_traits<char>, true>::_Match_mode, std::integral_constant<bool, true>)
calls=2 -69 
* 15606
* 4

fn=(6662) std::__detail::_Executor<__gnu_cxx::__normal_iterator<char const*, std::__cxx11::basic_string<char, std::char_traits<char>, std::allocator<char> > >, std::allocator<std::__cxx11::sub_match<__gnu_cxx::__normal_iterator<char const*, std::__cxx11::basic_string<char, std::char_traits<char>, std::allocator<char> > > > >, std::__cxx11::regex_traits<char>, true>::_State_info<std::integral_constant<bool, true>, std::vector<std::__cxx11::sub_match<__gnu_cxx::__normal_iterator<char const*, std::__cxx11::basic_string<char, std::char_traits<char>, std::allocator<char> > > >, std::allocator<std::__cxx11::sub_match<__gnu_cxx::__normal_iterator<char const*, std::__cxx11::basic_string<char, std::char_traits<char>, std::allocator<char> > > > > > >::_M_get_sol_pos()
285 14

fn=(6652)
278 22
fi=(117)
1054 6
fe=(121)
279 6

fn=(6692) std::__detail::_Executor<__gnu_cxx::__normal_iterator<char const*, std::__cxx11::basic_string<char, std::char_traits<char>, std::allocator<char> > >, std::allocator<std::__cxx11::sub_match<__gnu_cxx::__normal_iterator<char const*, std::__cxx11::basic_string<char, std::char_traits<char>, std::allocator<char> > > > >, std::__cxx11::regex_traits<char>, true>::_State_info<std::integral_constant<bool, true>, std::vector<std::__cxx11::sub_match<__gnu_cxx::__normal_iterator<char const*, std::__cxx11::basic_string<char, std::char_traits<char>, std::allocator<char> > > >, std::allocator<std::__cxx11::sub_match<__gnu_cxx::__normal_iterator<char const*, std::__cxx11::basic_string<char, std::char_traits<char>, std::allocator<char> > > > > > >::_M_visited(long) const
282 266

fn=(6702) std::__detail::_Executor<__gnu_cxx::__normal_iterator<char const*, std::__cxx11::basic_string<char, std::char_traits<char>, std::allocator<char> > >, std::allocator<std::__cxx11::sub_match<__gnu_cxx::__normal_iterator<char const*, std::__cxx11::basic_string<char, std::char_traits<char>, std::allocator<char> > > > >, std::__cxx11::regex_traits<char>, true>::_M_at_begin() const
167 14
+2 16
fi=(117)
1166 2
+65 6
-65 2
+65 6
fe=(121)
169 4
+3 10
cfi=(94)
cfn=(6654)
calls=2 377 
* 16
* 8
+3 10
cfi=(94)
cfn=(6654)
calls=2 377 
* 16
* 8
+10 4
+6 10

fn=(6762) std::__detail::_Executor<__gnu_cxx::__normal_iterator<char const*, std::__cxx11::basic_string<char, std::char_traits<char>, std::allocator<char> > >, std::allocator<std::__cxx11::sub_match<__gnu_cxx::__normal_iterator<char const*, std::__cxx11::basic_string<char, std::char_traits<char>, std::allocator<char> > > > >, std::__cxx11::regex_traits<char>, true>::_M_at_end() const
194 8
+2 16
fi=(117)
1166 2
+65 6
-65 2
+65 6
fe=(121)
196 4
+1 10
cfi=(94)
cfn=(6654)
calls=2 377 
* 16
* 6
+5 4

fn=(6784) std::__detail::_Executor<__gnu_cxx::__normal_iterator<char const*, std::__cxx11::basic_string<char, std::char_traits<char>, std::allocator<char> > >, std::allocator<std::__cxx11::sub_match<__gnu_cxx::__normal_iterator<char const*, std::__cxx11::basic_string<char, std::char_traits<char>, std::allocator<char> > > > >, std::__cxx11::regex_traits<char>, true>::~_Executor()
52 16
cfi=(104)
cfn=(6786) std::vector<std::pair<__gnu_cxx::__normal_iterator<char const*, std::__cxx11::basic_string<char, std::char_traits<char>, std::allocator<char> > >, int>, std::allocator<std::pair<__gnu_cxx::__normal_iterator<char const*, std::__cxx11::basic_string<char, std::char_traits<char>, std::allocator<char> > >, int> > >::~vector()
calls=2 800 
* 372
* 6
cfi=(104)
cfn=(6582) std::vector<std::__cxx11::sub_match<__gnu_cxx::__normal_iterator<char const*, std::__cxx11::basic_string<char, std::char_traits<char>, std::allocator<char> > > >, std::allocator<std::__cxx11::sub_match<__gnu_cxx::__normal_iterator<char const*, std::__cxx11::basic_string<char, std::char_traits<char>, std::allocator<char> > > > > >::~vector()
calls=2 800 
* 380
* 6

fl=(106) /usr/include/c++/15.1.1/bits/stl_stack.h
fn=(6008) std::stack<std::__detail::_StateSeq<std::__cxx11::regex_traits<char> >, std::deque<std::__detail::_StateSeq<std::__cxx11::regex_traits<char> >, std::allocator<std::__detail::_StateSeq<std::__cxx11::regex_traits<char> > > > >::push(std::__detail::_StateSeq<std::__cxx11::regex_traits<char> >&&)
291 65
+1 39
fi=(105)
139 13
fe=(106)
292 39
cfi=(107) /usr/include/c++/15.1.1/bits/stl_deque.h
cfn=(6010) std::deque<std::__detail::_StateSeq<std::__cxx11::regex_traits<char> >, std::allocator<std::__detail::_StateSeq<std::__cxx11::regex_traits<char> > > >::push_back(std::__detail::_StateSeq<std::__cxx11::regex_traits<char> >&&)
calls=13 1620 
* 2639
* 39

fn=(6032) std::stack<std::__detail::_StateSeq<std::__cxx11::regex_traits<char> >, std::deque<std::__detail::_StateSeq<std::__cxx11::regex_traits<char> >, std::allocator<std::__detail::_StateSeq<std::__cxx11::regex_traits<char> > > > >::top()
258 120
+2 90
cfn=(6034) std::stack<std::__detail::_StateSeq<std::__cxx11::regex_traits<char> >, std::deque<std::__detail::_StateSeq<std::__cxx11::regex_traits<char> >, std::allocator<std::__detail::_StateSeq<std::__cxx11::regex_traits<char> > > > >::empty() const
calls=30 -17 
* 1020
* 150
+1 90
cfi=(107)
cfn=(6016) std::deque<std::__detail::_StateSeq<std::__cxx11::regex_traits<char> >, std::allocator<std::__detail::_StateSeq<std::__cxx11::regex_traits<char> > > >::back()
calls=30 1535 
* 3540
+1 60

fn=(5798) std::stack<std::__detail::_StateSeq<std::__cxx11::regex_traits<char> >, std::deque<std::__detail::_StateSeq<std::__cxx11::regex_traits<char> >, std::allocator<std::__detail::_StateSeq<std::__cxx11::regex_traits<char> > > > >::stack<std::deque<std::__detail::_StateSeq<std::__cxx11::regex_traits<char> >, std::allocator<std::__detail::_StateSeq<std::__cxx11::regex_traits<char> > > >, void>()
170 8
+1 20
cfi=(107)
cfn=(5800) std::deque<std::__detail::_StateSeq<std::__cxx11::regex_traits<char> >, std::allocator<std::__detail::_StateSeq<std::__cxx11::regex_traits<char> > > >::deque()
calls=2 858 
* 1465
* 6

fn=(6034)
243 260
+1 195
cfi=(107)
cfn=(6018) std::deque<std::__detail::_StateSeq<std::__cxx11::regex_traits<char> >, std::allocator<std::__detail::_StateSeq<std::__cxx11::regex_traits<char> > > >::empty() const
calls=65 1414 
* 1625
* 130

fn=(6036) std::stack<std::__detail::_StateSeq<std::__cxx11::regex_traits<char> >, std::deque<std::__detail::_StateSeq<std::__cxx11::regex_traits<char> >, std::allocator<std::__detail::_StateSeq<std::__cxx11::regex_traits<char> > > > >::pop()
331 120
+2 90
cfn=(6034)
calls=30 -90 
* 1020
* 150
+1 90
cfi=(107)
cfn=(6038) std::deque<std::__detail::_StateSeq<std::__cxx11::regex_traits<char> >, std::allocator<std::__detail::_StateSeq<std::__cxx11::regex_traits<char> > > >::pop_back()
calls=30 1664 
* 2160
+1 90

fn=(6374) std::stack<std::__detail::_StateSeq<std::__cxx11::regex_traits<char> >, std::deque<std::__detail::_StateSeq<std::__cxx11::regex_traits<char> >, std::allocator<std::__detail::_StateSeq<std::__cxx11::regex_traits<char> > > > >::push(std::__detail::_StateSeq<std::__cxx11::regex_traits<char> > const&)
286 85
+1 85
cfi=(107)
cfn=(6376) std::deque<std::__detail::_StateSeq<std::__cxx11::regex_traits<char> >, std::allocator<std::__detail::_StateSeq<std::__cxx11::regex_traits<char> > > >::push_back(std::__detail::_StateSeq<std::__cxx11::regex_traits<char> > const&)
calls=17 1605 
* 1122
* 51

fn=(6452) std::stack<std::__detail::_StateSeq<std::__cxx11::regex_traits<char> >, std::deque<std::__detail::_StateSeq<std::__cxx11::regex_traits<char> >, std::allocator<std::__detail::_StateSeq<std::__cxx11::regex_traits<char> > > > >::~stack()
107 14
cfi=(107)
cfn=(6454) std::deque<std::__detail::_StateSeq<std::__cxx11::regex_traits<char> >, std::allocator<std::__detail::_StateSeq<std::__cxx11::regex_traits<char> > > >::~deque()
calls=2 1042 
* 942
* 6

fl=(59) /usr/include/c++/15.1.1/bits/char_traits.h
fn=(5586) std::char_traits<char>::compare(char const*, char const*, unsigned long)
368 24
+2 8
fi=(88) /usr/include/c++/15.1.1/x86_64-pc-linux-gnu/bits/c++config.h
589 4
fe=(59)
373 8
+10 24
cob=(2)
cfi=(2)
cfn=(4180)
calls=3 0 
* 30
cob=(1)
cfi=(1)
cfn=(4650)
calls=1 0 
* 921
* 8
* 4
+1 8

fn=(5046) std::char_traits<char>::eof()
460 4
+1 6

fn=(4696) std::char_traits<char>::copy(char*, char const*, unsigned long)
421 54
+2 18
+6 72
cob=(2)
cfi=(2)
cfn=(4702)
calls=8 0 
* 121
cob=(1)
cfi=(1)
cfn=(4650)
calls=1 0 
* 1074
* 13
* 9
+1 18

fn=(4720) std::char_traits<char>::assign(char&, char const&)
345 312
+7 312
+1 234

fn=(4642) std::char_traits<char>::length(char const*)
387 40
fi=(88)
589 10
fe=(59)
390 20
+3 30
cob=(2)
cfi=(2)
cfn=(4174)
calls=9 0 
* 126
cob=(1)
cfi=(1)
cfn=(4650)
calls=1 0 
* 890
* 14
* 10
+1 20

fl=(60)
fn=(4906) void std::__cxx11::basic_string<char, std::char_traits<char>, std::allocator<char> >::_M_construct<true>(char const*, unsigned long)
286 10
+3 3
+3 2
fi=(57)
+86 1
fe=(60)
-80 5
cfi=(57)
cfn=(4690) std::__cxx11::basic_string<char, std::char_traits<char>, std::allocator<char> >::_M_data() const
calls=1 -60 
* 7
* 6
cfi=(57)
cfn=(4694) std::__cxx11::basic_string<char, std::char_traits<char>, std::allocator<char> >::_S_copy(char*, char const*, unsigned long)
calls=1 448 
* 50
+2 5
cfi=(57)
cfn=(4718) std::__cxx11::basic_string<char, std::char_traits<char>, std::allocator<char> >::_M_length(unsigned long)
calls=1 -67 
* 10
+3 7

fn=(5114) std::__cxx11::basic_string<char, std::char_traits<char>, std::allocator<char> >::_M_create(unsigned long&, unsigned long)
143 105
+5 75
cfi=(57)
cfn=(4902) std::__cxx11::basic_string<char, std::char_traits<char>, std::allocator<char> >::max_size() const
calls=15 1181 
* 780
* 60
+6 150
+10 90
cfi=(57)
cfn=(5116) std::__cxx11::basic_string<char, std::char_traits<char>, std::allocator<char> >::_M_get_allocator()
calls=15 359 
* 90
* 45
cfi=(57)
cfn=(5118) std::__cxx11::basic_string<char, std::char_traits<char>, std::allocator<char> >::_S_allocate(std::allocator<char>&, unsigned long)
calls=15 -24 
* 6227
+1 45

fn=(5602)
356 11
+4 3
cfi=(57)
cfn=(4898) std::__cxx11::basic_string<char, std::char_traits<char>, std::allocator<char> >::length() const
calls=1 1175 
* 77
* 3
+2 3
cfi=(57)
cfn=(4898)
calls=1 1175 
* 77
* 4
+1 3
cfi=(57)
cfn=(5112) std::__cxx11::basic_string<char, std::char_traits<char>, std::allocator<char> >::capacity() const
calls=1 1277 
* 127
* 6
cfn=(5114)
calls=1 143 
* 655
* 1
+2 2
+2 4
+1 8
cfi=(57)
cfn=(4694)
calls=1 +80 
* 49
+1 2
+4 3
cfi=(57)
cfn=(4790) std::__cxx11::basic_string<char, std::char_traits<char>, std::allocator<char> >::_M_dispose()
calls=1 -77 
* 65
+1 5
cfi=(57)
cfn=(5128) std::__cxx11::basic_string<char, std::char_traits<char>, std::allocator<char> >::_M_data(char*)
calls=1 228 
* 10
+1 5
cfi=(57)
cfn=(5130) std::__cxx11::basic_string<char, std::char_traits<char>, std::allocator<char> >::_M_capacity(unsigned long)
calls=1 265 
* 10
+1 6

fn=(5988) std::__cxx11::basic_string<char, std::char_traits<char>, std::allocator<char> >::_M_assign(std::__cxx11::basic_string<char, std::char_traits<char>, std::allocator<char> > const&)
308 209
fi=(105)
53 19
fe=(60)
311 76
+2 57
cfi=(57)
cfn=(4898)
calls=19 1175 
* 1463
* 19
+1 57
cfi=(57)
cfn=(5112)
calls=19 1277 
* 2413
* 19
+2 57
+9 38
+1 45
cfi=(57)
cfn=(4690)
calls=15 -88 
* 105
* 60
cfi=(57)
cfn=(4690)
calls=15 -88 
* 105
* 90
cfi=(57)
cfn=(4694)
calls=15 448 
* 420
+2 95
cfi=(57)
cfn=(4716) std::__cxx11::basic_string<char, std::char_traits<char>, std::allocator<char> >::_M_set_length(unsigned long)
calls=19 -58 
* 1083
+2 133

fn=(6832) std::__cxx11::basic_string<char, std::char_traits<char>, std::allocator<char> >::_M_construct<__gnu_cxx::__normal_iterator<char const*, std::__cxx11::basic_string<char, std::char_traits<char>, std::allocator<char> > > >(__gnu_cxx::__normal_iterator<char const*, std::__cxx11::basic_string<char, std::char_traits<char>, std::allocator<char> > >, __gnu_cxx::__normal_iterator<char const*, std::__cxx11::basic_string<char, std::char_traits<char>, std::allocator<char> > >, std::forward_iterator_tag)::_Guard::_Guard(std::__cxx11::basic_string<char, std::char_traits<char>, std::allocator<char> >*)
245 30

fn=(4686) void std::__cxx11::basic_string<char, std::char_traits<char>, std::allocator<char> >::_M_construct<char const*>(char const*, char const*, std::forward_iterator_tag)
227 52
fi=(145) /usr/include/c++/15.1.1/bits/stl_iterator_base_types.h
+15 4
fi=(146) /usr/include/c++/15.1.1/bits/stl_iterator_base_funcs.h
-89 16
-45 8
+46 4
fe=(60)
+77 4
+2 12
+2 6
cfn=(5114)
calls=1 -92 
* 738
* 5
cfi=(57)
cfn=(5128)
calls=1 -7 
* 10
+1 5
cfi=(57)
cfn=(5130)
calls=1 +29 
* 10
* 7
fi=(57)
378 3
fe=(60)
251 15
cfn=(4688) std::__cxx11::basic_string<char, std::char_traits<char>, std::allocator<char> >::_M_construct<char const*>(char const*, char const*, std::forward_iterator_tag)::_Guard::_Guard(std::__cxx11::basic_string<char, std::char_traits<char>, std::allocator<char> >*)
calls=3 -6 
* 30
* 5
cfn=(4688)
calls=1 -6 
* 10
+2 12
cfi=(57)
cfn=(4690)
calls=4 -15 
* 28
* 24
cfi=(57)
cfn=(4692) void std::__cxx11::basic_string<char, std::char_traits<char>, std::allocator<char> >::_S_copy_chars<char const*>(char*, char const*, char const*)
calls=4 483 
* 1344
+2 4
+2 20
cfi=(57)
cfn=(4716)
calls=4 +13 
* 228
+1 12
cfn=(4722) std::__cxx11::basic_string<char, std::char_traits<char>, std::allocator<char> >::_M_construct<char const*>(char const*, char const*, std::forward_iterator_tag)::_Guard::~_Guard()
calls=4 -10 
* 44
* 20

fn=(4722)
248 44

fn=(6830) void std::__cxx11::basic_string<char, std::char_traits<char>, std::allocator<char> >::_M_construct<__gnu_cxx::__normal_iterator<char const*, std::__cxx11::basic_string<char, std::char_traits<char>, std::allocator<char> > > >(__gnu_cxx::__normal_iterator<char const*, std::__cxx11::basic_string<char, std::char_traits<char>, std::allocator<char> > >, __gnu_cxx::__normal_iterator<char const*, std::__cxx11::basic_string<char, std::char_traits<char>, std::allocator<char> > >, std::forward_iterator_tag)
227 39
fi=(145)
+15 21
fi=(117)
1166 3
1340 9
1166 3
1340 6
fi=(146)
108 3
+46 3
fe=(60)
+77 6
+2 9
+3 6
fi=(57)
378 3
fe=(60)
251 15
cfn=(6832)
calls=3 -6 
* 30
+2 9
cfi=(57)
cfn=(4690)
calls=3 -15 
* 21
* 18
cfi=(57)
cfn=(6834) void std::__cxx11::basic_string<char, std::char_traits<char>, std::allocator<char> >::_S_copy_chars<__gnu_cxx::__normal_iterator<char const*, std::__cxx11::basic_string<char, std::char_traits<char>, std::allocator<char> > > >(char*, __gnu_cxx::__normal_iterator<char const*, std::__cxx11::basic_string<char, std::char_traits<char>, std::allocator<char> > >, __gnu_cxx::__normal_iterator<char const*, std::__cxx11::basic_string<char, std::char_traits<char>, std::allocator<char> > >)
calls=3 483 
* 261
+2 3
+2 15
cfi=(57)
cfn=(4716)
calls=3 +13 
* 171
+1 9
cfn=(6836) std::__cxx11::basic_string<char, std::char_traits<char>, std::allocator<char> >::_M_construct<__gnu_cxx::__normal_iterator<char const*, std::__cxx11::basic_string<char, std::char_traits<char>, std::allocator<char> > > >(__gnu_cxx::__normal_iterator<char const*, std::__cxx11::basic_string<char, std::char_traits<char>, std::allocator<char> > >, __gnu_cxx::__normal_iterator<char const*, std::__cxx11::basic_string<char, std::char_traits<char>, std::allocator<char> > >, std::forward_iterator_tag)::_Guard::~_Guard()
calls=3 -10 
* 33
* 15

fn=(4688)
245 40

fn=(5110)
335 78
+3 39
cfi=(57)
cfn=(5112)
calls=13 1277 
* 1651
* 13
+5 39
+3 78
cfn=(5114)
calls=13 143 
* 6274
* 13
+1 39
cfi=(57)
cfn=(4898)
calls=13 1175 
* 1001
* 52
cfi=(57)
cfn=(4690)
calls=13 238 
* 91
* 78
cfi=(57)
cfn=(4694)
calls=13 448 
* 364
+1 39
cfi=(57)
cfn=(4790)
calls=13 -52 
* 845
+1 65
cfi=(57)
cfn=(5128)
calls=13 228 
* 130
+1 65
cfi=(57)
cfn=(5130)
calls=13 -85 
* 130
* 13
+1 39

fn=(6054) std::__cxx11::basic_string<char, std::char_traits<char>, std::allocator<char> >::_M_replace_aux(unsigned long, unsigned long, unsigned long, char)
481 40
+4 24
cfi=(57)
cfn=(6056) std::__cxx11::basic_string<char, std::char_traits<char>, std::allocator<char> >::_M_check_length(unsigned long, unsigned long, char const*) const
calls=4 -65 
* 584
+2 12
cfi=(57)
cfn=(4900) std::__cxx11::basic_string<char, std::char_traits<char>, std::allocator<char> >::size() const
calls=4 1163 
* 272
* 4
+1 20
+2 12
cfi=(57)
cfn=(5112)
calls=4 1277 
* 508
* 16
+2 12
cfi=(57)
cfn=(4690)
calls=4 238 
* 28
* 12
+2 16
+1 8
+6 8
+1 16
cfi=(57)
cfn=(4690)
calls=4 238 
* 28
* 28
cfi=(57)
cfn=(6058) std::__cxx11::basic_string<char, std::char_traits<char>, std::allocator<char> >::_S_assign(char*, unsigned long, char)
calls=4 -34 
* 116
+2 20
cfi=(57)
cfn=(4716)
calls=4 270 
* 228
+1 4
+1 12

fn=(6836)
248 33

fl=(125) /usr/include/c++/15.1.1/bits/cpp_type_traits.h
fn=(6772) __gnu_cxx::__normal_iterator<std::__cxx11::sub_match<__gnu_cxx::__normal_iterator<char const*, std::__cxx11::basic_string<char, std::char_traits<char>, std::allocator<char> > > > const*, std::vector<std::__cxx11::sub_match<__gnu_cxx::__normal_iterator<char const*, std::__cxx11::basic_string<char, std::char_traits<char>, std::allocator<char> > > >, std::allocator<std::__cxx11::sub_match<__gnu_cxx::__normal_iterator<char const*, std::__cxx11::basic_string<char, std::char_traits<char>, std::allocator<char> > > > > > > std::__miter_base<__gnu_cxx::__normal_iterator<std::__cxx11::sub_match<__gnu_cxx::__normal_iterator<char const*, std::__cxx11::basic_string<char, std::char_traits<char>, std::allocator<char> > > > const*, std::vector<std::__cxx11::sub_match<__gnu_cxx::__normal_iterator<char const*, std::__cxx11::basic_string<char, std::char_traits<char>, std::allocator<char> > > >, std::allocator<std::__cxx11::sub_match<__gnu_cxx::__normal_iterator<char const*, std::__cxx11::basic_string<char, std::char_traits<char>, std::allocator<char> > > > > > > >(__gnu_cxx::__normal_iterator<std::__cxx11::sub_match<__gnu_cxx::__normal_iterator<char const*, std::__cxx11::basic_string<char, std::char_traits<char>, std::allocator<char> > > > const*, std::vector<std::__cxx11::sub_match<__gnu_cxx::__normal_iterator<char const*, std::__cxx11::basic_string<char, std::char_traits<char>, std::allocator<char> > > >, std::allocator<std::__cxx11::sub_match<__gnu_cxx::__normal_iterator<char const*, std::__cxx11::basic_string<char, std::char_traits<char>, std::allocator<char> > > > > > >)
698 12
+1 12

fn=(7172) float* std::__miter_base<float*>(float*)
698 1080
+1 1080

fn=(7162) float const* std::__miter_base<float const*>(float const*)
698 25902
+1 25902

fl=(102) /usr/include/c++/15.1.1/bits/stl_construct.h
fn=(6864) void std::_Destroy<std::__detail::_State<char> >(std::__detail::_State<char>*)
161 112
+5 84
cfi=(103)
cfn=(5964) std::__detail::_State<char>::~_State()
calls=28 -7 
* 2468
+2 84

fn=(7914) void std::_Destroy<double*>(double*, double*)
202 4
+20 3

fn=(6356) void std::_Destroy<char*>(char*, char*)
202 24
+20 18

fn=(6302) void std::_Destroy<std::__cxx11::regex_traits<char>::_RegexMask*>(std::__cxx11::regex_traits<char>::_RegexMask*, std::__cxx11::regex_traits<char>::_RegexMask*)
202 24
+20 18

fn=(6854) void std::_Destroy<std::__detail::_NFA<std::__cxx11::regex_traits<char> > >(std::__detail::_NFA<std::__cxx11::regex_traits<char> >*)
161 8
+5 6
cfi=(103)
cfn=(6856) std::__detail::_NFA<std::__cxx11::regex_traits<char> >::~_NFA()
calls=2 +57 
* 3931
+2 6

fn=(6644) void std::_Construct<std::pair<__gnu_cxx::__normal_iterator<char const*, std::__cxx11::basic_string<char, std::char_traits<char>, std::allocator<char> > >, int>>(std::pair<__gnu_cxx::__normal_iterator<char const*, std::__cxx11::basic_string<char, std::char_traits<char>, std::allocator<char> > >, int>*)
123 168
+10 112
cfi=(100)
cfn=(5738)
calls=28 +75 
* 196
* 84
cfi=(120)
cfn=(6646) std::pair<__gnu_cxx::__normal_iterator<char const*, std::__cxx11::basic_string<char, std::char_traits<char>, std::allocator<char> > >, int>::pair<__gnu_cxx::__normal_iterator<char const*, std::__cxx11::basic_string<char, std::char_traits<char>, std::allocator<char> > >, int, true>()
calls=28 745 
* 364
* 84
+1 168

fn=(6782) void std::_Destroy<__gnu_cxx::__normal_iterator<std::__cxx11::sub_match<__gnu_cxx::__normal_iterator<char const*, std::__cxx11::basic_string<char, std::char_traits<char>, std::allocator<char> > > >*, std::vector<std::__cxx11::sub_match<__gnu_cxx::__normal_iterator<char const*, std::__cxx11::basic_string<char, std::char_traits<char>, std::allocator<char> > > >, std::allocator<std::__cxx11::sub_match<__gnu_cxx::__normal_iterator<char const*, std::__cxx11::basic_string<char, std::char_traits<char>, std::allocator<char> > > > > > > >(__gnu_cxx::__normal_iterator<std::__cxx11::sub_match<__gnu_cxx::__normal_iterator<char const*, std::__cxx11::basic_string<char, std::char_traits<char>, std::allocator<char> > > >*, std::vector<std::__cxx11::sub_match<__gnu_cxx::__normal_iterator<char const*, std::__cxx11::basic_string<char, std::char_traits<char>, std::allocator<char> > > >, std::allocator<std::__cxx11::sub_match<__gnu_cxx::__normal_iterator<char const*, std::__cxx11::basic_string<char, std::char_traits<char>, std::allocator<char> > > > > > >, __gnu_cxx::__normal_iterator<std::__cxx11::sub_match<__gnu_cxx::__normal_iterator<char const*, std::__cxx11::basic_string<char, std::char_traits<char>, std::allocator<char> > > >*, std::vector<std::__cxx11::sub_match<__gnu_cxx::__normal_iterator<char const*, std::__cxx11::basic_string<char, std::char_traits<char>, std::allocator<char> > > >, std::allocator<std::__cxx11::sub_match<__gnu_cxx::__normal_iterator<char const*, std::__cxx11::basic_string<char, std::char_traits<char>, std::allocator<char> > > > > > >)
202 8
+20 6

fn=(7070) void std::_Construct<double>(double*)
123 5
+10 4
cfi=(100)
cfn=(5738)
calls=1 +75 
* 7
* 5
+1 4

fn=(7860) void std::_Destroy<FilterPar::Pass2ThreadData*>(FilterPar::Pass2ThreadData*, FilterPar::Pass2ThreadData*)
202 4
+20 3

fn=(6572) void std::_Construct<std::__cxx11::sub_match<__gnu_cxx::__normal_iterator<char const*, std::__cxx11::basic_string<char, std::char_traits<char>, std::allocator<char> > > >, std::__cxx11::sub_match<__gnu_cxx::__normal_iterator<char const*, std::__cxx11::basic_string<char, std::char_traits<char>, std::allocator<char> > > > const&>(std::__cxx11::sub_match<__gnu_cxx::__normal_iterator<char const*, std::__cxx11::basic_string<char, std::char_traits<char>, std::allocator<char> > > >*, std::__cxx11::sub_match<__gnu_cxx::__normal_iterator<char const*, std::__cxx11::basic_string<char, std::char_traits<char>, std::allocator<char> > > > const&)
123 154
+10 88
cfi=(100)
cfn=(5738)
calls=22 +75 
* 154
* 44
fi=(105)
-60 22
fe=(102)
+60 198
+1 132

fn=(6788) void std::_Destroy<std::pair<__gnu_cxx::__normal_iterator<char const*, std::__cxx11::basic_string<char, std::char_traits<char>, std::allocator<char> > >, int>*>(std::pair<__gnu_cxx::__normal_iterator<char const*, std::__cxx11::basic_string<char, std::char_traits<char>, std::allocator<char> > >, int>*, std::pair<__gnu_cxx::__normal_iterator<char const*, std::__cxx11::basic_string<char, std::char_traits<char>, std::allocator<char> > >, int>*)
202 8
+20 6

fn=(7896) void std::_Destroy<FilterPar::Pass1ThreadData*>(FilterPar::Pass1ThreadData*, FilterPar::Pass1ThreadData*)
202 4
+20 3

fn=(6584) void std::_Destroy<std::__cxx11::sub_match<__gnu_cxx::__normal_iterator<char const*, std::__cxx11::basic_string<char, std::char_traits<char>, std::allocator<char> > > >*>(std::__cxx11::sub_match<__gnu_cxx::__normal_iterator<char const*, std::__cxx11::basic_string<char, std::char_traits<char>, std::allocator<char> > > >*, std::__cxx11::sub_match<__gnu_cxx::__normal_iterator<char const*, std::__cxx11::basic_string<char, std::char_traits<char>, std::allocator<char> > > >*)
202 32
+20 24

fn=(6320) void std::_Destroy<std::pair<char, char>*>(std::pair<char, char>*, std::pair<char, char>*)
202 24
+20 18

fn=(6894) void std::_Destroy<unsigned long*>(unsigned long*, unsigned long*)
202 12
+20 9

fn=(7878) void std::_Destroy<float*>(float*, float*)
202 64
+20 48

fn=(5754) void std::_Construct<std::__detail::_NFA<std::__cxx11::regex_traits<char> >, std::locale const&, std::regex_constants::syntax_option_type&>(std::__detail::_NFA<std::__cxx11::regex_traits<char> >*, std::locale const&, std::regex_constants::syntax_option_type&)
123 20
+10 8
cfi=(100)
cfn=(5738)
calls=2 +75 
* 14
* 8
fi=(105)
-60 2
fe=(102)
+60 6
fi=(105)
-60 2
fe=(102)
+60 6
cfi=(103)
cfn=(5756) std::__detail::_NFA<std::__cxx11::regex_traits<char> >::_NFA(std::locale const&, std::regex_constants::syntax_option_type)
calls=2 +97 
* 1450
* 6
+1 16

fn=(7140) void std::_Construct<float>(float*)
123 80
+10 64
cfi=(100)
cfn=(5738)
calls=16 +75 
* 112
* 80
+1 64

fn=(7238) void std::_Construct<FilterPar::Pass1ThreadData>(FilterPar::Pass1ThreadData*)
123 5
+10 4
cfi=(100)
cfn=(5738)
calls=1 +75 
* 7
* 21
+1 4

fn=(7824) void std::_Construct<FilterPar::Pass2ThreadData>(FilterPar::Pass2ThreadData*)
123 5
+10 4
cfi=(100)
cfn=(5738)
calls=1 +75 
* 7
* 21
+1 4

fn=(6338) void std::_Destroy<std::__cxx11::basic_string<char, std::char_traits<char>, std::allocator<char> >*>(std::__cxx11::basic_string<char, std::char_traits<char>, std::allocator<char> >*, std::__cxx11::basic_string<char, std::char_traits<char>, std::allocator<char> >*)
202 30
+9 24
+11 24

fn=(6862) void std::_Destroy<std::__detail::_State<char>*>(std::__detail::_State<char>*, std::__detail::_State<char>*)
202 10
+9 58
fi=(105)
53 28
fe=(102)
212 56
cfn=(6864)
calls=28 -51 
* 2748
-1 118
+11 8

fn=(7198) void std::_Construct<unsigned long>(unsigned long*)
123 5
+10 4
cfi=(100)
cfn=(5738)
calls=1 +75 
* 7
* 4
+1 4

fl=(97) /usr/include/c++/15.1.1/bits/locale_classes.tcc
fn=(5686) std::ctype<char> const& std::use_facet<std::ctype<char> const>(std::locale const&)
220 8
+8 6
cfn=(5688) std::ctype<char> const* std::__try_use_facet<std::ctype<char> const>(std::locale const&)
calls=2 117 
* 884
* 6
+1 4
+2 4

fn=(5688)
117 8
+2 6
cob=(7)
cfi=(14)
cfn=(4128)
calls=1 507 
* 6
cob=(1)
cfi=(1)
cfn=(4650)
calls=1 0 
* 834
* 6
* 2
+1 8
+8 10
+44 4

fl=(128)
fn=(7158) FilterPar::reflect_pad_plane(float const*, float*, unsigned int, unsigned int, int)
79 48
+1 30
+2 12
+1 12951
+1 34536
+1 73389
cfi=(67)
cfn=(7160) float* std::copy<float const*, float*>(float const*, float const*, float*)
calls=4317 633 
* 1787980
-3 17286
+6 12
+1 25902
+1 8634
+2 582795
-1 647550
+1 64755
-1 64755
+3 777060
-1 712305
+1 64755
-1 64755
-3 271971
-2 17286
+10 12
+1 180
+1 540
+1 810
+1 630
+1 720
+1 1530
cfi=(67)
cfn=(7170) float* std::copy<float*, float*>(float*, float*, float*)
calls=90 633 
* 38142
+1 1530
cfi=(67)
cfn=(7170)
calls=90 633 
* 38160
-7 378
+9 24

fn=(7836)
213 64
+1 32
+2 64
+1 6084
+2 2704
+3 1352
-3 4056
+1 2704
-1 5408
cfn=(7838) FilterPar::gauss_row_padded_transposed_to_final(float const*, float*, unsigned int, unsigned int, unsigned int, std::vector<float, std::allocator<float> > const&, int, unsigned int)
calls=676 -86 
* 579759232
* 676
+6 2704
+3 1352
-3 4056
+1 2704
-1 5408
cfn=(7838)
calls=676 -92 
* 579759232
* 676
+6 2704
+3 1352
-3 4056
+1 2704
-1 5408
cfn=(7838)
calls=676 -98 
* 579759232
* 676
-15 3444
+22 16
+1 32

fn=(7838)
133 18252
+1 4056
+1 4056
+1 6189456
+1 6189456
cfi=(104)
cfn=(7608) std::vector<float, std::allocator<float> >::operator[](unsigned long) const
calls=1547364 1280 
* 57252468
* 12378912
+1 3094728
+1 139262760
cfi=(104)
cfn=(7608)
calls=23210460 1280 
* 858787020
* 46420920
+1 185683680
+1 185683680
-1 116052300
-2 97483932
+5 9284184
+1 9284184
-9 6195540
+11 8112

fn=(7846) FilterPar::f2u8(float)
34 4642092
+1 4642092
+1 4642092
+1 6189456
+1 3094728

fn=(7084) FilterPar::Gauss::get_weights(int, double*)
20 6
+1 2
+1 2
+2 2
+1 128
+1 240
cob=(3)
cfi=(3)
cfn=(7090)
calls=15 -26 
* 825
cob=(1)
cfi=(1)
cfn=(4650)
calls=1 -26 
* 873
* 20
* 32
-2 67
+4 5

fn=(7606) FilterPar::gauss_row_padded_to_transposed(float const*, float*, unsigned int, unsigned int, unsigned int, std::vector<float, std::allocator<float> > const&, int)
114 20601
+1 4578
+1 4578
+1 6189456
+1 6189456
cfi=(104)
cfn=(7608)
calls=1547364 1280 
* 57252468
* 12378912
+1 3094728
+1 139262760
cfi=(104)
cfn=(7608)
calls=23210460 1280 
* 858787020
* 46420920
+1 185683680
+1 185683680
-1 116052300
-2 97483932
+5 17021004
-8 6196323
+10 9156

fn=(7028) FilterPar::blur(Matrix, int, int)
244 12
+1 3
cfi=(127)
cfn=(7030)
calls=1 111 
* 7
* 1
+1 3
cfi=(127)
cfn=(7032)
calls=1 116 
* 7
* 1
+1 6
+5 2
+1 5
fi=(62)
88 1
fi=(63)
+80 1
fe=(128)
+88 8
cfi=(104)
cfn=(7034) std::vector<double, std::allocator<double> >::vector(unsigned long, std::allocator<double> const&)
calls=1 586 
* 757
fi=(63)
-67 3
cfi=(62)
cfn=(7040) std::__new_allocator<double>::~__new_allocator()
calls=1 -85 
* 6
* 1
fe=(128)
+68 3
cfi=(104)
cfn=(7080) std::vector<double, std::allocator<double> >::data()
calls=1 1395 
* 19
* 5
cfn=(7084)
calls=1 20 
* 2202
+2 4
cfi=(104)
cfn=(7102) std::vector<double, std::allocator<double> >::operator[](unsigned long)
calls=1 1261 
* 37
* 2
+1 92
cfi=(104)
cfn=(7102)
calls=15 1261 
* 555
* 138
+1 6
fi=(62)
88 1
fi=(63)
+80 1
fe=(128)
+95 3
cfi=(104)
cfn=(7104) std::vector<double, std::allocator<double> >::size() const
calls=1 1117 
* 15
* 6
cfi=(104)
cfn=(7106) std::vector<float, std::allocator<float> >::vector(unsigned long, std::allocator<float> const&)
calls=1 586 
* 564
fi=(63)
-74 3
cfi=(62)
cfn=(7112) std::__new_allocator<float>::~__new_allocator()
calls=1 -85 
* 6
* 1
fe=(128)
+75 4
cfi=(104)
cfn=(7102)
calls=1 1261 
* 37
* 8
cfi=(104)
cfn=(7146) std::vector<float, std::allocator<float> >::operator[](unsigned long)
calls=1 1261 
* 37
* 2
+1 2
+1 90
cfi=(104)
cfn=(7102)
calls=15 1261 
* 555
* 150
cfi=(104)
cfn=(7146)
calls=15 1261 
* 555
* 30
-1 63
+5 6
fi=(62)
88 1
fi=(63)
+80 1
fe=(128)
271 6
cfi=(104)
cfn=(7106)
calls=1 586 
* 3611311
fi=(63)
-82 3
cfi=(62)
cfn=(7112)
calls=1 -85 
* 6
* 3
fi=(62)
88 1
fi=(63)
+80 1
fe=(128)
271 6
cfi=(104)
cfn=(7106)
calls=1 586 
* 3611247
fi=(63)
-82 3
cfi=(62)
cfn=(7112)
calls=1 -85 
* 6
* 3
fi=(62)
88 1
fi=(63)
+80 1
fe=(128)
271 6
cfi=(104)
cfn=(7106)
calls=1 586 
* 3611247
fi=(63)
-82 3
cfi=(62)
cfn=(7112)
calls=1 -85 
* 6
* 1
fe=(128)
+83 3
cfi=(104)
cfn=(7152) std::vector<float, std::allocator<float> >::data()
calls=1 1395 
* 19
* 4
cfi=(104)
cfn=(7152)
calls=1 1395 
* 19
* 4
cfi=(104)
cfn=(7152)
calls=1 1395 
* 19
* 6
cfn=(7156) FilterPar::matrix_to_planar(Matrix const&, float*, float*, float*)
calls=1 44 
* 53651146
+3 5
+1 5
+1 6
fi=(62)
88 1
fi=(63)
+80 1
fe=(128)
278 6
cfi=(104)
cfn=(7106)
calls=1 586 
* 3919737
fi=(63)
-89 3
cfi=(62)
cfn=(7112)
calls=1 -85 
* 6
* 3
fi=(62)
88 1
fi=(63)
+80 1
fe=(128)
278 6
cfi=(104)
cfn=(7106)
calls=1 586 
* 3919737
fi=(63)
-89 3
cfi=(62)
cfn=(7112)
calls=1 -85 
* 6
* 3
fi=(62)
88 1
fi=(63)
+80 1
fe=(128)
278 6
cfi=(104)
cfn=(7106)
calls=1 586 
* 3919737
fi=(63)
-89 3
cfi=(62)
cfn=(7112)
calls=1 -85 
* 6
* 1
fe=(128)
+90 3
cfi=(104)
cfn=(7152)
calls=1 1395 
* 19
* 4
cfi=(104)
cfn=(7152)
calls=1 1395 
* 19
* 9
cfn=(7158)
calls=1 79 
* 927367
+1 3
cfi=(104)
cfn=(7152)
calls=1 1395 
* 19
* 4
cfi=(104)
cfn=(7152)
calls=1 1395 
* 19
* 9
cfn=(7158)
calls=1 79 
* 926469
+1 3
cfi=(104)
cfn=(7152)
calls=1 1395 
* 19
* 4
cfi=(104)
cfn=(7152)
calls=1 1395 
* 19
* 9
cfn=(7158)
calls=1 79 
* 926469
* 2
fi=(62)
88 1
fi=(63)
+80 1
fe=(128)
284 6
cfi=(104)
cfn=(7106)
calls=1 586 
* 3611247
fi=(63)
-95 3
cfi=(62)
cfn=(7112)
calls=1 -85 
* 6
* 3
fi=(62)
88 1
fi=(63)
+80 1
fe=(128)
284 6
cfi=(104)
cfn=(7106)
calls=1 586 
* 3611247
fi=(63)
-95 3
cfi=(62)
cfn=(7112)
calls=1 -85 
* 6
* 3
fi=(62)
88 1
fi=(63)
+80 1
fe=(128)
284 6
cfi=(104)
cfn=(7106)
calls=1 586 
* 3611247
fi=(63)
-95 3
cfi=(62)
cfn=(7112)
calls=1 -85 
* 6
* 3
fi=(62)
88 1
fi=(63)
+80 1
fe=(128)
286 7
cfi=(104)
cfn=(7176) std::vector<unsigned long, std::allocator<unsigned long> >::vector(unsigned long, std::allocator<unsigned long> const&)
calls=1 586 
* 871
fi=(63)
-97 3
cfi=(62)
cfn=(6902) std::__new_allocator<unsigned long>::~__new_allocator()
calls=1 -85 
* 6
* 3
fi=(62)
88 1
fi=(63)
+80 1
fe=(128)
287 7
cfi=(104)
cfn=(7204) std::vector<FilterPar::Pass1ThreadData, std::allocator<FilterPar::Pass1ThreadData> >::vector(unsigned long, std::allocator<FilterPar::Pass1ThreadData> const&)
calls=1 586 
* 1169
fi=(63)
-98 3
cfi=(62)
cfn=(7210) std::__new_allocator<FilterPar::Pass1ThreadData>::~__new_allocator()
calls=1 -85 
* 6
* 1
fe=(128)
289 5
+1 5
+2 1
+1 2
+1 48
cfi=(104)
cfn=(7152)
calls=16 1395 
* 304
* 112
cfi=(104)
cfn=(7244) std::vector<FilterPar::Pass1ThreadData, std::allocator<FilterPar::Pass1ThreadData> >::operator[](unsigned long)
calls=16 1261 
* 608
* 16
+1 48
cfi=(104)
cfn=(7152)
calls=16 1395 
* 304
* 112
cfi=(104)
cfn=(7244)
calls=16 1261 
* 608
* 16
+1 48
cfi=(104)
cfn=(7152)
calls=16 1395 
* 304
* 112
cfi=(104)
cfn=(7244)
calls=16 1261 
* 608
* 16
+1 48
cfi=(104)
cfn=(7152)
calls=16 1395 
* 304
* 112
cfi=(104)
cfn=(7244)
calls=16 1261 
* 608
* 16
+1 48
cfi=(104)
cfn=(7152)
calls=16 1395 
* 304
* 112
cfi=(104)
cfn=(7244)
calls=16 1261 
* 608
* 16
+1 48
cfi=(104)
cfn=(7152)
calls=16 1395 
* 304
* 112
cfi=(104)
cfn=(7244)
calls=16 1261 
* 608
* 16
+1 112
cfi=(104)
cfn=(7244)
calls=16 1261 
* 608
* 16
+1 112
cfi=(104)
cfn=(7244)
calls=16 1261 
* 608
* 16
+1 112
cfi=(104)
cfn=(7244)
calls=16 1261 
* 608
* 16
+1 112
cfi=(104)
cfn=(7244)
calls=16 1261 
* 608
* 16
+1 112
cfi=(104)
cfn=(7244)
calls=16 1261 
* 608
* 16
+1 112
cfi=(104)
cfn=(7244)
calls=16 1261 
* 608
* 16
+2 90
+1 45
cfi=(104)
cfn=(7244)
calls=5 1261 
* 190
-1 33
+1 99
cfi=(104)
cfn=(7244)
calls=11 1261 
* 418
* 16
+1 32
+2 96
cfi=(104)
cfn=(7244)
calls=16 1261 
* 608
* 112
cfi=(104)
cfn=(7248) std::vector<unsigned long, std::allocator<unsigned long> >::operator[](unsigned long)
calls=16 1261 
* 592
* 96
cob=(2)
cfi=(2)
cfn=(7254)
calls=15 0 
* 19106
cob=(1)
cfi=(1)
cfn=(4650)
calls=1 0 
* 2619
* 20
-18 67
+21 2
+1 96
cfi=(104)
cfn=(7248)
calls=16 1261 
* 592
* 64
cob=(2)
cfi=(2)
cfn=(7390)
calls=15 0 
* 6835
cob=(1)
cfi=(1)
cfn=(4650)
calls=1 0 
* 1066
* 20
-1 67
+5 4
+1 5
+1 5
+1 6
fi=(62)
88 1
fi=(63)
+80 1
fe=(128)
323 6
cfi=(104)
cfn=(7106)
calls=1 586 
* 3919827
fi=(63)
189 3
cfi=(62)
cfn=(7112)
calls=1 -85 
* 6
* 3
fi=(62)
88 1
fi=(63)
+80 1
fe=(128)
323 6
cfi=(104)
cfn=(7106)
calls=1 586 
* 3919750
fi=(63)
189 3
cfi=(62)
cfn=(7112)
calls=1 -85 
* 6
* 3
fi=(62)
88 1
fi=(63)
+80 1
fe=(128)
323 6
cfi=(104)
cfn=(7106)
calls=1 586 
* 3919750
fi=(63)
189 3
cfi=(62)
cfn=(7112)
calls=1 -85 
* 6
* 1
fe=(128)
324 3
cfi=(104)
cfn=(7152)
calls=1 1395 
* 19
* 4
cfi=(104)
cfn=(7152)
calls=1 1395 
* 19
* 9
cfn=(7158)
calls=1 79 
* 843706
+1 3
cfi=(104)
cfn=(7152)
calls=1 1395 
* 19
* 4
cfi=(104)
cfn=(7152)
calls=1 1395 
* 19
* 9
cfn=(7158)
calls=1 79 
* 843706
+1 3
cfi=(104)
cfn=(7152)
calls=1 1395 
* 19
* 4
cfi=(104)
cfn=(7152)
calls=1 1395 
* 19
* 9
cfn=(7158)
calls=1 79 
* 843706
* 2
fi=(62)
88 1
fi=(63)
+80 1
fe=(128)
329 6
cfi=(104)
cfn=(7106)
calls=1 586 
* 3611260
fi=(63)
189 3
cfi=(62)
cfn=(7112)
calls=1 -85 
* 6
* 3
fi=(62)
88 1
fi=(63)
+80 1
fe=(128)
329 6
cfi=(104)
cfn=(7106)
calls=1 586 
* 3611260
fi=(63)
189 3
cfi=(62)
cfn=(7112)
calls=1 -85 
* 6
* 3
fi=(62)
88 1
fi=(63)
+80 1
fe=(128)
329 6
cfi=(104)
cfn=(7106)
calls=1 586 
* 3611260
fi=(63)
189 3
cfi=(62)
cfn=(7112)
calls=1 -85 
* 6
* 3
fi=(62)
88 1
fi=(63)
+80 1
fe=(128)
331 7
cfi=(104)
cfn=(7790) std::vector<FilterPar::Pass2ThreadData, std::allocator<FilterPar::Pass2ThreadData> >::vector(unsigned long, std::allocator<FilterPar::Pass2ThreadData> const&)
calls=1 586 
* 1084
fi=(63)
189 3
cfi=(62)
cfn=(7796) std::__new_allocator<FilterPar::Pass2ThreadData>::~__new_allocator()
calls=1 -85 
* 6
* 1
fe=(128)
334 2
+1 3
+2 5
+1 5
+2 1
+1 2
+1 48
cfi=(104)
cfn=(7152)
calls=16 1395 
* 304
* 112
cfi=(104)
cfn=(7830) std::vector<FilterPar::Pass2ThreadData, std::allocator<FilterPar::Pass2ThreadData> >::operator[](unsigned long)
calls=16 1261 
* 608
* 16
+1 48
cfi=(104)
cfn=(7152)
calls=16 1395 
* 304
* 112
cfi=(104)
cfn=(7830)
calls=16 1261 
* 608
* 16
+1 48
cfi=(104)
cfn=(7152)
calls=16 1395 
* 304
* 112
cfi=(104)
cfn=(7830)
calls=16 1261 
* 608
* 16
+1 48
cfi=(104)
cfn=(7152)
calls=16 1395 
* 304
* 112
cfi=(104)
cfn=(7830)
calls=16 1261 
* 608
* 16
+1 48
cfi=(104)
cfn=(7152)
calls=16 1395 
* 304
* 112
cfi=(104)
cfn=(7830)
calls=16 1261 
* 608
* 16
+1 48
cfi=(104)
cfn=(7152)
calls=16 1395 
* 304
* 112
cfi=(104)
cfn=(7830)
calls=16 1261 
* 608
* 16
+1 112
cfi=(104)
cfn=(7830)
calls=16 1261 
* 608
* 16
+1 112
cfi=(104)
cfn=(7830)
calls=16 1261 
* 608
* 16
+1 112
cfi=(104)
cfn=(7830)
calls=16 1261 
* 608
* 16
+1 112
cfi=(104)
cfn=(7830)
calls=16 1261 
* 608
* 16
+1 112
cfi=(104)
cfn=(7830)
calls=16 1261 
* 608
* 16
+1 112
cfi=(104)
cfn=(7830)
calls=16 1261 
* 608
* 16
+1 112
cfi=(104)
cfn=(7830)
calls=16 1261 
* 608
* 16
+2 104
+1 108
cfi=(104)
cfn=(7830)
calls=12 1261 
* 456
-1 12
+1 36
cfi=(104)
cfn=(7830)
calls=4 1261 
* 152
* 16
+1 32
+2 96
cfi=(104)
cfn=(7830)
calls=16 1261 
* 608
* 112
cfi=(104)
cfn=(7248)
calls=16 1261 
* 592
* 96
cob=(2)
cfi=(2)
cfn=(7254)
calls=16 0 
* 18300
* 16
-19 67
+22 2
+1 96
cfi=(104)
cfn=(7248)
calls=16 1261 
* 592
* 64
cob=(2)
cfi=(2)
cfn=(7390)
calls=16 0 
* 7049
* 16
-1 67
+5 5
cfi=(127)
cfn=(7014)
calls=1 42 
* 83567642
+1 3
cfi=(104)
cfn=(7152)
calls=1 1395 
* 19
* 4
cfi=(104)
cfn=(7152)
calls=1 1395 
* 19
* 4
cfi=(104)
cfn=(7152)
calls=1 1395 
* 19
* 6
cfn=(7844) FilterPar::planar_to_matrix(float const*, float const*, float const*, Matrix&)
calls=1 62 
* 76861608
+1 5
cfi=(127)
cfn=(7014)
calls=1 42 
* 83567642
* 1
+1 3
cfi=(127)
cfn=(7848)
calls=1 92 
* 1412
* 3
cfi=(104)
cfn=(7858) std::vector<FilterPar::Pass2ThreadData, std::allocator<FilterPar::Pass2ThreadData> >::~vector()
calls=1 800 
* 304
* 3
cfi=(104)
cfn=(7876) std::vector<float, std::allocator<float> >::~vector()
calls=1 800 
* 192
* 3
cfi=(104)
cfn=(7876)
calls=1 800 
* 192
* 3
cfi=(104)
cfn=(7876)
calls=1 800 
* 192
* 3
cfi=(104)
cfn=(7876)
calls=1 800 
* 192
* 3
cfi=(104)
cfn=(7876)
calls=1 800 
* 192
* 3
cfi=(104)
cfn=(7876)
calls=1 800 
* 192
* 3
cfi=(104)
cfn=(7894) std::vector<FilterPar::Pass1ThreadData, std::allocator<FilterPar::Pass1ThreadData> >::~vector()
calls=1 800 
* 304
* 3
cfi=(104)
cfn=(6892) std::vector<unsigned long, std::allocator<unsigned long> >::~vector()
calls=1 800 
* 185
* 3
cfi=(104)
cfn=(7876)
calls=1 800 
* 185
* 3
cfi=(104)
cfn=(7876)
calls=1 800 
* 185
* 3
cfi=(104)
cfn=(7876)
calls=1 800 
* 185
* 3
cfi=(104)
cfn=(7876)
calls=1 800 
* 192
* 3
cfi=(104)
cfn=(7876)
calls=1 800 
* 192
* 3
cfi=(104)
cfn=(7876)
calls=1 800 
* 192
* 3
cfi=(104)
cfn=(7876)
calls=1 800 
* 185
* 3
cfi=(104)
cfn=(7876)
calls=1 800 
* 185
* 3
cfi=(104)
cfn=(7876)
calls=1 800 
* 185
* 3
cfi=(104)
cfn=(7876)
calls=1 800 
* 185
* 3
cfi=(104)
cfn=(7912) std::vector<double, std::allocator<double> >::~vector()
calls=1 800 
* 185
* 10

fn=(7156)
44 7
+1 3
cfi=(127)
cfn=(7030)
calls=1 +66 
* 7
* 1
+1 3
cfi=(127)
cfn=(7032)
calls=1 +70 
* 7
* 1
+1 2
+1 2289
+1 1526
+1 2063152
+1 3094728
cfi=(127)
cfn=(7022)
calls=515788 +90 
* 9284184
* 4126304
+1 3094728
cfi=(127)
cfn=(7024)
calls=515788 +94 
* 9284184
* 4126304
+1 3094728
cfi=(127)
cfn=(7026)
calls=515788 +98 
* 9284184
* 4126304
-4 2065441
-2 3055
+9 4

fn=(7844)
62 8
+1 3
cfi=(127)
cfn=(7030)
calls=1 +48 
* 7
* 1
+1 3
cfi=(127)
cfn=(7032)
calls=1 +52 
* 7
* 1
+1 2
+1 2289
+1 1526
+1 2063152
+1 3610516
cfn=(7846)
calls=515788 -35 
* 7736820
* 3610516
cfi=(127)
cfn=(7016)
calls=515788 +87 
* 8768396
* 515788
+1 3610516
cfn=(7846)
calls=515788 -36 
* 7736820
* 3610516
cfi=(127)
cfn=(7018)
calls=515788 +91 
* 8768396
* 515788
+1 3610516
cfn=(7846)
calls=515788 -37 
* 7736820
* 3610516
cfi=(127)
cfn=(7020)
calls=515788 +95 
* 8768396
* 515788
-4 2065441
-2 3055
+9 5

fn=(7604)
185 64
+1 32
+2 64
+1 6867
+2 1526
+3 1526
-3 4578
+1 3052
-1 4578
cfn=(7606)
calls=763 -77 
* 579245184
* 763
+6 1526
+3 1526
-3 4578
+1 3052
-1 4578
cfn=(7606)
calls=763 -83 
* 579245184
* 763
+6 1526
+3 1526
-3 4578
+1 3052
-1 4578
cfn=(7606)
calls=763 -89 
* 579245184
* 763
-15 3879
+22 16
+1 32

fl=(103)
fn=(5906) std::__detail::_State<char>::_State(std::__detail::_Opcode)
136 336
cfn=(5908) std::__detail::_State_base::_State_base(std::__detail::_Opcode)
calls=28 -35 
* 336
+2 84
cfn=(5910)
calls=28 +30 
* 196
* 112
+1 16
cfi=(101) /usr/include/c++/15.1.1/ext/aligned_buffer.h
cfn=(6266) __gnu_cxx::__aligned_membuf<std::function<bool (char)> >::_M_addr()
calls=4 -69 
* 24
* 16
cfi=(100)
cfn=(5738)
calls=4 +69 
* 28
* 12
cfi=(118)
cfn=(6268)
calls=4 370 
* 108
* 12
+1 168

fn=(5908)
101 112
+1 140
+1 84

fn=(5910)
168 930
+1 1240

fn=(6424)
107 84
+2 56
+2 56
-1 112
+1 131
+1 56

fn=(6856)
223 16
cfi=(89)
cfn=(6858) std::__cxx11::regex_traits<char>::~regex_traits()
calls=2 99 
* 34
* 8
cfi=(104)
cfn=(6860) std::vector<std::__detail::_State<char>, std::allocator<std::__detail::_State<char> > >::~vector()
calls=2 800 
* 3471
* 6
cfn=(6890) std::__detail::_NFA_base::~_NFA_base()
calls=2 -23 
* 390
* 6

fn=(6270) std::__detail::_State<char>::_M_get_matcher()
176 160
+1 160
cfi=(101)
cfn=(6266)
calls=40 70 
* 240
* 80

fn=(6372) std::__detail::_NFA<std::__cxx11::regex_traits<char> >::_M_insert_repeat(long, long, bool)
258 36
+2 12
cfn=(5906)
calls=3 136 
* 132
+3 6
+1 6
+1 6
fi=(105)
139 3
fe=(103)
266 12
cfn=(5912) std::__detail::_State<char>::_State(std::__detail::_State<char>&&)
calls=3 149 
* 123
* 15
cfn=(5914) std::__detail::_NFA<std::__cxx11::regex_traits<char> >::_M_insert_state(std::__detail::_State<char>)
calls=3 +63 
* 3980
* 15
cfn=(5964)
calls=3 159 
* 63
+1 9
cfn=(5964)
calls=3 159 
* 63
-1 3
+1 18

fn=(6386) std::__detail::_NFA<std::__cxx11::regex_traits<char> >::_M_insert_subexpr_end()
288 40
+2 20
cfn=(5906)
calls=5 136 
* 220
+1 15
cfi=(104)
cfn=(6388) std::vector<unsigned long, std::allocator<unsigned long> >::back()
calls=5 1368 
* 630
* 10
+1 15
cfi=(104)
cfn=(6396) std::vector<unsigned long, std::allocator<unsigned long> >::pop_back()
calls=5 1457 
* 500
fi=(105)
139 5
fe=(103)
293 20
cfn=(5912)
calls=5 149 
* 205
* 25
cfn=(5914)
calls=5 +36 
* 1560
* 25
cfn=(5964)
calls=5 159 
* 105
+1 15
cfn=(5964)
calls=5 159 
* 105
-1 5
+1 30

fn=(6526) std::__detail::_NFA_base::_M_sub_count() const
212 6
+1 8

fn=(6708) std::__detail::_State<char>::_M_get_matcher() const
180 44
+3 44
cfi=(101)
cfn=(6710) __gnu_cxx::__aligned_membuf<std::function<bool (char)> >::_M_addr() const
calls=11 74 
* 66
+1 22

fn=(5854)
208 12
+1 16

fn=(5964)
159 476
+2 357
cfn=(5910)
calls=119 +7 
* 833
* 476
+1 60
cfn=(6270)
calls=20 +14 
* 320
* 40
cfi=(118)
cfn=(6288)
calls=20 336 
* 2132
+1 357

fn=(5966) std::__detail::_StateSeq<std::__cxx11::regex_traits<char> >::_M_append(long)
373 72
+2 108
cfi=(104)
cfn=(5968)
calls=12 1261 
* 492
* 12
+1 36
+1 48

fn=(6382) std::__detail::_NFA<std::__cxx11::regex_traits<char> >::_M_insert_dummy()
325 40
+1 20
cfn=(5906)
calls=5 136 
* 220
* 25
cfn=(5914)
calls=5 +3 
* 3597
* 25
cfn=(5964)
calls=5 159 
* 105
* 35

fn=(5912)
149 1911
+2 273
cfn=(5910)
calls=91 +17 
* 637
* 364
+1 64
cfi=(101)
cfn=(6266)
calls=16 -82 
* 96
* 64
cfi=(100)
cfn=(5738)
calls=16 +56 
* 112
* 16
+1 48
cfn=(6270)
calls=16 +23 
* 256
* 16
fi=(105)
-14 16
fe=(103)
+13 48
cfi=(118)
cfn=(6274)
calls=16 406 
* 1088
* 48
+2 546

fn=(5914)
329 140
+2 112
fi=(105)
139 28
fe=(103)
331 84
cfi=(104)
cfn=(5916) std::vector<std::__detail::_State<char>, std::allocator<std::__detail::_State<char> > >::push_back(std::__detail::_State<char>&&)
calls=28 1433 
* 24842
+1 112
cfi=(104)
cfn=(5930)
calls=28 1117 
* 448
* 112
+6 112
cfi=(104)
cfn=(5930)
calls=28 1117 
* 448
* 28
+1 56

fn=(6384) std::__detail::_StateSeq<std::__cxx11::regex_traits<char> >::_M_append(std::__detail::_StateSeq<std::__cxx11::regex_traits<char> > const&)
381 96
+2 160
cfi=(104)
cfn=(5968)
calls=16 1261 
* 656
* 16
+1 64
+1 64

fn=(5756)
230 20
+1 10
cfn=(5758) std::__detail::_NFA_base::_NFA_base(std::regex_constants::syntax_option_type)
calls=2 -39 
* 136
* 8
cfi=(104)
cfn=(5768) std::vector<std::__detail::_State<char>, std::allocator<std::__detail::_State<char> > >::vector()
calls=2 561 
* 96
* 8
cfi=(89)
cfn=(5776) std::__cxx11::regex_traits<char>::regex_traits()
calls=2 -52 
* 74
+1 14
cob=(7)
cfi=(14)
cfn=(5678)
calls=2 78 
* 14
* 2
* 10
cfi=(89)
cfn=(5778) std::__cxx11::regex_traits<char>::imbue(std::locale)
calls=2 400 
* 1004
* 6
cob=(7)
cfi=(14)
cfn=(4248)
calls=2 91 
* 12
* 2
* 6
cob=(7)
cfi=(14)
cfn=(4248)
calls=2 91 
* 12
* 2
* 14

fn=(5860) std::__detail::_NFA<std::__cxx11::regex_traits<char> >::_M_insert_subexpr_begin()
278 40
+2 30
+1 25
cfi=(104)
cfn=(5862) std::vector<unsigned long, std::allocator<unsigned long> >::push_back(unsigned long const&)
calls=5 1416 
* 3157
+1 20
cfn=(5906)
calls=5 136 
* 220
+1 10
fi=(105)
139 5
fe=(103)
284 20
cfn=(5912)
calls=5 149 
* 205
* 25
cfn=(5914)
calls=5 +45 
* 7371
* 25
cfn=(5964)
calls=5 159 
* 105
+1 15
cfn=(5964)
calls=5 159 
* 105
-1 5
+1 30

fn=(6890)
200 14
cfi=(104)
cfn=(6892)
calls=2 800 
* 370
* 6

fn=(5758)
192 10
+2 6
cfi=(104)
cfn=(5760) std::vector<unsigned long, std::allocator<unsigned long> >::vector()
calls=2 561 
* 96
-1 14
+1 4
+1 6

fn=(5858) std::__detail::_StateSeq<std::__cxx11::regex_traits<char> >::_StateSeq(std::__detail::_NFA<std::__cxx11::regex_traits<char> >&, long)
363 90
+1 162
+1 54

fn=(5990) std::__detail::_NFA<std::__cxx11::regex_traits<char> >::_M_insert_line_begin()
300 16
+1 8
cfn=(5906)
calls=2 136 
* 88
* 10
cfn=(5914)
calls=2 +28 
* 3247
* 10
cfn=(5964)
calls=2 159 
* 42
* 14

fn=(6414) std::__detail::_NFA<std::__cxx11::regex_traits<char> >::_M_insert_line_end()
304 16
+1 8
cfn=(5906)
calls=2 136 
* 88
* 10
cfn=(5914)
calls=2 +24 
* 624
* 10
cfn=(5964)
calls=2 159 
* 42
* 14

fn=(6416) std::__detail::_NFA<std::__cxx11::regex_traits<char> >::_M_insert_accept()
239 16
+2 8
cfn=(5906)
calls=2 136 
* 88
* 10
cfn=(5914)
calls=2 +88 
* 4427
* 8
cfn=(5964)
calls=2 -82 
* 42
+1 2
+1 12

fn=(6264) std::__detail::_NFA<std::__cxx11::regex_traits<char> >::_M_insert_matcher(std::function<bool (char)>)
270 36
+2 16
cfn=(5906)
calls=4 136 
* 392
* 8
fi=(105)
139 4
fe=(103)
273 12
cfn=(6270)
calls=4 -97 
* 64
* 12
cfi=(118)
cfn=(6272)
calls=4 489 
* 952
fi=(105)
139 4
fe=(103)
274 16
cfn=(5912)
calls=4 149 
* 632
* 20
cfn=(5914)
calls=4 +55 
* 1716
* 20
cfn=(5964)
calls=4 159 
* 252
+1 12
cfn=(5964)
calls=4 159 
* 252
-1 4
+1 24

fn=(6706) std::__detail::_State<char>::_M_matches(char) const
172 66
+1 33
cfn=(6708)
calls=11 +7 
* 176
* 55
cfi=(118)
cfn=(6712)
calls=11 589 
* 2196
* 22

fl=(108) /usr/include/c++/15.1.1/bits/vector.tcc
fn=(6536) std::vector<std::__cxx11::sub_match<__gnu_cxx::__normal_iterator<char const*, std::__cxx11::basic_string<char, std::char_traits<char>, std::allocator<char> > > >, std::allocator<std::__cxx11::sub_match<__gnu_cxx::__normal_iterator<char const*, std::__cxx11::basic_string<char, std::char_traits<char>, std::allocator<char> > > > > >::_M_fill_assign(unsigned long, std::__cxx11::sub_match<__gnu_cxx::__normal_iterator<char const*, std::__cxx11::basic_string<char, std::char_traits<char>, std::allocator<char> > > > const&)
270 20
+3 6
cfi=(104)
cfn=(6538) std::vector<std::__cxx11::sub_match<__gnu_cxx::__normal_iterator<char const*, std::__cxx11::basic_string<char, std::char_traits<char>, std::allocator<char> > > >, std::allocator<std::__cxx11::sub_match<__gnu_cxx::__normal_iterator<char const*, std::__cxx11::basic_string<char, std::char_traits<char>, std::allocator<char> > > > > >::size() const
calls=2 1117 
* 32
* 2
+1 6
cfi=(104)
cfn=(6540) std::vector<std::__cxx11::sub_match<__gnu_cxx::__normal_iterator<char const*, std::__cxx11::basic_string<char, std::char_traits<char>, std::allocator<char> > > >, std::allocator<std::__cxx11::sub_match<__gnu_cxx::__normal_iterator<char const*, std::__cxx11::basic_string<char, std::char_traits<char>, std::allocator<char> > > > > >::capacity() const
calls=2 1208 
* 32
* 8
+2 4
+2 6
cfi=(104)
cfn=(6542) std::_Vector_base<std::__cxx11::sub_match<__gnu_cxx::__normal_iterator<char const*, std::__cxx11::basic_string<char, std::char_traits<char>, std::allocator<char> > > >, std::allocator<std::__cxx11::sub_match<__gnu_cxx::__normal_iterator<char const*, std::__cxx11::basic_string<char, std::char_traits<char>, std::allocator<char> > > > > >::_M_get_Tp_allocator()
calls=2 +29 
* 12
* 12
cfi=(104)
cfn=(6544) std::vector<std::__cxx11::sub_match<__gnu_cxx::__normal_iterator<char const*, std::__cxx11::basic_string<char, std::char_traits<char>, std::allocator<char> > > >, std::allocator<std::__cxx11::sub_match<__gnu_cxx::__normal_iterator<char const*, std::__cxx11::basic_string<char, std::char_traits<char>, std::allocator<char> > > > > >::vector(unsigned long, std::__cxx11::sub_match<__gnu_cxx::__normal_iterator<char const*, std::__cxx11::basic_string<char, std::char_traits<char>, std::allocator<char> > > > const&, std::allocator<std::__cxx11::sub_match<__gnu_cxx::__normal_iterator<char const*, std::__cxx11::basic_string<char, std::char_traits<char>, std::allocator<char> > > > > const&)
calls=2 599 
* 2134
+1 10
cfi=(104)
cfn=(6578) std::_Vector_base<std::__cxx11::sub_match<__gnu_cxx::__normal_iterator<char const*, std::__cxx11::basic_string<char, std::char_traits<char>, std::allocator<char> > > >, std::allocator<std::__cxx11::sub_match<__gnu_cxx::__normal_iterator<char const*, std::__cxx11::basic_string<char, std::char_traits<char>, std::allocator<char> > > > > >::_Vector_impl_data::_M_swap_data(std::_Vector_base<std::__cxx11::sub_match<__gnu_cxx::__normal_iterator<char const*, std::__cxx11::basic_string<char, std::char_traits<char>, std::allocator<char> > > >, std::allocator<std::__cxx11::sub_match<__gnu_cxx::__normal_iterator<char const*, std::__cxx11::basic_string<char, std::char_traits<char>, std::allocator<char> > > > > >::_Vector_impl_data&)
calls=2 128 
* 202
+1 6
cfi=(104)
cfn=(6582)
calls=2 800 
* 188
+13 16

fn=(5864) void std::vector<unsigned long, std::allocator<unsigned long> >::_M_realloc_append<unsigned long const&>(unsigned long const&)
557 36
+9 20
cfi=(104)
cfn=(5866) std::vector<unsigned long, std::allocator<unsigned long> >::_M_check_len(unsigned long, char const*) const
calls=4 2196 
* 1002
* 4
+1 4
+2 12
+1 12
+1 12
cfi=(104)
cfn=(5876) std::vector<unsigned long, std::allocator<unsigned long> >::begin()
calls=4 998 
* 76
* 16
cfi=(104)
cfn=(5878) std::vector<unsigned long, std::allocator<unsigned long> >::end()
calls=4 1018 
* 80
* 12
fi=(117)
1166 4
1340 12
1166 4
1340 16
fe=(108)
571 4
+1 20
cfi=(104)
cfn=(5880) std::_Vector_base<unsigned long, std::allocator<unsigned long> >::_M_allocate(unsigned long)
calls=4 384 
* 675
* 4
+1 8
+3 24
cfi=(104)
cfn=(5892) std::vector<unsigned long, std::allocator<unsigned long> >::_Guard_alloc::_Guard_alloc(unsigned long*, unsigned long, std::_Vector_base<unsigned long, std::allocator<unsigned long> >&)
calls=4 1875 
* 72
* 8
fi=(105)
73 4
fe=(108)
587 8
-1 12
fi=(58)
211 4
fe=(108)
586 24
fi=(105)
73 24
fi=(62)
191 16
cfi=(100)
cfn=(5738)
calls=4 +17 
* 28
* 8
fi=(105)
73 4
fi=(62)
191 24
fi=(81)
680 4
fe=(108)
-80 12
cfi=(104)
cfn=(5896) std::_Vector_base<unsigned long, std::allocator<unsigned long> >::_M_get_Tp_allocator()
calls=4 307 
* 24
* 4
-1 20
cfi=(104)
cfn=(5898) std::vector<unsigned long, std::allocator<unsigned long> >::_S_relocate(unsigned long*, unsigned long*, unsigned long*, std::allocator<unsigned long>&)
calls=4 -65 
* 266
* 4
+2 4
+37 8
+1 20
+1 12
cfi=(104)
cfn=(5904) std::vector<unsigned long, std::allocator<unsigned long> >::_Guard_alloc::~_Guard_alloc()
calls=4 1880 
* 268
+4 12
+1 12
+1 24
+1 28

fn=(5918) std::__detail::_State<char>& std::vector<std::__detail::_State<char>, std::allocator<std::__detail::_State<char> > >::emplace_back<std::__detail::_State<char> >(std::__detail::_State<char>&&)
111 196
+3 202
fi=(105)
-41 17
fe=(108)
+44 136
fi=(105)
-44 102
fi=(62)
191 68
cfi=(100)
cfn=(5738)
calls=17 +17 
* 119
* 51
fi=(105)
73 17
fi=(62)
191 51
cfi=(103)
cfn=(5912)
calls=17 -42 
* 1165
* 68
fi=(81)
680 17
fe=(108)
119 124
fi=(105)
-46 11
fe=(108)
+50 44
cfn=(5920) void std::vector<std::__detail::_State<char>, std::allocator<std::__detail::_State<char> > >::_M_realloc_append<std::__detail::_State<char> >(std::__detail::_State<char>&&)
calls=11 557 
* 18198
+2 84
cfi=(104)
cfn=(5956) std::vector<std::__detail::_State<char>, std::allocator<std::__detail::_State<char> > >::back()
calls=28 1368 
* 3612
+2 140

fn=(5920)
557 110
+9 55
cfi=(104)
cfn=(5922) std::vector<std::__detail::_State<char>, std::allocator<std::__detail::_State<char> > >::_M_check_len(unsigned long, char const*) const
calls=11 2196 
* 2796
* 11
+1 11
+2 33
+1 33
+1 33
cfi=(104)
cfn=(5932)
calls=11 998 
* 209
* 44
cfi=(104)
cfn=(5934)
calls=11 1018 
* 220
* 33
fi=(117)
1166 11
1340 33
1166 11
1340 55
fe=(108)
571 11
+1 55
cfi=(104)
cfn=(5936) std::_Vector_base<std::__detail::_State<char>, std::allocator<std::__detail::_State<char> > >::_M_allocate(unsigned long)
calls=11 384 
* 2110
* 11
+1 22
+3 66
cfi=(104)
cfn=(5942) std::vector<std::__detail::_State<char>, std::allocator<std::__detail::_State<char> > >::_Guard_alloc::_Guard_alloc(std::__detail::_State<char>*, unsigned long, std::_Vector_base<std::__detail::_State<char>, std::allocator<std::__detail::_State<char> > >&)
calls=11 1875 
* 198
* 22
fi=(105)
73 11
fe=(108)
587 66
-1 33
fi=(58)
211 11
fe=(108)
586 66
fi=(105)
73 66
fi=(62)
191 44
cfi=(100)
cfn=(5738)
calls=11 +17 
* 77
* 33
fi=(105)
73 11
fi=(62)
191 33
cfi=(103)
cfn=(5912)
calls=11 -42 
* 451
* 44
fi=(81)
680 11
fe=(108)
-80 33
cfi=(104)
cfn=(5946) std::_Vector_base<std::__detail::_State<char>, std::allocator<std::__detail::_State<char> > >::_M_get_Tp_allocator()
calls=11 307 
* 66
* 11
-1 55
cfi=(104)
cfn=(5948) std::vector<std::__detail::_State<char>, std::allocator<std::__detail::_State<char> > >::_S_relocate(std::__detail::_State<char>*, std::__detail::_State<char>*, std::__detail::_State<char>*, std::allocator<std::__detail::_State<char> >&)
calls=11 -65 
* 8514
* 11
+2 11
+37 22
+1 88
+1 33
cfi=(104)
cfn=(5954) std::vector<std::__detail::_State<char>, std::allocator<std::__detail::_State<char> > >::_Guard_alloc::~_Guard_alloc()
calls=11 1880 
* 1929
+4 33
+1 33
+1 110
+1 99

fn=(6664) std::vector<std::__cxx11::sub_match<__gnu_cxx::__normal_iterator<char const*, std::__cxx11::basic_string<char, std::char_traits<char>, std::allocator<char> > > >, std::allocator<std::__cxx11::sub_match<__gnu_cxx::__normal_iterator<char const*, std::__cxx11::basic_string<char, std::char_traits<char>, std::allocator<char> > > > > >::operator=(std::vector<std::__cxx11::sub_match<__gnu_cxx::__normal_iterator<char const*, std::__cxx11::basic_string<char, std::char_traits<char>, std::allocator<char> > > >, std::allocator<std::__cxx11::sub_match<__gnu_cxx::__normal_iterator<char const*, std::__cxx11::basic_string<char, std::char_traits<char>, std::allocator<char> > > > > > const&)
210 56
fi=(105)
53 4
fe=(108)
213 16
fi=(123) /usr/include/c++/15.1.1/ext/alloc_traits.h
108 4
fe=(108)
217 8
+18 12
cfi=(104)
cfn=(6538)
calls=4 1117 
* 64
* 4
+1 12
cfi=(104)
cfn=(6540)
calls=4 1208 
* 64
* 16
+2 6
cfi=(104)
cfn=(6668) std::vector<std::__cxx11::sub_match<__gnu_cxx::__normal_iterator<char const*, std::__cxx11::basic_string<char, std::char_traits<char>, std::allocator<char> > > >, std::allocator<std::__cxx11::sub_match<__gnu_cxx::__normal_iterator<char const*, std::__cxx11::basic_string<char, std::char_traits<char>, std::allocator<char> > > > > >::end() const
calls=2 1028 
* 40
* 8
cfi=(104)
cfn=(6670) std::vector<std::__cxx11::sub_match<__gnu_cxx::__normal_iterator<char const*, std::__cxx11::basic_string<char, std::char_traits<char>, std::allocator<char> > > >, std::allocator<std::__cxx11::sub_match<__gnu_cxx::__normal_iterator<char const*, std::__cxx11::basic_string<char, std::char_traits<char>, std::allocator<char> > > > > >::begin() const
calls=2 1008 
* 38
* 12
cfi=(104)
cfn=(6672) std::__cxx11::sub_match<__gnu_cxx::__normal_iterator<char const*, std::__cxx11::basic_string<char, std::char_traits<char>, std::allocator<char> > > >* std::vector<std::__cxx11::sub_match<__gnu_cxx::__normal_iterator<char const*, std::__cxx11::basic_string<char, std::char_traits<char>, std::allocator<char> > > >, std::allocator<std::__cxx11::sub_match<__gnu_cxx::__normal_iterator<char const*, std::__cxx11::basic_string<char, std::char_traits<char>, std::allocator<char> > > > > >::_M_allocate_and_copy<__gnu_cxx::__normal_iterator<std::__cxx11::sub_match<__gnu_cxx::__normal_iterator<char const*, std::__cxx11::basic_string<char, std::char_traits<char>, std::allocator<char> > > > const*, std::vector<std::__cxx11::sub_match<__gnu_cxx::__normal_iterator<char const*, std::__cxx11::basic_string<char, std::char_traits<char>, std::allocator<char> > > >, std::allocator<std::__cxx11::sub_match<__gnu_cxx::__normal_iterator<char const*, std::__cxx11::basic_string<char, std::char_traits<char>, std::allocator<char> > > > > > > >(unsigned long, __gnu_cxx::__normal_iterator<std::__cxx11::sub_match<__gnu_cxx::__normal_iterator<char const*, std::__cxx11::basic_string<char, std::char_traits<char>, std::allocator<char> > > > const*, std::vector<std::__cxx11::sub_match<__gnu_cxx::__normal_iterator<char const*, std::__cxx11::basic_string<char, std::char_traits<char>, std::allocator<char> > > >, std::allocator<std::__cxx11::sub_match<__gnu_cxx::__normal_iterator<char const*, std::__cxx11::basic_string<char, std::char_traits<char>, std::allocator<char> > > > > > >, __gnu_cxx::__normal_iterator<std::__cxx11::sub_match<__gnu_cxx::__normal_iterator<char const*, std::__cxx11::basic_string<char, std::char_traits<char>, std::allocator<char> > > > const*, std::vector<std::__cxx11::sub_match<__gnu_cxx::__normal_iterator<char const*, std::__cxx11::basic_string<char, std::char_traits<char>, std::allocator<char> > > >, std::allocator<std::__cxx11::sub_match<__gnu_cxx::__normal_iterator<char const*, std::__cxx11::basic_string<char, std::char_traits<char>, std::allocator<char> > > > > > >)
calls=2 1907 
* 1557
* 2
+3 6
cfi=(104)
cfn=(6542)
calls=2 +66 
* 12
-1 14
fi=(81)
1045 10
cfi=(102)
cfn=(6584)
calls=2 202 
* 14
+1 2
fe=(108)
242 2
+1 4
+1 12
-2 14
cfi=(104)
cfn=(6590) std::_Vector_base<std::__cxx11::sub_match<__gnu_cxx::__normal_iterator<char const*, std::__cxx11::basic_string<char, std::char_traits<char>, std::allocator<char> > > >, std::allocator<std::__cxx11::sub_match<__gnu_cxx::__normal_iterator<char const*, std::__cxx11::basic_string<char, std::char_traits<char>, std::allocator<char> > > > > >::_M_deallocate(std::__cxx11::sub_match<__gnu_cxx::__normal_iterator<char const*, std::__cxx11::basic_string<char, std::char_traits<char>, std::allocator<char> > > >*, unsigned long)
calls=2 392 
* 22
+3 6
+1 22
+2 6
cfi=(104)
cfn=(6538)
calls=2 1117 
* 32
* 8
+3 6
cfi=(104)
cfn=(6542)
calls=2 +56 
* 12
* 2
-1 6
cfi=(104)
cfn=(6766) std::vector<std::__cxx11::sub_match<__gnu_cxx::__normal_iterator<char const*, std::__cxx11::basic_string<char, std::char_traits<char>, std::allocator<char> > > >, std::allocator<std::__cxx11::sub_match<__gnu_cxx::__normal_iterator<char const*, std::__cxx11::basic_string<char, std::char_traits<char>, std::allocator<char> > > > > >::end()
calls=2 1018 
* 40
* 8
cfi=(104)
cfn=(6768) std::vector<std::__cxx11::sub_match<__gnu_cxx::__normal_iterator<char const*, std::__cxx11::basic_string<char, std::char_traits<char>, std::allocator<char> > > >, std::allocator<std::__cxx11::sub_match<__gnu_cxx::__normal_iterator<char const*, std::__cxx11::basic_string<char, std::char_traits<char>, std::allocator<char> > > > > >::begin()
calls=2 998 
* 38
* 8
cfi=(104)
cfn=(6668)
calls=2 1028 
* 40
* 8
cfi=(104)
cfn=(6670)
calls=2 1008 
* 38
* 8
cfi=(67)
cfn=(6770) __gnu_cxx::__normal_iterator<std::__cxx11::sub_match<__gnu_cxx::__normal_iterator<char const*, std::__cxx11::basic_string<char, std::char_traits<char>, std::allocator<char> > > >*, std::vector<std::__cxx11::sub_match<__gnu_cxx::__normal_iterator<char const*, std::__cxx11::basic_string<char, std::char_traits<char>, std::allocator<char> > > >, std::allocator<std::__cxx11::sub_match<__gnu_cxx::__normal_iterator<char const*, std::__cxx11::basic_string<char, std::char_traits<char>, std::allocator<char> > > > > > > std::copy<__gnu_cxx::__normal_iterator<std::__cxx11::sub_match<__gnu_cxx::__normal_iterator<char const*, std::__cxx11::basic_string<char, std::char_traits<char>, std::allocator<char> > > > const*, std::vector<std::__cxx11::sub_match<__gnu_cxx::__normal_iterator<char const*, std::__cxx11::basic_string<char, std::char_traits<char>, std::allocator<char> > > >, std::allocator<std::__cxx11::sub_match<__gnu_cxx::__normal_iterator<char const*, std::__cxx11::basic_string<char, std::char_traits<char>, std::allocator<char> > > > > > >, __gnu_cxx::__normal_iterator<std::__cxx11::sub_match<__gnu_cxx::__normal_iterator<char const*, std::__cxx11::basic_string<char, std::char_traits<char>, std::allocator<char> > > >*, std::vector<std::__cxx11::sub_match<__gnu_cxx::__normal_iterator<char const*, std::__cxx11::basic_string<char, std::char_traits<char>, std::allocator<char> > > >, std::allocator<std::__cxx11::sub_match<__gnu_cxx::__normal_iterator<char const*, std::__cxx11::basic_string<char, std::char_traits<char>, std::allocator<char> > > > > > > >(__gnu_cxx::__normal_iterator<std::__cxx11::sub_match<__gnu_cxx::__normal_iterator<char const*, std::__cxx11::basic_string<char, std::char_traits<char>, std::allocator<char> > > > const*, std::vector<std::__cxx11::sub_match<__gnu_cxx::__normal_iterator<char const*, std::__cxx11::basic_string<char, std::char_traits<char>, std::allocator<char> > > >, std::allocator<std::__cxx11::sub_match<__gnu_cxx::__normal_iterator<char const*, std::__cxx11::basic_string<char, std::char_traits<char>, std::allocator<char> > > > > > >, __gnu_cxx::__normal_iterator<std::__cxx11::sub_match<__gnu_cxx::__normal_iterator<char const*, std::__cxx11::basic_string<char, std::char_traits<char>, std::allocator<char> > > > const*, std::vector<std::__cxx11::sub_match<__gnu_cxx::__normal_iterator<char const*, std::__cxx11::basic_string<char, std::char_traits<char>, std::allocator<char> > > >, std::allocator<std::__cxx11::sub_match<__gnu_cxx::__normal_iterator<char const*, std::__cxx11::basic_string<char, std::char_traits<char>, std::allocator<char> > > > > > >, __gnu_cxx::__normal_iterator<std::__cxx11::sub_match<__gnu_cxx::__normal_iterator<char const*, std::__cxx11::basic_string<char, std::char_traits<char>, std::allocator<char> > > >*, std::vector<std::__cxx11::sub_match<__gnu_cxx::__normal_iterator<char const*, std::__cxx11::basic_string<char, std::char_traits<char>, std::allocator<char> > > >, std::allocator<std::__cxx11::sub_match<__gnu_cxx::__normal_iterator<char const*, std::__cxx11::basic_string<char, std::char_traits<char>, std::allocator<char> > > > > > >)
calls=2 633 
* 751
* 6
fi=(81)
1045 10
cfi=(102)
cfn=(6782)
calls=2 202 
* 14
+1 2
fe=(108)
262 40
+2 4
+1 40

fn=(6158) std::vector<char, std::allocator<char> >::_M_erase(__gnu_cxx::__normal_iterator<char*, std::vector<char, std::allocator<char> > >, __gnu_cxx::__normal_iterator<char*, std::vector<char, std::allocator<char> > >)
195 36
fi=(117)
1166 3
+81 9
-81 3
+81 9
fe=(108)
198 6
+6 3
+1 18

fl=(58)
fn=(4638) std::__ptr_traits_ptr_to<char*, char, false>::pointer_to(char&)
134 126
fi=(105)
-81 18
177 18
fe=(58)
-42 36

fn=(4796) std::__ptr_traits_ptr_to<char const*, char const, false>::pointer_to(char const&)
134 504
fi=(105)
-81 72
177 72
fe=(58)
-42 144

fl=(91)
fn=(5660) std::__shared_count<(__gnu_cxx::_Lock_policy)2>::__shared_count()
905 30
+1 18

fn=(5716) std::__shared_ptr<std::__detail::_NFA<std::__cxx11::regex_traits<char> >, (__gnu_cxx::_Lock_policy)2>::__shared_ptr<std::allocator<void>, std::locale const&, std::regex_constants::syntax_option_type&>(std::_Sp_alloc_shared_tag<std::allocator<void> >, std::locale const&, std::regex_constants::syntax_option_type&)
1718 14
+1 12
fi=(105)
73 8
fe=(91)
1719 10
cfn=(5718) std::__shared_count<(__gnu_cxx::_Lock_policy)2>::__shared_count<std::__detail::_NFA<std::__cxx11::regex_traits<char> >, std::allocator<void>, std::locale const&, std::regex_constants::syntax_option_type&>(std::__detail::_NFA<std::__cxx11::regex_traits<char> >*&, std::_Sp_alloc_shared_tag<std::allocator<void> >, std::locale const&, std::regex_constants::syntax_option_type&)
calls=2 961 
* 2417
+1 12
cfn=(5796) std::enable_if<!std::__shared_ptr<std::__detail::_NFA<std::__cxx11::regex_traits<char> >, (__gnu_cxx::_Lock_policy)2>::__has_esft_base<std::__detail::_NFA<std::__cxx11::regex_traits<char> >, void>::value, void>::type std::__shared_ptr<std::__detail::_NFA<std::__cxx11::regex_traits<char> >, (__gnu_cxx::_Lock_policy)2>::_M_enable_shared_from_this_with<std::__detail::_NFA<std::__cxx11::regex_traits<char> >, std::__detail::_NFA<std::__cxx11::regex_traits<char> > >(std::__detail::_NFA<std::__cxx11::regex_traits<char> >*)
calls=2 +52 
* 14
* 6

fn=(5748) std::_Sp_counted_ptr_inplace<std::__detail::_NFA<std::__cxx11::regex_traits<char> >, std::allocator<void>, (__gnu_cxx::_Lock_policy)2>::_M_ptr()
652 48
cfi=(101)
cfn=(5750) __gnu_cxx::__aligned_buffer<std::__detail::_NFA<std::__cxx11::regex_traits<char> > >::_M_ptr()
calls=6 119 
* 90
* 12

fn=(5844) std::__shared_ptr_access<std::__detail::_NFA<std::__cxx11::regex_traits<char> >, (__gnu_cxx::_Lock_policy)2, false, false>::_M_get() const
1369 208
+1 156
cfn=(5846) std::__shared_ptr<std::__detail::_NFA<std::__cxx11::regex_traits<char> >, (__gnu_cxx::_Lock_policy)2>::get() const
calls=52 1672 
* 364
* 104

fn=(6444) std::__shared_ptr<std::__detail::_NFA<std::__cxx11::regex_traits<char> > const, (__gnu_cxx::_Lock_policy)2>::~__shared_ptr()
1531 48
cfn=(6446) std::__shared_count<(__gnu_cxx::_Lock_policy)2>::~__shared_count()
calls=6 1066 
* 4641
* 18

fn=(5740) std::_Sp_counted_ptr_inplace<std::__detail::_NFA<std::__cxx11::regex_traits<char> >, std::allocator<void>, (__gnu_cxx::_Lock_policy)2>::_Sp_counted_ptr_inplace<std::locale const&, std::regex_constants::syntax_option_type&>(std::allocator<void>, std::locale const&, std::regex_constants::syntax_option_type&)
601 16
+1 6
cfn=(5742) std::_Sp_counted_base<(__gnu_cxx::_Lock_policy)2>::_Sp_counted_base()
calls=2 128 
* 26
* 14
cfn=(5744) std::_Sp_counted_ptr_inplace<std::__detail::_NFA<std::__cxx11::regex_traits<char> >, std::allocator<void>, (__gnu_cxx::_Lock_policy)2>::_Impl::_Impl(std::allocator<void>)
calls=2 -13 
* 38
* 4
fi=(105)
73 8
fe=(91)
606 6
cfn=(5748)
calls=2 +46 
* 50
* 10
fi=(105)
73 8
fi=(81)
805 8
cfi=(102)
cfn=(5754)
calls=2 123 
* 1538
* 2
fe=(91)
608 12

fn=(5744)
589 18
cfn=(5746) std::_Sp_ebo_helper<0, std::allocator<void>, true>::_Sp_ebo_helper(std::allocator<void> const&)
calls=2 469 
* 14
* 6

fn=(6446)
1066 32
+2 32
+1 8
cfn=(6846) std::_Sp_counted_base<(__gnu_cxx::_Lock_policy)2>::_M_release()
calls=2 317 
* 4567
+1 24

fn=(6520) std::__shared_ptr_access<std::__detail::_NFA<std::__cxx11::regex_traits<char> > const, (__gnu_cxx::_Lock_policy)2, false, false>::operator->() const
1361 8
+3 6
cfn=(6522) std::__shared_ptr_access<std::__detail::_NFA<std::__cxx11::regex_traits<char> > const, (__gnu_cxx::_Lock_policy)2, false, false>::_M_get() const
calls=2 +5 
* 32
+1 4

fn=(6606)
1357 8
+1 6
cfn=(6522)
calls=2 +11 
* 32
* 2
-14 10
+1 2
+13 4

fn=(6846)
317 8
+3 2
+3 2
+4 2
+3 2
+1 2
+1 4
+1 6
+3 14
+6 12
+3 14
cfn=(6848) std::_Sp_counted_ptr_inplace<std::__detail::_NFA<std::__cxx11::regex_traits<char> >, std::allocator<void>, (__gnu_cxx::_Lock_policy)2>::_M_dispose()
calls=2 613 
* 4077
+1 14
cfn=(6908) std::_Sp_counted_ptr_inplace<std::__detail::_NFA<std::__cxx11::regex_traits<char> >, std::allocator<void>, (__gnu_cxx::_Lock_policy)2>::_M_destroy()
calls=2 620 
* 402
+1 2
+15 4

fn=(6848)
613 10
+2 6
cfn=(5748)
calls=2 +37 
* 50
* 10
cfn=(6850) std::_Sp_counted_ptr_inplace<std::__detail::_NFA<std::__cxx11::regex_traits<char> >, std::allocator<void>, (__gnu_cxx::_Lock_policy)2>::_Impl::_M_alloc()
calls=2 -24 
* 30
* 4
fi=(81)
819 6
cfi=(102)
cfn=(6854)
calls=2 161 
* 3951
* 2
fe=(91)
616 8

fn=(6522)
1369 16
+1 12
cfn=(6524) std::__shared_ptr<std::__detail::_NFA<std::__cxx11::regex_traits<char> > const, (__gnu_cxx::_Lock_policy)2>::get() const
calls=4 1672 
* 28
* 8

fn=(5796)
1772 8
+1 6

fn=(5842) std::__shared_ptr_access<std::__detail::_NFA<std::__cxx11::regex_traits<char> >, (__gnu_cxx::_Lock_policy)2, false, false>::operator->() const
1361 136
+3 102
cfn=(5844)
calls=34 +5 
* 544
+1 68

fn=(6432) std::__shared_count<(__gnu_cxx::_Lock_policy)2>::_M_swap(std::__shared_count<(__gnu_cxx::_Lock_policy)2>&)
1095 24
+2 18
+1 24
+1 18
+1 18

fn=(6436) std::__shared_ptr<std::__detail::_NFA<std::__cxx11::regex_traits<char> > const, (__gnu_cxx::_Lock_policy)2>::operator=(std::__shared_ptr<std::__detail::_NFA<std::__cxx11::regex_traits<char> > const, (__gnu_cxx::_Lock_policy)2>&&)
1625 20
fi=(105)
139 2
fe=(91)
1627 8
cfn=(6438) std::__shared_ptr<std::__detail::_NFA<std::__cxx11::regex_traits<char> > const, (__gnu_cxx::_Lock_policy)2>::__shared_ptr(std::__shared_ptr<std::__detail::_NFA<std::__cxx11::regex_traits<char> > const, (__gnu_cxx::_Lock_policy)2>&&)
calls=2 -89 
* 100
* 10
cfn=(6440) std::__shared_ptr<std::__detail::_NFA<std::__cxx11::regex_traits<char> > const, (__gnu_cxx::_Lock_policy)2>::swap(std::__shared_ptr<std::__detail::_NFA<std::__cxx11::regex_traits<char> > const, (__gnu_cxx::_Lock_policy)2>&)
calls=2 +64 
* 132
* 6
cfn=(6444)
calls=2 -96 
* 44
+1 2
+1 10

fn=(6524)
1672 12
+1 16

fn=(5718)
961 30
+5 8
fi=(62)
88 2
fi=(63)
+95 2
fe=(91)
967 10
cfi=(99)
cfn=(5720)
calls=2 100 
* 377
+1 6
cfi=(99)
cfn=(5736)
calls=2 88 
* 18
* 2
+1 8
cfi=(100)
cfn=(5738)
calls=2 208 
* 14
* 8
fi=(105)
73 8
fe=(91)
969 6
cfn=(5740)
calls=2 601 
* 1746
* 10
+2 8
cfi=(99)
cfn=(5788)
calls=2 79 
* 18
+1 6
+1 6
cfn=(5748)
calls=2 652 
* 50
* 4
+1 6
cfi=(99)
cfn=(5790)
calls=2 71 
* 22
fi=(63)
189 6
cfi=(62)
cfn=(5794) std::__new_allocator<std::_Sp_counted_ptr_inplace<std::__detail::_NFA<std::__cxx11::regex_traits<char> >, std::allocator<void>, (__gnu_cxx::_Lock_policy)2> >::~__new_allocator()
calls=2 -85 
* 12
* 2
fe=(91)
974 22

fn=(6486) std::__shared_ptr<std::__detail::_NFA<std::__cxx11::regex_traits<char> >, (__gnu_cxx::_Lock_policy)2>::~__shared_ptr()
1531 16
cfn=(6446)
calls=2 1066 
* 22
* 6

fn=(6852) std::_Sp_ebo_helper<0, std::allocator<void>, true>::_S_get(std::_Sp_ebo_helper<0, std::allocator<void>, true>&)
473 24

fn=(6908)
620 14
+2 8
cfn=(6850)
calls=2 -31 
* 30
* 6
fi=(62)
88 2
fi=(63)
+95 2
fe=(91)
623 12
cfi=(99)
cfn=(5734)
calls=2 53 
* 32
+1 6
cfn=(6910) std::_Sp_counted_ptr_inplace<std::__detail::_NFA<std::__cxx11::regex_traits<char> >, std::allocator<void>, (__gnu_cxx::_Lock_policy)2>::~_Sp_counted_ptr_inplace()
calls=2 -14 
* 44
+1 6
cfi=(99)
cfn=(5790)
calls=2 71 
* 208
fi=(63)
189 6
cfi=(62)
cfn=(5794)
calls=2 -85 
* 12
* 2
fe=(91)
625 12

fn=(6912) std::_Sp_counted_base<(__gnu_cxx::_Lock_policy)2>::~_Sp_counted_base()
132 6
+1 12

fn=(6440)
1691 10
+2 10
cfi=(105)
cfn=(6442) std::enable_if<std::__and_<std::__not_<std::__is_tuple_like<std::__detail::_NFA<std::__cxx11::regex_traits<char> > const*> >, std::is_move_constructible<std::__detail::_NFA<std::__cxx11::regex_traits<char> > const*>, std::is_move_assignable<std::__detail::_NFA<std::__cxx11::regex_traits<char> > const*> >::value, void>::type std::swap<std::__detail::_NFA<std::__cxx11::regex_traits<char> > const*>(std::__detail::_NFA<std::__cxx11::regex_traits<char> > const*&, std::__detail::_NFA<std::__cxx11::regex_traits<char> > const*&)
calls=2 227 
* 58
+1 14
cfn=(6432)
calls=2 1095 
* 34
+1 6

fn=(6910)
610 20
cfn=(6912)
calls=2 132 
* 18
* 6

fn=(5742)
128 6
+1 20

fn=(5746)
469 14

fn=(5846)
1672 156
+1 208

fn=(6430) std::__shared_ptr<std::__detail::_NFA<std::__cxx11::regex_traits<char> > const, (__gnu_cxx::_Lock_policy)2>::__shared_ptr<std::__detail::_NFA<std::__cxx11::regex_traits<char> >, void>(std::__shared_ptr<std::__detail::_NFA<std::__cxx11::regex_traits<char> >, (__gnu_cxx::_Lock_policy)2>&&)
1546 10
+1 16
cfn=(5660)
calls=2 905 
* 16
+2 14
cfn=(6432)
calls=2 1095 
* 34
+1 4
+1 6

fn=(6438)
1538 10
+1 16
cfn=(5660)
calls=2 905 
* 16
+2 14
cfn=(6432)
calls=2 1095 
* 34
+1 4
+1 6

fn=(6518) std::__shared_ptr<std::__detail::_NFA<std::__cxx11::regex_traits<char> > const, (__gnu_cxx::_Lock_policy)2>::operator bool() const
1676 6
+1 12

fn=(6850)
591 28
cfn=(6852)
calls=4 473 
* 24
* 8

fn=(5658) std::__shared_ptr<std::__detail::_NFA<std::__cxx11::regex_traits<char> > const, (__gnu_cxx::_Lock_policy)2>::__shared_ptr()
1469 8
+1 12
cfn=(5660)
calls=2 905 
* 16
+1 6

fn=(5856) std::__shared_ptr_access<std::__detail::_NFA<std::__cxx11::regex_traits<char> >, (__gnu_cxx::_Lock_policy)2, false, false>::operator*() const
1357 72
+1 54
cfn=(5844)
calls=18 +11 
* 288
* 18
-14 90
+1 18
+13 36

fl=(62)
fn=(5882) std::__new_allocator<unsigned long>::allocate(unsigned long, void const*)
126 40
233 5
-99 35
+17 20
cob=(7)
cfi=(72)
cfn=(5024)
calls=5 43 
* 861
* 5
* 5
+1 10

fn=(6914)
156 12
+16 12
cob=(7)
cfi=(110)
cfn=(6004)
calls=2 32 
* 128
* 2
+1 4

fn=(7126) std::__new_allocator<float>::allocate(unsigned long, void const*)
126 128
233 16
-99 112
+17 64
cob=(7)
cfi=(72)
cfn=(5024)
calls=16 43 
* 5332
* 16
* 16
+1 32

fn=(5998) std::__new_allocator<std::__detail::_State<char> >::deallocate(std::__detail::_State<char>*, unsigned long)
156 66
+16 110
cob=(7)
cfi=(110)
cfn=(6004)
calls=10 32 
* 719
cob=(1)
cfi=(1)
cfn=(4650)
calls=1 0 
* 824
* 15
+1 22

fn=(6886) std::__new_allocator<std::__detail::_State<char> >::~__new_allocator()
104 12

fn=(5826) std::__new_allocator<std::__detail::_StateSeq<std::__cxx11::regex_traits<char> >*>::~__new_allocator()
104 24

fn=(5834) std::__new_allocator<std::__detail::_StateSeq<std::__cxx11::regex_traits<char> > >::allocate(unsigned long, void const*)
126 16
233 2
-99 14
+17 14
cob=(7)
cfi=(72)
cfn=(5024)
calls=2 43 
* 246
* 2
* 2
+1 4

fn=(6804) std::__new_allocator<std::__cxx11::sub_match<__gnu_cxx::__normal_iterator<char const*, std::__cxx11::basic_string<char, std::char_traits<char>, std::allocator<char> > > > >::deallocate(std::__cxx11::sub_match<__gnu_cxx::__normal_iterator<char const*, std::__cxx11::basic_string<char, std::char_traits<char>, std::allocator<char> > > >*, unsigned long)
156 24
+16 40
cob=(7)
cfi=(110)
cfn=(6004)
calls=4 32 
* 256
* 4
+1 8

fn=(7886) std::__new_allocator<float>::deallocate(float*, unsigned long)
156 96
+16 96
cob=(7)
cfi=(110)
cfn=(6004)
calls=16 32 
* 1087
* 16
+1 32

fn=(6558) std::__new_allocator<std::__cxx11::sub_match<__gnu_cxx::__normal_iterator<char const*, std::__cxx11::basic_string<char, std::char_traits<char>, std::allocator<char> > > > >::allocate(unsigned long, void const*)
126 32
233 4
-99 28
+17 28
cob=(7)
cfi=(72)
cfn=(5024)
calls=4 43 
* 1182
* 4
* 4
+1 8

fn=(6796) std::__new_allocator<std::pair<__gnu_cxx::__normal_iterator<char const*, std::__cxx11::basic_string<char, std::char_traits<char>, std::allocator<char> > >, int> >::deallocate(std::pair<__gnu_cxx::__normal_iterator<char const*, std::__cxx11::basic_string<char, std::char_traits<char>, std::allocator<char> > >, int>*, unsigned long)
156 12
+16 14
cob=(7)
cfi=(110)
cfn=(6004)
calls=2 32 
* 128
* 2
+1 4

fn=(5722)
126 16
233 2
-99 14
+17 8
cob=(7)
cfi=(72)
cfn=(5024)
calls=2 43 
* 249
* 2
* 2
+1 4

fn=(6062) std::__new_allocator<unsigned long>::deallocate(unsigned long*, unsigned long)
156 30
+16 30
cob=(7)
cfi=(110)
cfn=(6004)
calls=5 32 
* 320
* 5
+1 10

fn=(6614)
104 36

fn=(6902)
104 30

fn=(6922) std::__new_allocator<char>::deallocate(char*, unsigned long)
156 12
+16 10
cob=(7)
cfi=(110)
cfn=(6004)
calls=2 32 
* 128
* 2
+1 4

fn=(7112)
104 288

fn=(7210)
104 18

fn=(7796)
104 18

fn=(4800) std::__new_allocator<char>::~__new_allocator()
104 252

fn=(6330) std::__new_allocator<std::pair<char, char> >::~__new_allocator()
104 36

fn=(6472) std::__new_allocator<std::__detail::_StateSeq<std::__cxx11::regex_traits<char> >*>::deallocate(std::__detail::_StateSeq<std::__cxx11::regex_traits<char> >**, unsigned long)
156 12
+16 12
cob=(7)
cfi=(110)
cfn=(6004)
calls=2 32 
* 128
* 2
+1 4

fn=(6504)
104 72

fn=(6628) std::__new_allocator<std::pair<__gnu_cxx::__normal_iterator<char const*, std::__cxx11::basic_string<char, std::char_traits<char>, std::allocator<char> > >, int> >::allocate(unsigned long, void const*)
126 16
233 2
-99 14
+17 8
cob=(7)
cfi=(72)
cfn=(5024)
calls=2 43 
* 376
* 2
* 2
+1 4

fn=(7040)
104 18

fn=(7054) std::__new_allocator<double>::allocate(unsigned long, void const*)
126 8
233 1
-99 7
+17 4
cob=(7)
cfi=(72)
cfn=(5024)
calls=1 43 
* 251
* 1
* 1
+1 2

fn=(7922) std::__new_allocator<double>::deallocate(double*, unsigned long)
156 6
+16 6
cob=(7)
cfi=(110)
cfn=(6004)
calls=1 32 
* 64
* 1
+1 2

fn=(5794)
104 24

fn=(5822) std::__new_allocator<std::__detail::_StateSeq<std::__cxx11::regex_traits<char> >*>::allocate(unsigned long, void const*)
126 16
233 2
-99 14
+17 8
cob=(7)
cfi=(72)
cfn=(5024)
calls=2 43 
* 249
* 2
* 2
+1 4

fn=(7868) std::__new_allocator<FilterPar::Pass2ThreadData>::deallocate(FilterPar::Pass2ThreadData*, unsigned long)
156 6
+16 6
cob=(7)
cfi=(110)
cfn=(6004)
calls=1 32 
* 182
* 1
+1 2

fn=(5120) std::__new_allocator<char>::allocate(unsigned long, void const*)
126 120
233 15
-99 105
+17 45
cob=(7)
cfi=(72)
cfn=(5024)
calls=14 43 
* 4725
cob=(1)
cfi=(1)
cfn=(4651) 0x0000000000012dc0'2
calls=1 0 
* 853
* 19
* 15
+1 30

fn=(6312) std::__new_allocator<std::__cxx11::regex_traits<char>::_RegexMask>::~__new_allocator()
104 36

fn=(6348) std::__new_allocator<std::__cxx11::basic_string<char, std::char_traits<char>, std::allocator<char> > >::~__new_allocator()
104 36

fn=(6466) std::__new_allocator<std::__detail::_StateSeq<std::__cxx11::regex_traits<char> > >::deallocate(std::__detail::_StateSeq<std::__cxx11::regex_traits<char> >*, unsigned long)
156 12
+16 20
cob=(7)
cfi=(110)
cfn=(6004)
calls=2 32 
* 128
* 2
+1 4

fn=(7224) std::__new_allocator<FilterPar::Pass1ThreadData>::allocate(unsigned long, void const*)
126 8
233 1
-99 7
+17 4
cob=(7)
cfi=(72)
cfn=(5024)
calls=1 43 
* 331
* 1
* 1
+1 2

fn=(7810) std::__new_allocator<FilterPar::Pass2ThreadData>::allocate(unsigned long, void const*)
126 8
233 1
-99 7
+17 4
cob=(7)
cfi=(72)
cfn=(5024)
calls=1 43 
* 246
* 1
* 1
+1 2

fn=(7904) std::__new_allocator<FilterPar::Pass1ThreadData>::deallocate(FilterPar::Pass1ThreadData*, unsigned long)
156 6
+16 6
cob=(7)
cfi=(110)
cfn=(6004)
calls=1 32 
* 182
* 1
+1 2

fn=(5938) std::__new_allocator<std::__detail::_State<char> >::allocate(unsigned long, void const*)
126 88
233 11
-99 77
+17 77
cob=(7)
cfi=(72)
cfn=(5024)
calls=11 43 
* 1582
* 11
* 11
+1 22

fn=(6480) std::__new_allocator<std::__detail::_StateSeq<std::__cxx11::regex_traits<char> > >::~__new_allocator()
104 12

fl=(55)
fn=(8234) 0x00000000000065d0
0 5

fn=(4610)
0 12

fn=(8216) 0x0000000000006640
0 9
cob=(2)
cfi=(2)
cfn=(8222)
calls=1 0 
0 98
0 1
cfn=(8234)
calls=1 0 
0 5
0 3

fn=(4602) (below main)
0 12
cob=(2)
cfi=(2)
cfn=(4604)
calls=1 0 
0 906372159

fl=(95) /usr/include/c++/15.1.1/bits/regex_scanner.tcc
fn=(5694) std::__detail::_Scanner<char>::_M_advance()
69 84
+3 126
+2 8
+1 4
+3 68
+1 51
cfn=(5696) std::__detail::_Scanner<char>::_M_scan_normal()
calls=17 +16 
* 6143
* 17
+9 42

fn=(5680) std::__detail::_Scanner<char>::_Scanner(char const*, char const*, std::regex_constants::syntax_option_type, std::locale)
56 18
+8 10
cfi=(96) /usr/include/c++/15.1.1/bits/regex_scanner.h
cfn=(5682) std::__detail::_ScannerBase::_ScannerBase(std::regex_constants::syntax_option_type)
calls=2 +27 
* 410
-4 12
+1 6
cfi=(97)
cfn=(5686)
calls=2 220 
* 912
* 4
+3 8
cfi=(57)
cfn=(5544)
calls=2 585 
* 294
-2 6
cfi=(96)
cfn=(5684) std::__detail::_ScannerBase::_M_is_ecma() const
calls=2 +63 
* 42
+1 4
-1 12
+3 6
cfn=(5694)
calls=2 +4 
* 1192
* 8

fn=(6048) std::__detail::_Scanner<char>::_M_eat_escape_ecma()
309 15
+3 18
+3 21
+1 24
cfi=(98)
cfn=(5698)
calls=3 941 
* 90
* 12
cfi=(96)
cfn=(6050) std::__detail::_ScannerBase::_M_find_escape(char)
calls=3 115 
* 237
* 3
+2 6
+5 6
+5 6
+6 6
+7 6
+1 21
cfi=(57)
cfn=(6052) std::__cxx11::basic_string<char, std::char_traits<char>, std::allocator<char> >::assign(unsigned long, char)
calls=3 1862 
* 1797
* 3
+43 12

fn=(5696)
95 68
+3 119
+2 119
cfi=(98)
cfn=(5698)
calls=17 941 
* 528
* 102
cob=(2)
cfi=(2)
cfn=(4998)
calls=16 0 
* 336
cob=(1)
cfi=(1)
cfn=(4650)
calls=1 0 
* 865
* 21
* 68
+2 2
+1 7
cfi=(57)
cfn=(6052)
calls=1 1862 
* 599
+1 1
+2 32
+2 18
+5 9
cfi=(96)
cfn=(6046) std::__detail::_ScannerBase::_M_is_basic() const
calls=3 +16 
* 99
* 3
+1 12
-1 6
+5 39
cfn=(6048)
calls=3 309 
* 2283
+1 3
+4 26
+2 9
cfi=(96)
cfn=(5684)
calls=3 * 
* 63
* 30
+27 15
cfi=(94)
cfn=(5672) std::regex_constants::operator&(std::regex_constants::syntax_option_type, std::regex_constants::syntax_option_type)
calls=3 +40 
* 24
* 12
+3 9
+2 20
+1 9
+1 14
+12 14
+5 35
+7 28
+2 14
+1 49
cfi=(98)
cfn=(5698)
calls=7 941 
* 168
* 7
+1 7
+1 84
+2 28
+1 7
-4 98
+13 34

fl=(113) /usr/include/c++/15.1.1/bitset
fn=(6108) std::bitset<256ul>::bitset()
941 12
+1 9
cfn=(6110) std::_Base_bitset<4ul>::_Base_bitset()
calls=3 91 
* 30
* 9

fn=(6162) std::bitset<256ul>::size() const
1376 2313
+1 2313

fn=(6202) std::bitset<256ul>::reference::reference(std::bitset<256ul>&, unsigned long)
876 4608
+2 3840
cfn=(6204) std::_Base_bitset<4ul>::_M_getword(unsigned long)
calls=768 124 
* 15360
* 1536
+1 2304
cfn=(6208) std::_Base_bitset<4ul>::_S_whichbit(unsigned long)
calls=768 116 
* 5376
* 1536
+1 2304

fn=(6730) std::bitset<256ul>::operator[](unsigned long) const
1261 50
+1 50
cfn=(6732) std::bitset<256ul>::_Unchecked_test(unsigned long) const
calls=10 1151 
* 600
* 20

fn=(6206) std::_Base_bitset<4ul>::_S_whichword(unsigned long)
108 2334
+1 3112

fn=(6732)
1151 60
+1 50
cfn=(6734) std::_Base_bitset<4ul>::_M_getword(unsigned long) const
calls=10 128 
* 190
* 40
cfn=(6212) std::_Base_bitset<4ul>::_S_maskbit(unsigned long)
calls=10 120 
* 200
* 10
+1 50

fn=(6200) std::bitset<256ul>::operator[](unsigned long)
1257 4608
+1 4608
cfn=(6202)
calls=768 876 
* 36864
* 2304

fn=(6214) std::bitset<256ul>::reference::~reference()
890 2304
+1 2304

fn=(6208)
116 4638
+1 6184

fn=(6212)
120 3112
+1 2334
cfn=(6208)
calls=778 -5 
* 5446
* 4668

fn=(6734)
128 50
+1 30
cfn=(6206)
calls=10 -21 
* 70
* 40

fn=(6210) std::bitset<256ul>::reference::operator=(bool)
896 4608
+2 1536
+1 120
cfn=(6212)
calls=30 120 
* 600
* 270
+2 2952
cfn=(6212)
calls=738 120 
* 14760
* 6642
+1 738
+1 1476
-1 30
+1 60

fn=(6110)
91 9
+1 21

fn=(6204)
124 3840
+1 2304
cfn=(6206)
calls=768 -17 
* 5376
* 3840

fl=(94)
fn=(5672)
192 156
+2 78
+1 78

fn=(5670) std::regex_constants::operator|(std::regex_constants::syntax_option_type, std::regex_constants::syntax_option_type)
200 52
+2 26
+1 26

fn=(6654)
377 32
+2 16
+1 16

fl=(73)
fn=(5044)
120 4
+1 3
cfi=(59)
cfn=(5046)
calls=1 460 
* 5
* 5

fn=(5036)
286 5
+1 9
cob=(1)
cfi=(1)
cfn=(4650)
calls=1 0 
* 983
* 5
* 11

fn=(5054)
139 5
+1 4
cfi=(59)
cfn=(5046)
calls=1 460 
* 5
* 5

fn=(5056)
341 17
+4 10
+3 6
cob=(1)
cfi=(1)
cfn=(4650)
calls=1 0 
* 1356785
* 5
+1 4
+3 2
+1 5

fl=(56)
fn=(4632)
13 9
+1 2
+4 2
fi=(62)
+70 1
fi=(63)
+80 1
fe=(56)
21 8
cfi=(57)
cfn=(4634) std::__cxx11::basic_string<char, std::char_traits<char>, std::allocator<char> >::basic_string<std::allocator<char> >(char const*, std::allocator<char> const&)
calls=1 706 
* 2260
* 5
cfi=(57)
cfn=(4724)
calls=1 4465 
* 1248
* 4
cfi=(57)
cfn=(4788)
calls=1 895 
* 97
fi=(63)
189 3
cfi=(62)
cfn=(4800)
calls=1 -85 
* 6
* 3
fi=(62)
88 1
fi=(63)
+80 1
fe=(56)
22 8
cfi=(57)
cfn=(4634)
calls=1 706 
* 320
* 5
cfi=(57)
cfn=(4806) std::__cxx11::stoi(std::__cxx11::basic_string<char, std::char_traits<char>, std::allocator<char> > const&, unsigned long*, int)
calls=1 4455 
* 279
* 4
cfi=(57)
cfn=(4788)
calls=1 895 
* 97
fi=(63)
189 3
cfi=(62)
cfn=(4800)
calls=1 -85 
* 6
* 1
fe=(56)
24 57
cfi=(64) /home/nithin/CLionProjects/1dv1674_a2/blur/ppm.hpp
cfn=(4866) PPM::Reader::Reader()
calls=1 -3 
* 1744
* 2
fi=(62)
+64 1
fi=(63)
+80 1
fe=(56)
27 8
cfi=(57)
cfn=(4634)
calls=1 706 
* 315
* 6
cfi=(66)
cfn=(4888)
calls=1 +76 
* 237730485
* 3
cfi=(57)
cfn=(4788)
calls=1 895 
* 97
fi=(63)
189 3
cfi=(62)
cfn=(4800)
calls=1 -85 
* 6
* 1
fe=(56)
29 6
cfi=(127)
cfn=(7014)
calls=1 +13 
* 83567594
* 7
cfi=(128)
cfn=(7028)
calls=1 244 
* 359079162
* 3
cfi=(127)
cfn=(7848)
calls=1 +63 
* 727
* 2
fi=(62)
+59 1
fi=(63)
+80 1
fe=(56)
31 8
cfi=(57)
cfn=(4634)
calls=1 706 
* 1085
* 5
cfi=(127)
cfn=(7014)
calls=1 +11 
* 83567397
* 6
cfi=(66)
cfn=(7954)
calls=1 156 
* 142411211
* 3
cfi=(127)
cfn=(7848)
calls=1 +61 
* 696
* 3
cfi=(57)
cfn=(4788)
calls=1 895 
* 222
fi=(63)
189 3
cfi=(62)
cfn=(4800)
calls=1 -85 
* 6
* 1
fe=(56)
33 1
+1 3
cfi=(127)
cfn=(7848)
calls=1 +58 
* 711
* 3
cfi=(127)
cfn=(7848)
calls=1 +58 
* 727
* 3
cfi=(64)
cfn=(8124) PPM::Reader::~Reader()
calls=1 -13 
* 1264
* 7

fl=(93)
fn=(6030) std::__detail::_Compiler<std::__cxx11::regex_traits<char> >::_M_pop()
171 150
+2 120
cfi=(106)
cfn=(6032)
calls=30 +85 
* 5070
* 240
+1 120
cfi=(106)
cfn=(6036)
calls=30 331 
* 3720
+1 30
+1 90

fn=(6134) std::__detail::_BracketMatcher<std::__cxx11::regex_traits<char>, false, false>::_M_ready()
510 24
+2 9
cfi=(104)
cfn=(6136) std::vector<char, std::allocator<char> >::end()
calls=3 1018 
* 60
* 12
cfi=(104)
cfn=(6138) std::vector<char, std::allocator<char> >::begin()
calls=3 998 
* 57
* 9
cfi=(115)
cfn=(6140)
calls=3 4831 
* 117
+1 9
cfi=(104)
cfn=(6136)
calls=3 1018 
* 60
* 12
cfi=(104)
cfn=(6138)
calls=3 998 
* 57
* 9
cfi=(115)
cfn=(6146)
calls=3 875 
* 234
* 3
+1 12
cfi=(104)
cfn=(6136)
calls=3 1018 
* 60
* 9
fi=(117)
1166 3
-84 15
+84 3
-84 9
fe=(93)
514 15
cfi=(104)
cfn=(6154) std::vector<char, std::allocator<char> >::erase(__gnu_cxx::__normal_iterator<char const*, std::vector<char, std::allocator<char> > >, __gnu_cxx::__normal_iterator<char const*, std::vector<char, std::allocator<char> > >)
calls=3 1820 
* 396
+1 9
cfn=(6160) std::__detail::_BracketMatcher<std::__cxx11::regex_traits<char>, false, false>::_M_make_cache(std::integral_constant<bool, true>)
calls=3 +26 
* 499584
+2 21

fn=(6726) std::__detail::_BracketMatcher<std::__cxx11::regex_traits<char>, false, false>::operator()(char) const
441 60
+3 50
cfn=(6728) std::__detail::_BracketMatcher<std::__cxx11::regex_traits<char>, false, false>::_M_apply(char, std::integral_constant<bool, true>) const
calls=10 +93 
* 870
+1 20

fn=(6168) std::__detail::_RegexTranslator<std::__cxx11::regex_traits<char>, false, false>::_M_translate(char) const
330 3850
+1 2310

fn=(6180) std::__detail::_RegexTranslator<std::__cxx11::regex_traits<char>, false, false>::_M_transform(char) const
334 3840
+1 2304

fn=(6226)
424 30
cfi=(104)
cfn=(6228) std::vector<char, std::allocator<char> >::vector(std::vector<char, std::allocator<char> >&&)
calls=3 650 
* 246
* 21
cfi=(104)
cfn=(6236) std::vector<std::__cxx11::basic_string<char, std::char_traits<char>, std::allocator<char> >, std::allocator<std::__cxx11::basic_string<char, std::char_traits<char>, std::allocator<char> > > >::vector(std::vector<std::__cxx11::basic_string<char, std::char_traits<char>, std::allocator<char> >, std::allocator<std::__cxx11::basic_string<char, std::char_traits<char>, std::allocator<char> > > >&&)
calls=3 650 
* 246
* 21
cfi=(104)
cfn=(6244) std::vector<std::pair<char, char>, std::allocator<std::pair<char, char> > >::vector(std::vector<std::pair<char, char>, std::allocator<std::pair<char, char> > >&&)
calls=3 650 
* 246
* 21
cfi=(104)
cfn=(6252) std::vector<std::__cxx11::regex_traits<char>::_RegexMask, std::allocator<std::__cxx11::regex_traits<char>::_RegexMask> >::vector(std::vector<std::__cxx11::regex_traits<char>::_RegexMask, std::allocator<std::__cxx11::regex_traits<char>::_RegexMask> >&&)
calls=3 650 
* 246
* 75

fn=(6426) std::__detail::_Compiler<std::__cxx11::regex_traits<char> >::_M_get_nfa()
68 10
+1 6
fi=(105)
+70 2
fe=(93)
-70 8
cfi=(90) /usr/include/c++/15.1.1/bits/shared_ptr.h
cfn=(6428) std::shared_ptr<std::__detail::_NFA<std::__cxx11::regex_traits<char> > const>::shared_ptr<std::__detail::_NFA<std::__cxx11::regex_traits<char> >, void>(std::shared_ptr<std::__detail::_NFA<std::__cxx11::regex_traits<char> > >&&)
calls=2 367 
* 130
* 6

fn=(6450) std::__detail::_Compiler<std::__cxx11::regex_traits<char> >::~_Compiler()
57 16
cfi=(106)
cfn=(6452)
calls=2 +50 
* 962
* 8
cfi=(57)
cfn=(4788)
calls=2 895 
* 194
* 8
cfi=(90)
cfn=(6484) std::shared_ptr<std::__detail::_NFA<std::__cxx11::regex_traits<char> > >::~shared_ptr()
calls=2 175 
* 64
* 8
cfi=(96)
cfn=(6488) std::__detail::_Scanner<char>::~_Scanner()
calls=2 210 
* 216
* 6

fn=(5668) std::__detail::_Compiler<std::__cxx11::regex_traits<char> >::_S_validate(std::regex_constants::syntax_option_type)
179 8
+3 6
cfi=(94)
cfn=(5670)
calls=2 +18 
* 16
* 6
cfi=(94)
cfn=(5670)
calls=2 +18 
* 16
* 6
cfi=(94)
cfn=(5670)
calls=2 +18 
* 16
* 6
cfi=(94)
cfn=(5670)
calls=2 +18 
* 16
* 6
cfi=(94)
cfn=(5670)
calls=2 +18 
* 16
* 10
cfi=(94)
cfn=(5672)
calls=2 +10 
* 16
* 48
+8 4
+6 4

fn=(6106) std::__detail::_RegexTranslator<std::__cxx11::regex_traits<char>, false, false>::_RegexTranslator(std::__cxx11::regex_traits<char> const&)
326 16
+1 12

fn=(6112) std::__detail::_BracketMatcher<std::__cxx11::regex_traits<char>, false, false>::_M_add_character_class(std::__cxx11::basic_string<char, std::char_traits<char>, std::allocator<char> > const&, bool)
483 36
+2 6
+1 9
cfi=(57)
cfn=(5584) std::__cxx11::basic_string<char, std::char_traits<char>, std::allocator<char> >::data() const
calls=3 2886 
* 48
* 12
cfi=(57)
cfn=(4900)
calls=3 1163 
* 204
-1 12
cfi=(57)
cfn=(5584)
calls=3 2886 
* 48
* 15
cfi=(114) /usr/include/c++/15.1.1/bits/regex.tcc
cfn=(6114) std::__cxx11::regex_traits<char>::_RegexMask std::__cxx11::regex_traits<char>::lookup_classname<char const*>(char const*, char const*, bool) const
calls=3 278 
* 2898
* 3
+3 15
cfi=(89)
cfn=(6104) std::__cxx11::regex_traits<char>::_RegexMask::_RegexMask(unsigned short, unsigned char)
calls=3 115 
* 51
* 15
cfi=(89)
cfn=(6128) std::__cxx11::regex_traits<char>::_RegexMask::operator==(std::__cxx11::regex_traits<char>::_RegexMask) const
calls=3 158 
* 60
* 6
+3 12
+1 18
cfi=(89)
cfn=(6130) std::__cxx11::regex_traits<char>::_RegexMask::operator|=(std::__cxx11::regex_traits<char>::_RegexMask)
calls=3 150 
* 210
+4 30

fn=(6402) std::__detail::_CharMatcher<std::__cxx11::regex_traits<char>, false, false>::_CharMatcher(char, std::__cxx11::regex_traits<char> const&)
410 7
+1 5
cfn=(6106)
calls=1 -85 
* 7
* 5
cfn=(6168)
calls=1 -81 
* 8
* 2
+1 3

fn=(6758) std::__detail::_CharMatcher<std::__cxx11::regex_traits<char>, false, false>::operator()(char) const
415 7
+1 7
cfn=(6168)
calls=1 -86 
* 8
* 5

fn=(6160)
541 24
+2 6
+1 4608
cfi=(92) /usr/include/c++/15.1.1/bits/regex_compiler.tcc
cfn=(6164) std::__detail::_BracketMatcher<std::__cxx11::regex_traits<char>, false, false>::_M_apply(char, std::integral_constant<bool, false>) const
calls=768 +56 
* 384288
* 6144
cfi=(113)
cfn=(6200)
calls=768 1257 
* 48384
* 3072
cfi=(113)
cfn=(6210)
calls=768 896 
* 33792
* 2304
cfi=(113)
cfn=(6214)
calls=768 890 
* 4608
-1 4608
cfi=(113)
cfn=(6162)
calls=768 1376 
* 4608
* 15
cfi=(113)
cfn=(6162)
calls=3 1376 
* 18
* 3084
+2 21

fn=(6070) std::__detail::_BracketMatcher<std::__cxx11::regex_traits<char>, false, false>::_BracketMatcher(bool, std::__cxx11::regex_traits<char> const&)
434 21
+3 9
cfi=(104)
cfn=(6072) std::vector<char, std::allocator<char> >::vector()
calls=3 561 
* 144
* 12
cfi=(104)
cfn=(6080) std::vector<std::__cxx11::basic_string<char, std::char_traits<char>, std::allocator<char> >, std::allocator<std::__cxx11::basic_string<char, std::char_traits<char>, std::allocator<char> > > >::vector()
calls=3 561 
* 144
* 12
cfi=(104)
cfn=(6088) std::vector<std::pair<char, char>, std::allocator<std::pair<char, char> > >::vector()
calls=3 561 
* 144
* 12
cfi=(104)
cfn=(6096) std::vector<std::__cxx11::regex_traits<char>::_RegexMask, std::allocator<std::__cxx11::regex_traits<char>::_RegexMask> >::vector()
calls=3 561 
* 144
-1 18
cfi=(89)
cfn=(6104)
calls=3 115 
* 51
* 18
cfn=(6106)
calls=3 326 
* 21
* 9
+1 21
cfi=(113)
cfn=(6108)
calls=3 941 
* 60
+1 9

fn=(6296)
424 48
cfi=(104)
cfn=(6298) std::vector<std::__cxx11::regex_traits<char>::_RegexMask, std::allocator<std::__cxx11::regex_traits<char>::_RegexMask> >::~vector()
calls=6 800 
* 558
* 24
cfi=(104)
cfn=(6316) std::vector<std::pair<char, char>, std::allocator<std::pair<char, char> > >::~vector()
calls=6 800 
* 558
* 24
cfi=(104)
cfn=(6334) std::vector<std::__cxx11::basic_string<char, std::char_traits<char>, std::allocator<char> >, std::allocator<std::__cxx11::basic_string<char, std::char_traits<char>, std::allocator<char> > > >::~vector()
calls=6 800 
* 594
* 18
cfi=(104)
cfn=(6352) std::vector<char, std::allocator<char> >::~vector()
calls=6 800 
* 540
* 18

fn=(6728)
537 60
+1 70
cfi=(113)
cfn=(6730)
calls=10 1261 
* 720
* 20

fl=(101)
fn=(5752) __gnu_cxx::__aligned_buffer<std::__detail::_NFA<std::__cxx11::regex_traits<char> > >::_M_addr()
107 18
+2 6
+1 12

fn=(5750)
119 24
+1 18
cfn=(5752)
calls=6 -13 
* 36
* 12

fn=(6710)
74 33
+1 33

fn=(6266)
70 180
+1 180

fl=(64)
fn=(4866)
21 7
cob=(1)
cfi=(1)
cfn=(4650)
calls=1 -21 
* 1729
* 5
* 3

fn=(8124)
21 7
cob=(1)
cfi=(1)
cfn=(4650)
calls=1 -21 
* 1249
* 5
* 3

fl=(104)
fn=(5764) std::_Vector_base<unsigned long, std::allocator<unsigned long> >::_Vector_impl::_Vector_impl()
143 16
fi=(62)
-55 2
fi=(63)
+80 2
fe=(104)
-20 6
cfn=(5766) std::_Vector_base<unsigned long, std::allocator<unsigned long> >::_Vector_impl_data::_Vector_impl_data()
calls=2 -43 
* 24
+1 6

fn=(5874) std::vector<unsigned long, std::allocator<unsigned long> >::size() const
1117 240
+2 640
+1 80
+2 80
+1 160

fn=(5892)
1875 24
+1 36
+1 12

fn=(5928) std::vector<std::__detail::_State<char>, std::allocator<std::__detail::_State<char> > >::_S_max_size(std::allocator<std::__detail::_State<char> > const&)
2216 154
+5 176
fi=(62)
233 22
-50 22
fi=(81)
712 22
fe=(104)
2223 22
+1 110
cfi=(67)
cfn=(4904) unsigned long const& std::min<unsigned long>(unsigned long const&, unsigned long const&)
calls=22 234 
* 286
* 22
+1 110

fn=(5954)
1880 44
+2 44
+1 81
cfn=(5996) std::_Vector_base<std::__detail::_State<char>, std::allocator<std::__detail::_State<char> > >::_M_deallocate(std::__detail::_State<char>*, unsigned long)
calls=9 392 
* 1727
+1 33

fn=(5958) std::vector<std::__detail::_State<char>, std::allocator<std::__detail::_State<char> > >::empty() const
1223 196
+1 84
cfn=(5960) std::vector<std::__detail::_State<char>, std::allocator<std::__detail::_State<char> > >::end() const
calls=28 1028 
* 560
* 112
cfn=(5962) std::vector<std::__detail::_State<char>, std::allocator<std::__detail::_State<char> > >::begin() const
calls=28 1008 
* 532
* 84
fi=(117)
-58 28
+65 84
-65 28
+65 84
fe=(104)
-7 140

fn=(6084) std::_Vector_base<std::__cxx11::basic_string<char, std::char_traits<char>, std::allocator<char> >, std::allocator<std::__cxx11::basic_string<char, std::char_traits<char>, std::allocator<char> > > >::_Vector_impl::_Vector_impl()
143 24
fi=(62)
-55 3
fi=(63)
+80 3
fe=(104)
-20 9
cfn=(6086) std::_Vector_base<std::__cxx11::basic_string<char, std::char_traits<char>, std::allocator<char> >, std::allocator<std::__cxx11::basic_string<char, std::char_traits<char>, std::allocator<char> > > >::_Vector_impl_data::_Vector_impl_data()
calls=3 -43 
* 36
+1 9

fn=(6258) std::_Vector_base<std::__cxx11::regex_traits<char>::_RegexMask, std::allocator<std::__cxx11::regex_traits<char>::_RegexMask> >::_Vector_impl_data::_Vector_impl_data(std::_Vector_base<std::__cxx11::regex_traits<char>::_RegexMask, std::allocator<std::__cxx11::regex_traits<char>::_RegexMask> >::_Vector_impl_data&&)
111 12
+1 24
+1 12
+1 39

fn=(6298)
800 24
+3 18
cfn=(6300) std::_Vector_base<std::__cxx11::regex_traits<char>::_RegexMask, std::allocator<std::__cxx11::regex_traits<char>::_RegexMask> >::_M_get_Tp_allocator()
calls=6 307 
* 36
-1 42
fi=(81)
1045 30
cfi=(102)
cfn=(6302)
calls=6 202 
* 42
+1 6
fe=(104)
805 18
cfn=(6306) std::_Vector_base<std::__cxx11::regex_traits<char>::_RegexMask, std::allocator<std::__cxx11::regex_traits<char>::_RegexMask> >::~_Vector_base()
calls=6 373 
* 324
* 18

fn=(6306)
373 24
+3 42
-1 42
cfn=(6308) std::_Vector_base<std::__cxx11::regex_traits<char>::_RegexMask, std::allocator<std::__cxx11::regex_traits<char>::_RegexMask> >::_M_deallocate(std::__cxx11::regex_traits<char>::_RegexMask*, unsigned long)
calls=6 +17 
* 66
+2 18
cfn=(6310) std::_Vector_base<std::__cxx11::regex_traits<char>::_RegexMask, std::allocator<std::__cxx11::regex_traits<char>::_RegexMask> >::_Vector_impl::~_Vector_impl()
calls=6 139 
* 114
* 18

fn=(6318) std::_Vector_base<std::pair<char, char>, std::allocator<std::pair<char, char> > >::_M_get_Tp_allocator()
307 18
+1 18

fn=(6326) std::_Vector_base<std::pair<char, char>, std::allocator<std::pair<char, char> > >::_M_deallocate(std::pair<char, char>*, unsigned long)
392 36
+3 12
+2 18

fn=(6562) std::vector<std::__cxx11::sub_match<__gnu_cxx::__normal_iterator<char const*, std::__cxx11::basic_string<char, std::char_traits<char>, std::allocator<char> > > >, std::allocator<std::__cxx11::sub_match<__gnu_cxx::__normal_iterator<char const*, std::__cxx11::basic_string<char, std::char_traits<char>, std::allocator<char> > > > > >::_M_fill_initialize(unsigned long, std::__cxx11::sub_match<__gnu_cxx::__normal_iterator<char const*, std::__cxx11::basic_string<char, std::char_traits<char>, std::allocator<char> > > > const&)
1996 12
+4 6
cfn=(6542)
calls=2 307 
* 12
* 2
-1 12
cfi=(109) /usr/include/c++/15.1.1/bits/stl_uninitialized.h
cfn=(6564) std::__cxx11::sub_match<__gnu_cxx::__normal_iterator<char const*, std::__cxx11::basic_string<char, std::char_traits<char>, std::allocator<char> > > >* std::__uninitialized_fill_n_a<std::__cxx11::sub_match<__gnu_cxx::__normal_iterator<char const*, std::__cxx11::basic_string<char, std::char_traits<char>, std::allocator<char> > > >*, unsigned long, std::__cxx11::sub_match<__gnu_cxx::__normal_iterator<char const*, std::__cxx11::basic_string<char, std::char_traits<char>, std::allocator<char> > > >, std::__cxx11::sub_match<__gnu_cxx::__normal_iterator<char const*, std::__cxx11::basic_string<char, std::char_traits<char>, std::allocator<char> > > > >(std::__cxx11::sub_match<__gnu_cxx::__normal_iterator<char const*, std::__cxx11::basic_string<char, std::char_traits<char>, std::allocator<char> > > >*, unsigned long, std::__cxx11::sub_match<__gnu_cxx::__normal_iterator<char const*, std::__cxx11::basic_string<char, std::char_traits<char>, std::allocator<char> > > > const&, std::allocator<std::__cxx11::sub_match<__gnu_cxx::__normal_iterator<char const*, std::__cxx11::basic_string<char, std::char_traits<char>, std::allocator<char> > > > >&)
calls=2 720 
* 787
-1 4
+3 6

fn=(6600)
317 10
+1 6
cfn=(6602) std::_Vector_base<std::__cxx11::sub_match<__gnu_cxx::__normal_iterator<char const*, std::__cxx11::basic_string<char, std::char_traits<char>, std::allocator<char> > > >, std::allocator<std::__cxx11::sub_match<__gnu_cxx::__normal_iterator<char const*, std::__cxx11::basic_string<char, std::char_traits<char>, std::allocator<char> > > > > >::_M_get_Tp_allocator() const
calls=2 -6 
* 12
* 14
fi=(62)
92 2
fi=(63)
+81 2
fe=(104)
318 8

fn=(6668)
1028 84
+1 36
fi=(117)
+30 48
fe=(104)
-30 72

fn=(6672)
1907 22
+3 12
cfn=(6556) std::_Vector_base<std::__cxx11::sub_match<__gnu_cxx::__normal_iterator<char const*, std::__cxx11::basic_string<char, std::char_traits<char>, std::allocator<char> > > >, std::allocator<std::__cxx11::sub_match<__gnu_cxx::__normal_iterator<char const*, std::__cxx11::basic_string<char, std::char_traits<char>, std::allocator<char> > > > > >::_M_allocate(unsigned long)
calls=2 384 
* 475
* 12
cfn=(6674) std::vector<std::__cxx11::sub_match<__gnu_cxx::__normal_iterator<char const*, std::__cxx11::basic_string<char, std::char_traits<char>, std::allocator<char> > > >, std::allocator<std::__cxx11::sub_match<__gnu_cxx::__normal_iterator<char const*, std::__cxx11::basic_string<char, std::char_traits<char>, std::allocator<char> > > > > >::_Guard_alloc::_Guard_alloc(std::__cxx11::sub_match<__gnu_cxx::__normal_iterator<char const*, std::__cxx11::basic_string<char, std::char_traits<char>, std::allocator<char> > > >*, unsigned long, std::_Vector_base<std::__cxx11::sub_match<__gnu_cxx::__normal_iterator<char const*, std::__cxx11::basic_string<char, std::char_traits<char>, std::allocator<char> > > >, std::allocator<std::__cxx11::sub_match<__gnu_cxx::__normal_iterator<char const*, std::__cxx11::basic_string<char, std::char_traits<char>, std::allocator<char> > > > > >&)
calls=2 -35 
* 36
+2 6
cfn=(6542)
calls=2 307 
* 12
* 12
cfi=(109)
cfn=(6676) std::__cxx11::sub_match<__gnu_cxx::__normal_iterator<char const*, std::__cxx11::basic_string<char, std::char_traits<char>, std::allocator<char> > > >* std::__uninitialized_copy_a<__gnu_cxx::__normal_iterator<std::__cxx11::sub_match<__gnu_cxx::__normal_iterator<char const*, std::__cxx11::basic_string<char, std::char_traits<char>, std::allocator<char> > > > const*, std::vector<std::__cxx11::sub_match<__gnu_cxx::__normal_iterator<char const*, std::__cxx11::basic_string<char, std::char_traits<char>, std::allocator<char> > > >, std::allocator<std::__cxx11::sub_match<__gnu_cxx::__normal_iterator<char const*, std::__cxx11::basic_string<char, std::char_traits<char>, std::allocator<char> > > > > > >, __gnu_cxx::__normal_iterator<std::__cxx11::sub_match<__gnu_cxx::__normal_iterator<char const*, std::__cxx11::basic_string<char, std::char_traits<char>, std::allocator<char> > > > const*, std::vector<std::__cxx11::sub_match<__gnu_cxx::__normal_iterator<char const*, std::__cxx11::basic_string<char, std::char_traits<char>, std::allocator<char> > > >, std::allocator<std::__cxx11::sub_match<__gnu_cxx::__normal_iterator<char const*, std::__cxx11::basic_string<char, std::char_traits<char>, std::allocator<char> > > > > > >, std::__cxx11::sub_match<__gnu_cxx::__normal_iterator<char const*, std::__cxx11::basic_string<char, std::char_traits<char>, std::allocator<char> > > >*, std::__cxx11::sub_match<__gnu_cxx::__normal_iterator<char const*, std::__cxx11::basic_string<char, std::char_traits<char>, std::allocator<char> > > > >(__gnu_cxx::__normal_iterator<std::__cxx11::sub_match<__gnu_cxx::__normal_iterator<char const*, std::__cxx11::basic_string<char, std::char_traits<char>, std::allocator<char> > > > const*, std::vector<std::__cxx11::sub_match<__gnu_cxx::__normal_iterator<char const*, std::__cxx11::basic_string<char, std::char_traits<char>, std::allocator<char> > > >, std::allocator<std::__cxx11::sub_match<__gnu_cxx::__normal_iterator<char const*, std::__cxx11::basic_string<char, std::char_traits<char>, std::allocator<char> > > > > > >, __gnu_cxx::__normal_iterator<std::__cxx11::sub_match<__gnu_cxx::__normal_iterator<char const*, std::__cxx11::basic_string<char, std::char_traits<char>, std::allocator<char> > > > const*, std::vector<std::__cxx11::sub_match<__gnu_cxx::__normal_iterator<char const*, std::__cxx11::basic_string<char, std::char_traits<char>, std::allocator<char> > > >, std::allocator<std::__cxx11::sub_match<__gnu_cxx::__normal_iterator<char const*, std::__cxx11::basic_string<char, std::char_traits<char>, std::allocator<char> > > > > > >, std::__cxx11::sub_match<__gnu_cxx::__normal_iterator<char const*, std::__cxx11::basic_string<char, std::char_traits<char>, std::allocator<char> > > >*, std::allocator<std::__cxx11::sub_match<__gnu_cxx::__normal_iterator<char const*, std::__cxx11::basic_string<char, std::char_traits<char>, std::allocator<char> > > > >&)
calls=2 613 
* 896
+1 6
cfn=(6684) std::vector<std::__cxx11::sub_match<__gnu_cxx::__normal_iterator<char const*, std::__cxx11::basic_string<char, std::char_traits<char>, std::allocator<char> > > >, std::allocator<std::__cxx11::sub_match<__gnu_cxx::__normal_iterator<char const*, std::__cxx11::basic_string<char, std::char_traits<char>, std::allocator<char> > > > > >::_Guard_alloc::_M_release()
calls=2 -25 
* 22
* 4
+1 6
cfn=(6686) std::vector<std::__cxx11::sub_match<__gnu_cxx::__normal_iterator<char const*, std::__cxx11::basic_string<char, std::char_traits<char>, std::allocator<char> > > >, std::allocator<std::__cxx11::sub_match<__gnu_cxx::__normal_iterator<char const*, std::__cxx11::basic_string<char, std::char_traits<char>, std::allocator<char> > > > > >::_Guard_alloc::~_Guard_alloc()
calls=2 -34 
* 22
-1 2
+1 12

fn=(6860)
800 8
+3 6
cfn=(5946)
calls=2 307 
* 12
-1 14
fi=(81)
1045 10
cfi=(102)
cfn=(6862)
calls=2 202 
* 3026
+1 2
fe=(104)
805 6
cfn=(6882) std::_Vector_base<std::__detail::_State<char>, std::allocator<std::__detail::_State<char> > >::~_Vector_base()
calls=2 373 
* 381
* 6

fn=(7120) std::_Vector_base<float, std::allocator<float> >::_Vector_impl_data::_Vector_impl_data()
105 48
+1 96
+1 48

fn=(7122) std::_Vector_base<float, std::allocator<float> >::_M_create_storage(unsigned long)
403 80
+2 80
cfn=(7124) std::_Vector_base<float, std::allocator<float> >::_M_allocate(unsigned long)
calls=16 -21 
* 6052
* 32
+1 64
+1 112
+1 48

fn=(7190) std::vector<unsigned long, std::allocator<unsigned long> >::_M_default_initialize(unsigned long)
2007 5
+4 3
cfn=(5896)
calls=1 307 
* 6
* 1
-1 6
cfi=(109)
cfn=(7192) unsigned long* std::__uninitialized_default_n_a<unsigned long*, unsigned long, unsigned long>(unsigned long*, unsigned long, std::allocator<unsigned long>&)
calls=1 994 
* 242
-1 2
+3 3

fn=(7208) std::vector<FilterPar::Pass1ThreadData, std::allocator<FilterPar::Pass1ThreadData> >::_S_max_size(std::allocator<FilterPar::Pass1ThreadData> const&)
2216 7
+5 8
fi=(62)
233 1
-50 1
fi=(81)
712 1
fe=(104)
2223 1
+1 5
cfi=(67)
cfn=(4904)
calls=1 234 
* 13
* 1
+1 5

fn=(7214) std::_Vector_base<FilterPar::Pass1ThreadData, std::allocator<FilterPar::Pass1ThreadData> >::_Vector_base(unsigned long, std::allocator<FilterPar::Pass1ThreadData> const&)
339 7
+1 5
cfn=(7216) std::_Vector_base<FilterPar::Pass1ThreadData, std::allocator<FilterPar::Pass1ThreadData> >::_Vector_impl::_Vector_impl(std::allocator<FilterPar::Pass1ThreadData> const&)
calls=1 152 
* 33
+1 5
cfn=(7220) std::_Vector_base<FilterPar::Pass1ThreadData, std::allocator<FilterPar::Pass1ThreadData> >::_M_create_storage(unsigned long)
calls=1 +62 
* 402
* 4

fn=(7794) std::vector<FilterPar::Pass2ThreadData, std::allocator<FilterPar::Pass2ThreadData> >::_S_max_size(std::allocator<FilterPar::Pass2ThreadData> const&)
2216 7
+5 8
fi=(62)
233 1
-50 1
fi=(81)
712 1
fe=(104)
2223 1
+1 5
cfi=(67)
cfn=(4904)
calls=1 234 
* 13
* 1
+1 5

fn=(7800) std::_Vector_base<FilterPar::Pass2ThreadData, std::allocator<FilterPar::Pass2ThreadData> >::_Vector_base(unsigned long, std::allocator<FilterPar::Pass2ThreadData> const&)
339 7
+1 5
cfn=(7802) std::_Vector_base<FilterPar::Pass2ThreadData, std::allocator<FilterPar::Pass2ThreadData> >::_Vector_impl::_Vector_impl(std::allocator<FilterPar::Pass2ThreadData> const&)
calls=1 152 
* 33
+1 5
cfn=(7806) std::_Vector_base<FilterPar::Pass2ThreadData, std::allocator<FilterPar::Pass2ThreadData> >::_M_create_storage(unsigned long)
calls=1 +62 
* 317
* 4

fn=(7900) std::_Vector_base<FilterPar::Pass1ThreadData, std::allocator<FilterPar::Pass1ThreadData> >::~_Vector_base()
373 4
+3 8
-1 7
cfn=(7902) std::_Vector_base<FilterPar::Pass1ThreadData, std::allocator<FilterPar::Pass1ThreadData> >::_M_deallocate(FilterPar::Pass1ThreadData*, unsigned long)
calls=1 +17 
* 221
+2 3
cfn=(7908) std::_Vector_base<FilterPar::Pass1ThreadData, std::allocator<FilterPar::Pass1ThreadData> >::_Vector_impl::~_Vector_impl()
calls=1 139 
* 19
* 3

fn=(7912)
800 4
+3 3
cfn=(7062) std::_Vector_base<double, std::allocator<double> >::_M_get_Tp_allocator()
calls=1 307 
* 6
-1 7
fi=(81)
1045 5
cfi=(102)
cfn=(7914)
calls=1 202 
* 7
+1 1
fe=(104)
805 3
cfn=(7918) std::_Vector_base<double, std::allocator<double> >::~_Vector_base()
calls=1 373 
* 146
* 3

fn=(5772) std::_Vector_base<std::__detail::_State<char>, std::allocator<std::__detail::_State<char> > >::_Vector_impl::_Vector_impl()
143 16
fi=(62)
-55 2
fi=(63)
+80 2
fe=(104)
-20 6
cfn=(5774) std::_Vector_base<std::__detail::_State<char>, std::allocator<std::__detail::_State<char> > >::_Vector_impl_data::_Vector_impl_data()
calls=2 -43 
* 24
+1 6

fn=(5862)
1416 30
+2 30
+3 9
fi=(105)
73 6
fi=(62)
191 4
cfi=(100)
cfn=(5738)
calls=1 +17 
* 7
* 2
fi=(105)
73 1
fi=(62)
191 6
fi=(81)
680 1
fe=(104)
1423 5
+5 1
-1 20
cfi=(108)
cfn=(5864)
calls=4 557 
* 3015
+1 20

fn=(5922)
2196 110
+2 33
cfn=(5924) std::vector<std::__detail::_State<char>, std::allocator<std::__detail::_State<char> > >::max_size() const
calls=11 1128 
* 660
* 44
cfn=(5930)
calls=11 1117 
* 176
* 77
+3 33
cfn=(5930)
calls=11 1117 
* 176
* 44
cfn=(5930)
calls=11 1117 
* 176
* 66
cfi=(67)
cfn=(5814) unsigned long const& std::max<unsigned long>(unsigned long const&, unsigned long const&)
calls=11 258 
* 145
* 33
+1 33
cfn=(5930)
calls=11 1117 
* 176
* 55
cfn=(5924)
calls=11 1128 
* 660
* 33
+1 66

fn=(5926) std::_Vector_base<std::__detail::_State<char>, std::allocator<std::__detail::_State<char> > >::_M_get_Tp_allocator() const
312 66
+1 66

fn=(6082) std::_Vector_base<std::__cxx11::basic_string<char, std::char_traits<char>, std::allocator<char> >, std::allocator<std::__cxx11::basic_string<char, std::char_traits<char>, std::allocator<char> > > >::_Vector_base()
321 21
cfn=(6084)
calls=3 143 
* 84
* 9

fn=(6096)
561 21
cfn=(6098) std::_Vector_base<std::__cxx11::regex_traits<char>::_RegexMask, std::allocator<std::__cxx11::regex_traits<char>::_RegexMask> >::_Vector_base()
calls=3 321 
* 114
* 9

fn=(6102) std::_Vector_base<std::__cxx11::regex_traits<char>::_RegexMask, std::allocator<std::__cxx11::regex_traits<char>::_RegexMask> >::_Vector_impl_data::_Vector_impl_data()
105 9
+1 18
+1 9

fn=(6190) std::vector<std::__cxx11::basic_string<char, std::char_traits<char>, std::allocator<char> >, std::allocator<std::__cxx11::basic_string<char, std::char_traits<char>, std::allocator<char> > > >::empty() const
1223 5166
+1 2214
cfn=(6192) std::vector<std::__cxx11::basic_string<char, std::char_traits<char>, std::allocator<char> >, std::allocator<std::__cxx11::basic_string<char, std::char_traits<char>, std::allocator<char> > > >::end() const
calls=738 1028 
* 14760
* 2952
cfn=(6194) std::vector<std::__cxx11::basic_string<char, std::char_traits<char>, std::allocator<char> >, std::allocator<std::__cxx11::basic_string<char, std::char_traits<char>, std::allocator<char> > > >::begin() const
calls=738 1008 
* 14022
* 2214
fi=(117)
-58 738
+65 2214
-65 738
+65 2214
fe=(104)
-7 3690

fn=(6192)
1028 5166
+1 2214
fi=(117)
+30 2952
fe=(104)
-30 4428

fn=(6196) std::vector<std::__cxx11::regex_traits<char>::_RegexMask, std::allocator<std::__cxx11::regex_traits<char>::_RegexMask> >::begin() const
1008 5166
+1 1476
fi=(117)
+50 2952
fe=(104)
-50 4428

fn=(6234) std::_Vector_base<char, std::allocator<char> >::_Vector_impl_data::_Vector_impl_data(std::_Vector_base<char, std::allocator<char> >::_Vector_impl_data&&)
111 12
+1 24
+1 12
+1 39

fn=(6240) std::_Vector_base<std::__cxx11::basic_string<char, std::char_traits<char>, std::allocator<char> >, std::allocator<std::__cxx11::basic_string<char, std::char_traits<char>, std::allocator<char> > > >::_Vector_impl::_Vector_impl(std::_Vector_base<std::__cxx11::basic_string<char, std::char_traits<char>, std::allocator<char> >, std::allocator<std::__cxx11::basic_string<char, std::char_traits<char>, std::allocator<char> > > >::_Vector_impl&&)
160 21
fi=(105)
-21 24
fi=(62)
-47 3
fi=(63)
+81 3
fe=(104)
-12 9
fi=(105)
-22 3
fe=(104)
+22 9
cfn=(6242) std::_Vector_base<std::__cxx11::basic_string<char, std::char_traits<char>, std::allocator<char> >, std::allocator<std::__cxx11::basic_string<char, std::char_traits<char>, std::allocator<char> > > >::_Vector_impl_data::_Vector_impl_data(std::_Vector_base<std::__cxx11::basic_string<char, std::char_traits<char>, std::allocator<char> >, std::allocator<std::__cxx11::basic_string<char, std::char_traits<char>, std::allocator<char> > > >::_Vector_impl_data&&)
calls=3 -50 
* 87
+1 9

fn=(6316)
800 24
+3 18
cfn=(6318)
calls=6 307 
* 36
-1 42
fi=(81)
1045 30
cfi=(102)
cfn=(6320)
calls=6 202 
* 42
+1 6
fe=(104)
805 18
cfn=(6324) std::_Vector_base<std::pair<char, char>, std::allocator<std::pair<char, char> > >::~_Vector_base()
calls=6 373 
* 324
* 18

fn=(6388)
1368 35
+2 15
cfn=(6390) std::vector<unsigned long, std::allocator<unsigned long> >::empty() const
calls=5 1223 
* 345
* 25
+1 15
cfn=(5878)
calls=5 1018 
* 100
* 10
fi=(117)
1160 30
1059 15
1160 5
fe=(104)
1371 5
fi=(117)
1090 5
fe=(104)
1372 25

fn=(6500) std::_Vector_base<std::__cxx11::sub_match<__gnu_cxx::__normal_iterator<char const*, std::__cxx11::basic_string<char, std::char_traits<char>, std::allocator<char> > > >, std::allocator<std::__cxx11::sub_match<__gnu_cxx::__normal_iterator<char const*, std::__cxx11::basic_string<char, std::char_traits<char>, std::allocator<char> > > > > >::_Vector_impl_data::_Vector_impl_data()
105 24
+1 48
+1 24

fn=(6544)
599 16
+2 12
cfn=(6546) std::vector<std::__cxx11::sub_match<__gnu_cxx::__normal_iterator<char const*, std::__cxx11::basic_string<char, std::char_traits<char>, std::allocator<char> > > >, std::allocator<std::__cxx11::sub_match<__gnu_cxx::__normal_iterator<char const*, std::__cxx11::basic_string<char, std::char_traits<char>, std::allocator<char> > > > > >::_S_check_init_len(unsigned long, std::allocator<std::__cxx11::sub_match<__gnu_cxx::__normal_iterator<char const*, std::__cxx11::basic_string<char, std::char_traits<char>, std::allocator<char> > > > > const&)
calls=2 2207 
* 168
* 12
cfn=(6552) std::_Vector_base<std::__cxx11::sub_match<__gnu_cxx::__normal_iterator<char const*, std::__cxx11::basic_string<char, std::char_traits<char>, std::allocator<char> > > >, std::allocator<std::__cxx11::sub_match<__gnu_cxx::__normal_iterator<char const*, std::__cxx11::basic_string<char, std::char_traits<char>, std::allocator<char> > > > > >::_Vector_base(unsigned long, std::allocator<std::__cxx11::sub_match<__gnu_cxx::__normal_iterator<char const*, std::__cxx11::basic_string<char, std::char_traits<char>, std::allocator<char> > > > > const&)
calls=2 339 
* 1065
+1 12
cfn=(6562)
calls=2 1996 
* 841
* 8

fn=(6548) std::vector<std::__cxx11::sub_match<__gnu_cxx::__normal_iterator<char const*, std::__cxx11::basic_string<char, std::char_traits<char>, std::allocator<char> > > >, std::allocator<std::__cxx11::sub_match<__gnu_cxx::__normal_iterator<char const*, std::__cxx11::basic_string<char, std::char_traits<char>, std::allocator<char> > > > > >::_S_max_size(std::allocator<std::__cxx11::sub_match<__gnu_cxx::__normal_iterator<char const*, std::__cxx11::basic_string<char, std::char_traits<char>, std::allocator<char> > > > > const&)
2216 14
+5 16
fi=(62)
233 2
-50 2
fi=(81)
712 2
fe=(104)
2223 2
+1 10
cfi=(67)
cfn=(4904)
calls=2 234 
* 26
* 2
+1 10

fn=(6556)
384 20
+3 24
fi=(81)
614 24
cfi=(62)
cfn=(6558)
calls=4 126 
* 1290
* 8
fe=(104)
388 8

fn=(6578)
128 16
+4 6
cfn=(6500)
calls=2 -27 
* 24
+1 10
cfn=(6580) std::_Vector_base<std::__cxx11::sub_match<__gnu_cxx::__normal_iterator<char const*, std::__cxx11::basic_string<char, std::char_traits<char>, std::allocator<char> > > >, std::allocator<std::__cxx11::sub_match<__gnu_cxx::__normal_iterator<char const*, std::__cxx11::basic_string<char, std::char_traits<char>, std::allocator<char> > > > > >::_Vector_impl_data::_M_copy_data(std::_Vector_base<std::__cxx11::sub_match<__gnu_cxx::__normal_iterator<char const*, std::__cxx11::basic_string<char, std::char_traits<char>, std::allocator<char> > > >, std::allocator<std::__cxx11::sub_match<__gnu_cxx::__normal_iterator<char const*, std::__cxx11::basic_string<char, std::char_traits<char>, std::allocator<char> > > > > >::_Vector_impl_data const&)
calls=2 -14 
* 38
+1 10
cfn=(6580)
calls=2 -15 
* 38
+1 10
cfn=(6580)
calls=2 -16 
* 38
+1 12

fn=(6686)
1880 8
+2 8
+2 6

fn=(6698) std::vector<std::__cxx11::sub_match<__gnu_cxx::__normal_iterator<char const*, std::__cxx11::basic_string<char, std::char_traits<char>, std::allocator<char> > > >, std::allocator<std::__cxx11::sub_match<__gnu_cxx::__normal_iterator<char const*, std::__cxx11::basic_string<char, std::char_traits<char>, std::allocator<char> > > > > >::operator[](unsigned long)
1261 70
+2 42
cfn=(6538)
calls=14 1117 
* 224
* 98
+1 112
+1 28

fn=(6816) std::vector<std::__cxx11::sub_match<__gnu_cxx::__normal_iterator<char const*, std::__cxx11::basic_string<char, std::char_traits<char>, std::allocator<char> > > >, std::allocator<std::__cxx11::sub_match<__gnu_cxx::__normal_iterator<char const*, std::__cxx11::basic_string<char, std::char_traits<char>, std::allocator<char> > > > > >::empty() const
1223 56
+1 24
cfn=(6668)
calls=8 1028 
* 160
* 32
cfn=(6670)
calls=8 1008 
* 152
* 24
fi=(117)
-58 8
+65 24
-65 8
+65 24
fe=(104)
-7 40

fn=(6822) std::vector<std::__cxx11::sub_match<__gnu_cxx::__normal_iterator<char const*, std::__cxx11::basic_string<char, std::char_traits<char>, std::allocator<char> > > >, std::allocator<std::__cxx11::sub_match<__gnu_cxx::__normal_iterator<char const*, std::__cxx11::basic_string<char, std::char_traits<char>, std::allocator<char> > > > > >::operator[](unsigned long) const
1280 15
+2 9
cfn=(6538)
calls=3 1117 
* 48
* 21
+1 24
+1 6

fn=(6884) std::_Vector_base<std::__detail::_State<char>, std::allocator<std::__detail::_State<char> > >::_Vector_impl::~_Vector_impl()
139 12
fi=(63)
+50 6
cfi=(62)
cfn=(6886)
calls=2 -85 
* 12
* 2
fe=(104)
-50 6

fn=(7102)
1261 160
+2 96
cfn=(7104)
calls=32 1117 
* 480
* 224
+1 160
+1 64

fn=(7216)
152 13
fi=(62)
-60 1
fi=(63)
+81 1
fe=(104)
-20 3
cfn=(7218) std::_Vector_base<FilterPar::Pass1ThreadData, std::allocator<FilterPar::Pass1ThreadData> >::_Vector_impl_data::_Vector_impl_data()
calls=1 -48 
* 12
+1 3

fn=(7230) std::_Vector_base<FilterPar::Pass1ThreadData, std::allocator<FilterPar::Pass1ThreadData> >::_M_get_Tp_allocator()
307 6
+1 6

fn=(7244)
1261 1120
+2 672
cfn=(7246) std::vector<FilterPar::Pass1ThreadData, std::allocator<FilterPar::Pass1ThreadData> >::size() const
calls=224 1117 
* 3584
* 1568
+1 1120
+1 448

fn=(7246)
1117 672
+2 2016
+1 224
+2 224
+1 448

fn=(7802)
152 13
fi=(62)
-60 1
fi=(63)
+81 1
fe=(104)
-20 3
cfn=(7804) std::_Vector_base<FilterPar::Pass2ThreadData, std::allocator<FilterPar::Pass2ThreadData> >::_Vector_impl_data::_Vector_impl_data()
calls=1 -48 
* 12
+1 3

fn=(7816) std::_Vector_base<FilterPar::Pass2ThreadData, std::allocator<FilterPar::Pass2ThreadData> >::_M_get_Tp_allocator()
307 6
+1 6

fn=(7882) std::_Vector_base<float, std::allocator<float> >::~_Vector_base()
373 64
+3 112
-1 112
cfn=(7884) std::_Vector_base<float, std::allocator<float> >::_M_deallocate(float*, unsigned long)
calls=16 +17 
* 1711
+2 48
cfn=(7890) std::_Vector_base<float, std::allocator<float> >::_Vector_impl::~_Vector_impl()
calls=16 139 
* 304
* 48

fn=(5868) std::vector<unsigned long, std::allocator<unsigned long> >::max_size() const
1128 32
+1 24
cfn=(5870) std::_Vector_base<unsigned long, std::allocator<unsigned long> >::_M_get_Tp_allocator() const
calls=8 312 
* 48
* 16
cfn=(5872) std::vector<unsigned long, std::allocator<unsigned long> >::_S_max_size(std::allocator<unsigned long> const&)
calls=8 2216 
* 344
* 16

fn=(5876)
998 28
+1 8
fi=(117)
+60 16
fe=(104)
-60 24

fn=(5896)
307 24
+1 24

fn=(5962)
1008 196
+1 56
fi=(117)
+50 112
fe=(104)
-50 168

fn=(6078) std::_Vector_base<char, std::allocator<char> >::_Vector_impl_data::_Vector_impl_data()
105 9
+1 18
+1 9

fn=(6256) std::_Vector_base<std::__cxx11::regex_traits<char>::_RegexMask, std::allocator<std::__cxx11::regex_traits<char>::_RegexMask> >::_Vector_impl::_Vector_impl(std::_Vector_base<std::__cxx11::regex_traits<char>::_RegexMask, std::allocator<std::__cxx11::regex_traits<char>::_RegexMask> >::_Vector_impl&&)
160 21
fi=(105)
-21 24
fi=(62)
-47 3
fi=(63)
+81 3
fe=(104)
-12 9
fi=(105)
-22 3
fe=(104)
+22 9
cfn=(6258)
calls=3 -50 
* 87
+1 9

fn=(6300)
307 18
+1 18

fn=(6344) std::_Vector_base<std::__cxx11::basic_string<char, std::char_traits<char>, std::allocator<char> >, std::allocator<std::__cxx11::basic_string<char, std::char_traits<char>, std::allocator<char> > > >::_M_deallocate(std::__cxx11::basic_string<char, std::char_traits<char>, std::allocator<char> >*, unsigned long)
392 36
+3 12
+2 18

fn=(6390)
1223 70
+1 30
cfn=(6392) std::vector<unsigned long, std::allocator<unsigned long> >::end() const
calls=10 1028 
* 200
* 40
cfn=(6394) std::vector<unsigned long, std::allocator<unsigned long> >::begin() const
calls=10 1008 
* 190
* 30
fi=(117)
-58 10
+65 30
-65 10
+65 30
fe=(104)
-7 50

fn=(6590)
392 48
+3 16
+1 24
fi=(81)
649 24
cfi=(62)
cfn=(6804)
calls=4 156 
* 332
* 4
fe=(104)
397 24

fn=(6610) std::vector<std::pair<__gnu_cxx::__normal_iterator<char const*, std::__cxx11::basic_string<char, std::char_traits<char>, std::allocator<char> > >, int>, std::allocator<std::pair<__gnu_cxx::__normal_iterator<char const*, std::__cxx11::basic_string<char, std::char_traits<char>, std::allocator<char> > >, int> > >::_S_check_init_len(unsigned long, std::allocator<std::pair<__gnu_cxx::__normal_iterator<char const*, std::__cxx11::basic_string<char, std::char_traits<char>, std::allocator<char> > >, int> > const&)
2207 30
fi=(62)
92 2
fi=(63)
+81 2
fe=(104)
2209 6
cfn=(6612) std::vector<std::pair<__gnu_cxx::__normal_iterator<char const*, std::__cxx11::basic_string<char, std::char_traits<char>, std::allocator<char> > >, int>, std::allocator<std::pair<__gnu_cxx::__normal_iterator<char const*, std::__cxx11::basic_string<char, std::char_traits<char>, std::allocator<char> > >, int> > >::_S_max_size(std::allocator<std::pair<__gnu_cxx::__normal_iterator<char const*, std::__cxx11::basic_string<char, std::char_traits<char>, std::allocator<char> > >, int> > const&)
calls=2 +7 
* 86
* 4
fi=(63)
189 6
cfi=(62)
cfn=(6614)
calls=2 -85 
* 12
* 2
fe=(104)
2209 4
+3 2
+1 12

fn=(6892)
800 12
+3 9
cfn=(5896)
calls=3 307 
* 18
-1 21
fi=(81)
1045 15
cfi=(102)
cfn=(6894)
calls=3 202 
* 21
+1 3
fe=(104)
805 9
cfn=(6898) std::_Vector_base<unsigned long, std::allocator<unsigned long> >::~_Vector_base()
calls=3 373 
* 438
* 9

fn=(7046) std::_Vector_base<double, std::allocator<double> >::_Vector_impl::_Vector_impl(std::allocator<double> const&)
152 13
fi=(62)
-60 1
fi=(63)
+81 1
fe=(104)
-20 3
cfn=(7048) std::_Vector_base<double, std::allocator<double> >::_Vector_impl_data::_Vector_impl_data()
calls=1 -48 
* 12
+1 3

fn=(7106)
586 112
+1 96
cfn=(7108) std::vector<float, std::allocator<float> >::_S_check_init_len(unsigned long, std::allocator<float> const&)
calls=16 2207 
* 1344
* 96
cfn=(7116) std::_Vector_base<float, std::allocator<float> >::_Vector_base(unsigned long, std::allocator<float> const&)
calls=16 339 
* 7332
+1 80
cfn=(7130) std::vector<float, std::allocator<float> >::_M_default_initialize(unsigned long)
calls=16 2007 
* 56011304
* 64

fn=(7146)
1261 80
+2 48
cfn=(7148) std::vector<float, std::allocator<float> >::size() const
calls=16 1117 
* 240
* 112
+1 80
+1 32

fn=(7218)
105 3
+1 6
+1 3

fn=(7222) std::_Vector_base<FilterPar::Pass1ThreadData, std::allocator<FilterPar::Pass1ThreadData> >::_M_allocate(unsigned long)
384 5
+3 6
fi=(81)
614 6
cfi=(62)
cfn=(7224)
calls=1 126 
* 355
* 2
fe=(104)
388 2

fn=(7804)
105 3
+1 6
+1 3

fn=(7808) std::_Vector_base<FilterPar::Pass2ThreadData, std::allocator<FilterPar::Pass2ThreadData> >::_M_allocate(unsigned long)
384 5
+3 6
fi=(81)
614 6
cfi=(62)
cfn=(7810)
calls=1 126 
* 270
* 2
fe=(104)
388 2

fn=(7920) std::_Vector_base<double, std::allocator<double> >::_M_deallocate(double*, unsigned long)
392 6
+3 2
+1 6
fi=(81)
649 6
cfi=(62)
cfn=(7922)
calls=1 156 
* 79
* 1
fe=(104)
397 3

fn=(5770) std::_Vector_base<std::__detail::_State<char>, std::allocator<std::__detail::_State<char> > >::_Vector_base()
321 14
cfn=(5772)
calls=2 143 
* 56
* 6

fn=(5880)
384 25
+3 30
fi=(81)
614 30
cfi=(62)
cfn=(5882)
calls=5 126 
* 981
* 10
fe=(104)
388 10

fn=(5898)
534 28
+5 24
cfi=(109)
cfn=(5900) unsigned long* std::__relocate_a<unsigned long*, unsigned long*, std::allocator<unsigned long> >(unsigned long*, unsigned long*, unsigned long*, std::allocator<unsigned long>&)
calls=4 1347 
* 206
+5 8

fn=(5904)
1880 16
+2 16
+1 18
cfn=(6060) std::_Vector_base<unsigned long, std::allocator<unsigned long> >::_M_deallocate(unsigned long*, unsigned long)
calls=2 392 
* 206
+1 12

fn=(5936)
384 55
+3 66
fi=(81)
614 66
cfi=(62)
cfn=(5938)
calls=11 126 
* 1879
* 22
fe=(104)
388 22

fn=(5942)
1875 66
+1 99
+1 33

fn=(5960)
1028 196
+1 84
fi=(117)
+30 112
fe=(104)
-30 168

fn=(5996)
392 66
+3 22
+1 66
fi=(81)
649 66
cfi=(62)
cfn=(5998)
calls=11 156 
* 1756
* 11
fe=(104)
397 33

fn=(6074) std::_Vector_base<char, std::allocator<char> >::_Vector_base()
321 21
cfn=(6076) std::_Vector_base<char, std::allocator<char> >::_Vector_impl::_Vector_impl()
calls=3 143 
* 84
* 9

fn=(6088)
561 21
cfn=(6090) std::_Vector_base<std::pair<char, char>, std::allocator<std::pair<char, char> > >::_Vector_base()
calls=3 321 
* 114
* 9

fn=(6198) std::vector<std::__cxx11::regex_traits<char>::_RegexMask, std::allocator<std::__cxx11::regex_traits<char>::_RegexMask> >::end() const
1028 5166
+1 2214
fi=(117)
+30 2952
fe=(104)
-30 4428

fn=(6236)
650 30
cfn=(6238) std::_Vector_base<std::__cxx11::basic_string<char, std::char_traits<char>, std::allocator<char> >, std::allocator<std::__cxx11::basic_string<char, std::char_traits<char>, std::allocator<char> > > >::_Vector_base(std::_Vector_base<std::__cxx11::basic_string<char, std::char_traits<char>, std::allocator<char> >, std::allocator<std::__cxx11::basic_string<char, std::char_traits<char>, std::allocator<char> > > >&&)
calls=3 344 
* 207
* 9

fn=(6238)
344 30
cfn=(6240)
calls=3 160 
* 168
* 9

fn=(6246) std::_Vector_base<std::pair<char, char>, std::allocator<std::pair<char, char> > >::_Vector_base(std::_Vector_base<std::pair<char, char>, std::allocator<std::pair<char, char> > >&&)
344 30
cfn=(6248) std::_Vector_base<std::pair<char, char>, std::allocator<std::pair<char, char> > >::_Vector_impl::_Vector_impl(std::_Vector_base<std::pair<char, char>, std::allocator<std::pair<char, char> > >::_Vector_impl&&)
calls=3 160 
* 168
* 9

fn=(6324)
373 24
+3 42
-1 42
cfn=(6326)
calls=6 +17 
* 66
+2 18
cfn=(6328) std::_Vector_base<std::pair<char, char>, std::allocator<std::pair<char, char> > >::_Vector_impl::~_Vector_impl()
calls=6 139 
* 114
* 18

fn=(6352)
800 24
+3 18
cfn=(6354) std::_Vector_base<char, std::allocator<char> >::_M_get_Tp_allocator()
calls=6 307 
* 36
-1 42
fi=(81)
1045 30
cfi=(102)
cfn=(6356)
calls=6 202 
* 42
+1 6
fe=(104)
805 18
cfn=(6360) std::_Vector_base<char, std::allocator<char> >::~_Vector_base()
calls=6 373 
* 306
* 18

fn=(6354)
307 18
+1 18

fn=(6360)
373 24
+3 30
-1 36
cfn=(6362) std::_Vector_base<char, std::allocator<char> >::_M_deallocate(char*, unsigned long)
calls=6 +17 
* 66
+2 18
cfn=(6364) std::_Vector_base<char, std::allocator<char> >::_Vector_impl::~_Vector_impl()
calls=6 139 
* 114
* 18

fn=(6494)
572 20
+1 20
cfn=(6496) std::_Vector_base<std::__cxx11::sub_match<__gnu_cxx::__normal_iterator<char const*, std::__cxx11::basic_string<char, std::char_traits<char>, std::allocator<char> > > >, std::allocator<std::__cxx11::sub_match<__gnu_cxx::__normal_iterator<char const*, std::__cxx11::basic_string<char, std::char_traits<char>, std::allocator<char> > > > > >::_Vector_base(std::allocator<std::__cxx11::sub_match<__gnu_cxx::__normal_iterator<char const*, std::__cxx11::basic_string<char, std::char_traits<char>, std::allocator<char> > > > > const&)
calls=4 327 
* 184
* 12

fn=(6554) std::_Vector_base<std::__cxx11::sub_match<__gnu_cxx::__normal_iterator<char const*, std::__cxx11::basic_string<char, std::char_traits<char>, std::allocator<char> > > >, std::allocator<std::__cxx11::sub_match<__gnu_cxx::__normal_iterator<char const*, std::__cxx11::basic_string<char, std::char_traits<char>, std::allocator<char> > > > > >::_M_create_storage(unsigned long)
403 10
+2 10
cfn=(6556)
calls=2 -21 
* 899
* 4
+1 8
+1 20
+1 6

fn=(6622) std::_Vector_base<std::pair<__gnu_cxx::__normal_iterator<char const*, std::__cxx11::basic_string<char, std::char_traits<char>, std::allocator<char> > >, int>, std::allocator<std::pair<__gnu_cxx::__normal_iterator<char const*, std::__cxx11::basic_string<char, std::char_traits<char>, std::allocator<char> > >, int> > >::_Vector_impl_data::_Vector_impl_data()
105 6
+1 12
+1 6

fn=(6768)
998 28
+1 8
fi=(117)
+60 16
fe=(104)
-60 24

fn=(6900) std::_Vector_base<unsigned long, std::allocator<unsigned long> >::_Vector_impl::~_Vector_impl()
139 18
fi=(63)
+50 9
cfi=(62)
cfn=(6902)
calls=3 -85 
* 18
* 3
fe=(104)
-50 9

fn=(7052) std::_Vector_base<double, std::allocator<double> >::_M_allocate(unsigned long)
384 5
+3 6
fi=(81)
614 6
cfi=(62)
cfn=(7054)
calls=1 126 
* 275
* 2
fe=(104)
388 2

fn=(7080)
1395 4
+1 6
cfn=(7082) double* std::vector<double, std::allocator<double> >::_M_data_ptr<double>(double*) const
calls=1 2290 
* 7
* 2

fn=(7104)
1117 99
+2 264
+1 33
+2 33
+1 66

fn=(7116)
339 112
+1 80
cfn=(7118) std::_Vector_base<float, std::allocator<float> >::_Vector_impl::_Vector_impl(std::allocator<float> const&)
calls=16 152 
* 528
+1 80
cfn=(7122)
calls=16 +62 
* 6468
* 64

fn=(7154) float* std::vector<float, std::allocator<float> >::_M_data_ptr<float>(float*) const
2290 840
+1 630

fn=(7228) std::vector<FilterPar::Pass1ThreadData, std::allocator<FilterPar::Pass1ThreadData> >::_M_default_initialize(unsigned long)
2007 5
+4 3
cfn=(7230)
calls=1 307 
* 6
* 1
-1 6
cfi=(109)
cfn=(7232) FilterPar::Pass1ThreadData* std::__uninitialized_default_n_a<FilterPar::Pass1ThreadData*, unsigned long, FilterPar::Pass1ThreadData>(FilterPar::Pass1ThreadData*, unsigned long, std::allocator<FilterPar::Pass1ThreadData>&)
calls=1 994 
* 575
-1 2
+3 3

fn=(7814) std::vector<FilterPar::Pass2ThreadData, std::allocator<FilterPar::Pass2ThreadData> >::_M_default_initialize(unsigned long)
2007 5
+4 3
cfn=(7816)
calls=1 307 
* 6
* 1
-1 6
cfi=(109)
cfn=(7818) FilterPar::Pass2ThreadData* std::__uninitialized_default_n_a<FilterPar::Pass2ThreadData*, unsigned long, FilterPar::Pass2ThreadData>(FilterPar::Pass2ThreadData*, unsigned long, std::allocator<FilterPar::Pass2ThreadData>&)
calls=1 994 
* 575
-1 2
+3 3

fn=(7872) std::_Vector_base<FilterPar::Pass2ThreadData, std::allocator<FilterPar::Pass2ThreadData> >::_Vector_impl::~_Vector_impl()
139 6
fi=(63)
+50 3
cfi=(62)
cfn=(7796)
calls=1 -85 
* 6
* 1
fe=(104)
-50 3

fn=(5866)
2196 40
+2 12
cfn=(5868)
calls=4 1128 
* 240
* 16
cfn=(5874)
calls=4 1117 
* 60
* 28
+3 12
cfn=(5874)
calls=4 1117 
* 60
* 16
cfn=(5874)
calls=4 1117 
* 60
* 24
cfi=(67)
cfn=(5814)
calls=4 258 
* 54
* 12
+1 12
cfn=(5874)
calls=4 1117 
* 60
* 20
cfn=(5868)
calls=4 1128 
* 240
* 12
+1 24

fn=(5916)
1433 196
fi=(105)
139 28
fe=(104)
1434 112
cfi=(108)
cfn=(5918)
calls=28 111 
* 24422
* 84

fn=(5932)
998 91
+1 26
fi=(117)
+60 52
fe=(104)
-60 78

fn=(5956)
1368 196
+2 84
cfn=(5958)
calls=28 1223 
* 1932
* 140
+1 84
cfn=(5934)
calls=28 1018 
* 560
* 56
fi=(117)
1160 252
1059 84
1160 28
fe=(104)
1371 28
fi=(117)
1090 28
fe=(104)
1372 140

fn=(6092) std::_Vector_base<std::pair<char, char>, std::allocator<std::pair<char, char> > >::_Vector_impl::_Vector_impl()
143 24
fi=(62)
-55 3
fi=(63)
+80 3
fe=(104)
-20 9
cfn=(6094) std::_Vector_base<std::pair<char, char>, std::allocator<std::pair<char, char> > >::_Vector_impl_data::_Vector_impl_data()
calls=3 -43 
* 36
+1 9

fn=(6100) std::_Vector_base<std::__cxx11::regex_traits<char>::_RegexMask, std::allocator<std::__cxx11::regex_traits<char>::_RegexMask> >::_Vector_impl::_Vector_impl()
143 24
fi=(62)
-55 3
fi=(63)
+80 3
fe=(104)
-20 9
cfn=(6102)
calls=3 -43 
* 36
+1 9

fn=(6136)
1018 63
+1 27
fi=(117)
+40 36
fe=(104)
-40 54

fn=(6154)
1820 27
+2 9
cfn=(6138)
calls=3 998 
* 57
* 3
+1 9
cfn=(6156) std::vector<char, std::allocator<char> >::cbegin() const
calls=3 1079 
* 57
* 9
fi=(117)
1166 3
1340 9
1166 3
1340 9
1148 12
-89 9
+89 12
+18 3
1340 9
1166 3
1340 9
1148 12
-89 9
+89 6
fe=(104)
1824 15
cfi=(108)
cfn=(6158)
calls=3 195 
* 87
+1 15

fn=(6230) std::_Vector_base<char, std::allocator<char> >::_Vector_base(std::_Vector_base<char, std::allocator<char> >&&)
344 30
cfn=(6232) std::_Vector_base<char, std::allocator<char> >::_Vector_impl::_Vector_impl(std::_Vector_base<char, std::allocator<char> >::_Vector_impl&&)
calls=3 160 
* 168
* 9

fn=(6250) std::_Vector_base<std::pair<char, char>, std::allocator<std::pair<char, char> > >::_Vector_impl_data::_Vector_impl_data(std::_Vector_base<std::pair<char, char>, std::allocator<std::pair<char, char> > >::_Vector_impl_data&&)
111 12
+1 24
+1 12
+1 39

fn=(6252)
650 30
cfn=(6254) std::_Vector_base<std::__cxx11::regex_traits<char>::_RegexMask, std::allocator<std::__cxx11::regex_traits<char>::_RegexMask> >::_Vector_base(std::_Vector_base<std::__cxx11::regex_traits<char>::_RegexMask, std::allocator<std::__cxx11::regex_traits<char>::_RegexMask> >&&)
calls=3 344 
* 207
* 9

fn=(6254)
344 30
cfn=(6256)
calls=3 160 
* 168
* 9

fn=(6342) std::_Vector_base<std::__cxx11::basic_string<char, std::char_traits<char>, std::allocator<char> >, std::allocator<std::__cxx11::basic_string<char, std::char_traits<char>, std::allocator<char> > > >::~_Vector_base()
373 24
+3 42
-1 42
cfn=(6344)
calls=6 +17 
* 66
+2 18
cfn=(6346) std::_Vector_base<std::__cxx11::basic_string<char, std::char_traits<char>, std::allocator<char> >, std::allocator<std::__cxx11::basic_string<char, std::char_traits<char>, std::allocator<char> > > >::_Vector_impl::~_Vector_impl()
calls=6 139 
* 114
* 18

fn=(6588) std::_Vector_base<std::__cxx11::sub_match<__gnu_cxx::__normal_iterator<char const*, std::__cxx11::basic_string<char, std::char_traits<char>, std::allocator<char> > > >, std::allocator<std::__cxx11::sub_match<__gnu_cxx::__normal_iterator<char const*, std::__cxx11::basic_string<char, std::char_traits<char>, std::allocator<char> > > > > >::~_Vector_base()
373 24
+3 48
-1 42
cfn=(6590)
calls=6 +17 
* 450
+2 18
cfn=(6592) std::_Vector_base<std::__cxx11::sub_match<__gnu_cxx::__normal_iterator<char const*, std::__cxx11::basic_string<char, std::char_traits<char>, std::allocator<char> > > >, std::allocator<std::__cxx11::sub_match<__gnu_cxx::__normal_iterator<char const*, std::__cxx11::basic_string<char, std::char_traits<char>, std::allocator<char> > > > > >::_Vector_impl::~_Vector_impl()
calls=6 139 
* 114
* 18

fn=(6592)
139 36
fi=(63)
+50 18
cfi=(62)
cfn=(6504)
calls=6 -85 
* 36
* 6
fe=(104)
-50 18

fn=(6602)
312 6
+1 6

fn=(6608)
586 14
+1 12
cfn=(6610)
calls=2 2207 
* 168
* 12
cfn=(6618) std::_Vector_base<std::pair<__gnu_cxx::__normal_iterator<char const*, std::__cxx11::basic_string<char, std::char_traits<char>, std::allocator<char> > >, int>, std::allocator<std::pair<__gnu_cxx::__normal_iterator<char const*, std::__cxx11::basic_string<char, std::char_traits<char>, std::allocator<char> > >, int> > >::_Vector_base(unsigned long, std::allocator<std::pair<__gnu_cxx::__normal_iterator<char const*, std::__cxx11::basic_string<char, std::char_traits<char>, std::allocator<char> > >, int> > const&)
calls=2 339 
* 626
+1 10
cfn=(6632) std::vector<std::pair<__gnu_cxx::__normal_iterator<char const*, std::__cxx11::basic_string<char, std::char_traits<char>, std::allocator<char> > >, int>, std::allocator<std::pair<__gnu_cxx::__normal_iterator<char const*, std::__cxx11::basic_string<char, std::char_traits<char>, std::allocator<char> > >, int> > >::_M_default_initialize(unsigned long)
calls=2 2007 
* 1722
* 8

fn=(6618)
339 14
+1 10
cfn=(6620) std::_Vector_base<std::pair<__gnu_cxx::__normal_iterator<char const*, std::__cxx11::basic_string<char, std::char_traits<char>, std::allocator<char> > >, int>, std::allocator<std::pair<__gnu_cxx::__normal_iterator<char const*, std::__cxx11::basic_string<char, std::char_traits<char>, std::allocator<char> > >, int> > >::_Vector_impl::_Vector_impl(std::allocator<std::pair<__gnu_cxx::__normal_iterator<char const*, std::__cxx11::basic_string<char, std::char_traits<char>, std::allocator<char> > >, int> > const&)
calls=2 152 
* 66
+1 10
cfn=(6624) std::_Vector_base<std::pair<__gnu_cxx::__normal_iterator<char const*, std::__cxx11::basic_string<char, std::char_traits<char>, std::allocator<char> > >, int>, std::allocator<std::pair<__gnu_cxx::__normal_iterator<char const*, std::__cxx11::basic_string<char, std::char_traits<char>, std::allocator<char> > >, int> > >::_M_create_storage(unsigned long)
calls=2 +62 
* 518
* 8

fn=(6632)
2007 10
+4 6
cfn=(6634) std::_Vector_base<std::pair<__gnu_cxx::__normal_iterator<char const*, std::__cxx11::basic_string<char, std::char_traits<char>, std::allocator<char> > >, int>, std::allocator<std::pair<__gnu_cxx::__normal_iterator<char const*, std::__cxx11::basic_string<char, std::char_traits<char>, std::allocator<char> > >, int> > >::_M_get_Tp_allocator()
calls=2 307 
* 12
* 2
-1 12
cfi=(109)
cfn=(6636) std::pair<__gnu_cxx::__normal_iterator<char const*, std::__cxx11::basic_string<char, std::char_traits<char>, std::allocator<char> > >, int>* std::__uninitialized_default_n_a<std::pair<__gnu_cxx::__normal_iterator<char const*, std::__cxx11::basic_string<char, std::char_traits<char>, std::allocator<char> > >, int>*, unsigned long, std::pair<__gnu_cxx::__normal_iterator<char const*, std::__cxx11::basic_string<char, std::char_traits<char>, std::allocator<char> > >, int> >(std::pair<__gnu_cxx::__normal_iterator<char const*, std::__cxx11::basic_string<char, std::char_traits<char>, std::allocator<char> > >, int>*, unsigned long, std::allocator<std::pair<__gnu_cxx::__normal_iterator<char const*, std::__cxx11::basic_string<char, std::char_traits<char>, std::allocator<char> > >, int> >&)
calls=2 994 
* 1670
-1 4
+3 6

fn=(6634)
307 12
+1 12

fn=(6684)
1888 6
+2 6
+1 4
+1 2
+1 4

fn=(6742) std::vector<std::pair<__gnu_cxx::__normal_iterator<char const*, std::__cxx11::basic_string<char, std::char_traits<char>, std::allocator<char> > >, int>, std::allocator<std::pair<__gnu_cxx::__normal_iterator<char const*, std::__cxx11::basic_string<char, std::char_traits<char>, std::allocator<char> > >, int> > >::size() const
1117 27
+2 72
+1 9
+2 9
+1 18

fn=(6794) std::_Vector_base<std::pair<__gnu_cxx::__normal_iterator<char const*, std::__cxx11::basic_string<char, std::char_traits<char>, std::allocator<char> > >, int>, std::allocator<std::pair<__gnu_cxx::__normal_iterator<char const*, std::__cxx11::basic_string<char, std::char_traits<char>, std::allocator<char> > >, int> > >::_M_deallocate(std::pair<__gnu_cxx::__normal_iterator<char const*, std::__cxx11::basic_string<char, std::char_traits<char>, std::allocator<char> > >, int>*, unsigned long)
392 12
+3 4
+1 12
fi=(81)
649 12
cfi=(62)
cfn=(6796)
calls=2 156 
* 160
* 2
fe=(104)
397 6

fn=(6898)
373 12
+3 21
-1 21
cfn=(6060)
calls=3 +17 
* 309
+2 9
cfn=(6900)
calls=3 139 
* 57
* 9

fn=(7108)
2207 240
fi=(62)
92 16
fi=(63)
+81 16
fe=(104)
2209 48
cfn=(7110) std::vector<float, std::allocator<float> >::_S_max_size(std::allocator<float> const&)
calls=16 +7 
* 688
* 32
fi=(63)
189 48
cfi=(62)
cfn=(7112)
calls=16 -85 
* 96
* 16
fe=(104)
2209 32
+3 16
+1 96

fn=(7148)
1117 148546992
+2 396125312
+1 49515664
+2 49515664
+1 99031328

fn=(7830)
1261 1200
+2 720
cfn=(7832) std::vector<FilterPar::Pass2ThreadData, std::allocator<FilterPar::Pass2ThreadData> >::size() const
calls=240 1117 
* 3840
* 1680
+1 1200
+1 480

fn=(7832)
1117 720
+2 2160
+1 240
+2 240
+1 480

fn=(7858)
800 4
+3 3
cfn=(7816)
calls=1 307 
* 6
-1 7
fi=(81)
1045 5
cfi=(102)
cfn=(7860)
calls=1 202 
* 7
+1 1
fe=(104)
805 3
cfn=(7864) std::_Vector_base<FilterPar::Pass2ThreadData, std::allocator<FilterPar::Pass2ThreadData> >::~_Vector_base()
calls=1 373 
* 265
* 3

fn=(7908)
139 6
fi=(63)
+50 3
cfi=(62)
cfn=(7210)
calls=1 -85 
* 6
* 1
fe=(104)
-50 3

fn=(7918)
373 4
+3 7
-1 7
cfn=(7920)
calls=1 +17 
* 103
+2 3
cfn=(7926) std::_Vector_base<double, std::allocator<double> >::_Vector_impl::~_Vector_impl()
calls=1 139 
* 19
* 3

fn=(5768)
561 14
cfn=(5770)
calls=2 321 
* 76
* 6

fn=(5930)
1117 762
+2 2286
+1 254
+2 254
+1 508

fn=(5946)
307 39
+1 39

fn=(5948)
534 77
+5 66
cfi=(109)
cfn=(5950) std::__detail::_State<char>* std::__relocate_a<std::__detail::_State<char>*, std::__detail::_State<char>*, std::allocator<std::__detail::_State<char> > >(std::__detail::_State<char>*, std::__detail::_State<char>*, std::__detail::_State<char>*, std::allocator<std::__detail::_State<char> >&)
calls=11 1347 
* 8349
+5 22

fn=(6138)
998 63
+1 18
fi=(117)
+60 36
fe=(104)
-60 54

fn=(6156)
1079 21
+1 6
fi=(117)
-21 12
fe=(104)
+21 18

fn=(6184) std::vector<std::pair<char, char>, std::allocator<std::pair<char, char> > >::end() const
1028 5376
+1 2304
fi=(117)
+30 3072
fe=(104)
-30 4608

fn=(6244)
650 30
cfn=(6246)
calls=3 344 
* 207
* 9

fn=(6308)
392 36
+3 12
+2 18

fn=(6328)
139 36
fi=(63)
+50 18
cfi=(62)
cfn=(6330)
calls=6 -85 
* 36
* 6
fe=(104)
-50 18

fn=(6334)
800 24
+3 18
cfn=(6336) std::_Vector_base<std::__cxx11::basic_string<char, std::char_traits<char>, std::allocator<char> >, std::allocator<std::__cxx11::basic_string<char, std::char_traits<char>, std::allocator<char> > > >::_M_get_Tp_allocator()
calls=6 307 
* 36
-1 42
fi=(81)
1045 30
cfi=(102)
cfn=(6338)
calls=6 202 
* 78
+1 6
fe=(104)
805 18
cfn=(6342)
calls=6 373 
* 324
* 18

fn=(6336)
307 18
+1 18

fn=(6396)
1457 20
+2 15
cfn=(6390)
calls=5 1223 
* 345
* 25
+1 25
+1 45
fi=(62)
198 5
fi=(81)
700 5
fe=(104)
1463 15

fn=(6542)
307 48
+1 48

fn=(6582)
800 24
+3 18
cfn=(6542)
calls=6 307 
* 36
-1 42
fi=(81)
1045 30
cfi=(102)
cfn=(6584)
calls=6 202 
* 42
+1 6
fe=(104)
805 18
cfn=(6588)
calls=6 373 
* 714
* 18

fn=(6670)
1008 84
+1 24
fi=(117)
+50 48
fe=(104)
-50 72

fn=(6792) std::_Vector_base<std::pair<__gnu_cxx::__normal_iterator<char const*, std::__cxx11::basic_string<char, std::char_traits<char>, std::allocator<char> > >, int>, std::allocator<std::pair<__gnu_cxx::__normal_iterator<char const*, std::__cxx11::basic_string<char, std::char_traits<char>, std::allocator<char> > >, int> > >::~_Vector_base()
373 8
+3 14
-1 14
cfn=(6794)
calls=2 +17 
* 208
+2 6
cfn=(6800) std::_Vector_base<std::pair<__gnu_cxx::__normal_iterator<char const*, std::__cxx11::basic_string<char, std::char_traits<char>, std::allocator<char> > >, int>, std::allocator<std::pair<__gnu_cxx::__normal_iterator<char const*, std::__cxx11::basic_string<char, std::char_traits<char>, std::allocator<char> > >, int> > >::_Vector_impl::~_Vector_impl()
calls=2 139 
* 38
* 6

fn=(6800)
139 12
fi=(63)
+50 6
cfi=(62)
cfn=(6614)
calls=2 -85 
* 12
* 2
fe=(104)
-50 6

fn=(7036) std::vector<double, std::allocator<double> >::_S_check_init_len(unsigned long, std::allocator<double> const&)
2207 15
fi=(62)
92 1
fi=(63)
+81 1
fe=(104)
2209 3
cfn=(7038) std::vector<double, std::allocator<double> >::_S_max_size(std::allocator<double> const&)
calls=1 +7 
* 43
* 2
fi=(63)
189 3
cfi=(62)
cfn=(7040)
calls=1 -85 
* 6
* 1
fe=(104)
2209 2
+3 1
+1 6

fn=(7048)
105 3
+1 6
+1 3

fn=(7050) std::_Vector_base<double, std::allocator<double> >::_M_create_storage(unsigned long)
403 5
+2 5
cfn=(7052)
calls=1 -21 
* 296
* 2
+1 4
+1 7
+1 3

fn=(7176)
586 7
+1 6
cfn=(7178) std::vector<unsigned long, std::allocator<unsigned long> >::_S_check_init_len(unsigned long, std::allocator<unsigned long> const&)
calls=1 2207 
* 84
* 6
cfn=(7182) std::_Vector_base<unsigned long, std::allocator<unsigned long> >::_Vector_base(unsigned long, std::allocator<unsigned long> const&)
calls=1 339 
* 491
+1 5
cfn=(7190)
calls=1 2007 
* 268
* 4

fn=(7182)
339 7
+1 5
cfn=(7184) std::_Vector_base<unsigned long, std::allocator<unsigned long> >::_Vector_impl::_Vector_impl(std::allocator<unsigned long> const&)
calls=1 152 
* 33
+1 5
cfn=(7186) std::_Vector_base<unsigned long, std::allocator<unsigned long> >::_M_create_storage(unsigned long)
calls=1 +62 
* 437
* 4

fn=(7220)
403 5
+2 5
cfn=(7222)
calls=1 -21 
* 376
* 2
+1 4
+1 7
+1 3

fn=(7806)
403 5
+2 5
cfn=(7808)
calls=1 -21 
* 291
* 2
+1 4
+1 7
+1 3

fn=(7866) std::_Vector_base<FilterPar::Pass2ThreadData, std::allocator<FilterPar::Pass2ThreadData> >::_M_deallocate(FilterPar::Pass2ThreadData*, unsigned long)
392 6
+3 2
+1 6
fi=(81)
649 6
cfi=(62)
cfn=(7868)
calls=1 156 
* 197
* 1
fe=(104)
397 3

fn=(7894)
800 4
+3 3
cfn=(7230)
calls=1 307 
* 6
-1 7
fi=(81)
1045 5
cfi=(102)
cfn=(7896)
calls=1 202 
* 7
+1 1
fe=(104)
805 3
cfn=(7900)
calls=1 373 
* 265
* 3

fn=(7926)
139 6
fi=(63)
+50 3
cfi=(62)
cfn=(7040)
calls=1 -85 
* 6
* 1
fe=(104)
-50 3

fn=(5762) std::_Vector_base<unsigned long, std::allocator<unsigned long> >::_Vector_base()
321 14
cfn=(5764)
calls=2 143 
* 56
* 6

fn=(5870)
312 24
+1 24

fn=(5872)
2216 63
+5 72
fi=(62)
233 9
-50 9
fi=(81)
712 9
fe=(104)
2223 9
+1 45
cfi=(67)
cfn=(4904)
calls=9 234 
* 117
* 9
+1 45

fn=(5878)
1018 63
+1 27
fi=(117)
+40 36
fe=(104)
-40 54

fn=(5968)
1261 335
+2 201
cfn=(5930)
calls=67 1117 
* 1072
* 469
+1 536
+1 134

fn=(6060)
392 30
+3 10
+1 30
fi=(81)
649 30
cfi=(62)
cfn=(6062)
calls=5 156 
* 395
* 5
fe=(104)
397 15

fn=(6080)
561 21
cfn=(6082)
calls=3 321 
* 114
* 9

fn=(6090)
321 21
cfn=(6092)
calls=3 143 
* 84
* 9

fn=(6182) std::vector<std::pair<char, char>, std::allocator<std::pair<char, char> > >::begin() const
1008 5376
+1 1536
fi=(117)
+50 3072
fe=(104)
-50 4608

fn=(6194)
1008 5166
+1 1476
fi=(117)
+50 2952
fe=(104)
-50 4428

fn=(6346)
139 36
fi=(63)
+50 18
cfi=(62)
cfn=(6348)
calls=6 -85 
* 36
* 6
fe=(104)
-50 18

fn=(6362)
392 36
+3 12
+2 18

fn=(6392)
1028 70
+1 30
fi=(117)
+30 40
fe=(104)
-30 60

fn=(6394)
1008 70
+1 20
fi=(117)
+50 40
fe=(104)
-50 60

fn=(6538)
1117 96
+2 288
+1 32
+2 32
+1 64

fn=(6612)
2216 14
+5 16
fi=(62)
233 2
-50 2
fi=(81)
712 2
fe=(104)
2223 2
+1 10
cfi=(67)
cfn=(4904)
calls=2 234 
* 26
* 2
+1 10

fn=(6740) std::vector<std::pair<__gnu_cxx::__normal_iterator<char const*, std::__cxx11::basic_string<char, std::char_traits<char>, std::allocator<char> > >, int>, std::allocator<std::pair<__gnu_cxx::__normal_iterator<char const*, std::__cxx11::basic_string<char, std::char_traits<char>, std::allocator<char> > >, int> > >::operator[](unsigned long)
1261 45
+2 27
cfn=(6742)
calls=9 1117 
* 135
* 63
+1 45
+1 18

fn=(7118)
152 208
fi=(62)
-60 16
fi=(63)
+81 16
fe=(104)
-20 48
cfn=(7120)
calls=16 -48 
* 192
+1 48

fn=(7132) std::_Vector_base<float, std::allocator<float> >::_M_get_Tp_allocator()
307 96
+1 96

fn=(7178)
2207 15
fi=(62)
92 1
fi=(63)
+81 1
fe=(104)
2209 3
cfn=(5872)
calls=1 +7 
* 43
* 2
fi=(63)
189 3
cfi=(62)
cfn=(6902)
calls=1 -85 
* 6
* 1
fe=(104)
2209 2
+3 1
+1 6

fn=(7248)
1261 320
+2 192
cfn=(5874)
calls=64 1117 
* 960
* 448
+1 320
+1 128

fn=(7608)
1280 247578240
+2 148546944
cfn=(7148)
calls=49515648 1117 
* 742734720
* 346609536
+1 247578240
+1 99031296

fn=(7876)
800 64
+3 48
cfn=(7132)
calls=16 307 
* 96
-1 112
fi=(81)
1045 80
cfi=(102)
cfn=(7878)
calls=16 202 
* 112
+1 16
fe=(104)
805 48
cfn=(7882)
calls=16 373 
* 2399
* 48

fn=(7902)
392 6
+3 2
+1 6
fi=(81)
649 6
cfi=(62)
cfn=(7904)
calls=1 156 
* 197
* 1
fe=(104)
397 3

fn=(5760)
561 14
cfn=(5762)
calls=2 321 
* 76
* 6

fn=(5924)
1128 88
+1 66
cfn=(5926)
calls=22 312 
* 132
* 44
cfn=(5928)
calls=22 2216 
* 946
* 44

fn=(5934)
1018 287
+1 123
fi=(117)
+40 164
fe=(104)
-40 246

fn=(6076)
143 24
fi=(62)
-55 3
fi=(63)
+80 3
fe=(104)
-20 9
cfn=(6078)
calls=3 -43 
* 36
+1 9

fn=(6094)
105 9
+1 18
+1 9

fn=(6098)
321 21
cfn=(6100)
calls=3 143 
* 84
* 9

fn=(6232)
160 21
fi=(105)
-21 24
fi=(62)
-47 3
fi=(63)
+81 3
fe=(104)
-12 9
fi=(105)
-22 3
fe=(104)
+22 9
cfn=(6234)
calls=3 -50 
* 87
+1 9

fn=(6498) std::_Vector_base<std::__cxx11::sub_match<__gnu_cxx::__normal_iterator<char const*, std::__cxx11::basic_string<char, std::char_traits<char>, std::allocator<char> > > >, std::allocator<std::__cxx11::sub_match<__gnu_cxx::__normal_iterator<char const*, std::__cxx11::basic_string<char, std::char_traits<char>, std::allocator<char> > > > > >::_Vector_impl::_Vector_impl(std::allocator<std::__cxx11::sub_match<__gnu_cxx::__normal_iterator<char const*, std::__cxx11::basic_string<char, std::char_traits<char>, std::allocator<char> > > > > const&)
152 78
fi=(62)
-60 6
fi=(63)
+81 6
fe=(104)
-20 18
cfn=(6500)
calls=6 -48 
* 72
+1 18

fn=(6534) std::vector<std::__cxx11::sub_match<__gnu_cxx::__normal_iterator<char const*, std::__cxx11::basic_string<char, std::char_traits<char>, std::allocator<char> > > >, std::allocator<std::__cxx11::sub_match<__gnu_cxx::__normal_iterator<char const*, std::__cxx11::basic_string<char, std::char_traits<char>, std::allocator<char> > > > > >::assign(unsigned long, std::__cxx11::sub_match<__gnu_cxx::__normal_iterator<char const*, std::__cxx11::basic_string<char, std::char_traits<char>, std::allocator<char> > > > const&)
875 12
+1 12
cfi=(108)
cfn=(6536)
calls=2 270 
* 2696
* 6

fn=(6540)
1208 18
+2 12
+1 18
-1 24
+2 6
+2 6
+1 12

fn=(6546)
2207 30
fi=(62)
92 2
fi=(63)
+81 2
fe=(104)
2209 6
cfn=(6548)
calls=2 +7 
* 86
* 4
fi=(63)
189 6
cfi=(62)
cfn=(6504)
calls=2 -85 
* 12
* 2
fe=(104)
2209 4
+3 2
+1 12

fn=(6552)
339 14
+1 10
cfn=(6498)
calls=2 152 
* 66
+1 10
cfn=(6554)
calls=2 +62 
* 957
* 8

fn=(6580)
119 24
+2 24
+1 24
+1 24
+1 18

fn=(6626) std::_Vector_base<std::pair<__gnu_cxx::__normal_iterator<char const*, std::__cxx11::basic_string<char, std::char_traits<char>, std::allocator<char> > >, int>, std::allocator<std::pair<__gnu_cxx::__normal_iterator<char const*, std::__cxx11::basic_string<char, std::char_traits<char>, std::allocator<char> > >, int> > >::_M_allocate(unsigned long)
384 10
+3 12
fi=(81)
614 12
cfi=(62)
cfn=(6628)
calls=2 126 
* 424
* 4
fe=(104)
388 4

fn=(6694) std::vector<std::__detail::_State<char>, std::allocator<std::__detail::_State<char> > >::operator[](unsigned long) const
1280 415
+2 249
cfn=(5930)
calls=83 1117 
* 1328
* 581
+1 664
+1 166

fn=(6766)
1018 28
+1 12
fi=(117)
+40 16
fe=(104)
-40 24

fn=(6882)
373 8
+3 16
-1 14
cfn=(5996)
calls=2 +17 
* 293
+2 6
cfn=(6884)
calls=2 139 
* 38
* 6

fn=(7062)
307 6
+1 6

fn=(7082)
2290 4
+1 3

fn=(7110)
2216 112
+5 128
fi=(62)
233 16
-50 16
fi=(81)
712 16
fe=(104)
2223 16
+1 80
cfi=(67)
cfn=(4904)
calls=16 234 
* 208
* 16
+1 80

fn=(7124)
384 80
+3 96
fi=(81)
614 96
cfi=(62)
cfn=(7126)
calls=16 126 
* 5716
* 32
fe=(104)
388 32

fn=(7130)
2007 80
+4 48
cfn=(7132)
calls=16 307 
* 96
* 16
-1 96
cfi=(109)
cfn=(7134) float* std::__uninitialized_default_n_a<float*, unsigned long, float>(float*, unsigned long, std::allocator<float>&)
calls=16 994 
* 56010888
-1 32
+3 48

fn=(7184)
152 13
fi=(62)
-60 1
fi=(63)
+81 1
fe=(104)
-20 3
cfn=(5766)
calls=1 -48 
* 12
+1 3

fn=(7186)
403 5
+2 5
cfn=(5880)
calls=1 -21 
* 411
* 2
+1 4
+1 7
+1 3

fn=(7890)
139 96
fi=(63)
+50 48
cfi=(62)
cfn=(7112)
calls=16 -85 
* 96
* 16
fe=(104)
-50 48

fn=(5766)
105 9
+1 18
+1 9

fn=(5774)
105 6
+1 12
+1 6

fn=(6072)
561 21
cfn=(6074)
calls=3 321 
* 114
* 9

fn=(6086)
105 9
+1 18
+1 9

fn=(6170) std::vector<char, std::allocator<char> >::end() const
1028 5376
+1 2304
fi=(117)
+30 3072
fe=(104)
-30 4608

fn=(6172) std::vector<char, std::allocator<char> >::begin() const
1008 5376
+1 1536
fi=(117)
+50 3072
fe=(104)
-50 4608

fn=(6228)
650 30
cfn=(6230)
calls=3 344 
* 207
* 9

fn=(6242)
111 12
+1 24
+1 12
+1 39

fn=(6248)
160 21
fi=(105)
-21 24
fi=(62)
-47 3
fi=(63)
+81 3
fe=(104)
-12 9
fi=(105)
-22 3
fe=(104)
+22 9
cfn=(6250)
calls=3 -50 
* 87
+1 9

fn=(6310)
139 36
fi=(63)
+50 18
cfi=(62)
cfn=(6312)
calls=6 -85 
* 36
* 6
fe=(104)
-50 18

fn=(6364)
139 36
fi=(63)
+50 18
cfi=(62)
cfn=(4800)
calls=6 -85 
* 36
* 6
fe=(104)
-50 18

fn=(6496)
327 20
+1 20
cfn=(6498)
calls=4 152 
* 132
* 12

fn=(6620)
152 26
fi=(62)
-60 2
fi=(63)
+81 2
fe=(104)
-20 6
cfn=(6622)
calls=2 -48 
* 24
+1 6

fn=(6624)
403 10
+2 10
cfn=(6626)
calls=2 -21 
* 466
* 4
+1 8
+1 14
+1 6

fn=(6674)
1875 12
+1 18
+1 6

fn=(6786)
800 8
+3 6
cfn=(6634)
calls=2 307 
* 12
-1 14
fi=(81)
1045 10
cfi=(102)
cfn=(6788)
calls=2 202 
* 14
+1 2
fe=(104)
805 6
cfn=(6792)
calls=2 373 
* 294
* 6

fn=(7034)
586 7
+1 6
cfn=(7036)
calls=1 2207 
* 84
* 6
cfn=(7044) std::_Vector_base<double, std::allocator<double> >::_Vector_base(unsigned long, std::allocator<double> const&)
calls=1 339 
* 376
+1 5
cfn=(7060) std::vector<double, std::allocator<double> >::_M_default_initialize(unsigned long)
calls=1 2007 
* 269
* 4

fn=(7038)
2216 7
+5 8
fi=(62)
233 1
-50 1
fi=(81)
712 1
fe=(104)
2223 1
+1 5
cfi=(67)
cfn=(4904)
calls=1 234 
* 13
* 1
+1 5

fn=(7044)
339 7
+1 5
cfn=(7046)
calls=1 152 
* 33
+1 5
cfn=(7050)
calls=1 +62 
* 322
* 4

fn=(7060)
2007 5
+4 3
cfn=(7062)
calls=1 307 
* 6
* 1
-1 6
cfi=(109)
cfn=(7064) double* std::__uninitialized_default_n_a<double*, unsigned long, double>(double*, unsigned long, std::allocator<double>&)
calls=1 994 
* 243
-1 2
+3 3

fn=(7152)
1395 840
+1 1260
cfn=(7154)
calls=210 2290 
* 1470
* 420

fn=(7204)
586 7
+1 6
cfn=(7206) std::vector<FilterPar::Pass1ThreadData, std::allocator<FilterPar::Pass1ThreadData> >::_S_check_init_len(unsigned long, std::allocator<FilterPar::Pass1ThreadData> const&)
calls=1 2207 
* 84
* 6
cfn=(7214)
calls=1 339 
* 456
+1 5
cfn=(7228)
calls=1 2007 
* 601
* 4

fn=(7206)
2207 15
fi=(62)
92 1
fi=(63)
+81 1
fe=(104)
2209 3
cfn=(7208)
calls=1 +7 
* 43
* 2
fi=(63)
189 3
cfi=(62)
cfn=(7210)
calls=1 -85 
* 6
* 1
fe=(104)
2209 2
+3 1
+1 6

fn=(7790)
586 7
+1 6
cfn=(7792) std::vector<FilterPar::Pass2ThreadData, std::allocator<FilterPar::Pass2ThreadData> >::_S_check_init_len(unsigned long, std::allocator<FilterPar::Pass2ThreadData> const&)
calls=1 2207 
* 84
* 6
cfn=(7800)
calls=1 339 
* 371
+1 5
cfn=(7814)
calls=1 2007 
* 601
* 4

fn=(7792)
2207 15
fi=(62)
92 1
fi=(63)
+81 1
fe=(104)
2209 3
cfn=(7794)
calls=1 +7 
* 43
* 2
fi=(63)
189 3
cfi=(62)
cfn=(7796)
calls=1 -85 
* 6
* 1
fe=(104)
2209 2
+3 1
+1 6

fn=(7864)
373 4
+3 8
-1 7
cfn=(7866)
calls=1 +17 
* 221
+2 3
cfn=(7872)
calls=1 139 
* 19
* 3

fn=(7884)
392 96
+3 32
+1 96
fi=(81)
649 96
cfi=(62)
cfn=(7886)
calls=16 156 
* 1327
* 16
fe=(104)
397 48

fl=(105)
fn=(5780) std::enable_if<std::__and_<std::__not_<std::__is_tuple_like<std::locale> >, std::is_move_constructible<std::locale>, std::is_move_assignable<std::locale> >::value, void>::type std::swap<std::locale>(std::locale&, std::locale&)
227 20
-88 2
+96 8
cob=(7)
cfi=(14)
cfn=(5678)
calls=2 78 
* 14
* 2
* 4
-96 2
+97 8
cob=(7)
cfi=(14)
cfn=(4246)
calls=1 120 
* 14
cob=(1)
cfi=(1)
cfn=(4650)
calls=1 0 
* 800
* 6
-97 2
+98 8
cob=(7)
cfi=(14)
cfn=(4246)
calls=2 120 
* 28
* 2
+1 6
cob=(7)
cfi=(14)
cfn=(4248)
calls=2 91 
* 12
* 2
* 10

fn=(6282)
227 40
-88 4
+96 24
-96 4
+97 20
-97 4
+98 20
+1 24

fn=(6284)
227 40
-88 4
+96 16
-96 4
+97 12
-97 4
+98 12
+1 24

fn=(6442)
227 20
-88 2
+96 8
-96 2
+97 6
-97 2
+98 6
+1 12

fn=(6286)
227 40
-88 4
+96 16
-96 4
+97 12
-97 4
+98 12
+1 24

fl=(67)
fn=(7076) void std::__fill_a1<double*, double>(double*, double*, double const&)
897 5
+9 1
+17 3
+1 1
+1 45
-1 63
+2 4

fn=(7144) void std::__fill_a1<float*, float>(float*, float*, float const&)
897 80
+9 16
+17 48
+1 16
+1 24003720
-1 32005008
+2 64

fn=(7160)
633 43170
+9 12951
cfi=(125)
cfn=(7162)
calls=4317 +56 
* 25902
* 17268
cfi=(125)
cfn=(7162)
calls=4317 +56 
* 25902
* 17268
500 8634
fi=(117)
3011 43170
fe=(67)
492 25902
cfn=(7164) float* std::__copy_move_a2<false, float const*, float const*, float*>(float const*, float const*, float*)
calls=4317 -79 
* 1524643
* 8634
fi=(117)
3082 4317
fe=(67)
503 4317
643 25902

fn=(7164)
413 38853
fi=(88)
589 4317
fe=(67)
419 8634
+4 17268
fi=(145)
242 4317
fi=(146)
-89 17268
-45 12951
+46 4317
fe=(67)
423 4317
+1 21585
+4 4317
-2 25902
cob=(2)
cfi=(2)
cfn=(4702)
calls=4316 0 
* 1298980
cob=(1)
cfi=(1)
cfn=(4650)
calls=1 0 
* 1175
* 4321
+3 25902
+7 8634
+28 21585

fn=(6774) std::__cxx11::sub_match<__gnu_cxx::__normal_iterator<char const*, std::__cxx11::basic_string<char, std::char_traits<char>, std::allocator<char> > > >* std::__copy_move_a2<false, std::__cxx11::sub_match<__gnu_cxx::__normal_iterator<char const*, std::__cxx11::basic_string<char, std::char_traits<char>, std::allocator<char> > > > const*, std::__cxx11::sub_match<__gnu_cxx::__normal_iterator<char const*, std::__cxx11::basic_string<char, std::char_traits<char>, std::allocator<char> > > > const*, std::__cxx11::sub_match<__gnu_cxx::__normal_iterator<char const*, std::__cxx11::basic_string<char, std::char_traits<char>, std::allocator<char> > > >*>(std::__cxx11::sub_match<__gnu_cxx::__normal_iterator<char const*, std::__cxx11::basic_string<char, std::char_traits<char>, std::allocator<char> > > > const*, std::__cxx11::sub_match<__gnu_cxx::__normal_iterator<char const*, std::__cxx11::basic_string<char, std::char_traits<char>, std::allocator<char> > > > const*, std::__cxx11::sub_match<__gnu_cxx::__normal_iterator<char const*, std::__cxx11::basic_string<char, std::char_traits<char>, std::allocator<char> > > >*)
413 12
+48 2
-54 55
cfi=(89)
cfn=(6776) std::__cxx11::sub_match<__gnu_cxx::__normal_iterator<char const*, std::__cxx11::basic_string<char, std::char_traits<char>, std::allocator<char> > > >::operator=(std::__cxx11::sub_match<__gnu_cxx::__normal_iterator<char const*, std::__cxx11::basic_string<char, std::char_traits<char>, std::allocator<char> > > > const&)
calls=11 942 
* 352
+1 11
+53 105
+2 2
+1 4

fn=(5814)
258 68
+5 102
+1 8
+1 13
+1 34

fn=(6770)
633 20
+9 6
cfi=(125)
cfn=(6772)
calls=2 +56 
* 12
* 8
cfi=(125)
cfn=(6772)
calls=2 +56 
* 12
* 12
fi=(117)
1166 2
3002 6
1166 2
3002 6
1166 2
3002 8
fe=(67)
492 12
cfn=(6774)
calls=2 -79 
* 543
* 4
+8 8
cfi=(117)
cfn=(6780) __gnu_cxx::__normal_iterator<std::__cxx11::sub_match<__gnu_cxx::__normal_iterator<char const*, std::__cxx11::basic_string<char, std::char_traits<char>, std::allocator<char> > > >*, std::vector<std::__cxx11::sub_match<__gnu_cxx::__normal_iterator<char const*, std::__cxx11::basic_string<char, std::char_traits<char>, std::allocator<char> > > >, std::allocator<std::__cxx11::sub_match<__gnu_cxx::__normal_iterator<char const*, std::__cxx11::basic_string<char, std::char_traits<char>, std::allocator<char> > > > > > > std::__niter_wrap<__gnu_cxx::__normal_iterator<std::__cxx11::sub_match<__gnu_cxx::__normal_iterator<char const*, std::__cxx11::basic_string<char, std::char_traits<char>, std::allocator<char> > > >*, std::vector<std::__cxx11::sub_match<__gnu_cxx::__normal_iterator<char const*, std::__cxx11::basic_string<char, std::char_traits<char>, std::allocator<char> > > >, std::allocator<std::__cxx11::sub_match<__gnu_cxx::__normal_iterator<char const*, std::__cxx11::basic_string<char, std::char_traits<char>, std::allocator<char> > > > > > >, std::__cxx11::sub_match<__gnu_cxx::__normal_iterator<char const*, std::__cxx11::basic_string<char, std::char_traits<char>, std::allocator<char> > > >*>(__gnu_cxx::__normal_iterator<std::__cxx11::sub_match<__gnu_cxx::__normal_iterator<char const*, std::__cxx11::basic_string<char, std::char_traits<char>, std::allocator<char> > > >*, std::vector<std::__cxx11::sub_match<__gnu_cxx::__normal_iterator<char const*, std::__cxx11::basic_string<char, std::char_traits<char>, std::allocator<char> > > >, std::allocator<std::__cxx11::sub_match<__gnu_cxx::__normal_iterator<char const*, std::__cxx11::basic_string<char, std::char_traits<char>, std::allocator<char> > > > > > >, std::__cxx11::sub_match<__gnu_cxx::__normal_iterator<char const*, std::__cxx11::basic_string<char, std::char_traits<char>, std::allocator<char> > > >*)
calls=2 3073 
* 74
+3 2
643 12

fn=(7170)
633 1800
+9 540
cfi=(125)
cfn=(7172)
calls=180 +56 
* 1080
* 720
cfi=(125)
cfn=(7172)
calls=180 +56 
* 1080
* 720
500 360
fi=(117)
3011 1800
fe=(67)
492 1080
cfn=(7174) float* std::__copy_move_a2<false, float*, float*, float*>(float*, float*, float*)
calls=180 -79 
* 65322
* 360
fi=(117)
3082 180
fe=(67)
503 180
643 1080

fn=(7174)
413 1620
fi=(88)
589 180
fe=(67)
419 360
+4 720
fi=(145)
242 180
fi=(146)
-89 720
-45 540
+46 180
fe=(67)
423 180
+1 900
+4 180
-2 1080
cob=(2)
cfi=(2)
cfn=(4702)
calls=180 0 
* 55962
* 180
+3 1080
+7 360
+28 900

fn=(4904)
234 740
+5 1110
+2 185
+1 370

fn=(7202) void std::__fill_a1<unsigned long*, unsigned long>(unsigned long*, unsigned long*, unsigned long const&)
897 5
+9 1
+17 3
+1 1
+1 45
-1 63
+2 4

fn=(6178)
1496 9984
fi=(145)
242 5376
fi=(117)
1166 768
1340 2304
1166 768
1340 1536
fi=(146)
108 768
+46 768
fe=(67)
1502 768
+2 2304
+14 768
+1 3840

fn=(7072) std::__size_to_integer(unsigned long)
1024 120

fn=(7242) void std::__fill_a1<FilterPar::Pass1ThreadData*, FilterPar::Pass1ThreadData>(FilterPar::Pass1ThreadData*, FilterPar::Pass1ThreadData*, FilterPar::Pass1ThreadData const&)
897 6
+9 1
+17 2
+1 1
+1 360
-1 63
+2 5

fn=(7828) void std::__fill_a1<FilterPar::Pass2ThreadData*, FilterPar::Pass2ThreadData>(FilterPar::Pass2ThreadData*, FilterPar::Pass2ThreadData*, FilterPar::Pass2ThreadData const&)
897 6
+9 1
+17 2
+1 1
+1 360
-1 63
+2 5

fl=(89)
fn=(6104)
115 72
+2 54
+1 27

fn=(6820) std::__cxx11::match_results<__gnu_cxx::__normal_iterator<char const*, std::__cxx11::basic_string<char, std::char_traits<char>, std::allocator<char> > >, std::allocator<std::__cxx11::sub_match<__gnu_cxx::__normal_iterator<char const*, std::__cxx11::basic_string<char, std::char_traits<char>, std::allocator<char> > > > > >::size() const
1896 12
+1 9
cfi=(104)
cfn=(6816)
calls=3 1223 
* 207
* 15
cfi=(104)
cfn=(6538)
calls=3 1117 
* 48
* 9

fn=(6844)
578 8
+1 8
cfi=(90)
cfn=(6448) std::shared_ptr<std::__detail::_NFA<std::__cxx11::regex_traits<char> > const>::~shared_ptr()
calls=2 175 
* 4639
* 8
cob=(7)
cfi=(14)
cfn=(4248)
calls=2 91 
* 12
* 2
* 6

fn=(6130)
150 24
+1 15
cfn=(6132) std::__cxx11::regex_traits<char>::_RegexMask::operator|(std::__cxx11::regex_traits<char>::_RegexMask) const
calls=3 -23 
* 135
* 36

fn=(6132)
128 24
+3 12
-1 30
cfn=(6104)
calls=3 -15 
* 51
+1 3
+1 15

fn=(6826) std::__cxx11::sub_match<__gnu_cxx::__normal_iterator<char const*, std::__cxx11::basic_string<char, std::char_traits<char>, std::allocator<char> > > >::str() const
985 30
+2 6
+2 3
-1 12
fi=(62)
88 3
fi=(63)
+80 3
fe=(89)
989 27
cfi=(57)
cfn=(6828) std::__cxx11::basic_string<char, std::char_traits<char>, std::allocator<char> >::basic_string<__gnu_cxx::__normal_iterator<char const*, std::__cxx11::basic_string<char, std::char_traits<char>, std::allocator<char> > >, void>(__gnu_cxx::__normal_iterator<char const*, std::__cxx11::basic_string<char, std::char_traits<char>, std::allocator<char> > >, __gnu_cxx::__normal_iterator<char const*, std::__cxx11::basic_string<char, std::char_traits<char>, std::allocator<char> > >, std::allocator<char> const&)
calls=3 852 
* 948
* 3
-1 6
fi=(63)
189 9
cfi=(62)
cfn=(4800)
calls=3 -85 
* 18
* 3
fe=(89)
989 6
+1 27

fn=(6128)
158 12
+2 6
+1 12
+1 24
+1 6

fn=(6506)
2359 16
+6 6
cfi=(57)
cfn=(6508) std::__cxx11::basic_string<char, std::char_traits<char>, std::allocator<char> >::end() const
calls=2 1074 
* 204
* 8
cfi=(57)
cfn=(6510) std::__cxx11::basic_string<char, std::char_traits<char>, std::allocator<char> >::begin() const
calls=2 1056 
* 54
* 18
cfn=(6512) bool std::regex_match<__gnu_cxx::__normal_iterator<char const*, std::__cxx11::basic_string<char, std::char_traits<char>, std::allocator<char> > >, std::allocator<std::__cxx11::sub_match<__gnu_cxx::__normal_iterator<char const*, std::__cxx11::basic_string<char, std::char_traits<char>, std::allocator<char> > > > >, char, std::__cxx11::regex_traits<char> >(__gnu_cxx::__normal_iterator<char const*, std::__cxx11::basic_string<char, std::char_traits<char>, std::allocator<char> > >, __gnu_cxx::__normal_iterator<char const*, std::__cxx11::basic_string<char, std::char_traits<char>, std::allocator<char> > >, std::__cxx11::match_results<__gnu_cxx::__normal_iterator<char const*, std::__cxx11::basic_string<char, std::char_traits<char>, std::allocator<char> > >, std::allocator<std::__cxx11::sub_match<__gnu_cxx::__normal_iterator<char const*, std::__cxx11::basic_string<char, std::char_traits<char>, std::allocator<char> > > > > >&, std::__cxx11::basic_regex<char, std::__cxx11::regex_traits<char> > const&, std::regex_constants::match_flag_type)
calls=2 -82 
* 23569
* 6

fn=(6530) std::__cxx11::sub_match<__gnu_cxx::__normal_iterator<char const*, std::__cxx11::basic_string<char, std::char_traits<char>, std::allocator<char> > > >::sub_match()
959 14
cfi=(120)
cfn=(6532) std::pair<__gnu_cxx::__normal_iterator<char const*, std::__cxx11::basic_string<char, std::char_traits<char>, std::allocator<char> > >, __gnu_cxx::__normal_iterator<char const*, std::__cxx11::basic_string<char, std::char_traits<char>, std::allocator<char> > > >::pair<__gnu_cxx::__normal_iterator<char const*, std::__cxx11::basic_string<char, std::char_traits<char>, std::allocator<char> > >, __gnu_cxx::__normal_iterator<char const*, std::__cxx11::basic_string<char, std::char_traits<char>, std::allocator<char> > >, true>()
calls=2 745 
* 34
* 10

fn=(6858)
99 14
cob=(7)
cfi=(14)
cfn=(4248)
calls=2 -8 
* 12
* 2
* 6

fn=(5650)
494 14
+1 8
cob=(7)
cfi=(13)
cfn=(4078)
calls=1 269 
* 26
cob=(1)
cfi=(1)
cfn=(4650)
calls=1 0 
* 805
* 6
* 8
cfi=(90)
cfn=(5656) std::shared_ptr<std::__detail::_NFA<std::__cxx11::regex_traits<char> > const>::shared_ptr()
calls=2 201 
* 62
* 6
cfn=(5662) std::__cxx11::regex_traits<char>::length(char const*)
calls=2 192 
* 74
* 18
cfn=(5664) std::__cxx11::basic_regex<char, std::__cxx11::regex_traits<char> >::_M_compile(char const*, char const*, std::regex_constants::syntax_option_type)
calls=2 828 
* 602139
* 8

fn=(5664)
828 20
+3 18
cfi=(92)
cfn=(5666) std::__detail::_Compiler<std::__cxx11::regex_traits<char> >::_Compiler(char const*, char const*, std::locale const&, std::regex_constants::syntax_option_type)
calls=2 68 
* 599979
+1 10
cfi=(93)
cfn=(6426)
calls=2 68 
* 162
* 12
cfi=(90)
cfn=(6434) std::shared_ptr<std::__detail::_NFA<std::__cxx11::regex_traits<char> > const>::operator=(std::shared_ptr<std::__detail::_NFA<std::__cxx11::regex_traits<char> > const>&&)
calls=2 437 
* 364
* 6
cfi=(90)
cfn=(6448)
calls=2 175 
* 64
+1 6
+1 6
cfi=(93)
cfn=(6450)
calls=2 57 
* 1482
* 10

fn=(6492) std::__cxx11::match_results<__gnu_cxx::__normal_iterator<char const*, std::__cxx11::basic_string<char, std::char_traits<char>, std::allocator<char> > >, std::allocator<std::__cxx11::sub_match<__gnu_cxx::__normal_iterator<char const*, std::__cxx11::basic_string<char, std::char_traits<char>, std::allocator<char> > > > > >::match_results(std::allocator<std::__cxx11::sub_match<__gnu_cxx::__normal_iterator<char const*, std::__cxx11::basic_string<char, std::char_traits<char>, std::allocator<char> > > > > const&)
1830 10
+1 10
cfi=(104)
cfn=(6494)
calls=2 572 
* 118
* 6
fi=(117)
1054 6
fe=(89)
1832 6

fn=(6512)
2283 16
+7 22
cfi=(114)
cfn=(6514) bool std::__detail::__regex_algo_impl<__gnu_cxx::__normal_iterator<char const*, std::__cxx11::basic_string<char, std::char_traits<char>, std::allocator<char> > >, std::allocator<std::__cxx11::sub_match<__gnu_cxx::__normal_iterator<char const*, std::__cxx11::basic_string<char, std::char_traits<char>, std::allocator<char> > > > >, char, std::__cxx11::regex_traits<char> >(__gnu_cxx::__normal_iterator<char const*, std::__cxx11::basic_string<char, std::char_traits<char>, std::allocator<char> > >, __gnu_cxx::__normal_iterator<char const*, std::__cxx11::basic_string<char, std::char_traits<char>, std::allocator<char> > >, std::__cxx11::match_results<__gnu_cxx::__normal_iterator<char const*, std::__cxx11::basic_string<char, std::char_traits<char>, std::allocator<char> > >, std::allocator<std::__cxx11::sub_match<__gnu_cxx::__normal_iterator<char const*, std::__cxx11::basic_string<char, std::char_traits<char>, std::allocator<char> > > > > >&, std::__cxx11::basic_regex<char, std::__cxx11::regex_traits<char> > const&, std::regex_constants::match_flag_type, std::__detail::_RegexExecutorPolicy, bool)
calls=2 48 
* 23525
* 2
+2 4

fn=(6776)
942 160
cfi=(120)
cfn=(6778) std::pair<__gnu_cxx::__normal_iterator<char const*, std::__cxx11::basic_string<char, std::char_traits<char>, std::allocator<char> > >, __gnu_cxx::__normal_iterator<char const*, std::__cxx11::basic_string<char, std::char_traits<char>, std::allocator<char> > > >::operator=(std::pair<__gnu_cxx::__normal_iterator<char const*, std::__cxx11::basic_string<char, std::char_traits<char>, std::allocator<char> > >, __gnu_cxx::__normal_iterator<char const*, std::__cxx11::basic_string<char, std::char_traits<char>, std::allocator<char> > > > const&)
calls=16 -1 
* 240
* 112

fn=(5778)
400 12
+2 10
cfi=(105)
cfn=(5780)
calls=2 227 
* 950
+1 10
cob=(7)
cfi=(14)
cfn=(5678)
calls=2 78 
* 14
* 2
+1 6

fn=(5662)
192 8
+1 6
cfi=(59)
cfn=(4642)
calls=2 387 
* 56
* 4

fn=(6814)
1879 35
cfi=(104)
cfn=(6816)
calls=5 1223 
* 345
* 15

fn=(6818)
1971 15
+2 9
cfn=(6814)
calls=3 -94 
* 237
* 18
+1 9
cfn=(6820)
calls=3 -78 
* 300
+1 21
cfi=(104)
cfn=(6822)
calls=3 1280 
* 123
+1 3
+1 6

fn=(6824)
976 24
+1 15
cfn=(6826)
calls=3 +8 
* 1104
* 18

fn=(6490)
1823 18
fi=(62)
88 2
fi=(63)
+80 2
fe=(89)
1823 10
cfn=(6492)
calls=2 +7 
* 156
fi=(63)
189 6
cfi=(62)
cfn=(6504)
calls=2 -85 
* 12
* 2
fe=(89)
1823 12

fn=(6810) std::__cxx11::match_results<__gnu_cxx::__normal_iterator<char const*, std::__cxx11::basic_string<char, std::char_traits<char>, std::allocator<char> > >, std::allocator<std::__cxx11::sub_match<__gnu_cxx::__normal_iterator<char const*, std::__cxx11::basic_string<char, std::char_traits<char>, std::allocator<char> > > > > >::_M_prefix()
2175 10
+1 8
cfi=(104)
cfn=(6538)
calls=2 1117 
* 32
* 8
cfi=(104)
cfn=(6698)
calls=2 1261 
* 82
* 6

fn=(5776)
179 14
cob=(7)
cfi=(13)
cfn=(4078)
calls=2 +90 
* 52
* 2
* 6

fn=(6528) std::__cxx11::match_results<__gnu_cxx::__normal_iterator<char const*, std::__cxx11::basic_string<char, std::char_traits<char>, std::allocator<char> > >, std::allocator<std::__cxx11::sub_match<__gnu_cxx::__normal_iterator<char const*, std::__cxx11::basic_string<char, std::char_traits<char>, std::allocator<char> > > > > >::_M_resize(unsigned int)
2150 18
+1 8
cfn=(6530)
calls=2 959 
* 58
* 16
cfi=(104)
cfn=(6534)
calls=2 875 
* 2726
* 14

fn=(6596) std::__cxx11::basic_regex<char, std::__cxx11::regex_traits<char> >::flags() const
779 6
+1 8

fn=(6812) std::__cxx11::match_results<__gnu_cxx::__normal_iterator<char const*, std::__cxx11::basic_string<char, std::char_traits<char>, std::allocator<char> > >, std::allocator<std::__cxx11::sub_match<__gnu_cxx::__normal_iterator<char const*, std::__cxx11::basic_string<char, std::char_traits<char>, std::allocator<char> > > > > >::_M_suffix()
2183 10
+1 8
cfi=(104)
cfn=(6538)
calls=2 1117 
* 32
* 8
cfi=(104)
cfn=(6698)
calls=2 1261 
* 82
* 6

fn=(6842)
1859 14
cfi=(104)
cfn=(6582)
calls=2 800 
* 380
* 6

fl=(92)
fn=(5970) std::__detail::_Compiler<std::__cxx11::regex_traits<char> >::_M_disjunction()
91 18
+3 6
cfn=(5972) std::__detail::_Compiler<std::__cxx11::regex_traits<char> >::_M_alternative()
calls=2 +21 
* 573284
+1 10
cfn=(5978) std::__detail::_Compiler<std::__cxx11::regex_traits<char> >::_M_match_token(std::__detail::_ScannerBase::_TokenT)
calls=2 572 
* 46
* 4
+16 18

fn=(5971) std::__detail::_Compiler<std::__cxx11::regex_traits<char> >::_M_disjunction()'2
91 27
+3 9
cfn=(5973) std::__detail::_Compiler<std::__cxx11::regex_traits<char> >::_M_alternative()'2
calls=3 +21 
* 531556
+1 15
cfn=(5978)
calls=3 572 
* 69
* 6
+16 27

fn=(6380) std::__detail::_Compiler<std::__cxx11::regex_traits<char> >::_M_bracket_expression()
346 20
+4 20
cfn=(5978)
calls=5 572 
* 115
* 5
+1 40
cfn=(5978)
calls=5 572 
* 115
* 35
+1 10
+3 10

fn=(5976) std::__detail::_Compiler<std::__cxx11::regex_traits<char> >::_M_assertion()
147 144
+3 64
cfn=(5978)
calls=16 572 
* 1414
* 32
+1 12
cfi=(91)
cfn=(5842)
calls=2 1361 
* 50
* 4
cfi=(103)
cfn=(5990)
calls=2 300 
* 3435
* 10
cfi=(91)
cfn=(5856)
calls=2 1357 
* 64
* 12
cfi=(103)
cfn=(5858)
calls=2 363 
* 34
* 8
cfi=(106)
cfn=(6008)
calls=2 291 
* 436
* 2
+1 56
cfn=(5978)
calls=14 572 
* 1182
* 28
+1 12
cfi=(91)
cfn=(5842)
calls=2 1361 
* 50
* 4
cfi=(103)
cfn=(6414)
calls=2 304 
* 812
* 10
cfi=(91)
cfn=(5856)
calls=2 1357 
* 64
* 12
cfi=(103)
cfn=(5858)
calls=2 363 
* 34
* 8
cfi=(106)
cfn=(6008)
calls=2 291 
* 436
* 2
+1 48
cfn=(5978)
calls=12 572 
* 276
* 24
+4 48
cfn=(5978)
calls=12 572 
* 276
* 24
+14 24
+1 4
+1 128

fn=(6044) std::__detail::_Compiler<std::__cxx11::regex_traits<char> >::_M_try_char()
551 60
+3 12
+1 48
cfn=(5978)
calls=12 +17 
* 276
* 24
+5 48
cfn=(5978)
calls=12 +12 
* 276
* 24
+5 48
cfn=(5978)
calls=12 +7 
* 845
* 24
+1 1
+1 1
+1 3
-1 11
+1 33

fn=(5974) std::__detail::_Compiler<std::__cxx11::regex_traits<char> >::_M_term()
131 40
+3 30
cfn=(5976)
calls=10 +13 
* 8473
* 20
+1 8
+1 18
cfn=(6042) std::__detail::_Compiler<std::__cxx11::regex_traits<char> >::_M_atom()
calls=6 303 
* 553852
* 12
+2 16
cfn=(6368) std::__detail::_Compiler<std::__cxx11::regex_traits<char> >::_M_quantifier()
calls=4 +40 
* 620
* 8
+2 8
+2 2
+1 20

fn=(5975) std::__detail::_Compiler<std::__cxx11::regex_traits<char> >::_M_term()'2
131 24
+3 18
cfn=(5976)
calls=6 +13 
* 810
* 12
+2 18
cfn=(6043) std::__detail::_Compiler<std::__cxx11::regex_traits<char> >::_M_atom()'2
calls=6 303 
* 517241
* 12
+2 12
cfn=(6368)
calls=3 +40 
* 8183
* 9
cfn=(6368)
calls=3 +40 
* 465
* 12
+2 6
+2 3
+1 12

fn=(6042)
303 54
+3 24
cfn=(5978)
calls=6 572 
* 138
* 12
+7 18
cfn=(6044)
calls=6 551 
* 1152
* 12
+1 5
cfi=(94)
cfn=(5672)
calls=1 192 
* 8
* 9
cfi=(94)
cfn=(5672)
calls=1 192 
* 8
* 7
cfn=(6400) void std::__detail::_Compiler<std::__cxx11::regex_traits<char> >::_M_insert_char_matcher<false, false>()
calls=1 +71 
* 1732
* 1
+1 20
cfn=(5978)
calls=5 572 
* 115
* 10
+3 20
cfn=(5978)
calls=5 572 
* 115
* 10
+2 20
cfn=(5978)
calls=5 572 
* 115
* 10
+9 20
cfn=(5978)
calls=5 572 
* 4034
* 10
+2 12
cfi=(91)
cfn=(5842)
calls=3 1361 
* 75
* 6
cfi=(103)
cfn=(5860)
calls=3 -53 
* 7682
* 15
cfi=(91)
cfn=(5856)
calls=3 1357 
* 96
* 18
cfi=(103)
cfn=(5858)
calls=3 +32 
* 51
+1 9
cfn=(5971)
calls=3 91 
* 531709
+1 12
cfn=(5978)
calls=3 572 
* 2393
* 9
+2 15
cfi=(93)
cfn=(6030)
calls=3 171 
* 954
* 15
cfi=(103)
cfn=(6384)
calls=3 +46 
* 198
+1 12
cfi=(91)
cfn=(5842)
calls=3 1361 
* 75
* 6
cfi=(103)
cfn=(6386)
calls=3 -48 
* 2130
* 15
cfi=(103)
cfn=(5966)
calls=3 +37 
* 192
+1 18
cfi=(106)
cfn=(6374)
calls=3 -51 
* 237
* 3
+2 6
cfn=(6380)
calls=2 +7 
* 148
* 6
+1 4
+1 4
+1 48

fn=(6043)
303 54
+3 24
cfn=(5978)
calls=6 572 
* 138
* 12
+7 18
cfn=(6044)
calls=6 551 
* 582
* 12
+2 24
cfn=(5978)
calls=6 572 
* 138
* 12
+3 24
cfn=(5978)
calls=6 572 
* 1998
* 12
+1 15
cfi=(94)
cfn=(5672)
calls=3 192 
* 24
* 27
cfi=(94)
cfn=(5672)
calls=3 192 
* 24
* 21
cfn=(6066) void std::__detail::_Compiler<std::__cxx11::regex_traits<char> >::_M_insert_character_class_matcher<false, false>()
calls=3 +78 
* 513608
* 3
+1 12
cfn=(5978)
calls=3 572 
* 69
* 6
+9 12
cfn=(5978)
calls=3 572 
* 69
* 6
+10 9
cfn=(6380)
calls=3 +7 
* 222
* 9
+1 6
+1 3
+1 48

fn=(6370) std::__detail::_Compiler<std::__cxx11::regex_traits<char> >::_M_quantifier()::{lambda()#1}::operator()() const
182 12
+2 15
cfi=(106)
cfn=(6034)
calls=3 +59 
* 102
* 6
+2 30
cfn=(5978)
calls=3 572 
* 69
* 18
-4 9

fn=(5972)
115 18
+3 6
cfn=(5974)
calls=2 +13 
* 5233
* 4
+2 10
cfi=(93)
cfn=(6030)
calls=2 +51 
* 636
+1 6
cfn=(5973)
calls=2 -6 
* 566393
+1 10
cfi=(93)
cfn=(6030)
calls=2 +49 
* 636
* 10
cfi=(103)
cfn=(6384)
calls=2 381 
* 132
+1 12
cfi=(106)
cfn=(6374)
calls=2 286 
* 158
+4 20

fn=(5973)
115 126
+3 42
cfn=(5975)
calls=6 +13 
* 526837
cfn=(5974)
calls=8 +13 
* 557894
* 28
+2 45
cfi=(93)
cfn=(6030)
calls=9 +51 
* 2862
+1 27
cfn=(5973)
calls=9 -6 
* 394932
+1 45
cfi=(93)
cfn=(6030)
calls=9 +49 
* 2862
* 45
cfi=(103)
cfn=(6384)
calls=9 381 
* 594
+1 54
cfi=(106)
cfn=(6374)
calls=9 286 
* 711
+4 9
-1 30
cfi=(91)
cfn=(5842)
calls=5 1361 
* 125
* 10
cfi=(103)
cfn=(6382)
calls=5 325 
* 4067
* 25
cfi=(91)
cfn=(5856)
calls=5 1357 
* 160
* 30
cfi=(103)
cfn=(5858)
calls=5 363 
* 85
* 20
cfi=(106)
cfn=(6008)
calls=5 291 
* 1090
+1 126

fn=(5978)
572 985
+3 788
cfi=(96)
cfn=(5980) std::__detail::_Scanner<char>::_M_get_token() const
calls=197 225 
* 1379
* 788
+2 76
cfi=(96)
cfn=(5982) std::__detail::_Scanner<char>::_M_get_value[abi:cxx11]() const
calls=19 229 
* 133
* 114
cfi=(57)
cfn=(5984) std::__cxx11::basic_string<char, std::char_traits<char>, std::allocator<char> >::operator=(std::__cxx11::basic_string<char, std::char_traits<char>, std::allocator<char> > const&)
calls=19 904 
* 7247
+1 76
cfi=(95)
cfn=(5694)
calls=19 69 
* 5351
+1 38
+2 178
+1 394

fn=(6066)
397 27
+3 12
cfi=(57)
cfn=(4900)
calls=3 1163 
* 204
* 21
+1 6
+1 21
cfi=(57)
cfn=(5648)
calls=3 1365 
* 291
* 18
cfi=(112)
cfn=(6068)
calls=3 44 
* 60
-1 18
cfi=(93)
cfn=(6070)
calls=3 +33 
* 849
+2 21
cfi=(93)
cfn=(6112)
calls=3 +80 
* 3708
+1 9
cfi=(93)
cfn=(6134)
calls=3 510 
* 500808
+1 6
+1 6
-1 6
cfi=(91)
cfn=(5842)
calls=3 1361 
* 75
* 3
fi=(105)
139 3
fe=(92)
406 12
cfi=(118)
cfn=(6216)
calls=3 +31 
* 1934
-1 12
cfi=(103)
cfn=(6264)
calls=3 270 
* 3336
* 15
cfi=(91)
cfn=(5856)
calls=3 1357 
* 96
* 18
cfi=(103)
cfn=(5858)
calls=3 -42 
* 51
* 12
cfi=(106)
cfn=(6008)
calls=3 291 
* 654
+1 9
cfi=(118)
cfn=(6288)
calls=3 -70 
* 63
+1 9
cfi=(93)
cfn=(6296)
calls=3 +17 
* 1191
* 24

fn=(6368)
178 90
+3 50
cfi=(94)
cfn=(5672)
calls=10 +11 
* 80
* 30
+1 40
+6 40
cfn=(5978)
calls=10 572 
* 230
* 20
+10 40
cfn=(5978)
calls=10 572 
* 1808
* 20
+2 9
cfn=(6370)
calls=3 -18 
* 261
+1 15
cfi=(93)
cfn=(6030)
calls=3 -30 
* 954
+1 12
cfi=(91)
cfn=(5842)
calls=3 1361 
* 75
* 24
cfi=(103)
cfn=(6372)
calls=3 +56 
* 4502
* 15
cfi=(103)
cfn=(5966)
calls=3 373 
* 192
+2 18
cfi=(106)
cfn=(6374)
calls=3 +82 
* 237
* 3
+2 28
cfn=(5978)
calls=7 572 
* 161
* 14
+12 28
cfn=(5978)
calls=7 572 
* 161
* 14
+65 14
+1 3
+1 80

fn=(6400)
385 10
+3 2
+1 2
-1 2
cfi=(91)
cfn=(5842)
calls=1 1361 
* 25
* 1
+2 2
+1 5
cfi=(57)
cfn=(5648)
calls=1 1365 
* 97
-1 7
cfi=(93)
cfn=(6402)
calls=1 +20 
* 37
* 5
cfi=(118)
cfn=(6404)
calls=1 +47 
* 105
-2 4
cfi=(103)
cfn=(6264)
calls=1 270 
* 1112
* 5
cfi=(91)
cfn=(5856)
calls=1 1357 
* 32
* 6
cfi=(103)
cfn=(5858)
calls=1 -25 
* 17
* 4
cfi=(106)
cfn=(6008)
calls=1 -97 
* 218
+2 3
cfi=(118)
cfn=(6288)
calls=1 -54 
* 21
+2 10

fn=(6164)
600 6912
+3 3072
+22 2304
cfn=(6166) std::__detail::_BracketMatcher<std::__cxx11::regex_traits<char>, false, false>::_M_apply(char, std::integral_constant<bool, false>) const::{lambda()#1}::operator()() const
calls=768 -22 
* 365088
* 3072
+1 3840

fn=(5666)
68 24
+3 6
cfi=(93)
cfn=(5668)
calls=2 179 
* 200
* 4
+1 14
cob=(7)
cfi=(14)
cfn=(5678)
calls=1 +6 
* 7
cob=(1)
cfi=(1)
cfn=(4650)
calls=1 -72 
* 791
* 6
* 18
cfi=(95)
cfn=(5680)
calls=2 -16 
* 2944
* 6
cob=(7)
cfi=(14)
cfn=(4248)
calls=1 +19 
* 6
cob=(1)
cfi=(1)
cfn=(4650)
calls=1 -72 
* 795
* 6
+1 14
cfi=(90)
cfn=(5712) std::shared_ptr<std::enable_if<!std::is_array<std::__detail::_NFA<std::__cxx11::regex_traits<char> > >::value, std::__detail::_NFA<std::__cxx11::regex_traits<char> > >::type> std::make_shared<std::__detail::_NFA<std::__cxx11::regex_traits<char> >, std::locale const&, std::regex_constants::syntax_option_type&>(std::locale const&, std::regex_constants::syntax_option_type&)
calls=2 1003 
* 2585
+2 8
cfi=(57)
cfn=(5544)
calls=2 585 
* 294
* 8
cfi=(106)
cfn=(5798)
calls=2 +95 
* 1499
-1 8
cfi=(91)
cfn=(5842)
calls=2 1361 
* 50
* 6
+1 6
cob=(7)
cfi=(40)
cfn=(5852)
calls=1 220 
* 23
cob=(1)
cfi=(1)
cfn=(4650)
calls=1 -75 
* 975
* 6
* 4
+2 8
cfi=(91)
cfn=(5842)
calls=2 1361 
* 50
* 4
cfi=(103)
cfn=(5854)
calls=2 208 
* 14
* 10
cfi=(91)
cfn=(5856)
calls=2 1357 
* 64
* 12
cfi=(103)
cfn=(5858)
calls=2 363 
* 34
+1 8
cfi=(91)
cfn=(5842)
calls=2 1361 
* 50
* 4
cfi=(103)
cfn=(5860)
calls=2 278 
* 3731
* 10
cfi=(103)
cfn=(5966)
calls=2 373 
* 128
+1 6
cfn=(5970)
calls=2 +12 
* 573386
+1 8
cfn=(5978)
calls=2 572 
* 906
* 6
+2 10
cfi=(93)
cfn=(6030)
calls=2 +89 
* 636
* 10
cfi=(103)
cfn=(6384)
calls=2 381 
* 132
+1 8
cfi=(106)
cfn=(6034)
calls=2 243 
* 68
* 12
+1 8
cfi=(91)
cfn=(5842)
calls=2 1361 
* 50
* 4
cfi=(103)
cfn=(6386)
calls=2 288 
* 1420
* 10
cfi=(103)
cfn=(5966)
calls=2 373 
* 128
+1 8
cfi=(91)
cfn=(5842)
calls=2 1361 
* 50
* 4
cfi=(103)
cfn=(6416)
calls=2 239 
* 4613
* 10
cfi=(103)
cfn=(5966)
calls=2 373 
* 128
+1 8
cfi=(91)
cfn=(5842)
calls=2 1361 
* 50
* 4
cfi=(119)
cfn=(6420)
calls=2 +92 
* 3842
+1 14

fn=(6166)
603 6912
+3 6912
cfi=(93)
cfn=(6168)
calls=768 330 
* 6144
* 768
-1 3072
cfi=(104)
cfn=(6170)
calls=768 1028 
* 15360
* 3840
cfi=(104)
cfn=(6172)
calls=768 1008 
* 14592
* 4608
cfi=(115)
cfn=(6174)
calls=768 2195 
* 60672
* 1536
+3 6912
cfi=(93)
cfn=(6180)
calls=768 334 
* 6144
* 768
+1 5376
cfi=(104)
cfn=(6182)
calls=768 1008 
* 14592
* 3072
cfi=(104)
cfn=(6184)
calls=768 1028 
* 15360
* 1536
fi=(117)
1104 1536
+62 768
+81 2304
-81 768
+81 2304
fe=(92)
609 1536
+3 9216
cfi=(114)
cfn=(6188) std::__cxx11::regex_traits<char>::isctype(char, std::__cxx11::regex_traits<char>::_RegexMask) const
calls=768 322 
* 55176
* 1536
+1 60
+1 3690
cfi=(104)
cfn=(6190)
calls=738 1223 
* 50922
* 2214
+7 5166
cfi=(104)
cfn=(6196)
calls=738 1008 
* 14022
* 2952
cfi=(104)
cfn=(6198)
calls=738 1028 
* 14760
* 1476
fi=(117)
1104 1476
+62 738
+81 2214
-81 738
+81 2214
fe=(92)
621 1476
+3 738
-21 6912

fl=(111) /usr/include/c++/15.1.1/bits/deque.tcc
fn=(6012) std::__detail::_StateSeq<std::__cxx11::regex_traits<char> >& std::deque<std::__detail::_StateSeq<std::__cxx11::regex_traits<char> >, std::allocator<std::__detail::_StateSeq<std::__cxx11::regex_traits<char> > > >::emplace_back<std::__detail::_StateSeq<std::__cxx11::regex_traits<char> > >(std::__detail::_StateSeq<std::__cxx11::regex_traits<char> >&&)
164 91
+3 26
+1 39
-1 52
fi=(105)
-94 13
fe=(111)
+98 26
-1 78
fi=(105)
-97 78
fi=(62)
191 52
cfi=(100)
cfn=(5738)
calls=13 +17 
* 91
* 26
fi=(105)
73 13
fi=(62)
191 130
fi=(81)
680 13
fe=(111)
173 78
+5 39
cfi=(107)
cfn=(6016)
calls=13 1535 
* 1534
+2 65

fl=(57)
fn=(4890)
613 9
+1 1
+1 3
cfn=(4892) std::__cxx11::basic_string<char, std::char_traits<char>, std::allocator<char> >::_M_get_allocator() const
calls=1 364 
* 6
* 11
fi=(62)
92 1
fi=(63)
+81 1
fi=(81)
726 1
fi=(123)
100 1
fe=(57)
614 3
cfn=(4636) std::__cxx11::basic_string<char, std::char_traits<char>, std::allocator<char> >::_M_local_data()
calls=1 243 
* 21
* 6
cfn=(4894) std::__cxx11::basic_string<char, std::char_traits<char>, std::allocator<char> >::_Alloc_hider::_Alloc_hider(char*, std::allocator<char>&&)
calls=1 208 
* 23
fi=(63)
189 3
cfi=(62)
cfn=(4800)
calls=1 -85 
* 6
* 1
fe=(57)
617 3
cfn=(4898)
calls=1 1175 
* 77
* 4
cfn=(4690)
calls=1 238 
* 7
* 6
cfi=(60)
cfn=(4906)
calls=1 286 
* 106
+1 7

fn=(5544)
585 80
+5 30
fi=(62)
88 10
fi=(63)
+80 10
fe=(57)
590 30
cfn=(4636)
calls=10 243 
* 210
* 60
cfn=(4894)
calls=10 208 
* 230
fi=(63)
189 30
cfi=(62)
cfn=(4800)
calls=10 -85 
* 60
* 30
fe=(57)
378 10
593 40
cfn=(4716)
calls=10 270 
* 570
+1 70

fn=(5584)
2886 40
+1 30
cfn=(4690)
calls=10 238 
* 70
* 20

fn=(4640) std::__cxx11::basic_string<char, std::char_traits<char>, std::allocator<char> >::_Alloc_hider::_Alloc_hider(char*, std::allocator<char> const&)
204 91
fi=(62)
92 7
fi=(63)
+81 7
fe=(57)
+32 42

fn=(4692)
483 24
+6 20
fi=(117)
3011 4
fe=(57)
489 16
cfn=(4694)
calls=4 -41 
* 1268
+17 12

fn=(4694)
448 222
+2 74
+1 140
cfi=(59)
cfn=(4720)
calls=28 345 
* 308
+3 28
-1 54
cfi=(59)
cfn=(4696)
calls=9 -32 
* 1379
+1 111

fn=(4716)
270 344
+2 215
cfn=(4718)
calls=43 -39 
* 430
+1 172
cfn=(4690)
calls=43 -35 
* 301
* 258
cfi=(59)
cfn=(4720)
calls=43 +72 
* 473
+1 258

fn=(4718)
233 176
+1 264

fn=(4902)
1181 917
+2 262
+2 393
cfn=(4892)
calls=131 364 
* 786
* 655
fi=(62)
233 131
-50 131
fi=(81)
712 131
fe=(57)
1185 131
+1 655
cfi=(67)
cfn=(4904)
calls=131 234 
* 1703
* 262
+1 655

fn=(5116)
359 51
+1 51

fn=(6510)
1056 14
+1 6
cfn=(4690)
calls=2 238 
* 14
* 2
fi=(117)
+2 6
fe=(57)
-2 12

fn=(4894)
208 77
fi=(105)
-69 88
fi=(62)
-47 11
fi=(63)
+81 11
fe=(57)
+36 66

fn=(4900)
1163 288
+2 216
+1 216
cfn=(4902)
calls=72 +15 
* 3744
* 216
+2 72
+1 144

fn=(4690)
238 615
+1 820

fn=(5112)
1277 160
+2 120
cfn=(4792) std::__cxx11::basic_string<char, std::char_traits<char>, std::allocator<char> >::_M_is_local() const
calls=40 278 
* 2080
* 160
+2 200
cfn=(4902)
calls=40 1181 
* 2080
* 160
+2 40
+1 80

fn=(5128)
228 60
+1 90

fn=(5984)
904 95
+2 95
cfn=(5986) std::__cxx11::basic_string<char, std::char_traits<char>, std::allocator<char> >::assign(std::__cxx11::basic_string<char, std::char_traits<char>, std::allocator<char> > const&)
calls=19 1740 
* 7019
+1 38

fn=(6052)
1862 32
+1 16
cfn=(4900)
calls=4 1163 
* 272
* 36
cfi=(60)
cfn=(6054)
calls=4 481 
* 2028
* 12

fn=(6056)
420 32
+2 12
cfn=(4902)
calls=4 1181 
* 208
* 16
cfn=(4900)
calls=4 1163 
* 272
* 28
+2 16

fn=(6508)
1074 16
+1 6
cfn=(4690)
calls=2 238 
* 14
* 8
cfn=(4900)
calls=2 +88 
* 136
* 4
fi=(117)
-16 6
fe=(57)
+16 14

fn=(4634)
706 28
+1 16
cfn=(4636)
calls=4 243 
* 84
* 24
cfn=(4640)
calls=4 204 
* 84
+3 8
+3 12
cfi=(59)
cfn=(4642)
calls=4 387 
* 992
* 12
+1 24
cfi=(60)
cfn=(4686)
calls=4 227 
* 2680
+1 16

fn=(4636)
243 72
+3 72
cfi=(58)
cfn=(4638)
calls=18 134 
* 198
+4 36

fn=(4790)
296 128
+2 96
cfn=(4792)
calls=32 -20 
* 1656
* 96
+1 12
cfn=(6920) std::__cxx11::basic_string<char, std::char_traits<char>, std::allocator<char> >::_M_destroy(unsigned long)
calls=2 +5 
* 246
+1 96

fn=(4794) std::__cxx11::basic_string<char, std::char_traits<char>, std::allocator<char> >::_M_local_data() const
254 288
+3 288
cfi=(58)
cfn=(4796)
calls=72 134 
* 792
+4 144

fn=(5582) bool std::operator==<char, std::char_traits<char>, std::allocator<char> >(std::__cxx11::basic_string<char, std::char_traits<char>, std::allocator<char> > const&, char const*)
4062 24
+3 12
cfn=(4900)
calls=4 1163 
* 272
* 16
cfi=(59)
cfn=(4642)
calls=4 387 
* 112
+1 20
cfn=(4900)
calls=4 1163 
* 272
* 16
cfn=(5584)
calls=4 2886 
* 64
* 24
cfi=(59)
cfn=(5586)
calls=4 368 
* 1039
* 16
+1 12

fn=(5648)
1365 30
+4 18
cfn=(4900)
calls=6 1163 
* 408
* 42
+3 18
cfn=(4690)
calls=6 238 
* 42
* 12
+1 12

fn=(6058)
468 28
+2 8
+1 20
cfi=(59)
cfn=(4720)
calls=4 345 
* 44
+3 16

fn=(4726) std::__cxx11::basic_string<char, std::char_traits<char>, std::allocator<char> >::c_str() const
2873 20
+1 15
cfn=(4690)
calls=5 238 
* 35
* 10

fn=(4798) std::__cxx11::basic_string<char, std::char_traits<char>, std::allocator<char> >::_Alloc_hider::~_Alloc_hider()
197 108
fi=(63)
-8 54
cfi=(62)
cfn=(4800)
calls=18 -85 
* 108
* 18
fe=(57)
+8 54

fn=(4892)
364 396
+1 396

fn=(5580)
4150 5
+2 5
cfn=(5582)
calls=1 -90 
* 1161
* 3

fn=(6834)
483 33
fi=(117)
1166 3
1340 9
1166 3
1340 12
1166 3
3002 3
fe=(57)
489 12
cfn=(4694)
calls=3 -41 
* 165
+17 18

fn=(6920)
304 14
+1 10
cfn=(4690)
calls=2 -67 
* 14
* 8
cfn=(5116)
calls=2 +54 
* 12
* 6
fi=(81)
649 12
cfi=(62)
cfn=(6922)
calls=2 156 
* 156
* 2
fe=(57)
305 12

fn=(4788)
895 72
+1 54
cfn=(4790)
calls=18 296 
* 1420
* 54
cfn=(4798)
calls=18 197 
* 342
* 54

fn=(4792)
278 360
+2 216
cfn=(4690)
calls=72 -42 
* 504
* 288
cfn=(4794)
calls=72 -26 
* 1512
* 288
+2 210
+2 140
+2 2
+1 216

fn=(4898)
1175 140
+1 105
cfn=(4900)
calls=35 -13 
* 2380
* 70

fn=(6828)
852 33
+2 12
cfn=(4636)
calls=3 243 
* 63
* 18
cfn=(4640)
calls=3 204 
* 63
* 6
fi=(145)
242 3
fe=(57)
857 18
cfi=(60)
cfn=(6830)
calls=3 227 
* 711
+5 21

fn=(4806)
4455 9
cfn=(4726)
calls=1 2873 
* 16
* 8
cfi=(61) /usr/include/c++/15.1.1/ext/string_conversions.h
cfn=(4808) int __gnu_cxx::__stoa<long, int, char, int>(long (*)(char const*, char**, int), char const*, char const*, unsigned long*, int)
calls=1 58 
* 244
+1 2

fn=(5118)
140 135
fi=(81)
614 90
cfi=(62)
cfn=(5120)
calls=15 126 
* 5927
* 15
fe=(57)
142 15
+10 15
+1 30

fn=(5130)
265 60
+1 90

fn=(6120) std::__cxx11::basic_string<char, std::char_traits<char>, std::allocator<char> >::operator+=(char)
1497 18
+2 15
cfn=(6122) std::__cxx11::basic_string<char, std::char_traits<char>, std::allocator<char> >::push_back(char)
calls=3 1724 
* 927
+1 3
+1 6

fn=(6122)
1724 21
+2 9
cfn=(4900)
calls=3 1163 
* 204
* 3
+1 15
cfn=(5112)
calls=3 1277 
* 381
* 12
+2 9
cfn=(4690)
calls=3 238 
* 21
* 18
cfi=(59)
cfn=(4720)
calls=3 345 
* 33
+1 18
cfn=(4716)
calls=3 270 
* 171
+1 12

fn=(4724)
4465 36
cfn=(4726)
calls=4 2873 
* 64
* 32
cfi=(61)
cfn=(4728) unsigned long __gnu_cxx::__stoa<unsigned long, unsigned long, char, int>(unsigned long (*)(char const*, char**, int), char const*, char const*, unsigned long*, int)
calls=4 58 
* 1999
+1 8

fn=(5986)
1740 171
fi=(123)
108 19
fe=(57)
1743 38
+28 95
cfi=(60)
cfn=(5988)
calls=19 308 
* 6563
+1 19
+1 114

fl=(122)
fn=(6760) std::__detail::_Executor<__gnu_cxx::__normal_iterator<char const*, std::__cxx11::basic_string<char, std::char_traits<char>, std::allocator<char> > >, std::allocator<std::__cxx11::sub_match<__gnu_cxx::__normal_iterator<char const*, std::__cxx11::basic_string<char, std::char_traits<char>, std::allocator<char> > > > >, std::__cxx11::regex_traits<char>, true>::_M_handle_line_end_assertion(std::__detail::_Executor<__gnu_cxx::__normal_iterator<char const*, std::__cxx11::basic_string<char, std::char_traits<char>, std::allocator<char> > >, std::allocator<std::__cxx11::sub_match<__gnu_cxx::__normal_iterator<char const*, std::__cxx11::basic_string<char, std::char_traits<char>, std::allocator<char> > > > >, std::__cxx11::regex_traits<char>, true>::_Match_mode, long)
286 14
+3 14
cfi=(104)
cfn=(6694)
calls=2 1280 
* 82
* 2
+1 6
cfi=(121)
cfn=(6762)
calls=2 -96 
* 80
* 4
+1 14
cfn=(6691) std::__detail::_Executor<__gnu_cxx::__normal_iterator<char const*, std::__cxx11::basic_string<char, std::char_traits<char>, std::allocator<char> > >, std::allocator<std::__cxx11::sub_match<__gnu_cxx::__normal_iterator<char const*, std::__cxx11::basic_string<char, std::char_traits<char>, std::allocator<char> > > > >, std::__cxx11::regex_traits<char>, true>::_M_dfs(std::__detail::_Executor<__gnu_cxx::__normal_iterator<char const*, std::__cxx11::basic_string<char, std::char_traits<char>, std::allocator<char> > >, std::allocator<std::__cxx11::sub_match<__gnu_cxx::__normal_iterator<char const*, std::__cxx11::basic_string<char, std::char_traits<char>, std::allocator<char> > > > >, std::__cxx11::regex_traits<char>, true>::_Match_mode, long)'2
calls=2 507 
* 2115
+1 6

fn=(6696) std::__detail::_Executor<__gnu_cxx::__normal_iterator<char const*, std::__cxx11::basic_string<char, std::char_traits<char>, std::allocator<char> > >, std::allocator<std::__cxx11::sub_match<__gnu_cxx::__normal_iterator<char const*, std::__cxx11::basic_string<char, std::char_traits<char>, std::allocator<char> > > > >, std::__cxx11::regex_traits<char>, true>::_M_handle_subexpr_begin(std::__detail::_Executor<__gnu_cxx::__normal_iterator<char const*, std::__cxx11::basic_string<char, std::char_traits<char>, std::allocator<char> > >, std::allocator<std::__cxx11::sub_match<__gnu_cxx::__normal_iterator<char const*, std::__cxx11::basic_string<char, std::char_traits<char>, std::allocator<char> > > > >, std::__cxx11::regex_traits<char>, true>::_Match_mode, long)
247 20
+3 14
cfi=(104)
cfn=(6694)
calls=2 1280 
* 82
* 2
+2 12
cfi=(104)
cfn=(6698)
calls=2 1261 
* 82
* 2
+1 6
+1 8
+1 14
cfn=(6691)
calls=2 507 
* 13075
+1 6
+1 12

fn=(6697) std::__detail::_Executor<__gnu_cxx::__normal_iterator<char const*, std::__cxx11::basic_string<char, std::char_traits<char>, std::allocator<char> > >, std::allocator<std::__cxx11::sub_match<__gnu_cxx::__normal_iterator<char const*, std::__cxx11::basic_string<char, std::char_traits<char>, std::allocator<char> > > > >, std::__cxx11::regex_traits<char>, true>::_M_handle_subexpr_begin(std::__detail::_Executor<__gnu_cxx::__normal_iterator<char const*, std::__cxx11::basic_string<char, std::char_traits<char>, std::allocator<char> > >, std::allocator<std::__cxx11::sub_match<__gnu_cxx::__normal_iterator<char const*, std::__cxx11::basic_string<char, std::char_traits<char>, std::allocator<char> > > > >, std::__cxx11::regex_traits<char>, true>::_Match_mode, long)'2
247 30
+3 21
cfi=(104)
cfn=(6694)
calls=3 1280 
* 123
* 3
+2 18
cfi=(104)
cfn=(6698)
calls=3 1261 
* 123
* 3
+1 9
+1 12
+1 21
cfn=(6691)
calls=3 507 
* 16300
+1 9
+1 18

fn=(6704) std::__detail::_Executor<__gnu_cxx::__normal_iterator<char const*, std::__cxx11::basic_string<char, std::char_traits<char>, std::allocator<char> > >, std::allocator<std::__cxx11::sub_match<__gnu_cxx::__normal_iterator<char const*, std::__cxx11::basic_string<char, std::char_traits<char>, std::allocator<char> > > > >, std::__cxx11::regex_traits<char>, true>::_M_handle_match(std::__detail::_Executor<__gnu_cxx::__normal_iterator<char const*, std::__cxx11::basic_string<char, std::char_traits<char>, std::allocator<char> > >, std::allocator<std::__cxx11::sub_match<__gnu_cxx::__normal_iterator<char const*, std::__cxx11::basic_string<char, std::char_traits<char>, std::allocator<char> > > > >, std::__cxx11::regex_traits<char>, true>::_Match_mode, long)
318 14
+3 14
cfi=(104)
cfn=(6694)
calls=2 1280 
* 82
* 2
+2 16
fi=(117)
1166 2
+65 6
-65 2
+65 6
fe=(122)
323 4
+4 6
fi=(117)
1090 4
fe=(122)
327 12
cfi=(103)
cfn=(6706)
calls=2 172 
* 476
* 4
+2 6
fi=(117)
1103 10
fe=(122)
330 14
cfn=(6691)
calls=2 507 
* 11211
+1 6
fi=(117)
1120 10
+1 2
fe=(122)
337 4

fn=(6705) std::__detail::_Executor<__gnu_cxx::__normal_iterator<char const*, std::__cxx11::basic_string<char, std::char_traits<char>, std::allocator<char> > >, std::allocator<std::__cxx11::sub_match<__gnu_cxx::__normal_iterator<char const*, std::__cxx11::basic_string<char, std::char_traits<char>, std::allocator<char> > > > >, std::__cxx11::regex_traits<char>, true>::_M_handle_match(std::__detail::_Executor<__gnu_cxx::__normal_iterator<char const*, std::__cxx11::basic_string<char, std::char_traits<char>, std::allocator<char> > >, std::allocator<std::__cxx11::sub_match<__gnu_cxx::__normal_iterator<char const*, std::__cxx11::basic_string<char, std::char_traits<char>, std::allocator<char> > > > >, std::__cxx11::regex_traits<char>, true>::_Match_mode, long)'2
318 77
+3 77
cfi=(104)
cfn=(6694)
calls=11 1280 
* 451
* 11
+2 88
fi=(117)
1166 11
+65 33
-65 11
+65 33
fe=(122)
323 22
+4 27
fi=(117)
1090 18
fe=(122)
327 54
cfi=(103)
cfn=(6706)
calls=9 172 
* 2072
* 18
+2 24
fi=(117)
1103 40
fe=(122)
330 56
cfn=(6691)
calls=8 507 
* 30828
+1 24
fi=(117)
1120 40
+1 8
fe=(122)
324 2
+13 22

fn=(6660)
81 18
+3 4
fi=(117)
1054 4
fe=(122)
85 8
cfi=(121)
cfn=(6662)
calls=2 285 
* 14
* 4
+1 12
cfi=(108)
cfn=(6664)
calls=2 210 
* 1975
+1 14
cfn=(6690) std::__detail::_Executor<__gnu_cxx::__normal_iterator<char const*, std::__cxx11::basic_string<char, std::char_traits<char>, std::allocator<char> > >, std::allocator<std::__cxx11::sub_match<__gnu_cxx::__normal_iterator<char const*, std::__cxx11::basic_string<char, std::char_traits<char>, std::allocator<char> > > > >, std::__cxx11::regex_traits<char>, true>::_M_dfs(std::__detail::_Executor<__gnu_cxx::__normal_iterator<char const*, std::__cxx11::basic_string<char, std::char_traits<char>, std::allocator<char> > >, std::allocator<std::__cxx11::sub_match<__gnu_cxx::__normal_iterator<char const*, std::__cxx11::basic_string<char, std::char_traits<char>, std::allocator<char> > > > >, std::__cxx11::regex_traits<char>, true>::_Match_mode, long)
calls=2 507 
* 13539
+1 4
+1 10

fn=(6690)
507 14
+3 12
cfi=(121)
cfn=(6692)
calls=2 282 
* 14
* 4
+3 14
cfi=(104)
cfn=(6694)
calls=2 1280 
* 82
* 4
cfi=(103)
cfn=(5910)
calls=2 168 
* 14
* 28
+5 12
cfn=(6696)
calls=2 247 
* 13335
* 2
+22 4

fn=(6691)
507 252
+3 216
cfi=(121)
cfn=(6692)
calls=36 282 
* 252
* 72
+3 252
cfi=(104)
cfn=(6694)
calls=36 1280 
* 1476
* 72
cfi=(103)
cfn=(5910)
calls=36 168 
* 252
* 646
+3 54
cfn=(6737) std::__detail::_Executor<__gnu_cxx::__normal_iterator<char const*, std::__cxx11::basic_string<char, std::char_traits<char>, std::allocator<char> > >, std::allocator<std::__cxx11::sub_match<__gnu_cxx::__normal_iterator<char const*, std::__cxx11::basic_string<char, std::char_traits<char>, std::allocator<char> > > > >, std::__cxx11::regex_traits<char>, true>::_M_handle_repeat(std::__detail::_Executor<__gnu_cxx::__normal_iterator<char const*, std::__cxx11::basic_string<char, std::char_traits<char>, std::allocator<char> > >, std::allocator<std::__cxx11::sub_match<__gnu_cxx::__normal_iterator<char const*, std::__cxx11::basic_string<char, std::char_traits<char>, std::allocator<char> > > > >, std::__cxx11::regex_traits<char>, true>::_Match_mode, long)'2
calls=7 205 
* 25501
cfn=(6736) std::__detail::_Executor<__gnu_cxx::__normal_iterator<char const*, std::__cxx11::basic_string<char, std::char_traits<char>, std::allocator<char> > >, std::allocator<std::__cxx11::sub_match<__gnu_cxx::__normal_iterator<char const*, std::__cxx11::basic_string<char, std::char_traits<char>, std::allocator<char> > > > >, std::__cxx11::regex_traits<char>, true>::_M_handle_repeat(std::__detail::_Executor<__gnu_cxx::__normal_iterator<char const*, std::__cxx11::basic_string<char, std::char_traits<char>, std::allocator<char> > >, std::allocator<std::__cxx11::sub_match<__gnu_cxx::__normal_iterator<char const*, std::__cxx11::basic_string<char, std::char_traits<char>, std::allocator<char> > > > >, std::__cxx11::regex_traits<char>, true>::_Match_mode, long)
calls=2 205 
* 10955
* 9
+2 18
cfn=(6697)
calls=3 247 
* 16690
* 3
+2 30
cfn=(6747) std::__detail::_Executor<__gnu_cxx::__normal_iterator<char const*, std::__cxx11::basic_string<char, std::char_traits<char>, std::allocator<char> > >, std::allocator<std::__cxx11::sub_match<__gnu_cxx::__normal_iterator<char const*, std::__cxx11::basic_string<char, std::char_traits<char>, std::allocator<char> > > > >, std::__cxx11::regex_traits<char>, true>::_M_handle_subexpr_end(std::__detail::_Executor<__gnu_cxx::__normal_iterator<char const*, std::__cxx11::basic_string<char, std::char_traits<char>, std::allocator<char> > >, std::allocator<std::__cxx11::sub_match<__gnu_cxx::__normal_iterator<char const*, std::__cxx11::basic_string<char, std::char_traits<char>, std::allocator<char> > > > >, std::__cxx11::regex_traits<char>, true>::_Match_mode, long)'2
calls=3 261 
* 3395
cfn=(6746) std::__detail::_Executor<__gnu_cxx::__normal_iterator<char const*, std::__cxx11::basic_string<char, std::char_traits<char>, std::allocator<char> > >, std::allocator<std::__cxx11::sub_match<__gnu_cxx::__normal_iterator<char const*, std::__cxx11::basic_string<char, std::char_traits<char>, std::allocator<char> > > > >, std::__cxx11::regex_traits<char>, true>::_M_handle_subexpr_end(std::__detail::_Executor<__gnu_cxx::__normal_iterator<char const*, std::__cxx11::basic_string<char, std::char_traits<char>, std::allocator<char> > >, std::allocator<std::__cxx11::sub_match<__gnu_cxx::__normal_iterator<char const*, std::__cxx11::basic_string<char, std::char_traits<char>, std::allocator<char> > > > >, std::__cxx11::regex_traits<char>, true>::_Match_mode, long)
calls=2 261 
* 6405
* 5
+2 12
cfn=(6700) std::__detail::_Executor<__gnu_cxx::__normal_iterator<char const*, std::__cxx11::basic_string<char, std::char_traits<char>, std::allocator<char> > >, std::allocator<std::__cxx11::sub_match<__gnu_cxx::__normal_iterator<char const*, std::__cxx11::basic_string<char, std::char_traits<char>, std::allocator<char> > > > >, std::__cxx11::regex_traits<char>, true>::_M_handle_line_begin_assertion(std::__detail::_Executor<__gnu_cxx::__normal_iterator<char const*, std::__cxx11::basic_string<char, std::char_traits<char>, std::allocator<char> > >, std::allocator<std::__cxx11::sub_match<__gnu_cxx::__normal_iterator<char const*, std::__cxx11::basic_string<char, std::char_traits<char>, std::allocator<char> > > > >, std::__cxx11::regex_traits<char>, true>::_Match_mode, long)
calls=2 276 
* 12839
* 2
+2 12
cfn=(6760)
calls=2 286 
* 2337
* 2
+6 78
cfn=(6705)
calls=11 318 
* 34047
cfn=(6704)
calls=2 318 
* 11913
* 13
+4 12
cfn=(6764) std::__detail::_Executor<__gnu_cxx::__normal_iterator<char const*, std::__cxx11::basic_string<char, std::char_traits<char>, std::allocator<char> > >, std::allocator<std::__cxx11::sub_match<__gnu_cxx::__normal_iterator<char const*, std::__cxx11::basic_string<char, std::char_traits<char>, std::allocator<char> > > > >, std::__cxx11::regex_traits<char>, true>::_M_handle_accept(std::__detail::_Executor<__gnu_cxx::__normal_iterator<char const*, std::__cxx11::basic_string<char, std::char_traits<char>, std::allocator<char> > >, std::allocator<std::__cxx11::sub_match<__gnu_cxx::__normal_iterator<char const*, std::__cxx11::basic_string<char, std::char_traits<char>, std::allocator<char> > > > >, std::__cxx11::regex_traits<char>, true>::_Match_mode, long)
calls=2 426 
* 1399
* 2
+6 72

fn=(6700)
276 14
+3 14
cfi=(104)
cfn=(6694)
calls=2 1280 
* 82
* 2
+1 6
cfi=(121)
cfn=(6702)
calls=2 167 
* 132
* 4
+1 14
cfn=(6691)
calls=2 507 
* 12565
+1 6

fn=(6736)
205 14
+3 14
cfi=(104)
cfn=(6694)
calls=2 1280 
* 82
* 2
+3 10
+2 12
cfn=(6738) std::__detail::_Executor<__gnu_cxx::__normal_iterator<char const*, std::__cxx11::basic_string<char, std::char_traits<char>, std::allocator<char> > >, std::allocator<std::__cxx11::sub_match<__gnu_cxx::__normal_iterator<char const*, std::__cxx11::basic_string<char, std::char_traits<char>, std::allocator<char> > > > >, std::__cxx11::regex_traits<char>, true>::_M_rep_once_more(std::__detail::_Executor<__gnu_cxx::__normal_iterator<char const*, std::__cxx11::basic_string<char, std::char_traits<char>, std::allocator<char> > >, std::allocator<std::__cxx11::sub_match<__gnu_cxx::__normal_iterator<char const*, std::__cxx11::basic_string<char, std::char_traits<char>, std::allocator<char> > > > >, std::__cxx11::regex_traits<char>, true>::_Match_mode, long)
calls=2 -38 
* 10805
+2 10
+28 6

fn=(6737)
205 49
+3 49
cfi=(104)
cfn=(6694)
calls=7 1280 
* 287
* 7
+3 35
+2 42
cfn=(6739) std::__detail::_Executor<__gnu_cxx::__normal_iterator<char const*, std::__cxx11::basic_string<char, std::char_traits<char>, std::allocator<char> > >, std::allocator<std::__cxx11::sub_match<__gnu_cxx::__normal_iterator<char const*, std::__cxx11::basic_string<char, std::char_traits<char>, std::allocator<char> > > > >, std::__cxx11::regex_traits<char>, true>::_M_rep_once_more(std::__detail::_Executor<__gnu_cxx::__normal_iterator<char const*, std::__cxx11::basic_string<char, std::char_traits<char>, std::allocator<char> > >, std::allocator<std::__cxx11::sub_match<__gnu_cxx::__normal_iterator<char const*, std::__cxx11::basic_string<char, std::char_traits<char>, std::allocator<char> > > > >, std::__cxx11::regex_traits<char>, true>::_Match_mode, long)'2
calls=7 -38 
* 16777
+2 35
+1 21
cfn=(6691)
calls=3 507 
* 8175
+27 24

fn=(6738)
175 20
+3 14
cfi=(104)
cfn=(6694)
calls=2 1280 
* 82
* 2
+1 12
cfi=(104)
cfn=(6740)
calls=2 1261 
* 74
* 2
+1 16
+2 10
+1 8
+1 4
+1 14
cfn=(6691)
calls=2 507 
* 10493
+1 10
cfi=(120)
cfn=(6744) std::pair<__gnu_cxx::__normal_iterator<char const*, std::__cxx11::basic_string<char, std::char_traits<char>, std::allocator<char> > >, int>::operator=(std::pair<__gnu_cxx::__normal_iterator<char const*, std::__cxx11::basic_string<char, std::char_traits<char>, std::allocator<char> > >, int> const&)
calls=2 941 
* 30
+11 14

fn=(6739)
175 70
+3 49
cfi=(104)
cfn=(6694)
calls=7 1280 
* 287
* 7
+1 42
cfi=(104)
cfn=(6740)
calls=7 1261 
* 259
* 7
+1 70
fi=(117)
1166 6
+81 18
-81 6
+81 18
fe=(122)
180 40
+2 35
+1 28
+1 14
+1 49
cfn=(6691)
calls=7 507 
* 15583
+1 35
cfi=(120)
cfn=(6744)
calls=7 941 
* 105
+11 49

fn=(6746)
261 20
+3 14
cfi=(104)
cfn=(6694)
calls=2 1280 
* 82
* 2
+2 12
cfi=(104)
cfn=(6698)
calls=2 1261 
* 82
* 2
+1 14
+1 8
+1 4
+1 14
cfn=(6691)
calls=2 507 
* 6065
+1 10
cfi=(89)
cfn=(6776)
calls=2 942 
* 64
+1 12

fn=(6747)
261 30
+3 21
cfi=(104)
cfn=(6694)
calls=3 1280 
* 123
* 3
+2 18
cfi=(104)
cfn=(6698)
calls=3 1261 
* 123
* 3
+1 21
+1 12
+1 6
+1 21
cfn=(6691)
calls=3 507 
* 2885
+1 15
cfi=(89)
cfn=(6776)
calls=3 942 
* 96
+1 18

fn=(6764)
426 20
+5 10
+1 4
+1 16
fi=(117)
1166 2
+65 6
-65 2
+65 6
fe=(122)
433 6
+3 16
fi=(117)
1166 2
+65 6
-65 2
+65 6
fe=(122)
437 6
-1 4
+3 8
+2 12
cfi=(94)
cfn=(5672)
calls=2 192 
* 16
* 8
+1 12
cfi=(108)
cfn=(6664)
calls=2 210 
* 1215
+34 14

fl=(61)
fn=(4864) __gnu_cxx::__stoa<long, int, char, int>(long (*)(char const*, char**, int), char const*, char const*, unsigned long*, int)::_Save_errno::~_Save_errno()
68 5
cob=(2)
cfi=(2)
cfn=(4736)
calls=1 -68 
* 4
* 1
* 4
cob=(2)
cfi=(2)
cfn=(4736)
calls=1 -68 
* 4
* 1
* 6

fn=(4810) __gnu_cxx::__stoa<long, int, char, int>(long (*)(char const*, char**, int), char const*, char const*, unsigned long*, int)::_Save_errno::_Save_errno()
67 5
cob=(2)
cfi=(2)
cfn=(4736)
calls=1 -67 
* 4
* 1
* 4
cob=(2)
cfi=(2)
cfn=(4736)
calls=1 -67 
* 4
* 1
* 4

fn=(4728)
58 48
+12 12
cfn=(4730) __gnu_cxx::__stoa<unsigned long, unsigned long, char, int>(unsigned long (*)(char const*, char**, int), char const*, char const*, unsigned long*, int)::_Save_errno::_Save_errno()
calls=4 -3 
* 1062
+14 28
cob=(2)
cfi=(2)
cfn=(4738)
calls=4 -84 
* 581
* 4
+2 12
+2 4
cob=(2)
cfi=(2)
cfn=(4736)
calls=4 -88 
* 16
* 4
* 4
+1 20
cfn=(4784) __gnu_cxx::__stoa<unsigned long, unsigned long, char, int>(unsigned long (*)(char const*, char**, int), char const*, char const*, unsigned long*, int)::_Range_chk::_S_chk(unsigned long, std::integral_constant<bool, false>)
calls=4 -15 
* 24
* 12
-1 8
+4 8
+2 8
+3 4
+1 12
cfn=(4786) __gnu_cxx::__stoa<unsigned long, unsigned long, char, int>(unsigned long (*)(char const*, char**, int), char const*, char const*, unsigned long*, int)::_Save_errno::~_Save_errno()
calls=4 -30 
* 100
-1 4
+1 24

fn=(4786)
68 20
cob=(2)
cfi=(2)
cfn=(4736)
calls=4 -68 
* 16
* 4
* 16
cob=(2)
cfi=(2)
cfn=(4736)
calls=4 -68 
* 16
* 4
* 24

fn=(4808)
58 12
+12 3
cfn=(4810)
calls=1 -3 
* 23
+14 7
cob=(2)
cfi=(2)
cfn=(4812)
calls=1 -84 
* 128
* 1
+2 3
+2 1
cob=(2)
cfi=(2)
cfn=(4736)
calls=1 -88 
* 4
* 1
* 1
+1 5
cfn=(4862) __gnu_cxx::__stoa<long, int, char, int>(long (*)(char const*, char**, int), char const*, char const*, unsigned long*, int)::_Range_chk::_S_chk(long, std::integral_constant<bool, true>)
calls=1 -12 
* 10
* 3
-1 2
+4 2
+2 2
+3 1
+1 3
cfn=(4864)
calls=1 -30 
* 25
-1 1
+1 6

fn=(4784)
74 24

fn=(4862)
77 3
+3 5
+1 2

fn=(4730)
67 20
cob=(2)
cfi=(2)
cfn=(4736)
calls=3 -67 
* 12
cob=(1)
cfi=(1)
cfn=(4650)
calls=1 -67 
* 970
* 8
* 16
cob=(2)
cfi=(2)
cfn=(4736)
calls=4 -67 
* 16
* 4
* 16

fl=(90)
fn=(5656)
201 14
cfi=(91)
cfn=(5658)
calls=2 1469 
* 42
* 6

fn=(5712)
1003 22
fi=(105)
73 8
fe=(90)
1008 10
cfn=(5714) std::shared_ptr<std::__detail::_NFA<std::__cxx11::regex_traits<char> > >::shared_ptr<std::allocator<void>, std::locale const&, std::regex_constants::syntax_option_type&>(std::_Sp_alloc_shared_tag<std::allocator<void> >, std::locale const&, std::regex_constants::syntax_option_type&)
calls=2 462 
* 2533
+1 12

fn=(5714)
462 14
+1 6
fi=(105)
73 8
fe=(90)
463 6
cfi=(91)
cfn=(5716)
calls=2 1718 
* 2493
+1 6

fn=(6484)
175 14
cfi=(91)
cfn=(6486)
calls=2 1531 
* 44
* 6

fn=(6428)
367 10
+1 6
fi=(105)
139 2
fe=(90)
368 6
cfi=(91)
cfn=(6430)
calls=2 1546 
* 100
* 6

fn=(6434)
437 10
+2 6
fi=(105)
139 2
fe=(90)
439 6
cfi=(91)
cfn=(6436)
calls=2 1625 
* 334
+1 2
+1 4

fn=(6516) bool std::operator==<std::__detail::_NFA<std::__cxx11::regex_traits<char> > const>(std::shared_ptr<std::__detail::_NFA<std::__cxx11::regex_traits<char> > const> const&, decltype(nullptr))
560 10
+1 6
cfi=(91)
cfn=(6518)
calls=2 1676 
* 18
* 6

fn=(6448)
175 28
cfi=(91)
cfn=(6444)
calls=4 1531 
* 4663
* 12

fl=(126)
fn=(6972) std::_Tuple_impl<0ul, unsigned char*, unsigned char*, unsigned char*>::_Tuple_impl<unsigned char*, unsigned char*, unsigned char*, void>(unsigned char*&&, unsigned char*&&, unsigned char*&&)
313 7
+2 3
fi=(105)
73 4
fe=(126)
315 3
cfn=(6974) std::_Tuple_impl<1ul, unsigned char*, unsigned char*>::_Tuple_impl<unsigned char*, unsigned char*, void>(unsigned char*&&, unsigned char*&&)
calls=1 -2 
* 65
* 4
fi=(105)
73 1
fe=(126)
315 3
cfn=(6982) std::_Head_base<0ul, unsigned char*, false>::_Head_base<unsigned char*>(unsigned char*&&)
calls=1 212 
* 13
+1 3

fn=(6974)
313 6
+2 3
fi=(105)
73 1
fe=(126)
315 3
cfn=(6976) std::_Tuple_impl<2ul, unsigned char*>::_Tuple_impl<unsigned char*>(unsigned char*&&)
calls=1 570 
* 28
* 4
fi=(105)
73 1
fe=(126)
315 3
cfn=(6980) std::_Head_base<1ul, unsigned char*, false>::_Head_base<unsigned char*>(unsigned char*&&)
calls=1 212 
* 13
+1 3

fn=(6992)
2456 4
+3 3
cfn=(6994) unsigned char*& std::__get_helper<1ul, unsigned char*, unsigned char*>(std::_Tuple_impl<1ul, unsigned char*, unsigned char*>&)
calls=1 -31 
* 25
* 1
fi=(105)
73 1
fe=(126)
2460 2

fn=(6996) std::_Tuple_impl<1ul, unsigned char*, unsigned char*>::_M_head(std::_Tuple_impl<1ul, unsigned char*, unsigned char*>&)
291 8
cfn=(6998) std::_Head_base<1ul, unsigned char*, false>::_M_head(std::_Head_base<1ul, unsigned char*, false>&)
calls=1 -45 
* 6
* 2

fn=(6990) std::_Head_base<0ul, unsigned char*, false>::_M_head(std::_Head_base<0ul, unsigned char*, false>&)
246 6

fn=(6976)
570 5
+1 3
fi=(105)
73 1
fe=(126)
571 3
cfn=(6978) std::_Head_base<2ul, unsigned char*, false>::_Head_base<unsigned char*>(unsigned char*&&)
calls=1 212 
* 13
+1 3

fn=(6970)
1488 7
+2 3
fi=(105)
73 7
fe=(126)
1490 2
cfn=(6972)
calls=1 313 
* 106
+1 3

fn=(6986) unsigned char*& std::__get_helper<0ul, unsigned char*, unsigned char*, unsigned char*>(std::_Tuple_impl<0ul, unsigned char*, unsigned char*, unsigned char*>&)
2428 4
+1 3
cfn=(6988) std::_Tuple_impl<0ul, unsigned char*, unsigned char*, unsigned char*>::_M_head(std::_Tuple_impl<0ul, unsigned char*, unsigned char*, unsigned char*>&)
calls=1 291 
* 16
* 2

fn=(6988)
291 8
cfn=(6990)
calls=1 -45 
* 6
* 2

fn=(6978)
212 6
fi=(105)
73 1
fe=(126)
213 6

fn=(6980)
212 6
fi=(105)
73 1
fe=(126)
213 6

fn=(6982)
212 6
fi=(105)
73 1
fe=(126)
213 6

fn=(6984)
2456 4
+3 3
cfn=(6986)
calls=1 -31 
* 25
* 1
fi=(105)
73 1
fe=(126)
2460 2

fn=(7002) unsigned char*& std::__get_helper<2ul, unsigned char*>(std::_Tuple_impl<2ul, unsigned char*>&)
2428 4
+1 3
cfn=(7004) std::_Tuple_impl<2ul, unsigned char*>::_M_head(std::_Tuple_impl<2ul, unsigned char*>&)
calls=1 554 
* 15
* 2

fn=(7000)
2456 4
+3 3
cfn=(7002)
calls=1 -31 
* 24
* 1
fi=(105)
73 1
fe=(126)
2460 2

fn=(6998)
246 6

fn=(7006) std::_Head_base<2ul, unsigned char*, false>::_M_head(std::_Head_base<2ul, unsigned char*, false>&)
246 6

fn=(6994)
2428 4
+1 3
cfn=(6996)
calls=1 291 
* 16
* 2

fn=(7004)
554 7
cfn=(7006)
calls=1 246 
* 6
* 2

fl=(100)
fn=(5738)
208 1428

fl=(107)
fn=(5818) std::_Deque_base<std::__detail::_StateSeq<std::__cxx11::regex_traits<char> >, std::allocator<std::__detail::_StateSeq<std::__cxx11::regex_traits<char> > > >::_M_get_map_allocator() const
579 20
+1 12
cfn=(5820) std::_Deque_base<std::__detail::_StateSeq<std::__cxx11::regex_traits<char> >, std::allocator<std::__detail::_StateSeq<std::__cxx11::regex_traits<char> > > >::_M_get_Tp_allocator() const
calls=4 -5 
* 24
* 20
fi=(62)
88 4
fi=(63)
+95 4
fe=(107)
580 16

fn=(6376)
1605 119
+2 34
+1 51
-1 34
+4 34
-1 119
fi=(105)
73 102
fi=(62)
191 68
cfi=(100)
cfn=(5738)
calls=17 +17 
* 119
* 34
fi=(105)
73 17
fi=(62)
191 170
fi=(81)
680 17
fe=(107)
1612 85
+4 119

fn=(6454)
1042 16
+1 6
cfn=(6040) std::_Deque_base<std::__detail::_StateSeq<std::__cxx11::regex_traits<char> >, std::allocator<std::__detail::_StateSeq<std::__cxx11::regex_traits<char> > > >::_M_get_Tp_allocator()
calls=2 571 
* 12
* 12
cfn=(6022) std::deque<std::__detail::_StateSeq<std::__cxx11::regex_traits<char> >, std::allocator<std::__detail::_StateSeq<std::__cxx11::regex_traits<char> > > >::end()
calls=2 1232 
* 74
* 10
cfn=(6456) std::deque<std::__detail::_StateSeq<std::__cxx11::regex_traits<char> >, std::allocator<std::__detail::_StateSeq<std::__cxx11::regex_traits<char> > > >::begin()
calls=2 1213 
* 74
* 12
cfn=(6458) std::deque<std::__detail::_StateSeq<std::__cxx11::regex_traits<char> >, std::allocator<std::__detail::_StateSeq<std::__cxx11::regex_traits<char> > > >::_M_destroy_data(std::_Deque_iterator<std::__detail::_StateSeq<std::__cxx11::regex_traits<char> >, std::__detail::_StateSeq<std::__cxx11::regex_traits<char> >&, std::__detail::_StateSeq<std::__cxx11::regex_traits<char> >*>, std::_Deque_iterator<std::__detail::_StateSeq<std::__cxx11::regex_traits<char> >, std::__detail::_StateSeq<std::__cxx11::regex_traits<char> >&, std::__detail::_StateSeq<std::__cxx11::regex_traits<char> >*>, std::allocator<std::__detail::_StateSeq<std::__cxx11::regex_traits<char> > > const&)
calls=2 2200 
* 32
* 6
cfn=(6460) std::_Deque_base<std::__detail::_StateSeq<std::__cxx11::regex_traits<char> >, std::allocator<std::__detail::_StateSeq<std::__cxx11::regex_traits<char> > > >::~_Deque_base()
calls=2 620 
* 674
* 14

fn=(5816) std::_Deque_base<std::__detail::_StateSeq<std::__cxx11::regex_traits<char> >, std::allocator<std::__detail::_StateSeq<std::__cxx11::regex_traits<char> > > >::_M_allocate_map(unsigned long)
597 18
+2 10
cfn=(5818)
calls=2 -20 
* 50
* 4
fi=(81)
+15 12
cfi=(62)
cfn=(5822)
calls=2 126 
* 297
* 4
fe=(107)
-14 2
fi=(63)
189 6
cfi=(62)
cfn=(5826)
calls=2 -85 
* 12
* 2
fe=(107)
600 2
+1 12

fn=(6010)
1620 91
fi=(105)
139 13
fe=(107)
1621 52
cfi=(111)
cfn=(6012)
calls=13 164 
* 2444
* 39

fn=(6022)
1232 225
+1 270
cfn=(6024) std::_Deque_iterator<std::__detail::_StateSeq<std::__cxx11::regex_traits<char> >, std::__detail::_StateSeq<std::__cxx11::regex_traits<char> >&, std::__detail::_StateSeq<std::__cxx11::regex_traits<char> >*>::_Deque_iterator(std::_Deque_iterator<std::__detail::_StateSeq<std::__cxx11::regex_traits<char> >, std::__detail::_StateSeq<std::__cxx11::regex_traits<char> >&, std::__detail::_StateSeq<std::__cxx11::regex_traits<char> >*> const&)
calls=45 171 
* 1035
* 135

fn=(5830) std::_Deque_base<std::__detail::_StateSeq<std::__cxx11::regex_traits<char> >, std::allocator<std::__detail::_StateSeq<std::__cxx11::regex_traits<char> > > >::_M_create_nodes(std::__detail::_StateSeq<std::__cxx11::regex_traits<char> >**, std::__detail::_StateSeq<std::__cxx11::regex_traits<char> >**)
680 14
+6 6
+1 6
cfn=(5832) std::_Deque_base<std::__detail::_StateSeq<std::__cxx11::regex_traits<char> >, std::allocator<std::__detail::_StateSeq<std::__cxx11::regex_traits<char> > > >::_M_allocate_node()
calls=2 583 
* 358
* 4
-1 14
+8 8

fn=(6038)
1664 150
+2 90
cfn=(6018)
calls=30 1414 
* 750
* 150
+1 60
+1 60
-1 60
+3 150
+2 60
-1 90
cfn=(6040)
calls=30 571 
* 180
* 180
fi=(62)
198 30
fi=(81)
700 30
fe=(107)
1676 120

fn=(6456)
1213 10
+1 12
cfn=(6024)
calls=2 171 
* 46
* 6

fn=(6458)
2200 20
+5 12

fn=(6470) std::_Deque_base<std::__detail::_StateSeq<std::__cxx11::regex_traits<char> >, std::allocator<std::__detail::_StateSeq<std::__cxx11::regex_traits<char> > > >::_M_deallocate_map(std::__detail::_StateSeq<std::__cxx11::regex_traits<char> >**, unsigned long)
604 18
+2 10
cfn=(5818)
calls=2 -27 
* 50
* 8
fi=(81)
+43 12
cfi=(62)
cfn=(6472)
calls=2 156 
* 158
* 2
fi=(63)
189 6
cfi=(62)
cfn=(5826)
calls=2 -85 
* 12
* 2
fe=(107)
608 12

fn=(5800)
858 14
cfn=(5802) std::_Deque_base<std::__detail::_StateSeq<std::__cxx11::regex_traits<char> >, std::allocator<std::__detail::_StateSeq<std::__cxx11::regex_traits<char> > > >::_Deque_base()
calls=2 461 
* 1445
* 6

fn=(5802)
461 10
+1 6
cfn=(5804) std::_Deque_base<std::__detail::_StateSeq<std::__cxx11::regex_traits<char> >, std::allocator<std::__detail::_StateSeq<std::__cxx11::regex_traits<char> > > >::_Deque_impl::_Deque_impl()
calls=2 +86 
* 126
+1 8
cfn=(5810) std::_Deque_base<std::__detail::_StateSeq<std::__cxx11::regex_traits<char> >, std::allocator<std::__detail::_StateSeq<std::__cxx11::regex_traits<char> > > >::_M_initialize_map(unsigned long)
calls=2 641 
* 1287
* 8

fn=(6026) std::_Deque_iterator<std::__detail::_StateSeq<std::__cxx11::regex_traits<char> >, std::__detail::_StateSeq<std::__cxx11::regex_traits<char> >&, std::__detail::_StateSeq<std::__cxx11::regex_traits<char> >*>::operator--()
213 172
+2 258
+5 215
+1 43
+1 86

fn=(6028) std::_Deque_iterator<std::__detail::_StateSeq<std::__cxx11::regex_traits<char> >, std::__detail::_StateSeq<std::__cxx11::regex_traits<char> >&, std::__detail::_StateSeq<std::__cxx11::regex_traits<char> >*>::operator*() const
184 129
+1 172

fn=(5806) std::_Deque_base<std::__detail::_StateSeq<std::__cxx11::regex_traits<char> >, std::allocator<std::__detail::_StateSeq<std::__cxx11::regex_traits<char> > > >::_Deque_impl_data::_Deque_impl_data()
519 8
+1 16
cfn=(5808) std::_Deque_iterator<std::__detail::_StateSeq<std::__cxx11::regex_traits<char> >, std::__detail::_StateSeq<std::__cxx11::regex_traits<char> >&, std::__detail::_StateSeq<std::__cxx11::regex_traits<char> >*>::_Deque_iterator()
calls=2 154 
* 28
* 8
cfn=(5808)
calls=2 154 
* 28
+1 6

fn=(5810)
641 18
+3 4
cfn=(5812) std::__deque_buf_size(unsigned long)
calls=2 100 
* 22
* 12
+4 6
-1 12
cfi=(67)
cfn=(5814)
calls=2 258 
* 26
* 6
+2 12
cfn=(5816)
calls=2 -52 
* 431
* 4
+7 4
+1 10
-1 4
+2 10
+3 12
cfn=(5830)
calls=2 +19 
* 410
+9 12
cfn=(5838) std::_Deque_iterator<std::__detail::_StateSeq<std::__cxx11::regex_traits<char> >, std::__detail::_StateSeq<std::__cxx11::regex_traits<char> >&, std::__detail::_StateSeq<std::__cxx11::regex_traits<char> >*>::_M_set_node(std::__detail::_StateSeq<std::__cxx11::regex_traits<char> >**)
calls=2 266 
* 90
+1 14
cfn=(5838)
calls=2 266 
* 90
+1 8
+1 4
+2 4
cfn=(5812)
calls=2 100 
* 22
* 12
-1 10
-1 4
+3 14

fn=(6018)
1414 552
+1 966
cfn=(6020) std::operator==(std::_Deque_iterator<std::__detail::_StateSeq<std::__cxx11::regex_traits<char> >, std::__detail::_StateSeq<std::__cxx11::regex_traits<char> >&, std::__detail::_StateSeq<std::__cxx11::regex_traits<char> >*> const&, std::_Deque_iterator<std::__detail::_StateSeq<std::__cxx11::regex_traits<char> >, std::__detail::_StateSeq<std::__cxx11::regex_traits<char> >&, std::__detail::_StateSeq<std::__cxx11::regex_traits<char> >*> const&)
calls=138 275 
* 1656
* 276

fn=(6040)
571 96
+1 96

fn=(6462) std::_Deque_base<std::__detail::_StateSeq<std::__cxx11::regex_traits<char> >, std::allocator<std::__detail::_StateSeq<std::__cxx11::regex_traits<char> > > >::_M_destroy_nodes(std::__detail::_StateSeq<std::__cxx11::regex_traits<char> >**, std::__detail::_StateSeq<std::__cxx11::regex_traits<char> >**)
698 12
+4 6
+1 12
cfn=(6464) std::_Deque_base<std::__detail::_StateSeq<std::__cxx11::regex_traits<char> >, std::allocator<std::__detail::_StateSeq<std::__cxx11::regex_traits<char> > > >::_M_deallocate_node(std::__detail::_StateSeq<std::__cxx11::regex_traits<char> >*)
calls=2 590 
* 232
-1 14
+2 8

fn=(6478) std::_Deque_base<std::__detail::_StateSeq<std::__cxx11::regex_traits<char> >, std::allocator<std::__detail::_StateSeq<std::__cxx11::regex_traits<char> > > >::_Deque_impl::~_Deque_impl()
545 12
fi=(63)
189 6
cfi=(62)
cfn=(6480)
calls=2 -85 
* 12
* 2
fe=(107)
545 6

fn=(5812)
100 36
+1 96

fn=(5820)
575 12
+1 12

fn=(6020)
275 552
+1 1104

fn=(6460)
620 8
+3 8
+3 4
-1 14
cfn=(6462)
calls=2 +73 
* 284
+2 16
cfn=(6470)
calls=2 -23 
* 290
+2 6
cfn=(6478)
calls=2 -84 
* 38
* 6

fn=(6016)
1535 301
+2 129
cfn=(6018)
calls=43 1414 
* 1075
* 215
+1 215
cfn=(6022)
calls=43 1232 
* 1591
+1 129
cfn=(6026)
calls=43 213 
* 774
+1 129
cfn=(6028)
calls=43 184 
* 301
+1 215

fn=(5808)
154 12
+1 44

fn=(5840) std::_Deque_iterator<std::__detail::_StateSeq<std::__cxx11::regex_traits<char> >, std::__detail::_StateSeq<std::__cxx11::regex_traits<char> >&, std::__detail::_StateSeq<std::__cxx11::regex_traits<char> >*>::_S_buffer_size()
134 8
+1 8
cfn=(5812)
calls=4 -35 
* 44
* 8

fn=(6464)
590 10
+3 4
cfn=(5812)
calls=2 100 
* 22
* 10
fi=(81)
+56 12
cfi=(62)
cfn=(6466)
calls=2 156 
* 166
* 2
fe=(107)
-55 6

fn=(5804)
548 16
fi=(62)
88 2
fi=(63)
+80 2
fe=(107)
550 6
cfn=(5806)
calls=2 -31 
* 94
+1 6

fn=(5832)
583 8
+3 4
cfn=(5812)
calls=2 100 
* 22
* 6
fi=(81)
+28 12
cfi=(62)
cfn=(5834)
calls=2 126 
* 300
* 2
fe=(107)
-27 4

fn=(5838)
266 24
+2 12
+1 16
+1 12
cfn=(5840)
calls=4 134 
* 68
* 32
+1 16

fn=(6024)
171 188
+1 376
+1 517

fl=(109)
fn=(6640) std::pair<__gnu_cxx::__normal_iterator<char const*, std::__cxx11::basic_string<char, std::char_traits<char>, std::allocator<char> > >, int>* std::__uninitialized_default_n_1<false>::__uninit_default_n<std::pair<__gnu_cxx::__normal_iterator<char const*, std::__cxx11::basic_string<char, std::char_traits<char>, std::allocator<char> > >, int>*, unsigned long>(std::pair<__gnu_cxx::__normal_iterator<char const*, std::__cxx11::basic_string<char, std::char_traits<char>, std::allocator<char> > >, int>*, unsigned long)
872 18
+2 10
cfn=(6642) std::_UninitDestroyGuard<std::pair<__gnu_cxx::__normal_iterator<char const*, std::__cxx11::basic_string<char, std::char_traits<char>, std::allocator<char> > >, int>*, void>::_UninitDestroyGuard(std::pair<__gnu_cxx::__normal_iterator<char const*, std::__cxx11::basic_string<char, std::char_traits<char>, std::allocator<char> > >, int>*&)
calls=2 113 
* 28
+1 2
+1 56
fi=(105)
53 28
fe=(109)
876 56
cfi=(102)
cfn=(6644)
calls=28 123 
* 1176
-1 172
+2 6
cfn=(6648) std::_UninitDestroyGuard<std::pair<__gnu_cxx::__normal_iterator<char const*, std::__cxx11::basic_string<char, std::char_traits<char>, std::allocator<char> > >, int>*, void>::release()
calls=2 125 
* 16
+1 2
+1 6
cfn=(6650) std::_UninitDestroyGuard<std::pair<__gnu_cxx::__normal_iterator<char const*, std::__cxx11::basic_string<char, std::char_traits<char>, std::allocator<char> > >, int>*, void>::~_UninitDestroyGuard()
calls=2 118 
* 28
-1 2
+1 12

fn=(6650)
118 8
+2 14
+2 6

fn=(6678) std::__cxx11::sub_match<__gnu_cxx::__normal_iterator<char const*, std::__cxx11::basic_string<char, std::char_traits<char>, std::allocator<char> > > >* std::uninitialized_copy<__gnu_cxx::__normal_iterator<std::__cxx11::sub_match<__gnu_cxx::__normal_iterator<char const*, std::__cxx11::basic_string<char, std::char_traits<char>, std::allocator<char> > > > const*, std::vector<std::__cxx11::sub_match<__gnu_cxx::__normal_iterator<char const*, std::__cxx11::basic_string<char, std::char_traits<char>, std::allocator<char> > > >, std::allocator<std::__cxx11::sub_match<__gnu_cxx::__normal_iterator<char const*, std::__cxx11::basic_string<char, std::char_traits<char>, std::allocator<char> > > > > > >, std::__cxx11::sub_match<__gnu_cxx::__normal_iterator<char const*, std::__cxx11::basic_string<char, std::char_traits<char>, std::allocator<char> > > >*>(__gnu_cxx::__normal_iterator<std::__cxx11::sub_match<__gnu_cxx::__normal_iterator<char const*, std::__cxx11::basic_string<char, std::char_traits<char>, std::allocator<char> > > > const*, std::vector<std::__cxx11::sub_match<__gnu_cxx::__normal_iterator<char const*, std::__cxx11::basic_string<char, std::char_traits<char>, std::allocator<char> > > >, std::allocator<std::__cxx11::sub_match<__gnu_cxx::__normal_iterator<char const*, std::__cxx11::basic_string<char, std::char_traits<char>, std::allocator<char> > > > > > >, __gnu_cxx::__normal_iterator<std::__cxx11::sub_match<__gnu_cxx::__normal_iterator<char const*, std::__cxx11::basic_string<char, std::char_traits<char>, std::allocator<char> > > > const*, std::vector<std::__cxx11::sub_match<__gnu_cxx::__normal_iterator<char const*, std::__cxx11::basic_string<char, std::char_traits<char>, std::allocator<char> > > >, std::allocator<std::__cxx11::sub_match<__gnu_cxx::__normal_iterator<char const*, std::__cxx11::basic_string<char, std::char_traits<char>, std::allocator<char> > > > > > >, std::__cxx11::sub_match<__gnu_cxx::__normal_iterator<char const*, std::__cxx11::basic_string<char, std::char_traits<char>, std::allocator<char> > > >*)
231 12
+72 12
cfn=(6680) std::__cxx11::sub_match<__gnu_cxx::__normal_iterator<char const*, std::__cxx11::basic_string<char, std::char_traits<char>, std::allocator<char> > > >* std::__do_uninit_copy<__gnu_cxx::__normal_iterator<std::__cxx11::sub_match<__gnu_cxx::__normal_iterator<char const*, std::__cxx11::basic_string<char, std::char_traits<char>, std::allocator<char> > > > const*, std::vector<std::__cxx11::sub_match<__gnu_cxx::__normal_iterator<char const*, std::__cxx11::basic_string<char, std::char_traits<char>, std::allocator<char> > > >, std::allocator<std::__cxx11::sub_match<__gnu_cxx::__normal_iterator<char const*, std::__cxx11::basic_string<char, std::char_traits<char>, std::allocator<char> > > > > > >, __gnu_cxx::__normal_iterator<std::__cxx11::sub_match<__gnu_cxx::__normal_iterator<char const*, std::__cxx11::basic_string<char, std::char_traits<char>, std::allocator<char> > > > const*, std::vector<std::__cxx11::sub_match<__gnu_cxx::__normal_iterator<char const*, std::__cxx11::basic_string<char, std::char_traits<char>, std::allocator<char> > > >, std::allocator<std::__cxx11::sub_match<__gnu_cxx::__normal_iterator<char const*, std::__cxx11::basic_string<char, std::char_traits<char>, std::allocator<char> > > > > > >, std::__cxx11::sub_match<__gnu_cxx::__normal_iterator<char const*, std::__cxx11::basic_string<char, std::char_traits<char>, std::allocator<char> > > >*>(__gnu_cxx::__normal_iterator<std::__cxx11::sub_match<__gnu_cxx::__normal_iterator<char const*, std::__cxx11::basic_string<char, std::char_traits<char>, std::allocator<char> > > > const*, std::vector<std::__cxx11::sub_match<__gnu_cxx::__normal_iterator<char const*, std::__cxx11::basic_string<char, std::char_traits<char>, std::allocator<char> > > >, std::allocator<std::__cxx11::sub_match<__gnu_cxx::__normal_iterator<char const*, std::__cxx11::basic_string<char, std::char_traits<char>, std::allocator<char> > > > > > >, __gnu_cxx::__normal_iterator<std::__cxx11::sub_match<__gnu_cxx::__normal_iterator<char const*, std::__cxx11::basic_string<char, std::char_traits<char>, std::allocator<char> > > > const*, std::vector<std::__cxx11::sub_match<__gnu_cxx::__normal_iterator<char const*, std::__cxx11::basic_string<char, std::char_traits<char>, std::allocator<char> > > >, std::allocator<std::__cxx11::sub_match<__gnu_cxx::__normal_iterator<char const*, std::__cxx11::basic_string<char, std::char_traits<char>, std::allocator<char> > > > > > >, std::__cxx11::sub_match<__gnu_cxx::__normal_iterator<char const*, std::__cxx11::basic_string<char, std::char_traits<char>, std::allocator<char> > > >*)
calls=2 140 
* 838
+14 4

fn=(6574) std::_UninitDestroyGuard<std::__cxx11::sub_match<__gnu_cxx::__normal_iterator<char const*, std::__cxx11::basic_string<char, std::char_traits<char>, std::allocator<char> > > >*, void>::release()
125 32

fn=(6576) std::_UninitDestroyGuard<std::__cxx11::sub_match<__gnu_cxx::__normal_iterator<char const*, std::__cxx11::basic_string<char, std::char_traits<char>, std::allocator<char> > > >*, void>::~_UninitDestroyGuard()
118 16
+2 28
+2 12

fn=(6636)
994 12
+2 10
cfn=(6638) std::pair<__gnu_cxx::__normal_iterator<char const*, std::__cxx11::basic_string<char, std::char_traits<char>, std::allocator<char> > >, int>* std::__uninitialized_default_n<std::pair<__gnu_cxx::__normal_iterator<char const*, std::__cxx11::basic_string<char, std::char_traits<char>, std::allocator<char> > >, int>*, unsigned long>(std::pair<__gnu_cxx::__normal_iterator<char const*, std::__cxx11::basic_string<char, std::char_traits<char>, std::allocator<char> > >, int>*, unsigned long)
calls=2 -71 
* 1644
* 4

fn=(7234) FilterPar::Pass1ThreadData* std::__uninitialized_default_n<FilterPar::Pass1ThreadData*, unsigned long>(FilterPar::Pass1ThreadData*, unsigned long)
925 5
+11 1
+5 5
cfn=(7236) FilterPar::Pass1ThreadData* std::__uninitialized_default_n_1<true>::__uninit_default_n<FilterPar::Pass1ThreadData*, unsigned long>(FilterPar::Pass1ThreadData*, unsigned long)
calls=1 -53 
* 549
+1 2

fn=(7820) FilterPar::Pass2ThreadData* std::__uninitialized_default_n<FilterPar::Pass2ThreadData*, unsigned long>(FilterPar::Pass2ThreadData*, unsigned long)
925 5
+11 1
+5 5
cfn=(7822) FilterPar::Pass2ThreadData* std::__uninitialized_default_n_1<true>::__uninit_default_n<FilterPar::Pass2ThreadData*, unsigned long>(FilterPar::Pass2ThreadData*, unsigned long)
calls=1 -53 
* 549
+1 2

fn=(5902) std::enable_if<std::__is_bitwise_relocatable<unsigned long, void>::value, unsigned long*>::type std::__relocate_a_1<unsigned long, unsigned long>(unsigned long*, unsigned long*, unsigned long*, std::allocator<unsigned long>&)
1320 28
+4 16
+1 8
+12 18
cob=(2)
cfi=(2)
cfn=(4702)
calls=2 0 
* 26
* 2
+2 16
+1 8

fn=(5950)
1347 99
fi=(117)
3011 77
fe=(109)
1353 33
cfn=(5952) std::__detail::_State<char>* std::__relocate_a_1<std::__detail::_State<char>*, std::__detail::_State<char>*, std::allocator<std::__detail::_State<char> > >(std::__detail::_State<char>*, std::__detail::_State<char>*, std::__detail::_State<char>*, std::allocator<std::__detail::_State<char> >&)
calls=11 -56 
* 8118
+3 22

fn=(6642)
113 8
+1 14
+1 6

fn=(7138) float* std::__uninitialized_default_n_1<true>::__uninit_default_n<float*, unsigned long>(float*, unsigned long)
888 128
+2 64
fi=(105)
53 16
fe=(109)
893 16
+1 48
cfi=(102)
cfn=(7140)
calls=16 123 
* 400
+1 16
+1 112
fi=(145)
242 16
fi=(67)
1178 48
cfn=(7072)
calls=16 1024 
* 96
* 80
-35 32
+5 144
979 96
cfn=(7144)
calls=16 -82 
* 56008952
* 16
1149 64
+30 16
fe=(109)
896 16
+2 16
+1 80

fn=(6676)
613 14
+24 12
cfn=(6678)
calls=2 231 
* 866
+2 4

fn=(7068) double* std::__uninitialized_default_n_1<true>::__uninit_default_n<double*, unsigned long>(double*, unsigned long)
888 8
+2 4
fi=(105)
53 1
fe=(109)
893 1
+1 3
cfi=(102)
cfn=(7070)
calls=1 123 
* 25
+1 1
+1 7
fi=(145)
242 1
fi=(67)
1178 3
cfn=(7072)
calls=1 1024 
* 6
* 5
-35 2
+5 9
979 6
cfn=(7076)
calls=1 -82 
* 122
* 1
1149 4
+30 1
fe=(109)
896 1
+2 1
+1 5

fn=(5992) void std::__relocate_object_a<std::__detail::_State<char>, std::__detail::_State<char>, std::allocator<std::__detail::_State<char> > >(std::__detail::_State<char>*, std::__detail::_State<char>*, std::allocator<std::__detail::_State<char> >&)
1274 460
fi=(105)
139 368
-66 276
fi=(62)
191 184
cfi=(100)
cfn=(5738)
calls=46 +17 
* 322
* 138
fi=(105)
73 46
fi=(62)
191 138
cfi=(103)
cfn=(5912)
calls=46 -42 
* 2822
* 184
fi=(81)
680 138
fi=(105)
53 368
fi=(62)
198 138
cfi=(103)
cfn=(5964)
calls=46 -39 
* 1302
* 46
fi=(81)
700 46
fe=(109)
1284 276

fn=(6648)
125 16

fn=(7194) unsigned long* std::__uninitialized_default_n<unsigned long*, unsigned long>(unsigned long*, unsigned long)
925 5
+11 1
+5 5
cfn=(7196) unsigned long* std::__uninitialized_default_n_1<true>::__uninit_default_n<unsigned long*, unsigned long>(unsigned long*, unsigned long)
calls=1 -53 
* 216
+1 2

fn=(7196)
888 8
+2 4
fi=(105)
53 1
fe=(109)
893 1
+1 3
cfi=(102)
cfn=(7198)
calls=1 123 
* 24
+1 1
+1 7
fi=(145)
242 1
fi=(67)
1178 3
cfn=(7072)
calls=1 1024 
* 6
* 5
-35 2
+5 9
979 6
cfn=(7202)
calls=1 -82 
* 122
* 1
1149 4
+30 1
fe=(109)
896 1
+2 1
+1 5

fn=(7236)
888 8
+2 4
fi=(105)
53 1
fe=(109)
893 1
+1 3
cfi=(102)
cfn=(7238)
calls=1 123 
* 41
+1 1
+1 7
fi=(145)
242 1
fi=(67)
1178 3
cfn=(7072)
calls=1 1024 
* 6
* 5
-35 2
+5 9
979 6
cfn=(7242)
calls=1 -82 
* 438
* 1
1149 4
+30 1
fe=(109)
896 1
+2 1
+1 5

fn=(7822)
888 8
+2 4
fi=(105)
53 1
fe=(109)
893 1
+1 3
cfi=(102)
cfn=(7824)
calls=1 123 
* 41
+1 1
+1 7
fi=(145)
242 1
fi=(67)
1178 3
cfn=(7072)
calls=1 1024 
* 6
* 5
-35 2
+5 9
979 6
cfn=(7828)
calls=1 -82 
* 438
* 1
1149 4
+30 1
fe=(109)
896 1
+2 1
+1 5

fn=(5952)
1297 77
+12 22
+1 103
fi=(105)
53 184
fe=(109)
1311 184
cfn=(5992)
calls=46 -37 
* 7252
-1 263
+3 11
+1 22

fn=(6564)
720 14
+7 12
cfn=(6566) std::__cxx11::sub_match<__gnu_cxx::__normal_iterator<char const*, std::__cxx11::basic_string<char, std::char_traits<char>, std::allocator<char> > > >* std::uninitialized_fill_n<std::__cxx11::sub_match<__gnu_cxx::__normal_iterator<char const*, std::__cxx11::basic_string<char, std::char_traits<char>, std::allocator<char> > > >*, unsigned long, std::__cxx11::sub_match<__gnu_cxx::__normal_iterator<char const*, std::__cxx11::basic_string<char, std::char_traits<char>, std::allocator<char> > > > >(std::__cxx11::sub_match<__gnu_cxx::__normal_iterator<char const*, std::__cxx11::basic_string<char, std::char_traits<char>, std::allocator<char> > > >*, unsigned long, std::__cxx11::sub_match<__gnu_cxx::__normal_iterator<char const*, std::__cxx11::basic_string<char, std::char_traits<char>, std::allocator<char> > > > const&)
calls=2 526 
* 757
+1 4

fn=(6570) std::_UninitDestroyGuard<std::__cxx11::sub_match<__gnu_cxx::__normal_iterator<char const*, std::__cxx11::basic_string<char, std::char_traits<char>, std::allocator<char> > > >*, void>::_UninitDestroyGuard(std::__cxx11::sub_match<__gnu_cxx::__normal_iterator<char const*, std::__cxx11::basic_string<char, std::char_traits<char>, std::allocator<char> > > >*&)
113 16
+1 28
+1 12

fn=(7232)
994 6
+2 5
cfn=(7234)
calls=1 -71 
* 562
* 2

fn=(7818)
994 6
+2 5
cfn=(7820)
calls=1 -71 
* 562
* 2

fn=(6638)
925 10
+11 2
+5 10
cfn=(6640)
calls=2 -69 
* 1618
+1 4

fn=(7136) float* std::__uninitialized_default_n<float*, unsigned long>(float*, unsigned long)
925 80
+11 16
+5 80
cfn=(7138)
calls=16 -53 
* 56010472
+1 32

fn=(7192)
994 6
+2 5
cfn=(7194)
calls=1 -71 
* 229
* 2

fn=(5900)
1347 36
fi=(117)
3011 28
fe=(109)
1353 12
cfn=(5902)
calls=4 -33 
* 122
+3 8

fn=(6566)
526 12
+45 12
cfn=(6568) std::__cxx11::sub_match<__gnu_cxx::__normal_iterator<char const*, std::__cxx11::basic_string<char, std::char_traits<char>, std::allocator<char> > > >* std::__do_uninit_fill_n<std::__cxx11::sub_match<__gnu_cxx::__normal_iterator<char const*, std::__cxx11::basic_string<char, std::char_traits<char>, std::allocator<char> > > >*, unsigned long, std::__cxx11::sub_match<__gnu_cxx::__normal_iterator<char const*, std::__cxx11::basic_string<char, std::char_traits<char>, std::allocator<char> > > > >(std::__cxx11::sub_match<__gnu_cxx::__normal_iterator<char const*, std::__cxx11::basic_string<char, std::char_traits<char>, std::allocator<char> > > >*, unsigned long, std::__cxx11::sub_match<__gnu_cxx::__normal_iterator<char const*, std::__cxx11::basic_string<char, std::char_traits<char>, std::allocator<char> > > > const&)
calls=2 455 
* 729
+9 4

fn=(7066) double* std::__uninitialized_default_n<double*, unsigned long>(double*, unsigned long)
925 5
+11 1
+5 5
cfn=(7068)
calls=1 -53 
* 217
+1 2

fn=(7134)
994 96
+2 80
cfn=(7136)
calls=16 -71 
* 56010680
* 32

fn=(6568)
455 20
+2 10
cfn=(6570)
calls=2 113 
* 28
+12 2
+1 22
fi=(105)
53 11
fe=(109)
470 44
cfi=(102)
cfn=(6572)
calls=11 123 
* 396
-1 124
+2 6
cfn=(6574)
calls=2 125 
* 16
+1 2
+1 6
cfn=(6576)
calls=2 118 
* 28
-1 2
+1 12

fn=(6680)
140 20
+3 10
cfn=(6570)
calls=2 -30 
* 28
+1 2
fi=(117)
1090 11
fe=(109)
145 22
fi=(105)
-92 11
fe=(109)
+92 33
cfi=(102)
cfn=(6572)
calls=11 -22 
* 396
fi=(117)
1103 33
+1 11
fe=(109)
144 55
fi=(117)
1166 11
+81 33
-81 11
+81 33
fe=(109)
144 26
fi=(117)
1166 2
+81 6
-81 2
+81 6
fe=(109)
144 4
+2 6
cfn=(6574)
calls=2 -21 
* 16
+1 2
+1 6
cfn=(6576)
calls=2 -30 
* 28
-1 2
+1 12

fn=(7064)
994 6
+2 5
cfn=(7066)
calls=1 -71 
* 230
* 2

fl=(124)
fn=(6756) bool std::__invoke_impl<bool, std::__detail::_CharMatcher<std::__cxx11::regex_traits<char>, false, false>&, char>(std::__invoke_other, std::__detail::_CharMatcher<std::__cxx11::regex_traits<char>, false, false>&, char&&)
62 7
fi=(105)
+11 4
fe=(124)
-10 5
cfi=(93)
cfn=(6758)
calls=1 415 
* 27
* 2

fn=(6722)
106 70
fi=(105)
-33 40
fe=(124)
+43 30
cfn=(6724) bool std::__invoke_impl<bool, std::__detail::_BracketMatcher<std::__cxx11::regex_traits<char>, false, false>&, char>(std::__invoke_other, std::__detail::_BracketMatcher<std::__cxx11::regex_traits<char>, false, false>&, char&&)
calls=10 -54 
* 1180
+3 20

fn=(6724)
62 70
fi=(105)
+11 40
fe=(124)
-10 50
cfi=(93)
cfn=(6726)
calls=10 441 
* 1000
* 20

fn=(6754)
106 7
fi=(105)
-33 4
fe=(124)
+43 3
cfn=(6756)
calls=1 -54 
* 45
+3 2

fl=(96)
fn=(6046)
129 12
+1 9
cfi=(94)
cfn=(5670)
calls=3 +70 
* 24
* 18
cfi=(94)
cfn=(5672)
calls=3 +62 
* 24
* 12

fn=(5980)
225 591
+1 788

fn=(5684)
125 36
+1 45
cfi=(94)
cfn=(5672)
calls=9 +66 
* 72
* 36

fn=(6050)
115 15
+2 9
+1 3
+1 84
-1 117
+3 3
+1 6

fn=(6488)
210 16
cfi=(57)
cfn=(4788)
calls=2 895 
* 194
* 6

fn=(5682)
91 10
+19 242
-18 4
+1 6
+1 6
cfn=(5684)
calls=2 +31 
* 42
+1 10
-1 4
+3 6
cfn=(5684)
calls=2 +28 
* 42
+1 10
-1 4
+13 4
+1 20

fn=(5982)
229 57
+1 76

fl=(120)
fn=(6840)
901 7
fi=(105)
73 1
fe=(120)
902 6
fi=(105)
73 1
fe=(120)
902 4
+1 3

fn=(6646)
745 84
+1 56
fi=(117)
1054 84
fe=(120)
746 140

fn=(6926)
1288 6
fi=(105)
139 1
fe=(120)
1289 2
cfn=(6928) unsigned int&& std::__pair_get<0ul>::__move_get<unsigned int, unsigned int>(std::pair<unsigned int, unsigned int>&&)
calls=1 -51 
* 8
* 2

fn=(6928)
1238 3
+1 2
fi=(105)
73 1
fe=(120)
1239 2

fn=(6930)
1288 6
fi=(105)
139 1
fe=(120)
1289 2
cfn=(6932) unsigned int&& std::__pair_get<1ul>::__move_get<unsigned int, unsigned int>(std::pair<unsigned int, unsigned int>&&)
calls=1 -27 
* 9
* 2

fn=(6532)
745 6
+1 4
fi=(117)
1054 6
fe=(120)
746 6
fi=(117)
1054 6
fe=(120)
746 6

fn=(6744)
941 36
+4 36
+1 36
+1 9
+1 18

fn=(6778)
941 64
+4 64
+1 64
+1 16
+1 32

fn=(6932)
1262 3
+1 3
fi=(105)
73 1
fe=(120)
1263 2

fl=(117)
fn=(6780)
3073 20
-62 6
1166 2
3002 2
+72 10
1148 16
-89 6
+89 2
3074 10

fl=(114)
fn=(6114)
278 36
+4 9
cob=(7)
cfi=(40)
cfn=(5852)
calls=3 -62 
* 69
* 3
* 3
+22 9
cfi=(57)
cfn=(5544)
calls=3 585 
* 441
+1 3
+1 21
cfi=(98)
cfn=(6116)
calls=3 845 
* 66
* 18
cfi=(98)
cfn=(5698)
calls=3 941 
* 72
* 15
cfi=(57)
cfn=(6120)
calls=3 1497 
* 969
-1 21
+3 27
+1 18
cfi=(57)
cfn=(5582)
calls=3 4062 
* 738
* 6
+3 9
-1 6
+4 9
-7 9
+10 9
cfi=(57)
cfn=(4788)
calls=3 895 
* 291
* 21

fn=(6188)
322 5376
+4 2304
cob=(7)
cfi=(40)
cfn=(5852)
calls=768 220 
* 17664
* 768
* 768
+2 5376
cfi=(112)
cfn=(6068)
calls=768 44 
* 15360
+2 6024
+2 1536

fn=(6514)
48 30
+8 10
cfi=(90)
cfn=(6516)
calls=2 560 
* 40
* 4
+3 4
+1 6
+1 8
cfi=(91)
cfn=(6520)
calls=2 1361 
* 50
* 4
cfi=(103)
cfn=(6526)
calls=2 212 
* 14
* 10
cfi=(89)
cfn=(6528)
calls=2 2150 
* 2840
+3 6
cfi=(89)
cfn=(6596)
calls=2 779 
* 14
* 6
cfi=(94)
cfn=(5672)
calls=2 192 
* 16
+1 10
-1 4
+14 20
cfi=(121)
cfn=(6598)
calls=2 -9 
* 3180
+1 4
+1 6
cfi=(121)
cfn=(6656)
calls=2 +11 
* 15660
* 4
+3 6
cfi=(121)
cfn=(6784)
calls=2 -31 
* 780
+1 4
+2 10
cfi=(104)
cfn=(6768)
calls=2 998 
* 38
* 8
cfi=(104)
cfn=(6766)
calls=2 1018 
* 40
* 4
fi=(117)
1090 11
fe=(114)
86 11
+1 55
+1 48
fi=(117)
1103 18
+1 18
+62 6
+81 18
-81 6
+81 18
fe=(114)
86 12
fi=(117)
1103 15
+1 15
+62 5
+81 15
-81 5
+81 15
fe=(114)
86 10
fi=(117)
1104 4
+62 2
+81 6
-81 2
+81 6
fe=(114)
86 4
+3 6
cfi=(89)
cfn=(6810)
calls=2 2175 
* 146
* 2
+1 6
cfi=(89)
cfn=(6812)
calls=2 2183 
* 146
* 2
+1 4
+2 4
+1 6
+1 6
+1 4
+1 6
+1 8
+16 2
+1 12

fl=(116)
fn=(6142)
51 15

fn=(6176)
75 3840

fn=(6148)
123 15

ob=(1)
fl=(1)
fn=(466) 0x0000000000016190
0 225

fn=(628) 0x0000000000027520
0 729

fn=(732) 0x0000000000025320
0 471

fn=(1060) 0x000000000001afd0
0 30

fn=(1294) 0x000000000001dc20
0 19
cfn=(1296) 0x0000000000002540
calls=1 0 
0 2675
0 12

fn=(1362) 0x0000000000006640
0 9
cfn=(1364) 0x0000000000006420
calls=1 0 
0 63
0 34
cfn=(628)
calls=1 0 
0 35
0 3
cfn=(718) 0x000000000000b430
calls=1 0 
0 18
0 9

fn=(1398) 0x0000000000024490
0 126

fn=(2424) 0x0000000000013880
0 748
cfn=(1316) 0x000000000000b750
calls=73 0 
0 6760
0 13645
cfn=(890) 0x0000000000025ee0
calls=69 0 
0 2983
0 423
cfn=(890)
calls=3 0 
0 195
0 1308
cfn=(714) 0x000000000000b580
calls=6 0 
0 239
0 4248
cfn=(2582) 0x00000000000276c0
calls=1 0 
0 32
0 2

fn=(2674) 0x00000000000118c0
0 261
cob=(2)
cfi=(2)
cfn=(7272)
calls=28 0 
0 7809
cfn=(714)
calls=1 0 
0 29
0 319

fn=(3766) 0x000000000001b570
0 12
cfn=(3768) 0x000000000000b280
calls=1 0 
0 267
0 18
cfn=(3768)
calls=1 0 
0 268
0 14

fn=(3824) 0x000000000001b2d0
0 60
cfn=(2850) 0x000000000000a560
calls=4 0 
0 2980
0 96

fn=(3912) 0x00000000000185b0
0 27

fn=(3952) 0x0000000000005220
0 248
cob=(4)
cfi=(4)
cfn=(4068)
calls=1 0 
0 7
cob=(4)
cfi=(4)
cfn=(4058)
calls=1 0 
0 7
cob=(4)
cfi=(4)
cfn=(4042)
calls=1 0 
0 7
cob=(4)
cfi=(4)
cfn=(3966)
calls=1 0 
0 7
0 148
cob=(7)
cfi=(54)
cfn=(4588)
calls=1 160 
0 50
cob=(7)
cfi=(54)
cfn=(4580)
calls=1 160 
0 50
cob=(7)
cfi=(54)
cfn=(4572)
calls=1 160 
0 34
cob=(7)
cfi=(54)
cfn=(4564)
calls=1 160 
0 34
cob=(7)
cfi=(53)
cfn=(4562)
calls=1 42 
0 47
cob=(7)
cfi=(50)
cfn=(4556)
calls=1 127 
0 74
cob=(7)
cfi=(48)
cfn=(4344)
calls=1 456 
0 2325
cob=(7)
cfi=(46)
cfn=(4340)
calls=1 128 
0 11
cob=(7)
cfi=(45)
cfn=(4338)
calls=1 108 
0 3
cob=(7)
cfi=(44)
cfn=(4334)
calls=1 260 
0 184
cob=(7)
cfi=(43)
cfn=(4328)
calls=1 0 
0 12
cob=(7)
cfi=(42)
cfn=(4320)
calls=1 2174 
0 81
cob=(6) /usr/lib/libgcc_s.so.1
cfi=(9) ???
cfn=(4052) 0x0000000000005410
calls=1 0 
0 12
cob=(2)
cfi=(2)
cfn=(4034)
calls=1 0 
0 22
cob=(2)
cfi=(2)
cfn=(4026)
calls=1 0 
0 12
0 20
cob=(7)
cfi=(10)
cfn=(4072)
calls=1 118 
0 39394
cob=(3)
cfi=(3)
cfn=(4062)
calls=1 0 
0 12
cob=(6)
cfi=(6) /usr/src/debug/gcc/gcc/libgcc/config/i386/cpuinfo.c
cfn=(4046) __cpu_indicator_init@GCC_4.8.0
calls=1 60 
0 362
cob=(2)
cfi=(2)
cfn=(4000)
calls=1 0 
0 69
cob=(5) /usr/lib/valgrind/vgpreload_core-amd64-linux.so
cfi=(5) ???
cfn=(3978) 0x00000000000010e0
calls=1 0 
0 12
0 126

fn=(126) 0x0000000000011000
0 189

fn=(138) 0x000000000001c040
0 487

fn=(366) 0x0000000000016640
0 5351

fn=(1124) 0x000000000001aa60
0 48
cfn=(1136) 0x0000000000025310
calls=2 0 
0 26
0 22
cfn=(1020) 0x000000000001b090
calls=2 0 
0 140
0 4
cfn=(1020)
calls=2 0 
0 178
0 22

fn=(122) 0x000000000001b100
0 10

fn=(160) 0x0000000000013180
0 15500

fn=(2692) 0x0000000000012a60
0 33
cfn=(220)
calls=1 0 
0 18
0 21
cfn=(1158) 0x0000000000025510
calls=1 0 
0 13
0 10

fn=(2850)
0 903749
cfn=(2870) 0x00000000000099c0
calls=2881 0 
0 1065094
0 131096

fn=(3178) 0x0000000000024700
0 42

fn=(3394) 0x000000000000b7b0
0 159

fn=(3676)
0 594
cob=(2)
cfi=(2)
cfn=(7288)
calls=32 0 
0 1312
cfn=(772) 0x0000000000012a00
calls=1 0 
0 3
0 4389
cfn=(1136)
calls=99 0 
0 1287
0 594
cfn=(1158)
calls=99 0 
0 1716
0 1125
cob=(2)
cfi=(2)
cfn=(7290)
calls=32 0 
0 1312
cfn=(772)
calls=1 0 
0 3
0 363

fn=(3690) 0x00000000000232c0
0 449

fn=(3702) 0x0000000000023330
0 272
cfn=(3690)
calls=6 0 
0 377
0 24

fn=(3738) 0x0000000000023830
0 265

fn=(3780) 0x000000000000b1a0
0 93
cfn=(890)
calls=3 0 
0 232
0 36
cfn=(890)
calls=3 0 
0 213
0 36

fn=(3904) 0x000000000001d020
0 2

fn=(4652) 0x0000000000010940
0 2615
cfn=(2850)
calls=11 0 
0 9045
0 288
cfn=(2850)
calls=32 0 
0 25176
0 1645
cob=(2)
cfi=(2)
cfn=(3144)
calls=1 0 
0 22
cob=(2)
cfi=(2)
cfn=(3112)
calls=1 0 
0 21
cob=(2)
cfi=(2)
cfn=(3134)
calls=1 0 
0 25
cob=(2)
cfi=(2)
cfn=(3088)
calls=1 0 
0 22
cob=(2)
cfi=(2)
cfn=(3140)
calls=1 0 
0 25
0 15

fn=(234) 0x00000000000184e0
0 28
cfn=(246) 0x0000000000015ff0
calls=1 0 
0 71
0 28
cfn=(272) 0x00000000000169a0
calls=1 0 
0 196
0 96
cfn=(220)
calls=1 0 
0 17
0 7
cfn=(220)
calls=1 0 
0 17
0 15
cfn=(220)
calls=1 0 
0 17
0 10
cfn=(220)
calls=1 0 
0 17
0 11
cfn=(220)
calls=1 0 
0 17
0 8
cfn=(220)
calls=1 0 
0 17
0 14
cfn=(564) 0x0000000000013160
calls=1 0 
0 39
0 12
cfn=(564)
calls=1 0 
0 39
0 9
cfn=(564)
calls=1 0 
0 39
0 10
cfn=(564)
calls=1 0 
0 39
0 11
cfn=(564)
calls=1 0 
0 39
0 10
cfn=(564)
calls=1 0 
0 39
0 16
cfn=(220)
calls=1 0 
0 16
0 4
cfn=(220)
calls=1 0 
0 18
0 11
cfn=(220)
calls=1 0 
0 16
0 4
cfn=(220)
calls=1 0 
0 16
0 12
cfn=(220)
calls=1 0 
0 18
0 37
cfn=(360) 0x00000000000168b0
calls=1 0 
0 456
0 3
cfn=(360)
calls=1 0 
0 523
0 5
cfn=(360)
calls=1 0 
0 473
0 3
cfn=(360)
calls=1 0 
0 465
0 5
cfn=(360)
calls=1 0 
0 446
0 3
cfn=(360)
calls=1 0 
0 448
0 3
cfn=(360)
calls=1 0 
0 498
0 3
cfn=(360)
calls=1 0 
0 488
0 3
cfn=(360)
calls=1 0 
0 490
0 4
cfn=(360)
calls=1 0 
0 513
0 3
cfn=(360)
calls=1 0 
0 515
0 3
cfn=(360)
calls=1 0 
0 516
0 7
cfn=(466)
calls=1 0 
0 225
0 43

fn=(1230) _dl_debug_state
0 4

fn=(1244) 0x000000000001e880
0 30
cfn=(1294)
calls=1 0 
0 2706
0 6
cfn=(1250) 0x0000000000027340
calls=1 0 
0 238
0 8
cfn=(732)
calls=1 0 
0 19
0 11

fn=(1296)
0 14
cfn=(1298) _dl_catch_exception
calls=1 0 
0 2647
0 14

fn=(1942) 0x000000000000b680
0 11
cfn=(1398)
calls=1 0 
0 21
0 7
cfn=(1452) 0x0000000000024240
calls=1 0 
0 6
0 10
cfn=(1734) 0x0000000000024370
calls=1 0 
0 6
0 13
cfn=(1574) 0x0000000000024650
calls=1 0 
0 26
0 3

fn=(1234) 0x0000000000018510
0 5

fn=(1250)
0 238

fn=(2414) 0x000000000001de70
0 10
cfn=(2416) 0x00000000000141d0
calls=1 0 
0 30674
0 5

fn=(2618) 0x000000000001e100
0 14
cfn=(714)
calls=1 0 
0 29
0 5
cfn=(2624) 0x0000000000011c10
calls=1 0 
0 73
0 1
cfn=(2634) 0x0000000000011e10
calls=1 0 
0 234
0 1
cfn=(2662) 0x0000000000012020
calls=1 0 
0 471
0 14
cfn=(2692)
calls=1 0 
0 95
0 6

fn=(2752) 0x0000000000010910
0 144
cfn=(3178)
calls=6 0 
0 36
0 86
cfn=(2756) 0x000000000000e160
calls=6 0 
0 2555033
0 18

fn=(3432) 0x000000000000b5c0
0 10

fn=(3686) 0x00000000000238f0
0 10
cfn=(3702)
calls=1 0 
0 133
0 4
cfn=(718)
calls=1 0 
0 18
0 8
cfn=(3702)
calls=1 0 
0 540
0 11
cfn=(3690)
calls=1 0 
0 72
0 2
cfn=(3738)
calls=1 0 
0 265
0 7

fn=(3760) 0x00000000000184b0
0 6

fn=(3818) 0x000000000001b3a0
0 88
cfn=(3824)
calls=1 0 
0 746
0 5
cfn=(3824)
calls=1 0 
0 783
0 5
cfn=(3824)
calls=1 0 
0 844
0 5
cfn=(3824)
calls=1 0 
0 763
0 12

fn=(650) 0x0000000000012a10
0 17

fn=(1020)
0 88
cfn=(1022) 0x000000000001af20
calls=11 0 
0 467
0 6
cfn=(1022)
calls=3 0 
0 192
0 106
cfn=(1060)
calls=6 0 
0 30
0 45

fn=(1394) 0x0000000000005800
0 95
cfn=(1398)
calls=5 0 
0 105
0 55
cfn=(1412) 0x0000000000024530
calls=5 0 
0 30
0 256
cfn=(2180) 0x0000000000024500
calls=1 0 
0 7
0 13

fn=(1900) 0x0000000000006c50
0 96

fn=(1980) 0x0000000000014350
0 772
cfn=(1988) 0x0000000000014260
calls=46 0 
0 3544
0 284
cfn=(1988)
calls=4 0 
0 326
0 200

fn=(8208) 0x0000000000001f70
0 148
cob=(6)
cfi=(138) /usr/src/debug/gcc/gcc/libgcc/unwind-dw2-fde.c
cfn=(8356) release_registered_frames
calls=1 58 
0 42
cob=(3)
cfi=(3)
cfn=(8326)
calls=1 0 
0 42
cob=(7)
cfi=(43)
cfn=(8274)
calls=1 0 
0 1601
cob=(5)
cfi=(5)
cfn=(8258) 0x0000000000001090
calls=1 0 
0 116
cob=(8)
cfi=(55)
cfn=(8216)
calls=1 0 
0 116
0 2
cob=(6)
cfi=(9)
cfn=(8360) 0x00000000000053c0
calls=1 0 
0 116
cob=(3)
cfi=(3)
cfn=(8340)
calls=1 0 
0 116
0 82
cob=(4)
cfi=(4)
cfn=(8374)
calls=1 0 
0 4
cob=(4)
cfi=(4)
cfn=(8354)
calls=1 0 
0 4
cob=(4)
cfi=(4)
cfn=(8324)
calls=1 0 
0 4
cob=(4)
cfi=(4)
cfn=(8272)
calls=1 0 
0 4
cob=(4)
cfi=(4)
cfn=(8246)
calls=1 0 
0 4
0 12

fn=(772)
0 516

fn=(1304) 0x0000000000008900
0 1187
cfn=(1316)
calls=60 0 
0 6492
0 683
cfn=(890)
calls=28 0 
0 945
0 252
cfn=(1042) 0x0000000000025cb0
calls=5 0 
0 120
0 21
cfn=(1362)
calls=1 0 
0 171
0 15
cfn=(1394)
calls=1 0 
0 105
0 23
cfn=(1448) 0x0000000000007220
calls=1 0 
0 1817
0 72
cfn=(1448)
calls=4 0 
0 8829
0 41
cfn=(628)
calls=4 0 
0 68
0 68
cfn=(1900)
calls=4 0 
0 32
0 44
cfn=(1936) 0x0000000000014a00
calls=4 0 
0 5990
0 72
cfn=(1394)
calls=4 0 
0 456
0 60
cfn=(1900)
calls=4 0 
0 32
0 116
cfn=(1900)
calls=4 0 
0 32
0 64

fn=(1448)
0 155
cfn=(702) 0x000000000000baa0
calls=5 0 
0 1750
0 2191
cfn=(1574)
calls=5 0 
0 140
0 295
cfn=(1158)
calls=5 0 
0 826
0 280
cfn=(1574)
calls=15 0 
0 315
0 45
cfn=(1452)
calls=5 0 
0 30
0 293
cfn=(2180)
calls=1 0 
0 7
0 2274
cfn=(836) 0x0000000000007030
calls=5 0 
0 420
0 408
cfn=(1734)
calls=5 0 
0 30
0 60
cfn=(126)
calls=5 0 
0 135
0 129
cfn=(2142) 0x0000000000011cb0
calls=3 0 
0 33
0 15
cfn=(770) 0x000000000000ba00
calls=5 0 
0 265
0 30
cfn=(1776) 0x0000000000005760
calls=5 0 
0 220
0 21
cfn=(1574)
calls=2 0 
0 42
0 59
cfn=(890)
calls=4 0 
0 125
0 53

fn=(1822) 0x0000000000024210
0 9

fn=(2634)
0 144
cfn=(220)
calls=1 0 
0 18
0 17
cfn=(220)
calls=1 0 
0 18
0 37

fn=(2738) 0x00000000000159b0
0 25

fn=(2870)
0 739188
cfn=(2904) 0x0000000000009840
calls=2874 0 
0 275629
0 29933
cfn=(772)
calls=82 0 
0 246
0 9893
cfn=(714)
calls=1 0 
0 29
0 1260
cfn=(772)
calls=82 0 
0 246
0 4257
cfn=(3394)
calls=2 0 
0 159
0 8
cfn=(714)
calls=2 0 
0 58
0 2334
cfn=(3432)
calls=2 0 
0 10
0 1844

fn=(3658) 0x00000000000126d0
0 43

fn=(3922) 0x0000000000024730
0 6

fn=(3948) 0x0000000000005350
0 33
cfn=(3952)
calls=1 0 
0 41
0 42
cfn=(3952)
calls=6 0 
0 43245
0 24
cfn=(3952)
calls=1 0 
0 84
0 3

fn=(1302) 0x000000000001d700
0 15
cfn=(1304)
calls=1 0 
0 2560
0 4

fn=(1316)
0 1197
cfn=(890)
calls=133 0 
0 4059
0 1638
cfn=(890)
calls=151 0 
0 5391
0 967

fn=(1364)
0 112
cfn=(1042)
calls=14 0 
0 456
0 98

fn=(1412)
0 30

fn=(8166)
0 23
cob=(2)
cfi=(2)
cfn=(7288)
calls=1 0 
0 41
0 34
cfn=(3912)
calls=1 0 
0 9
0 123
cfn=(2324) 0x00000000000111f0
calls=1 0 
0 511
0 2
cob=(2)
cfi=(2)
cfn=(7290)
calls=1 0 
0 41
0 91
cfn=(8208)
calls=7 0 
0 2413
0 14
cfn=(8250) 0x00000000000187a0
calls=7 0 
0 35
0 33
cfn=(3912)
calls=1 0 
0 9
0 2

fn=(564)
0 234

fn=(656) 0x000000000001a940
0 369

fn=(718)
0 346
cfn=(1574)
calls=1 0 
0 26
0 7
cfn=(2094) 0x0000000000024760
calls=1 0 
0 5
0 79

fn=(878) 0x0000000000004ee0
0 8
cfn=(220)
calls=1 0 
0 18
0 7

fn=(890)
0 120132

fn=(1136)
0 1386

fn=(1222) 0x0000000000011da0
0 6

fn=(1298)
0 294
cfn=(1300) 0x0000000000024960
calls=14 0 
0 336
0 84
cfn=(1878) 0x0000000000003740
calls=13 0 
0 25533
cfn=(1302)
calls=1 0 
0 2579
0 238

fn=(1300)
0 336

fn=(1776)
0 55
cfn=(1778) 0x0000000000003580
calls=5 0 
0 35
0 130

fn=(2410) 0x00000000000022e0
0 13
cfn=(2414)
calls=1 0 
0 30689
0 8

fn=(2624)
0 12
cfn=(220)
calls=1 0 
0 17
0 5
cfn=(220)
calls=1 0 
0 17
0 22

fn=(218) 0x00000000000111c0
0 8
cfn=(220)
calls=1 0 
0 18
0 6

fn=(272)
0 196

fn=(714)
0 286
cfn=(1574)
calls=2 0 
0 52
0 14
cfn=(2094)
calls=2 0 
0 50
0 267

fn=(996) 0x000000000001ab00
0 18
cfn=(998) 0x000000000001ae90
calls=1 0 
0 36
0 8
cfn=(1020)
calls=1 0 
0 20
0 24
cfn=(1020)
calls=2 0 
0 140
0 2
cfn=(1020)
calls=1 0 
0 158
0 12
cfn=(718)
calls=1 0 
0 18
0 13
cfn=(1022)
calls=1 0 
0 7
0 40
cfn=(1020)
calls=2 0 
0 140
0 2
cfn=(1020)
calls=1 0 
0 158
0 39
cfn=(1100) 0x0000000000025040
calls=1 0 
0 19
0 30
cfn=(718)
calls=1 0 
0 18
0 14
cfn=(1124)
calls=1 0 
0 46
0 5
cfn=(1124)
calls=1 0 
0 394
0 17

fn=(1100)
0 19

fn=(2142)
0 33

fn=(2234) 0x0000000000024590
0 125

fn=(7270)
0 168
cfn=(2674)
calls=28 0 
0 8369
0 112
cfn=(3676)
calls=28 0 
0 10836

fn=(360)
0 372
cfn=(366)
calls=12 0 
0 4044
0 84
cfn=(366)
calls=12 0 
0 1307
0 24

fn=(702)
0 117
cfn=(628)
calls=5 0 
0 103
0 45
cfn=(714)
calls=5 0 
0 250
0 3
cfn=(714)
calls=1 0 
0 35
0 84
cfn=(732)
calls=6 0 
0 77
0 412
cfn=(628)
calls=5 0 
0 175
0 55
cfn=(1136)
calls=5 0 
0 73
0 477
cfn=(718)
calls=5 0 
0 90
0 40

fn=(1022)
0 291
cfn=(1042)
calls=9 0 
0 216
0 90
cfn=(628)
calls=3 0 
0 51
0 18

fn=(1158)
0 2569

fn=(2324)
0 300
cfn=(2342) 0x00000000000110c0
calls=14 0 
0 513
0 102
cfn=(732)
calls=2 0 
0 38
0 2

fn=(2416)
0 56
cfn=(2424)
calls=7 0 
0 30583
0 35

fn=(3208) 0x0000000000012720
0 81

fn=(4650)
0 1092
cfn=(4652)
calls=42 0 
0 38281
0 630

fn=(4651)
0 26
cfn=(4652)
calls=1 0 
0 618
0 15

fn=(770)
0 54
cfn=(772)
calls=6 0 
0 18
0 229

fn=(1178) 0x00000000000035d0
0 32

fn=(1378) 0x00000000000274c0
0 72
cfn=(628)
calls=4 0 
0 140
0 12
cfn=(718)
calls=4 0 
0 72
0 36

fn=(1988)
0 3870

fn=(8302)
0 24

fn=(0) 0x000000000001d5c0
0 2
cfn=(2) 0x000000000001e1d0
calls=1 0 
0 2654540
0 8
cfn=(3942) 0x0000000000015930
calls=1 0 
0 4
0 10
cfn=(3948)
calls=1 0 
0 43472
0 3
cob=(8)
cfi=(55)
cfn=(4602)
calls=1 0 
0 906372171

fn=(246)
0 71

fn=(836)
0 474

fn=(1778)
0 42

fn=(1846) 0x0000000000003790
0 187
cfn=(718)
calls=5 0 
0 90
0 40
cfn=(732)
calls=5 0 
0 63
0 30
cfn=(732)
calls=5 0 
0 63
0 555
cfn=(1364)
calls=13 0 
0 603
0 104
cfn=(1298)
calls=13 0 
0 26417
0 1233
cfn=(718)
calls=1 0 
0 18
0 122
cfn=(2324)
calls=1 0 
0 444
0 86
cfn=(2234)
calls=5 0 
0 125
0 24
cfn=(732)
calls=1 0 
0 19
0 5

fn=(2094)
0 27
cfn=(220)
calls=1 0 
0 18
0 10

fn=(2180)
0 14

fn=(7762)
0 480
cob=(2)
cfi=(2)
cfn=(5178)
calls=24 0 
0 96
0 1920
cob=(2)
cfi=(2)
cfn=(5178)
calls=384 0 
0 1536
0 912
cob=(2)
cfi=(2)
cfn=(5178)
calls=24 0 
0 2705
0 192

fn=(8250)
0 35

fn=(2)
0 563
cfn=(122)
calls=1 0 
0 10
0 8
cfn=(126)
calls=1 0 
0 27
0 8
cfn=(136) 0x000000000001cf60
calls=1 0 
0 2653901
0 23

fn=(4616)
0 5

fn=(136)
0 9
cfn=(138)
calls=1 0 
0 487
0 2
cfn=(160)
calls=1 0 
0 15500
0 1
cfn=(218)
calls=1 0 
0 32
0 2
cfn=(226) 0x0000000000022500
calls=1 0 
0 8
0 1
cfn=(234)
calls=1 0 
0 7184
0 4
cfn=(628)
calls=1 0 
0 17
0 3
cfn=(636) 0x0000000000022e30
calls=1 0 
0 13
0 11
cfn=(648) 0x000000000001e9a0
calls=1 0 
0 2630623
0 4

fn=(220)
0 695

fn=(648)
0 22
cfn=(650)
calls=1 0 
0 17
0 11
cfn=(656)
calls=1 0 
0 363
0 2
cfn=(656)
calls=1 0 
0 6
0 84
cfn=(702)
calls=1 0 
0 286
0 13
cfn=(770)
calls=1 0 
0 36
0 289
cfn=(836)
calls=1 0 
0 54
0 154
cfn=(878)
calls=1 0 
0 33
0 13
cfn=(890)
calls=1 0 
0 43
0 326
cfn=(126)
calls=1 0 
0 27
0 10
cfn=(994) 0x0000000000006cc0
calls=1 0 
0 1508
0 3
cfn=(1178)
calls=1 0 
0 32
0 48
cfn=(1222)
calls=1 0 
0 6
0 10
cfn=(1230)
calls=1 0 
0 2
0 4
cfn=(1234)
calls=1 0 
0 5
0 10
cfn=(1822)
calls=1 0 
0 9
0 21
cfn=(1846)
calls=1 0 
0 30228
0 127
cfn=(2410)
calls=1 0 
0 30710
0 133
cfn=(2738)
calls=1 0 
0 25
0 17
cfn=(2752)
calls=1 0 
0 83300
0 137
cfn=(2752)
calls=7 0 
0 2472017
0 32
cfn=(3208)
calls=3 0 
0 81
0 14
cfn=(3658)
calls=1 0 
0 43
0 10
cfn=(3676)
calls=1 0 
0 314
0 6
cfn=(3686)
calls=1 0 
0 1070
0 12
cfn=(2756)
calls=1 0 
0 260
0 6
cfn=(3766)
calls=1 0 
0 579
0 2
cfn=(3818)
calls=1 0 
0 3251
0 2
cfn=(3172) 0x000000000000dff0
calls=1 0 
0 35
0 3
cfn=(3852) 0x0000000000001f00
calls=1 0 
0 582
0 1
cfn=(3904)
calls=1 0 
0 2
0 2
cfn=(1778)
calls=1 0 
0 7
0 3
cfn=(1230)
calls=1 0 
0 2
0 4
cfn=(3912)
calls=1 0 
0 9
0 1
cfn=(3918) 0x0000000000014d80
calls=1 0 
0 19
0 111
cfn=(2618)
calls=1 0 
0 943
0 23
cfn=(1244)
calls=1 0 
0 3018
0 35

fn=(994)
0 14
cfn=(996)
calls=1 0 
0 1378
0 3
cfn=(718)
calls=1 0 
0 18
0 12
cfn=(718)
calls=1 0 
0 18
0 21
cfn=(1158)
calls=1 0 
0 14
0 30

fn=(1042)
0 792

fn=(1878)
0 234
cfn=(1304)
calls=13 0 
0 25247
0 52

fn=(1936)
0 85
cfn=(1980)
calls=4 0 
0 5126
0 28
cfn=(628)
calls=4 0 
0 140
0 68
cfn=(732)
calls=4 0 
0 44
0 8
cfn=(1378)
calls=4 0 
0 332
0 17
cfn=(1942)
calls=1 0 
0 103
0 39

fn=(2582)
0 32

fn=(2662)
0 11
cfn=(718)
calls=1 0 
0 85
0 318
cfn=(2674)
calls=1 0 
0 49
0 8

fn=(2904)
0 71160
cfn=(890)
calls=368 0 
0 21454
0 84321
cfn=(890)
calls=2838 0 
0 84492
0 14202

fn=(3172)
0 24
cfn=(3178)
calls=1 0 
0 6
0 5

fn=(3768)
0 136
cfn=(3780)
calls=3 0 
0 610
0 42

fn=(3852)
0 14
cfn=(3768)
calls=1 0 
0 253
0 12
cob=(2)
cfi=(2)
cfn=(3862)
calls=1 0 
0 303

fn=(3942)
0 4

fn=(998)
0 36

fn=(1574)
0 601

fn=(2342)
0 513

fn=(2756)
0 307205
cfn=(2850)
calls=2828 0 
0 2058917
0 149423
cfn=(3760)
calls=1 0 
0 6
cob=(3)
cfi=(3)
cfn=(3340)
calls=1 0 
0 10
cob=(3)
cfi=(3)
cfn=(3338)
calls=1 0 
0 9
cob=(3)
cfi=(3)
cfn=(3336)
calls=1 0 
0 10
cob=(3)
cfi=(3)
cfn=(3334)
calls=1 0 
0 9
cob=(3)
cfi=(3)
cfn=(3332)
calls=1 0 
0 10
cob=(3)
cfi=(3)
cfn=(3330)
calls=1 0 
0 9
cob=(3)
cfi=(3)
cfn=(3328)
calls=1 0 
0 10
cob=(3)
cfi=(3)
cfn=(3326)
calls=1 0 
0 10
cob=(3)
cfi=(3)
cfn=(3324)
calls=1 0 
0 10
cob=(3)
cfi=(3)
cfn=(3322)
calls=1 0 
0 8
cob=(3)
cfi=(3)
cfn=(3320)
calls=1 0 
0 10
cob=(3)
cfi=(3)
cfn=(3316)
calls=1 0 
0 10
cob=(3)
cfi=(3)
cfn=(3314)
calls=1 0 
0 9
cob=(3)
cfi=(3)
cfn=(3312)
calls=1 0 
0 9
cob=(3)
cfi=(3)
cfn=(3310)
calls=1 0 
0 8
cob=(3)
cfi=(3)
cfn=(3308)
calls=1 0 
0 10
cob=(3)
cfi=(3)
cfn=(3306)
calls=1 0 
0 6
cob=(3)
cfi=(3)
cfn=(3304)
calls=1 0 
0 7
cob=(3)
cfi=(3)
cfn=(3302)
calls=1 0 
0 8
cob=(3)
cfi=(3)
cfn=(3300)
calls=1 0 
0 10
cob=(3)
cfi=(3)
cfn=(3298)
calls=1 0 
0 10
cob=(3)
cfi=(3)
cfn=(3296)
calls=1 0 
0 10
cob=(3)
cfi=(3)
cfn=(3294)
calls=1 0 
0 10
cob=(3)
cfi=(3)
cfn=(3292)
calls=1 0 
0 9
cob=(3)
cfi=(3)
cfn=(3290)
calls=1 0 
0 9
cob=(3)
cfi=(3)
cfn=(3288)
calls=1 0 
0 6
cob=(3)
cfi=(3)
cfn=(3286)
calls=1 0 
0 8
cob=(2)
cfi=(2)
cfn=(3148)
calls=1 0 
0 7
cob=(2)
cfi=(2)
cfn=(3146)
calls=1 0 
0 21
cob=(2)
cfi=(2)
cfn=(3144)
calls=1 0 
0 22
cob=(2)
cfi=(2)
cfn=(3142)
calls=1 0 
0 21
cob=(2)
cfi=(2)
cfn=(3140)
calls=1 0 
0 25
cob=(2)
cfi=(2)
cfn=(3138)
calls=1 0 
0 22
cob=(2)
cfi=(2)
cfn=(3136)
calls=1 0 
0 19
cob=(2)
cfi=(2)
cfn=(3134)
calls=1 0 
0 25
cob=(2)
cfi=(2)
cfn=(3132)
calls=1 0 
0 25
cob=(2)
cfi=(2)
cfn=(3130)
calls=1 0 
0 22
cob=(2)
cfi=(2)
cfn=(3128)
calls=1 0 
0 17
cob=(2)
cfi=(2)
cfn=(3126)
calls=1 0 
0 7
cob=(2)
cfi=(2)
cfn=(3124)
calls=1 0 
0 22
cob=(2)
cfi=(2)
cfn=(3122)
calls=1 0 
0 22
cob=(2)
cfi=(2)
cfn=(3120)
calls=2 0 
0 42
cob=(2)
cfi=(2)
cfn=(3118)
calls=1 0 
0 21
cob=(2)
cfi=(2)
cfn=(3116)
calls=1 0 
0 25
cob=(2)
cfi=(2)
cfn=(3114)
calls=1 0 
0 25
cob=(2)
cfi=(2)
cfn=(3112)
calls=1 0 
0 21
cob=(2)
cfi=(2)
cfn=(3110)
calls=2 0 
0 50
cob=(2)
cfi=(2)
cfn=(3108)
calls=1 0 
0 25
cob=(2)
cfi=(2)
cfn=(3106)
calls=1 0 
0 20
cob=(2)
cfi=(2)
cfn=(3104)
calls=1 0 
0 7
cob=(2)
cfi=(2)
cfn=(3102)
calls=2 0 
0 50
cob=(2)
cfi=(2)
cfn=(3100)
calls=1 0 
0 20
cob=(2)
cfi=(2)
cfn=(3098)
calls=1 0 
0 23
cob=(2)
cfi=(2)
cfn=(3096)
calls=1 0 
0 20
cob=(2)
cfi=(2)
cfn=(3094)
calls=1 0 
0 22
cob=(2)
cfi=(2)
cfn=(3092)
calls=1 0 
0 22
cob=(2)
cfi=(2)
cfn=(3090)
calls=1 0 
0 18
cob=(2)
cfi=(2)
cfn=(3088)
calls=1 0 
0 22
cob=(2)
cfi=(2)
cfn=(3086)
calls=1 0 
0 23
cob=(2)
cfi=(2)
cfn=(3084)
calls=1 0 
0 19
cob=(2)
cfi=(2)
cfn=(3082)
calls=2 0 
0 20
cob=(2)
cfi=(2)
cfn=(3080)
calls=1 0 
0 18
cob=(2)
cfi=(2)
cfn=(3078)
calls=1 0 
0 25
cob=(2)
cfi=(2)
cfn=(3076)
calls=1 0 
0 22
cob=(2)
cfi=(2)
cfn=(3074)
calls=1 0 
0 19
cob=(2)
cfi=(2)
cfn=(3072)
calls=1 0 
0 18
cob=(2)
cfi=(2)
cfn=(3070)
calls=1 0 
0 22
cob=(2)
cfi=(2)
cfn=(3068)
calls=1 0 
0 22
cob=(2)
cfi=(2)
cfn=(3058)
calls=1 0 
0 30
0 696
cfn=(732)
calls=7 0 
0 148
0 834
cob=(2)
cfi=(2)
cfn=(3082)
calls=1 0 
0 10
cob=(2)
cfi=(2)
cfn=(3076)
calls=1 0 
0 22
cob=(2)
cfi=(2)
cfn=(3116)
calls=1 0 
0 25
cob=(2)
cfi=(2)
cfn=(3142)
calls=1 0 
0 21
cob=(2)
cfi=(2)
cfn=(3134)
calls=1 0 
0 25
cob=(2)
cfi=(2)
cfn=(3106)
calls=1 0 
0 20
cob=(2)
cfi=(2)
cfn=(3112)
calls=1 0 
0 21
cob=(2)
cfi=(2)
cfn=(3148)
calls=1 0 
0 7
cob=(2)
cfi=(2)
cfn=(3484)
calls=1 0 
0 7
cob=(2)
cfi=(2)
cfn=(3120)
calls=1 0 
0 21
cob=(2)
cfi=(2)
cfn=(3092)
calls=1 0 
0 22
cob=(2)
cfi=(2)
cfn=(3122)
calls=1 0 
0 22
cob=(2)
cfi=(2)
cfn=(3472)
calls=1 0 
0 7
cob=(2)
cfi=(2)
cfn=(3078)
calls=1 0 
0 25
cob=(2)
cfi=(2)
cfn=(3146)
calls=1 0 
0 21
cob=(2)
cfi=(2)
cfn=(3096)
calls=1 0 
0 20
cob=(2)
cfi=(2)
cfn=(3086)
calls=2 0 
0 46
cob=(2)
cfi=(2)
cfn=(3144)
calls=3 0 
0 66
cob=(2)
cfi=(2)
cfn=(3088)
calls=3 0 
0 66
cob=(2)
cfi=(2)
cfn=(3098)
calls=2 0 
0 46
cob=(2)
cfi=(2)
cfn=(3140)
calls=3 0 
0 75
0 25290
cfn=(2850)
calls=6 0 
0 3821
0 7166

fn=(3918)
0 9
cfn=(3922)
calls=1 0 
0 6
0 4

fn=(226)
0 8

fn=(636)
0 13

fn=(1452)
0 36

fn=(1734)
0 36

ob=(5)
fl=(5)
fn=(8258)
0 9
cob=(2)
cfi=(2)
cfn=(8222)
calls=1 0 
0 98
0 1
cfn=(8266) 0x0000000000001020
calls=1 0 
0 5
0 3

fn=(3978)
0 12

fn=(8266)
0 5

ob=(6)
fl=(9)
fn=(4052)
0 12

fn=(8360)
0 9
cob=(2)
cfi=(2)
cfn=(8222)
calls=1 0 
0 98
0 1
cfn=(8368) 0x0000000000005350
calls=1 0 
0 5
0 3

fn=(8368)
0 5

fl=(6)
fn=(4046)
60 1
fi=(8) /usr/src/debug/gcc/gcc/libgcc/../gcc/common/config/i386/cpuinfo.h
1123 4
fe=(6)
60 1
fi=(7) /usr/src/debug/gcc/gcc-build/gcc/include/cpuid.h
309 1
fe=(6)
60 6
fi=(7)
309 1
+21 2
+3 4
fi=(8)
1136 2
fi=(7)
309 2
+21 2
+3 3
fi=(8)
1150 1
+1 1
fi=(7)
333 1
fi=(8)
1150 1
+1 1
-1 1
+1 1
-1 1
+2 1
+1 1
-2 1
+2 1
-1 1
+1 1
744 1
1152 1
744 1
1152 1
744 2
+24 2
92 1
770 2
92 1
772 2
92 1
774 2
92 1
+9 1
776 2
+2 2
+3 2
92 1
783 3
92 1
785 2
92 1
787 2
92 1
789 2
92 1
791 2
92 1
793 2
92 1
795 2
+2 2
+2 2
+2 2
92 1
803 2
+2 2
+2 2
+2 2
92 1
811 2
92 1
813 2
+5 2
+4 5
+1 2
92 1
825 2
+2 2
+2 2
+2 2
+2 2
92 1
835 2
+2 2
+3 2
92 1
842 2
+2 2
+2 2
+2 2
+2 2
+2 2
+3 2
+2 2
+2 2
+2 2
+2 2
+2 2
+2 2
+2 2
+2 2
+4 2
+2 2
+2 2
+2 2
+2 2
+2 2
+9 2
+30 2
+58 2
+2 3
+1 2
+2 2
+2 2
+5 2
+63 3
+4 2
+2 2
+2 2
+2 2
+2 3
+2 2
+2 2
+2 2
+2 2
+2 2
+3 2
+2 2
+2 2
+3 2
+2 2
+2 2
+5 2
+2 3
+1 2
+2 2
75 1
1159 2
+16 1
75 1
1216 2
66 1
1217 2
fe=(6)
64 7
fi=(8)
750 2
+3 4
+7 5
+2 1
-1 3
1162 2
+5 2
+8 2
101 1
+2 1
-2 1
+2 1
-2 1
+2 1
-2 1
+2 1
-2 1
+2 1
-2 1
+2 1
-2 1
+2 1
742 2
1222 1
101 1
1222 3
+1 4
101 4
1232 4
+1 3
101 8
1124 2
+44 2
348 11
+99 2
+2 1
757 2
-2 1
+2 4
101 1
+2 1
-2 1
+2 1
-2 1
+2 1
-2 1
+2 1
-2 1
+2 1
-2 1
+2 1
fe=(6)

fl=(138)
fn=(8356)
58 2
+3 1
-3 1
+3 1
cfi=(139) /usr/src/debug/gcc/gcc/libgcc/unwind-dw2-btree.h
cfn=(8358) btree_destroy
calls=1 354 
* 16
+1 2
cfi=(139)
cfn=(8358)
calls=1 354 
* 16
+1 1
+1 2

fl=(139)
fn=(8358)
354 2
+3 2
-3 8
+3 2
+1 4
+4 6
+6 8

totals: 4386234037
