# callgrind format
version: 1
creator: callgrind-3.25.1
pid: 1257183
cmd:  ./blur_par 15 ./data/im2.ppm ./data_o/blur_im2_par_t1.ppm 1
part: 1


desc: I1 cache: 
desc: D1 cache: 
desc: LL cache: 

desc: Timerange: Basic block 0 - 860312776
desc: Trigger: Program termination

positions: line
events: Ir
summary: 8908439626


ob=(3) /usr/lib/libm.so.6
fl=(3) ???
fn=(3328) log2
0 10

fn=(3290) sin
0 9

fn=(3302) __asin_finite
0 8

fn=(3310) __acos_finite
0 8

fn=(3288) fmaf
0 6

fn=(3316) 0x0000000000059b70
0 10

fn=(3296) __sinh_finite
0 10

fn=(3304) roundeven
0 7

fn=(3338) __exp_finite
0 9

fn=(4062) 0x000000000000f760
0 12

fn=(3292) __atan2_finite
0 9

fn=(3300) expm1
0 10

fn=(3308) sinf
0 10

fn=(3312) atan
0 9

fn=(7076) exp
0 112
cfn=(7078) 0x000000000007bc90
calls=16 0 
0 552
0 192

fn=(7078)
0 552

fn=(3326) sincosf
0 10

fn=(3334) cos
0 5

ob=(4) ???
fl=(4) ???
fn=(4350) 0x0000000004cb92e0
0 4
cob=(2) /usr/lib/libc.so.6
cfi=(2) ???
cfn=(4352) 0x000000000016fde0
calls=2 0 
0 50

fn=(4058) 0x0000000004b7f000
0 7

fn=(8274) 0x000000000403af7c
0 4

fn=(4042) 0x0000000004c6c000
0 7

fn=(8402) 0x0000000004c8e7c8
0 4

fn=(3966) 0x000000000488f000
0 7

fn=(7430) 0x0000000004cb9290
0 8
cob=(2)
cfi=(2)
cfn=(7432) 0x000000000016e360
calls=4 0 
0 76

ob=(3)
fl=(3)
fn=(3334)
0 4

fn=(3306) fma
0 6

fn=(8354) 0x000000000000f670
0 5
cfn=(8356) 0x000000000000f620
calls=1 0 
0 16
0 2
cfn=(8356)
calls=1 0 
0 16
0 3

fn=(3322) __pow_finite
0 8

fn=(3330) tan
0 9

fn=(3340) cosf
0 10

fn=(3286) sincos
0 8

fn=(3294) __atanh_finite
0 10

ob=(4)
fl=(4)
fn=(4172) 0x0000000004cb9240
0 138
cob=(2)
cfi=(2)
cfn=(4174) 0x000000000016ed00
calls=69 0 
0 966

fn=(4068) 0x0000000004973000
0 7

fn=(8300) 0x000000000488f274
0 4

fn=(4994) 0x0000000004cb9330
0 4
cob=(2)
cfi=(2)
cfn=(4996) 0x000000000016e120
calls=2 0 
0 42

fn=(8352) 0x0000000004ac7264
0 4

fn=(8382) 0x0000000004c04588
0 4

fn=(4606) 0x0000000004006000
0 7

ob=(3)
fl=(3)
fn=(3336) expf
0 10

fn=(3298) exp2f
0 10

fn=(8356)
0 32

fn=(8368) 0x000000000000f710
0 9
cob=(2)
cfi=(2)
cfn=(8250) __cxa_finalize
calls=1 0 
0 98
0 1
cfn=(8376) 0x000000000000f6a0
calls=1 0 
0 5
0 3

fn=(3314) __log_finite
0 9

fn=(3320) log2f
0 10

fn=(3324) powf
0 10

fn=(3332) logf
0 5

ob=(4)
fl=(4)
fn=(4012) 0x0000000004cb9320
0 2
cob=(2)
cfi=(2)
cfn=(4014) 0x0000000000170bb0
calls=1 0 
0 22

ob=(3)
fl=(3)
fn=(3332)
0 5

fn=(8376)
0 5

ob=(7) /usr/lib/libstdc++.so.6.0.34
fl=(43) ???
fn=(8346) 0x00000000000ae430
0 5

fn=(4328) 0x00000000000ae4f0
0 12

fn=(8302) 0x00000000000ae4a0
0 9
cob=(2)
cfi=(2)
cfn=(8250)
calls=1 0 
0 1583
0 1
cfn=(8346)
calls=1 0 
0 5
0 3

fl=(71) /usr/src/debug/gcc/gcc/libstdc++-v3/libsupc++/new_opv.cc
fn=(5020) operator new[](unsigned long)
31 17
+1 17
cfi=(72) /usr/src/debug/gcc/gcc/libstdc++-v3/libsupc++/new_op.cc
cfn=(5022) operator new(unsigned long)
calls=17 +11 
* 8027

fl=(13) /usr/src/debug/gcc/gcc/libstdc++-v3/src/c++11/locale_init.cc
fn=(4080) std::locale::_S_initialize()
340 39
fi=(12) /usr/src/debug/gcc/gcc-build/x86_64-pc-linux-gnu/libstdc++-v3/include/ext/atomicity.h
54 39
fe=(13)
342 78
+3 139
fi=(129) /usr/src/debug/gcc/gcc-build/x86_64-pc-linux-gnu/libstdc++-v3/include/x86_64-pc-linux-gnu/bits/gthr-default.h
746 8
fe=(13)
340 8
fi=(129)
746 4
cob=(2)
cfi=(2)
cfn=(4092) pthread_once
calls=4 0 
* 101
fe=(13)
345 12
+2 8
-1 1
cfn=(4082) std::locale::_S_initialize_once()
calls=1 -22 
* 36139

fn=(4078) std::locale::locale()
269 273
+2 39
cfn=(4080)
calls=39 +69 
* 36576
+11 39
+1 39
-1 78
+1 78
+6 156

fn=(4084) std::locale::_Impl::_Impl(unsigned long)
490 2
+5 2
-5 11
+2 2
+3 2
+1 2
-1 49
+1 51
+3 16
+1 2
+1 1
cfi=(14) /usr/src/debug/gcc/gcc/libstdc++-v3/src/c++98/locale.cc
cfn=(4086) std::locale::facet::_S_get_c_name()
calls=1 233 
* 3
+9 3
fi=(140) /usr/include/bits/string_fortified.h
29 1
fe=(13)
510 1
fi=(140)
29 1
fe=(13)
510 1
cfi=(15) /usr/src/debug/gcc/gcc-build/x86_64-pc-linux-gnu/libstdc++-v3/src/c++11/ctype_configure_char.cc
cfn=(4088) std::ctype<char>::ctype(unsigned short const*, bool, unsigned long)
calls=1 121 
* 269
fi=(17) /usr/src/debug/gcc/gcc-build/x86_64-pc-linux-gnu/libstdc++-v3/include/bits/locale_classes.h
652 4
cfi=(14)
cfn=(4126) std::locale::_Impl::_M_install_facet(std::locale::id const*, std::locale::facet const*)
calls=1 325 
* 398
fe=(13)
511 3
cfi=(18) /usr/src/debug/gcc/gcc/libstdc++-v3/src/c++98/codecvt.cc
cfn=(4134) std::codecvt<char, char, __mbstate_t>::codecvt(unsigned long)
calls=1 38 
* 37
fi=(17)
652 4
cfi=(14)
cfn=(4126)
calls=1 325 
* 398
fi=(19) /usr/src/debug/gcc/gcc-build/x86_64-pc-linux-gnu/libstdc++-v3/include/bits/locale_facets.h
1636 1
-1 1
+85 1
fi=(17)
436 1
fi=(19)
1633 1
+87 1
-84 1
-4 1
+4 1
+83 1
-87 1
+87 1
-85 1
+85 2
-85 2
+1 2
+1 1
fi=(17)
436 1
fi=(19)
1719 1
+1 1
cfi=(20) /usr/src/debug/gcc/gcc-build/x86_64-pc-linux-gnu/libstdc++-v3/src/c++98/numeric_members.cc
cfn=(4138) std::__cxx11::numpunct<char>::_M_initialize_numpunct(__locale_struct*)
calls=1 92 
* 421
fi=(17)
652 4
cfi=(14)
cfn=(4126)
calls=1 325 
* 398
fi=(19)
1983 1
fi=(17)
652 2
436 1
652 1
fi=(19)
1983 2
fi=(17)
652 1
cfi=(14)
cfn=(4126)
calls=1 325 
* 398
fi=(19)
2347 1
fi=(17)
652 2
436 1
652 1
fi=(19)
2347 2
fi=(17)
652 1
cfi=(14)
cfn=(4126)
calls=1 325 
* 398
+63 1
436 1
715 3
cfi=(14)
cfn=(4090) std::locale::facet::_S_get_c_locale()
calls=1 221 
* 18
* 1
-63 4
cfi=(14)
cfn=(4126)
calls=1 325 
* 398
fi=(21) /usr/src/debug/gcc/gcc-build/x86_64-pc-linux-gnu/libstdc++-v3/include/bits/locale_facets_nonio.h
1026 1
-6 1
+88 1
fi=(17)
436 1
fi=(21)
1020 1
+88 2
-82 1
fi=(17)
436 1
fi=(21)
1026 1
+81 1
-88 1
+88 1
-88 2
+2 2
+1 2
+1 2
+1 1
+1 1
+1 1
fi=(17)
436 1
fi=(21)
1107 2
+1 1
cfi=(22) /usr/src/debug/gcc/gcc-build/x86_64-pc-linux-gnu/libstdc++-v3/src/c++98/monetary_members.cc
cfn=(4142) std::__cxx11::moneypunct<char, false>::_M_initialize_moneypunct(__locale_struct*, char const*)
calls=1 372 
* 114
fi=(17)
652 4
cfi=(14)
cfn=(4126)
calls=1 325 
* 398
fi=(21)
1026 1
+82 2
fi=(17)
436 1
fi=(21)
1019 1
+89 1
-82 1
-7 1
+7 1
-6 2
+87 1
-88 1
+88 1
-86 1
+86 2
-86 1
+1 2
+1 2
+1 1
+1 1
+1 1
fi=(17)
436 1
fi=(21)
1107 1
+1 1
cfi=(22)
cfn=(4144) std::__cxx11::moneypunct<char, true>::_M_initialize_moneypunct(__locale_struct*, char const*)
calls=1 216 
* 114
fi=(17)
652 4
cfi=(14)
cfn=(4126)
calls=1 325 
* 398
fi=(21)
1530 1
fi=(17)
652 2
436 1
652 1
fi=(21)
1530 2
fi=(17)
652 1
cfi=(14)
cfn=(4126)
calls=1 325 
* 398
fi=(21)
1690 1
fi=(17)
652 2
436 1
652 1
fi=(21)
1690 2
fi=(17)
652 1
cfi=(14)
cfn=(4126)
calls=1 325 
* 398
fi=(21)
138 1
-13 1
fi=(17)
436 1
fe=(13)
+97 1
fi=(21)
138 1
fe=(13)
533 2
fi=(21)
138 1
-13 1
+13 2
-13 22
fe=(13)
533 1
cfi=(23) /usr/src/debug/gcc/gcc-build/x86_64-pc-linux-gnu/libstdc++-v3/include/x86_64-pc-linux-gnu/bits/time_members.h
cfn=(4146) std::__timepunct<char>::__timepunct(std::__timepunct_cache<char>*, unsigned long)
calls=1 48 
* 179
fi=(17)
652 4
cfi=(14)
cfn=(4126)
calls=1 325 
* 398
fi=(21)
422 1
fi=(17)
652 2
436 1
652 1
fi=(21)
422 2
fi=(17)
652 1
cfi=(14)
cfn=(4126)
calls=1 325 
* 398
fi=(21)
859 1
fi=(17)
652 2
436 1
652 1
fi=(21)
859 2
fi=(17)
652 1
cfi=(14)
cfn=(4126)
calls=1 325 
* 398
fe=(13)
537 3
cfi=(25) /usr/src/debug/gcc/gcc-build/x86_64-pc-linux-gnu/libstdc++-v3/include/x86_64-pc-linux-gnu/bits/messages_members.h
cfn=(4150) std::__cxx11::messages<char>::messages(unsigned long)
calls=1 44 
* 42
fi=(17)
652 4
cfi=(14)
cfn=(4126)
calls=1 325 
* 398
fe=(13)
540 3
cfi=(26) /usr/src/debug/gcc/gcc/libstdc++-v3/src/c++11/ctype.cc
cfn=(4152) std::ctype<wchar_t>::ctype(unsigned long)
calls=1 103 
* 18710
fi=(17)
652 4
cfi=(14)
cfn=(4126)
calls=1 325 
* 398
fe=(13)
541 3
cfi=(18)
cfn=(4192) std::codecvt<wchar_t, char, __mbstate_t>::codecvt(unsigned long)
calls=1 118 
* 37
fi=(17)
652 4
cfi=(14)
cfn=(4126)
calls=1 325 
* 398
fi=(19)
1636 1
+84 1
fi=(17)
436 2
fi=(19)
1633 1
+87 1
-84 1
-4 1
+4 1
+83 1
-87 1
+87 1
-85 3
+1 2
+1 1
fi=(17)
436 1
fi=(19)
1719 2
+1 1
cfi=(20)
cfn=(4194) std::__cxx11::numpunct<wchar_t>::_M_initialize_numpunct(__locale_struct*)
calls=1 183 
* 353
fi=(17)
652 4
cfi=(14)
cfn=(4126)
calls=1 325 
* 398
fi=(19)
1983 1
fi=(17)
652 2
436 1
652 1
fi=(19)
1983 2
fi=(17)
652 1
cfi=(14)
cfn=(4126)
calls=1 325 
* 398
fi=(19)
2347 1
fi=(17)
652 2
436 1
652 1
fi=(19)
2347 2
fi=(17)
652 1
cfi=(14)
cfn=(4126)
calls=1 325 
* 398
+63 1
436 1
715 3
cfi=(14)
cfn=(4090)
calls=1 221 
* 18
* 8
-64 2
+1 8
cfi=(14)
cfn=(4126)
calls=1 325 
* 398
fi=(21)
1026 1
+82 2
fi=(17)
436 1
fi=(21)
1019 1
+89 1
-82 1
-7 1
+7 1
+81 1
-88 1
+88 1
-87 1
+87 2
-86 2
+1 2
+1 2
+1 1
+1 1
+1 1
fi=(17)
436 1
fi=(21)
1107 1
+1 1
cfi=(22)
cfn=(4196) std::__cxx11::moneypunct<wchar_t, false>::_M_initialize_moneypunct(__locale_struct*, char const*)
calls=1 741 
* 109
fi=(17)
652 4
cfi=(14)
cfn=(4126)
calls=1 325 
* 398
fi=(21)
1026 1
+82 2
fi=(17)
436 1
fi=(21)
1019 1
+89 1
-82 1
-7 1
+7 1
+81 1
-88 1
+88 1
-87 1
+1 2
+1 2
+1 2
+1 1
+1 1
+1 1
fi=(17)
436 1
fi=(21)
1107 2
+1 1
cfi=(22)
cfn=(4198) std::__cxx11::moneypunct<wchar_t, true>::_M_initialize_moneypunct(__locale_struct*, char const*)
calls=1 558 
* 109
fi=(17)
652 4
cfi=(14)
cfn=(4126)
calls=1 325 
* 398
fi=(21)
1530 1
fi=(17)
652 2
436 1
652 1
fi=(21)
1530 2
fi=(17)
652 1
cfi=(14)
cfn=(4126)
calls=1 325 
* 398
fi=(21)
1690 1
fi=(17)
652 2
436 1
652 1
fi=(21)
1690 2
fi=(17)
652 1
cfi=(14)
cfn=(4126)
calls=1 325 
* 398
fi=(21)
138 1
-13 1
fi=(17)
436 1
fe=(13)
563 1
fi=(21)
138 1
fe=(13)
563 2
fi=(21)
138 1
-13 1
+13 2
-13 22
fe=(13)
563 1
cfi=(23)
cfn=(4200) std::__timepunct<wchar_t>::__timepunct(std::__timepunct_cache<wchar_t>*, unsigned long)
calls=1 48 
* 175
fi=(17)
+89 4
cfi=(14)
cfn=(4126)
calls=1 325 
* 398
fi=(21)
422 1
fi=(17)
652 2
436 1
652 1
fi=(21)
422 2
fi=(17)
652 1
cfi=(14)
cfn=(4126)
calls=1 325 
* 398
fi=(21)
859 1
fi=(17)
652 2
436 1
652 1
fi=(21)
859 2
fi=(17)
652 1
cfi=(14)
cfn=(4126)
calls=1 325 
* 398
fe=(13)
-85 3
cfi=(25)
cfn=(4204) std::__cxx11::messages<wchar_t>::messages(unsigned long)
calls=1 44 
* 42
fi=(17)
+85 4
cfi=(14)
cfn=(4126)
calls=1 325 
* 398
fi=(29) /usr/src/debug/gcc/gcc-build/x86_64-pc-linux-gnu/libstdc++-v3/include/bits/codecvt.h
489 1
fi=(17)
652 2
436 1
652 1
fi=(29)
489 2
fi=(17)
652 1
cfi=(14)
cfn=(4126)
calls=1 325 
* 398
fi=(29)
546 1
fi=(17)
652 2
436 1
652 1
fi=(29)
546 2
fi=(17)
652 1
cfi=(14)
cfn=(4126)
calls=1 325 
* 398
fi=(29)
-48 1
fi=(17)
+48 2
436 1
652 1
fi=(29)
-48 2
fi=(17)
+48 1
cfi=(14)
cfn=(4126)
calls=1 325 
* 398
fi=(29)
+9 1
fi=(17)
-9 2
436 1
652 1
fi=(29)
+9 2
fi=(17)
-9 1
cfi=(14)
cfn=(4126)
calls=1 325 
* 398
fe=(13)
-62 2
+3 2
-3 4
+3 1
cfi=(30) /usr/src/debug/gcc/gcc/libstdc++-v3/src/c++11/cow-locale_init.cc
cfn=(4208) std::locale::_Impl::_M_init_extra(std::locale::facet**)
calls=1 100 
* 1926
+5 3
cfi=(14)
cfn=(4128) std::locale::id::_M_id() const
calls=1 -91 
* 6
* 1
+1 1
-1 1
+1 2
cfi=(14)
cfn=(4128)
calls=1 -92 
* 6
+1 1
-1 1
+1 2
cfi=(14)
cfn=(4128)
calls=1 -93 
* 6
* 1
+1 1
-1 1
+1 2
cfi=(14)
cfn=(4128)
calls=1 -94 
* 6
* 1
+2 1
-2 1
+2 2
cfi=(14)
cfn=(4128)
calls=1 -96 
* 6
+1 1
-1 1
+1 2
cfi=(14)
cfn=(4128)
calls=1 -97 
* 6
* 1
+1 1
-1 1
+1 2
cfi=(14)
cfn=(4128)
calls=1 -98 
* 6
+1 2
-1 1
+1 1
cfi=(14)
cfn=(4128)
calls=1 -99 
* 6
* 2
+2 11

fn=(4082)
324 2
+4 7
-4 1
+9 2
-9 1
+9 1
cfn=(4084)
calls=1 490 
* 36118
* 2
+2 2
-2 1
+1 2
+2 1
-1 1
cfi=(14)
cfn=(4230) std::locale::locale(std::locale::_Impl*)
calls=1 88 
* 3

fl=(14)
fn=(4128)
507 887
+1 2661
fi=(12)
54 48
fe=(14)
521 96
+22 288
+2 48
+1 48
-1 839
+1 839

fn=(4086)
233 21

fn=(4090)
221 14
fi=(129)
746 28
fe=(14)
221 28
fi=(129)
746 14
cob=(2)
cfi=(2)
cfn=(4092)
calls=14 0 
* 215
fe=(14)
226 56
+3 28

fn=(4106) std::locale::facet::_S_initialize_once()
208 1
+4 3
+4 3
cfi=(16) /usr/src/debug/gcc/gcc-build/x86_64-pc-linux-gnu/libstdc++-v3/src/c++98/c++locale.cc
cfn=(4108) std::locale::facet::_S_create_c_locale(__locale_struct*&, char const*, __locale_struct*)
calls=1 -82 
* 52

fn=(4248) std::locale::~locale()
91 33
+2 132
fi=(17)
605 33
fe=(14)

fn=(5636) std::locale::locale(std::locale const&)
78 8
+1 8
+2 8
-2 8
+2 16
+2 8

fn=(4230)
88 2
+1 1

fn=(4126)
325 320
+1 128
+2 32
cfn=(4128)
calls=32 507 
* 480
+3 32
-3 32
+3 96
fi=(12)
54 32
+40 32
+16 64
-16 32
fe=(14)
369 64
+1 32
-1 32
+1 64
+36 96
+15 4768
+2 1536
+1 4608
+7 256

fn=(4246) std::locale::operator=(std::locale const&)
120 38
+1 95
+4 38
+2 38
-4 57

fl=(10) /usr/src/debug/gcc/gcc/libstdc++-v3/src/c++98/globals_io.cc
fn=(4072) _GLOBAL__sub_I.00090_globals_io.cc
118 2
-38 1
+38 1
-38 1
cfi=(11) /usr/src/debug/gcc/gcc/libstdc++-v3/src/c++98/ios_init.cc
cfn=(4074) std::ios_base::Init::Init()
calls=1 -2 
* 39311
* 2
+38 1
-38 2
cob=(2)
cfi=(2)
cfn=(4292) __cxa_atexit
calls=1 -80 
* 73

fl=(82) /usr/src/debug/gcc/gcc-build/x86_64-pc-linux-gnu/libstdc++-v3/include/bits/basic_string.tcc
fn=(5576) std::__cxx11::basic_string<char, std::char_traits<char>, std::allocator<char> >::_M_append(char const*, unsigned long) [clone .isra.0]
444 9
fi=(80) /usr/src/debug/gcc/gcc-build/x86_64-pc-linux-gnu/libstdc++-v3/include/bits/basic_string.h
259 3
fe=(82)
444 6
fi=(80)
1165 3
239 3
+41 6
fe=(82)
447 3
+2 6
+2 6
+1 3
fi=(80)
-2 9
fi=(77) /usr/src/debug/gcc/gcc-build/x86_64-pc-linux-gnu/libstdc++-v3/include/bits/char_traits.h
-21 9
cob=(2)
cfi=(2)
cfn=(4702) 0x000000000016bf80
calls=3 0 
* 49
fi=(80)
239 3
454 3
239 3
-5 3
fi=(77)
352 3
fe=(82)
459 6
fi=(80)
1279 6
fe=(82)

fn=(5138) std::__cxx11::basic_string<char, std::char_traits<char>, std::allocator<char> >::swap(std::__cxx11::basic_string<char, std::char_traits<char>, std::allocator<char> >&)
64 126
+3 28
fi=(80)
239 14
+18 14
-18 14
+41 28
-23 13
fe=(82)
116 13
fi=(80)
280 26
-51 13
fe=(82)
-99 13
fi=(80)
+99 13
+37 52
1165 13
234 26
fe=(82)
-96 39
fi=(80)
1165 1
234 2
fe=(82)
-96 73
fi=(80)
257 1
+25 1
-2 2
fe=(82)
108 1
-2 1
fi=(77)
429 11
fi=(80)
229 2
+37 3
fe=(82)

fl=(135) /usr/src/debug/gcc/gcc-build/x86_64-pc-linux-gnu/libstdc++-v3/include/bits/shared_ptr_atomic.h
fn=(8314) std::atomic<std::shared_ptr<std::chrono::tzdb_list::_Node> >::~atomic()
631 1
fi=(141) /usr/src/debug/gcc/gcc-build/x86_64-pc-linux-gnu/libstdc++-v3/include/bits/atomic_base.h
501 1
fe=(135)
-76 2
+1 3

fl=(33) /usr/src/debug/gcc/gcc-build/x86_64-pc-linux-gnu/libstdc++-v3/include/ext/stdio_sync_filebuf.h
fn=(8338) __gnu_cxx::stdio_sync_filebuf<wchar_t, std::char_traits<wchar_t> >::sync()
193 5
+1 10
cob=(2)
cfi=(2)
cfn=(8322) fflush
calls=5 0 
* 360

fn=(8320) __gnu_cxx::stdio_sync_filebuf<char, std::char_traits<char> >::sync()
193 5
+1 10
cob=(2)
cfi=(2)
cfn=(8322)
calls=5 0 
* 360

fl=(32) /usr/src/debug/gcc/gcc-build/x86_64-pc-linux-gnu/libstdc++-v3/src/c++98/monetary_members_cow.cc
fn=(4218) std::moneypunct<char, true>::_M_initialize_moneypunct(__locale_struct*, char const*)
216 11
+1 2
+3 2
+3 1
+12 1
-10 1
-2 1
+1 1
+11 1
-11 1
+1 2
+1 1
+1 1
+1 1
+1 1
+1 1
+1 1
+1 1
+1 1
+1 1
+1 1
+1 2
+3 2
-1 2
+1 3
-1 3
+1 30
-1 30
366 8

fn=(4226) std::moneypunct<wchar_t, true>::_M_initialize_moneypunct(__locale_struct*, char const*)
558 13
+1 2
+3 2
731 11
565 2
+5 1
-3 1
-2 1
+12 1
-7 1
+7 1
-5 1
+2 1
+3 1
-10 1
+1 1
+1 1
+2 1
+2 1
+2 1
+1 1
+2 2
+5 1
-1 1
+1 1
-2 2
+2 2
-2 3
+2 20
-2 31

fn=(4216) std::moneypunct<char, false>::_M_initialize_moneypunct(__locale_struct*, char const*)
372 11
+1 2
+3 2
+3 1
+12 1
-10 1
-2 1
+1 1
+11 1
-11 1
+1 2
+1 1
+1 1
+1 1
+1 1
+1 1
+1 1
+1 1
+1 1
+1 1
+1 1
+1 2
+3 2
-1 2
+1 3
-1 3
+1 30
-1 30
517 8

fn=(4224) std::moneypunct<wchar_t, false>::_M_initialize_moneypunct(__locale_struct*, char const*)
741 13
+1 2
+3 2
914 11
748 2
+5 1
-3 1
-2 1
+12 1
-7 1
+7 1
-5 1
+2 1
+3 1
-10 1
+1 1
+1 1
+2 1
+2 1
+2 1
+1 1
+2 2
+5 1
-1 1
+1 1
-2 2
+2 2
-2 3
+2 20
-2 31

fl=(44) /usr/src/debug/gcc/gcc/libstdc++-v3/src/c++11/compatibility-c++0x.cc
fn=(4336) std::error_category::error_category()
180 10

fn=(8310) std::error_category::~error_category()
182 4

fn=(8312) std::(anonymous namespace)::generic_error_category::~generic_error_category()
188 4
cfn=(8310)
calls=1 -6 
* 2

fn=(4334) _GLOBAL__sub_I_compatibility_c__0x.cc
260 2
-72 1
+30 1
+42 1
-72 1
cfn=(4336)
calls=1 -8 
* 5
* 1
+30 3
-30 1
+30 1
cob=(2)
cfi=(2)
cfn=(4292)
calls=1 0 
* 76
-15 1
+16 1
-16 1
cfn=(4336)
calls=1 -23 
* 5
* 1
+57 1
-42 1
-15 1
+15 3
cob=(2)
cfi=(2)
cfn=(4292)
calls=1 0 
* 76

fn=(8308) std::(anonymous namespace)::system_error_category::~system_error_category()
203 4
cfn=(8310)
calls=1 -21 
* 2

fl=(130) /usr/src/debug/gcc/gcc-build/x86_64-pc-linux-gnu/libstdc++-v3/include/bits/ostream_insert.h
fn=(8010) std::basic_ostream<char, std::char_traits<char> >& std::__ostream_insert<char, std::char_traits<char> >(std::basic_ostream<char, std::char_traits<char> >&, char const*, long)
84 22
+6 4
-6 6
+6 2
cfi=(131) /usr/src/debug/gcc/gcc-build/x86_64-pc-linux-gnu/libstdc++-v3/include/bits/ostream.tcc
cfn=(8012) std::ostream::sentry::sentry(std::ostream&)
calls=2 -40 
* 30
+1 4
+4 6
fi=(36) /usr/src/debug/gcc/gcc-build/x86_64-pc-linux-gnu/libstdc++-v3/include/bits/ios_base.h
790 4
fe=(130)
96 4
fi=(36)
801 2
fi=(37) /usr/src/debug/gcc/gcc-build/x86_64-pc-linux-gnu/libstdc++-v3/include/bits/ostream.h
577 8
+1 4
fe=(130)
121 24
fi=(34) /usr/src/debug/gcc/gcc-build/x86_64-pc-linux-gnu/libstdc++-v3/include/bits/basic_ios.h
338 2
fi=(75) /usr/src/debug/gcc/gcc-build/x86_64-pc-linux-gnu/libstdc++-v3/include/streambuf
460 8
cfi=(69) /usr/src/debug/gcc/gcc-build/x86_64-pc-linux-gnu/libstdc++-v3/include/bits/fstream.tcc
cfn=(8016) std::basic_filebuf<char, std::char_traits<char> >::xsputn(char const*, long)
calls=2 759 
* 270
fe=(130)
60 6
-1 4

fl=(25)
fn=(4150)
44 2
fi=(17)
436 3
fe=(25)
44 4
fi=(17)
436 1
fe=(25)
46 3
-1 1
cfi=(14)
cfn=(4090)
calls=1 221 
* 18
* 1
+1 1
cfi=(14)
cfn=(4086)
calls=1 233 
* 3
* 1
+1 4

fn=(4204)
44 2
fi=(17)
436 3
fe=(25)
44 4
fi=(17)
436 1
fe=(25)
46 3
-1 1
cfi=(14)
cfn=(4090)
calls=1 221 
* 18
* 1
+1 1
cfi=(14)
cfn=(4086)
calls=1 233 
* 3
* 1
+1 4

fn=(4228) std::messages<wchar_t>::messages(unsigned long)
44 2
fi=(17)
436 3
fe=(25)
44 4
fi=(17)
436 1
fe=(25)
46 3
-1 1
cfi=(14)
cfn=(4090)
calls=1 221 
* 18
* 1
+1 1
cfi=(14)
cfn=(4086)
calls=1 233 
* 3
* 1
+1 4

fn=(4220) std::messages<char>::messages(unsigned long)
44 2
fi=(17)
436 3
fe=(25)
44 4
fi=(17)
436 1
fe=(25)
46 3
-1 1
cfi=(14)
cfn=(4090)
calls=1 221 
* 18
* 1
+1 1
cfi=(14)
cfn=(4086)
calls=1 233 
* 3
* 1
+1 4

fl=(131)
fn=(8012)
50 3145742
+5 3145742
-3 3145742
-2 3145742
+2 3145742
+3 6291484
fi=(34)
311 3145742
147 3145742
fe=(131)
-92 6291486
-5 1
+6 1
-6 4
+6 1
cfn=(8047) std::ostream::flush()'2
calls=1 225 
* 132
+2 4
fi=(34)
+89 1
fe=(131)
-89 3
+1 1
+3 2
-4 6291482
+1 6291482

fn=(8013) std::ostream::sentry::sentry(std::ostream&)'2
50 1
+5 1
-3 1
-2 1
+2 1
+3 2
fi=(34)
311 1
147 1
fe=(131)
-92 2
+3 2
+1 2

fn=(8042) std::ostream::put(char)
157 34603041
+9 9437193
cfn=(8012)
calls=3145731 50 
* 47185965
+1 6291462
+5 3145731
fi=(34)
338 6291462
fi=(75)
541 3145731
436 6291462
+2 3145347
554 3145347
fi=(37)
+23 12581388
+1 6290694
-1 1536
+1 768
fe=(131)
187 31457310
fi=(75)
443 384
fi=(77)
+9 384
fi=(75)
-9 384
cfi=(69)
cfn=(8022) std::basic_filebuf<char, std::char_traits<char> >::overflow(int)
calls=384 545 
* 80640
fe=(131)
173 768

fn=(8334) std::basic_ostream<wchar_t, std::char_traits<wchar_t> >::flush()
225 21
+8 3
-8 9
fi=(34)
338 3
fe=(131)
233 6
+2 9
cfn=(8336) std::basic_ostream<wchar_t, std::char_traits<wchar_t> >::sentry::sentry(std::basic_ostream<wchar_t, std::char_traits<wchar_t> >&)
calls=3 50 
* 193
+1 6
+5 3
fi=(34)
+97 6
fi=(75)
-58 6
cfi=(33)
cfn=(8338)
calls=3 -87 
* 225
fe=(131)
-39 6
fi=(37)
577 12
+1 6
fe=(131)
256 30
fi=(37)
577 3
+1 2
cfi=(136) /usr/src/debug/gcc/gcc/libstdc++-v3/libsupc++/eh_catch.cc
cfn=(8326) std::uncaught_exception()
calls=1 138 
* 29
* 2
-63 1
fi=(34)
338 1
fi=(37)
515 1
+1 1
+69 2
fi=(75)
280 2
cfi=(33)
cfn=(8338)
calls=1 -87 
* 75
fi=(37)
585 2
-66 5
fe=(131)

fn=(8335) std::basic_ostream<wchar_t, std::char_traits<wchar_t> >::flush()'2
225 7
+8 1
-8 3
fi=(34)
338 1
fe=(131)
233 2
+2 3
cfn=(8337) std::basic_ostream<wchar_t, std::char_traits<wchar_t> >::sentry::sentry(std::basic_ostream<wchar_t, std::char_traits<wchar_t> >&)'2
calls=1 50 
* 15
+1 2
+5 1
fi=(34)
+97 2
fi=(75)
-58 2
cfi=(33)
cfn=(8338)
calls=1 -87 
* 75
fe=(131)
-39 2
fi=(37)
577 4
+1 2
fe=(131)
256 10

fn=(8336)
50 3
+5 3
-3 3
-2 3
+2 3
+3 6
fi=(34)
311 3
147 3
fe=(131)
-92 8
-5 1
+6 1
-6 4
+6 1
cfn=(8335)
calls=1 225 
* 132
+2 4
fi=(34)
+89 1
fe=(131)
-89 3
+1 1
+3 2
-4 4
+1 4

fn=(8337)
50 1
+5 1
-3 1
-2 1
+2 1
+3 2
fi=(34)
311 1
147 1
fe=(131)
-92 2
+3 2
+1 2

fn=(8046) std::ostream::flush()
225 42
+8 6
-8 18
fi=(34)
338 6
fe=(131)
233 12
+2 18
cfn=(8012)
calls=6 50 
* 238
+1 12
+5 6
fi=(34)
+97 12
fi=(75)
-58 12
cfi=(33)
cfn=(8320)
calls=3 -87 
* 225
cfi=(69)
cfn=(8048) std::basic_filebuf<char, std::char_traits<char> >::sync()
calls=3 1013 
* 663
fe=(131)
-39 12
fi=(37)
577 24
+1 12
fe=(131)
256 60
fi=(37)
577 3
+1 2
cfi=(136)
cfn=(8326)
calls=1 138 
* 29
* 2
-63 1
fi=(34)
338 1
fi=(37)
515 1
+1 1
+69 2
fi=(75)
280 2
cfi=(33)
cfn=(8320)
calls=1 -87 
* 75
fi=(37)
585 2
-66 5
fe=(131)

fn=(8047)
225 7
+8 1
-8 3
fi=(34)
338 1
fe=(131)
233 2
+2 3
cfn=(8013)
calls=1 50 
* 15
+1 2
+5 1
fi=(34)
+97 2
fi=(75)
-58 2
cfi=(33)
cfn=(8320)
calls=1 -87 
* 75
fe=(131)
-39 2
fi=(37)
577 4
+1 2
fe=(131)
256 10

fn=(8066) std::ostream& std::ostream::_M_insert<unsigned long>(unsigned long)
67 39
+3 9
cfn=(8012)
calls=3 -20 
* 45
+1 6
+6 12
fi=(34)
-26 6
389 6
fi=(19)
2413 3
fi=(34)
338 3
fi=(19)
2413 12
fi=(134) /usr/src/debug/gcc/gcc-build/x86_64-pc-linux-gnu/libstdc++-v3/include/bits/streambuf_iterator.h
287 6
fi=(19)
2413 3
cfn=(8072) std::num_put<char, std::ostreambuf_iterator<char, std::char_traits<char> > >::do_put(std::ostreambuf_iterator<char, std::char_traits<char> >, std::ios_base&, char, unsigned long) const
calls=3 2553 
* 830
fe=(131)
82 6
fi=(37)
577 12
+1 6
fe=(131)
96 36

fl=(50) /usr/src/debug/gcc/gcc/libstdc++-v3/src/c++98/bitmap_allocator.cc
fn=(4556) _GLOBAL__sub_I_bitmap_allocator.cc
127 1
fi=(51) /usr/src/debug/gcc/gcc-build/x86_64-pc-linux-gnu/libstdc++-v3/include/ext/bitmap_allocator.h
1113 4
106 5
1126 3
+5 3
fi=(52) /usr/src/debug/gcc/gcc-build/x86_64-pc-linux-gnu/libstdc++-v3/include/ext/concurrence.h
134 1
fi=(51)
1131 1
fi=(52)
134 13
fi=(51)
1113 4
106 5
1126 3
+5 3
fi=(52)
134 1
fi=(51)
1131 1
fi=(52)
134 13
fe=(50)
-7 1
fi=(51)
1126 1
412 2
+9 1
-9 1
+10 1
1126 1
412 2
+9 1
-9 1
+10 1
fe=(50)

fl=(47) /usr/src/debug/gcc/gcc/libstdc++-v3/src/c++11/future.cc
fn=(4342) std::future_category()
89 3

fl=(23)
fn=(4146)
48 2
fi=(17)
436 2
fe=(23)
49 1
fi=(17)
436 1
fe=(23)
48 4
fi=(17)
436 1
fe=(23)
50 1
-1 1
+1 3
cfi=(14)
cfn=(4086)
calls=1 233 
* 3
+1 2
-1 1
+1 1
cfi=(24) /usr/src/debug/gcc/gcc-build/x86_64-pc-linux-gnu/libstdc++-v3/src/c++98/time_members.cc
cfn=(4148) std::__timepunct<char>::_M_initialize_timepunct(__locale_struct*)
calls=1 +15 
* 152
* 4

fn=(4200)
48 2
fi=(17)
436 2
fe=(23)
49 1
fi=(17)
436 1
fe=(23)
48 4
fi=(17)
436 1
fe=(23)
50 1
-1 1
+1 3
cfi=(14)
cfn=(4086)
calls=1 233 
* 3
+1 2
-1 1
+1 1
cfi=(24)
cfn=(4202) std::__timepunct<wchar_t>::_M_initialize_timepunct(__locale_struct*)
calls=1 222 
* 148
* 4

fl=(37)
fn=(8100) std::basic_ostream<char, std::char_traits<char> >& std::operator<< <std::char_traits<char> >(std::basic_ostream<char, std::char_traits<char> >&, unsigned char)
658 22020096
-14 6291456
fi=(36)
790 3145728
fe=(37)
644 6291456
+15 15728640
-13 9437184
cfi=(131)
cfn=(8042)
calls=3145728 157 
* 173096832
+1 3145728
+12 3145728

fn=(8006) std::basic_ostream<char, std::char_traits<char> >& std::operator<< <std::char_traits<char> >(std::basic_ostream<char, std::char_traits<char> >&, char const*)
734 12
+2 4
fi=(77)
393 6
cob=(2)
cfi=(2)
cfn=(4174)
calls=2 0 
* 28
fe=(37)
739 8
cfi=(130)
cfn=(8010)
calls=2 84 
* 410
+3 8

fn=(8036) std::ostream::operator<<(std::ostream& (*)(std::ostream&))
116 3
+5 3
cfi=(132) /usr/src/debug/gcc/gcc-build/x86_64-pc-linux-gnu/libstdc++-v3/include/ostream
cfn=(8038) std::basic_ostream<char, std::char_traits<char> >& std::endl<char, std::char_traits<char> >(std::basic_ostream<char, std::char_traits<char> >&)
calls=3 -55 
* 1059

fn=(8064) std::ostream::operator<<(unsigned int)
200 3
+4 6
cfi=(131)
cfn=(8066)
calls=3 67 
* 1040

fl=(110) /usr/src/debug/gcc/gcc/libstdc++-v3/libsupc++/del_ops.cc
fn=(5996) operator delete(void*, unsigned long)
32 51
+1 51
cfi=(84) /usr/src/debug/gcc/gcc/libstdc++-v3/libsupc++/del_op.cc
cfn=(5174) operator delete(void*)
calls=51 +15 
* 3304

fl=(26)
fn=(4152)
103 2
fi=(17)
436 3
fe=(26)
103 4
fi=(17)
436 1
fe=(26)
105 4
cfi=(14)
cfn=(4090)
calls=1 221 
* 18
* 1
+1 1
-1 1
+1 4
cfi=(27) /usr/src/debug/gcc/gcc-build/x86_64-pc-linux-gnu/libstdc++-v3/src/c++11/ctype_members.cc
cfn=(4154) std::ctype<wchar_t>::_M_initialize_ctype()
calls=1 273 
* 18671

fn=(4258) std::ctype<char>::_M_widen_init() const
90 2
+3 10
-3 2
+3 9
-3 2
+3 1
-3 3
+3 4
-1 1
+1 1
-1 1
+1 1
-1 3
+1 410
-1 15
+1 180
-1 30
+1 6
-1 1
+1 12
-1 2
+2 5
fi=(19)
1120 32
fe=(26)
98 4
cob=(2)
cfi=(2)
cfn=(4180) 0x000000000016b820
calls=1 -98 
* 47
+1 4
+1 6

fl=(74) /usr/src/debug/gcc/gcc/libstdc++-v3/src/c++98/streambuf.cc
fn=(5068) long std::__copy_streambufs_eof<char, std::char_traits<char> >(std::basic_streambuf<char, std::char_traits<char> >*, std::basic_streambuf<char, std::char_traits<char> >*, bool&)
39 12
fi=(75)
494 1
+3 1
fe=(74)
42 1
fi=(75)
350 2
fe=(74)
39 2
fi=(75)
460 1540
cfi=(78) /usr/src/debug/gcc/gcc-build/x86_64-pc-linux-gnu/libstdc++-v3/include/bits/streambuf.tcc
cfn=(5094) std::basic_streambuf<char, std::char_traits<char> >::xsputn(char const*, long)
calls=385 84 
* 1719968
804 385
fe=(74)
51 385
+1 770
fi=(75)
353 1155
cfi=(69)
cfn=(5072) std::basic_filebuf<char, std::char_traits<char> >::underflow()
calls=385 -26 
* 56592
fe=(74)
44 1154
fi=(75)
494 384
fe=(74)
46 384
+1 768
-1 1
+1 2
+25 9
fi=(75)
353 1
fe=(74)
44 1
fi=(75)
353 1
cfi=(69)
cfn=(5072)
calls=1 -26 
* 147
fe=(74)
44 2
fi=(75)
497 1
-3 2
fe=(74)

fl=(72)
fn=(5022)
43 164
+4 82
-4 246
+4 246
+3 164
cob=(2)
cfi=(2)
cfn=(4364) malloc
calls=82 -50 
* 23010
* 164
+9 246

fl=(22)
fn=(4144)
216 11
+1 2
+3 2
+3 1
+12 1
-10 1
-2 1
+1 1
+11 1
-11 1
+1 2
+1 1
+1 1
+1 1
+1 1
+1 1
+1 1
+1 1
+1 1
+1 1
+1 1
+1 2
+3 2
-1 2
+1 3
-1 3
+1 30
-1 30
366 8

fn=(4198)
558 13
+1 2
+3 2
731 11
565 2
+5 1
-3 1
-2 1
+12 1
-7 1
+7 1
-5 1
+2 1
+3 1
-10 1
+1 1
+1 1
+2 1
+2 1
+2 1
+1 1
+2 2
+5 1
-1 1
+1 1
-2 2
+2 2
-2 3
+2 20
-2 31

fn=(4142)
372 11
+1 2
+3 2
+3 1
+12 1
-10 1
-2 1
+1 1
+11 1
-11 1
+1 2
+1 1
+1 1
+1 1
+1 1
+1 1
+1 1
+1 1
+1 1
+1 1
+1 1
+1 2
+3 2
-1 2
+1 3
-1 3
+1 30
-1 30
517 8

fn=(4196)
741 13
+1 2
+3 2
914 11
748 2
+5 1
-3 1
-2 1
+12 1
-7 1
+7 1
-5 1
+2 1
+3 1
-10 1
+1 1
+1 1
+2 1
+2 1
+2 1
+1 1
+2 2
+5 1
-1 1
+1 1
-2 2
+2 2
-2 3
+2 20
-2 31

fl=(84)
fn=(5174)
48 82
+1 82
cob=(2)
cfi=(2)
cfn=(5176) free
calls=82 -49 
* 8438

fl=(31) /usr/src/debug/gcc/gcc-build/x86_64-pc-linux-gnu/libstdc++-v3/src/c++98/numeric_members_cow.cc
fn=(4210) std::numpunct<char>::_M_initialize_numpunct(__locale_struct*)
92 10
+1 2
+3 2
+68 2
+1 1
-1 1
+3 2
+1 1
+1 7
-70 3
+1 1
+1 1
+2 1
+1 2
+3 2
-1 4
+1 3
-1 3
+1 105
-1 105
+4 2
-1 4
+1 3
-1 3
+1 75
-1 76

fn=(4222) std::numpunct<wchar_t>::_M_initialize_numpunct(__locale_struct*)
183 9
+1 2
+3 2
+69 1
+1 1
-1 1
+3 2
+1 1
+1 6
-71 3
+4 1
-3 1
+3 1
+6 1
-8 1
+8 1
-2 4
+2 2
-2 3
+2 70
-2 105
+6 2
-2 2
+2 2
-2 3
+2 50
-2 76

fl=(20)
fn=(4194)
183 9
+1 2
+3 2
+69 1
+1 1
-1 1
+3 2
+1 1
+1 6
-71 3
+4 1
-3 1
+3 1
+6 1
-8 1
+8 1
-2 4
+2 2
-2 3
+2 70
-2 105
+6 2
-2 2
+2 2
-2 3
+2 50
-2 76

fn=(4138)
92 10
+1 2
+3 2
+68 2
+1 1
-1 1
+3 2
+1 1
+1 7
-70 3
+1 1
+1 1
+2 1
+1 2
+3 2
-1 4
+1 3
-1 3
+1 105
-1 105
+4 2
-1 4
+1 3
-1 3
+1 75
-1 76

fl=(53) /usr/src/debug/gcc/gcc/libstdc++-v3/src/c++98/parallel_settings.cc
fn=(4562) _GLOBAL__sub_I_parallel_settings.cc
42 1
fi=(142) /usr/src/debug/gcc/gcc-build/x86_64-pc-linux-gnu/libstdc++-v3/include/parallel/settings.h
290 1
+10 1
+3 1
-5 1
-9 1
+1 3
+13 2
-13 1
+10 1
+2 1
-2 1
+9 1
-9 1
+3 1
+8 1
+3 1
+3 1
+5 3
+8 1
-28 1
-13 1
+41 2
-41 3
+39 1
+2 2
-2 1
-39 1
+27 1
-27 1
+14 1
+27 1
+6 1
+2 1
+2 1
-4 1
+2 1
fe=(53)
42 1

fl=(137) /usr/src/debug/gcc/gcc/libstdc++-v3/libsupc++/eh_globals.cc
fn=(8328) __cxa_get_globals
62 10
cob=(1) /usr/lib/ld-linux-x86-64.so.2
cfi=(1) ???
cfn=(8330) __tls_get_addr
calls=2 -62 
* 24
* 6

fl=(45) /usr/src/debug/gcc/gcc/libstdc++-v3/src/c++11/compatibility-condvar.cc
fn=(4338) _GLOBAL__sub_I_compatibility_condvar.cc
108 1
-26 1
+26 1

fl=(48) /usr/src/debug/gcc/gcc/libstdc++-v3/libsupc++/eh_alloc.cc
fn=(4344) _GLOBAL__sub_I_eh_alloc.cc
456 2
fi=(52)
134 1
fe=(48)
+61 1
456 10
fi=(52)
134 2
fe=(48)
+53 1
fi=(52)
-53 1
fe=(48)
+53 2
+8 1
cob=(2)
cfi=(2)
cfn=(4346) secure_getenv
calls=1 0 
* 530
+7 1
-7 1
+7 3
fi=(143) /usr/src/debug/gcc/gcc-build/x86_64-pc-linux-gnu/libstdc++-v3/include/string_view
-56 1
-1 1
+1 1
fi=(144) /usr/src/debug/gcc/gcc-build/x86_64-pc-linux-gnu/libstdc++-v3/include/bits/stl_pair.h
902 1
fe=(48)
203 2
fi=(49) /usr/src/debug/gcc/gcc-build/x86_64-pc-linux-gnu/libstdc++-v3/include/bits/stl_algobase.h
+36 2
fe=(48)
-49 1
fi=(49)
+49 2
fe=(48)
-11 1
-38 2
+42 2
-94 3
+94 1
+1 1
456 11
235 2
cob=(2)
cfi=(2)
cfn=(4364)
calls=1 0 
* 1727
* 1
+1 2
+12 1
-3 1
+2 1
+1 2

fl=(85) /usr/src/debug/gcc/gcc/libstdc++-v3/libsupc++/del_opv.cc
fn=(5460) operator delete[](void*)
34 17
+1 17
cfi=(84)
cfn=(5174)
calls=17 +13 
* 3537

fl=(24)
fn=(4148)
66 8
+1 2
+3 2
192 9
73 1
cfi=(14)
cfn=(4090)
calls=1 221 
* 18
+2 3
-2 1
+2 19
+54 1
-54 63
+54 1
-54 19
192 5

fn=(4202)
222 7
+1 2
+3 2
396 8
229 1
cfi=(14)
cfn=(4090)
calls=1 -8 
* 18
+2 3
-2 1
+2 18
+54 1
-54 57
396 1
231 2
+54 1
-54 24
396 2

fl=(54) /usr/src/debug/gcc/gcc/libstdc++-v3/src/c++11/locale-inst.cc
fn=(4572) _GLOBAL__sub_I_cxx11_wlocale_inst.cc
160 1
fi=(21)
1653 4
1818 4
1415 8
fi=(19)
1893 4
fi=(21)
796 4
2024 4
fi=(17)
838 4
fe=(54)
160 1

fn=(4580) _GLOBAL__sub_I_locale_inst.cc
160 1
fi=(19)
2310 4
2603 4
fi=(21)
1653 4
1818 4
1415 8
fi=(19)
1893 4
fi=(21)
328 4
929 4
796 4
2024 4
fi=(17)
838 4
fe=(54)
160 1

fn=(4588) _GLOBAL__sub_I_wlocale_inst.cc
160 1
fi=(19)
2310 4
2603 4
fi=(21)
1653 4
1818 4
1415 8
fi=(19)
1893 4
fi=(21)
328 4
929 4
796 4
2024 4
fi=(17)
838 4
fe=(54)
160 1

fn=(4564) _GLOBAL__sub_I_cxx11_locale_inst.cc
160 1
fi=(21)
1653 4
1818 4
1415 8
fi=(19)
1893 4
fi=(21)
796 4
2024 4
fi=(17)
838 4
fe=(54)
160 1

fl=(46) /usr/src/debug/gcc/gcc/libstdc++-v3/src/c++11/compatibility-thread-c++0x.cc
fn=(4340) _GLOBAL__sub_I_compatibility_thread_c__0x.cc
128 3
-74 1
cfi=(47)
cfn=(4342)
calls=1 +35 
* 3
* 2
+74 2

fl=(65) /usr/src/debug/gcc/gcc-build/x86_64-pc-linux-gnu/libstdc++-v3/include/sstream
fn=(4878) std::__cxx11::basic_stringstream<char, std::char_traits<char>, std::allocator<char> >::basic_stringstream()
1041 7
fi=(34)
477 1
fe=(65)
1041 9
fi=(34)
477 1
cfi=(35) /usr/src/debug/gcc/gcc/libstdc++-v3/src/c++11/ios.cc
cfn=(4236) std::ios_base::ios_base()
calls=1 76 
* 86
fi=(41) /usr/src/debug/gcc/gcc-build/x86_64-pc-linux-gnu/libstdc++-v3/include/istream
702 1
fi=(34)
476 1
fi=(41)
703 1
fi=(34)
477 1
fi=(41)
702 2
+1 1
fi=(34)
476 2
fi=(41)
702 2
fi=(34)
477 2
fi=(41)
703 1
cfi=(38) /usr/src/debug/gcc/gcc-build/x86_64-pc-linux-gnu/libstdc++-v3/include/bits/basic_ios.tcc
cfn=(4242) std::basic_ios<char, std::char_traits<char> >::init(std::basic_streambuf<char, std::char_traits<char> >*)
calls=1 131 
* 157
fi=(37)
441 7
cfi=(38)
cfn=(4242)
calls=1 131 
* 157
fe=(65)
1042 3
fi=(75)
475 1
fe=(65)
1042 7
fi=(75)
475 1
cfi=(13)
cfn=(4078)
calls=1 269 
* 26
fe=(65)
136 2
1043 1
fi=(80)
234 1
fe=(65)
1043 1
136 1
fi=(77)
352 1
fe=(65)
136 1
fi=(80)
246 2
fe=(65)
1043 1
cfi=(38)
cfn=(4242)
calls=1 131 
* 157
* 6

fn=(8158) std::__cxx11::basic_stringstream<char, std::char_traits<char>, std::allocator<char> >::~basic_stringstream()
1083 6
+1 6
fi=(80)
257 1
fe=(65)
1084 1
fi=(80)
239 1
+41 2
fi=(83) /usr/src/debug/gcc/gcc-build/x86_64-pc-linux-gnu/libstdc++-v3/include/bits/new_allocator.h
172 1
cfi=(84)
cfn=(5174)
calls=1 48 
* 62
fi=(75)
+35 5
cfi=(14)
cfn=(4248)
calls=1 91 
* 6
fi=(37)
101 1
fi=(41)
+7 1
fi=(34)
296 1
fi=(37)
101 1
fi=(41)
+7 2
fi=(34)
296 3
fe=(65)
1084 2
fi=(34)
296 1
cfi=(35)
cfn=(5530) std::ios_base::~ios_base()
calls=1 87 
* 61
fe=(65)

fl=(42) /usr/src/debug/gcc/gcc/libstdc++-v3/src/c++20/tzdb.cc
fn=(4320) _GLOBAL__sub_I.00098_tzdb.cc
2174 1
198 4
cob=(2)
cfi=(2)
cfn=(4292)
calls=1 0 
* 76

fl=(34)
fn=(5604) std::basic_ios<char, std::char_traits<char> >::operator bool() const
124 1
+1 3

fn=(5040) std::basic_ios<char, std::char_traits<char> >::rdbuf() const
337 1
+1 2

fn=(5032) std::basic_ios<char, std::char_traits<char> >::operator!() const
133 2
+81 4
-80 2

fn=(5540) std::basic_ios<char, std::char_traits<char> >::fail() const
213 1
+1 3

fl=(79) /usr/src/debug/gcc/gcc-build/x86_64-pc-linux-gnu/libstdc++-v3/include/bits/sstream.tcc
fn=(5106) std::__cxx11::basic_stringbuf<char, std::char_traits<char>, std::allocator<char> >::_M_pbump(char*, char*, long)
280 15
fi=(75)
566 15
fe=(79)
280 15
fi=(75)
567 15
fe=(79)
284 45
fi=(75)
554 45
fe=(79)
290 15

fn=(5144) std::__cxx11::basic_stringbuf<char, std::char_traits<char>, std::allocator<char> >::_M_sync(char*, unsigned long, unsigned long)
249 14
fi=(80)
-10 14
fe=(79)
+10 14
fi=(80)
+8 14
1165 14
280 28
1279 14
fe=(79)
252 14
+2 14
+1 14
+2 28
+8 28
+1 14
+1 14
fi=(75)
520 14
fe=(79)
266 14
fi=(75)
522 14
fe=(79)
267 14
+2 42
cfn=(5106)
calls=14 +11 
* 154

fn=(5100) std::__cxx11::basic_stringbuf<char, std::char_traits<char>, std::allocator<char> >::overflow(int)
83 165
+4 45
+4 30
fi=(80)
239 15
+18 30
+23 30
1279 13
fi=(75)
544 13
-6 13
+3 13
fe=(79)
97 52
fi=(75)
544 2
-6 2
+3 2
fe=(79)
97 8
+19 28
fi=(75)
554 15
fe=(79)
110 15
+39 150
-48 6
cfn=(5106)
calls=1 280 
* 11
+1 2
fi=(75)
491 1
fe=(79)
105 1
+1 1
-1 1
+1 1
-2 1
fi=(75)
520 1
+2 1
fe=(79)
104 1
+2 1
fi=(75)
521 1
+20 1
fi=(77)
-95 2
fi=(80)
1279 4
fe=(79)
116 42
fi=(80)
+89 14
fe=(79)
-72 14
fi=(77)
352 14
fe=(79)
137 14
fi=(80)
+68 28
fi=(49)
+58 28
fi=(80)
-29 14
fi=(49)
+29 14
-24 42
fe=(79)
137 14
cob=(8) /home/nithin/CLionProjects/1dv1674_a2/blur/blur_par
cfi=(60) /usr/include/c++/15.1.1/bits/basic_string.tcc
cfn=(5108) std::__cxx11::basic_string<char, std::char_traits<char>, std::allocator<char> >::reserve(unsigned long)
calls=14 335 
* 11984
fi=(75)
538 14
fi=(80)
1165 14
fe=(79)
138 28
fi=(80)
1830 84
cfn=(5130) std::__cxx11::basic_string<char, std::char_traits<char>, std::allocator<char> >::_M_replace(unsigned long, unsigned long, char const*, unsigned long) [clone .isra.0]
calls=14 422 
* 1380833
1165 14
239 14
1279 14
1727 14
1279 28
1727 28
fi=(77)
446 14
-94 14
fe=(79)
141 28
fi=(80)
+93 14
fi=(77)
352 14
fe=(79)
141 14
cfi=(82)
cfn=(5138)
calls=14 -77 
* 543
+2 28
-1 28
+1 28
-1 14
cfn=(5144)
calls=14 249 
* 490
fi=(80)
+97 14
+41 28
fi=(83)
172 13
cfi=(84)
cfn=(5174)
calls=13 48 
* 1699
fi=(80)
305 13
fe=(79)

fn=(6946) std::__cxx11::basic_stringbuf<char, std::char_traits<char>, std::allocator<char> >::underflow()
153 1
+5 2
fi=(75)
541 1
-44 1
fi=(65)
-77 2
+3 4
fi=(75)
+71 1
fe=(79)
163 2
fi=(77)
452 1
fe=(79)
167 1
fi=(75)
522 1
+1 2
fe=(79)

fl=(35)
fn=(5530)
87 6
+2 3
-2 21
+2 3
cfn=(5532) std::ios_base::_M_call_callbacks(std::ios_base::event)
calls=3 +74 
* 48
+1 6
cfn=(5534) std::ios_base::_M_dispose_callbacks()
calls=3 +87 
* 54
+1 12
+5 12
cfi=(14)
cfn=(4248)
calls=3 -5 
* 18

fn=(4236)
76 11
+3 11
-2 11
+2 11
-2 11
+1 11
fi=(36)
640 22
fe=(35)
79 33
-2 11
+1 44
fi=(36)
640 11
fe=(35)
79 11
fi=(36)
640 11
fe=(35)
79 22
fi=(36)
640 77
fe=(35)
79 77
fi=(36)
640 77
fe=(35)
79 198
cfi=(13)
cfn=(4078)
calls=11 269 
* 375

fn=(5534)
177 24
+1 3
+1 6
+6 3
+1 18

fn=(5532)
163 21
+1 3
+1 6
+8 18

fl=(18)
fn=(4134)
38 2
fi=(17)
436 3
fe=(18)
38 4
fi=(17)
436 1
fe=(18)
41 4
cfi=(14)
cfn=(4090)
calls=1 221 
* 18
* 1
+1 4

fn=(4192)
118 2
fi=(17)
436 3
fe=(18)
118 4
fi=(17)
436 1
fe=(18)
121 4
cfi=(14)
cfn=(4090)
calls=1 221 
* 18
* 1
+1 4

fn=(5078) std::codecvt<char, char, __mbstate_t>::do_always_noconv() const
100 2337

fl=(40) /usr/src/debug/gcc/gcc-build/x86_64-pc-linux-gnu/libstdc++-v3/include/bits/locale_classes.tcc
fn=(5844) std::ctype<char> const& std::use_facet<std::ctype<char> >(std::locale const&)
220 4638
119 1546
cfi=(14)
cfn=(4128)
calls=773 507 
* 4638
* 773
+1 773
+8 1546
228 1546
+3 2319

fl=(41)
fn=(6944) std::istream::gcount() const
364 3145728
+1 6291456

fl=(11)
fn=(8316) std::ios_base::Init::~Init()
123 1
fi=(12)
-69 1
+32 1
+14 2
-32 2
fe=(11)
+59 2
-4 1
+11 1
-11 1
+11 1
cfi=(131)
cfn=(8046)
calls=1 +91 
* 132
+1 2
cfi=(131)
cfn=(8046)
calls=1 +90 
* 406
+1 2
cfi=(131)
cfn=(8046)
calls=1 +89 
* 132
+3 2
cfi=(131)
cfn=(8334)
calls=1 +86 
* 132
+1 2
cfi=(131)
cfn=(8334)
calls=1 +85 
* 406
+1 2
cfi=(131)
cfn=(8334)
calls=1 +84 
* 132
+6 2

fn=(4074)
78 9
fi=(12)
+22 1
-14 1
+14 2
-14 1
+1 2
fe=(11)
-7 3
fi=(75)
475 2
-1 1
+1 22
fe=(11)
83 1
fi=(75)
475 1
fe=(11)
83 1
+2 1
fi=(75)
475 1
fe=(11)
85 1
fi=(75)
475 1
cfi=(13)
cfn=(4078)
calls=1 269 
* 36165
fi=(33)
83 1
fi=(75)
475 2
fi=(33)
83 1
fi=(75)
475 1
fi=(33)
83 1
fe=(11)
+3 1
fi=(75)
475 2
fe=(11)
86 1
fi=(75)
475 1
fi=(33)
83 2
fi=(75)
474 1
+1 1
cfi=(13)
cfn=(4078)
calls=1 269 
* 26
fe=(11)
87 1
fi=(75)
475 5
fi=(33)
83 1
fe=(11)
+4 1
fi=(75)
475 1
fi=(33)
83 2
fi=(75)
474 1
+1 1
cfi=(13)
cfn=(4078)
calls=1 269 
* 26
fi=(34)
+2 1
fi=(33)
83 3
fi=(34)
477 2
cfi=(35)
cfn=(4236)
calls=1 76 
* 86
fi=(37)
93 1
fi=(34)
476 1
+1 1
-1 1
fi=(37)
93 2
fi=(34)
476 1
+1 2
fi=(37)
93 2
cfi=(38)
cfn=(4242)
calls=1 +38 
* 958
fi=(34)
477 3
cfi=(35)
cfn=(4236)
calls=1 76 
* 86
* 1
-1 1
fi=(41)
99 1
-1 1
fi=(34)
476 1
fi=(41)
99 1
fi=(34)
476 1
fi=(41)
98 5
fi=(34)
477 2
fi=(41)
99 1
cfi=(38)
cfn=(4242)
calls=1 +32 
* 157
fi=(34)
477 3
cfi=(35)
cfn=(4236)
calls=1 76 
* 86
fi=(37)
93 1
fi=(34)
477 1
-1 2
fi=(37)
93 2
fi=(34)
476 1
+1 2
fi=(37)
93 2
cfi=(38)
cfn=(4242)
calls=1 +38 
* 157
fi=(34)
477 4
cfi=(35)
cfn=(4236)
calls=1 76 
* 86
fi=(37)
93 1
fi=(34)
477 1
-1 2
fi=(37)
93 2
fi=(34)
476 1
+1 2
fi=(37)
93 2
cfi=(38)
cfn=(4242)
calls=1 +38 
* 157
fe=(11)
+9 1
fi=(75)
475 2
fi=(34)
325 2
fi=(75)
475 1
fe=(11)
102 1
fi=(75)
475 1
fi=(36)
107 1
fi=(75)
475 2
-1 1
+1 1
cfi=(13)
cfn=(4078)
calls=1 269 
* 26
fi=(33)
83 1
fi=(75)
475 2
fi=(33)
83 1
fi=(75)
475 1
fi=(33)
83 1
fe=(11)
+20 1
fi=(75)
475 2
fe=(11)
103 1
fi=(75)
475 1
fi=(33)
83 2
fi=(75)
474 1
+1 1
cfi=(13)
cfn=(4078)
calls=1 269 
* 26
fe=(11)
104 1
fi=(75)
475 5
fi=(33)
83 1
fe=(11)
+21 1
fi=(75)
475 1
fi=(33)
83 2
fi=(75)
474 1
+1 1
cfi=(13)
cfn=(4078)
calls=1 269 
* 26
fi=(34)
+2 1
fi=(33)
83 3
fi=(34)
477 2
cfi=(35)
cfn=(4236)
calls=1 76 
* 86
fi=(37)
93 1
fi=(34)
477 1
-1 2
fi=(37)
93 2
fi=(34)
476 1
+1 2
fi=(37)
93 2
cfi=(38)
cfn=(4280) std::basic_ios<wchar_t, std::char_traits<wchar_t> >::init(std::basic_streambuf<wchar_t, std::char_traits<wchar_t> >*)
calls=1 +38 
* 159
fi=(34)
477 3
cfi=(35)
cfn=(4236)
calls=1 76 
* 86
fi=(41)
98 1
fi=(34)
477 1
-1 2
fi=(41)
99 2
-1 2
fi=(34)
476 1
fi=(41)
98 3
fi=(34)
477 2
fi=(41)
99 1
cfi=(38)
cfn=(4280)
calls=1 +32 
* 159
fi=(34)
477 3
cfi=(35)
cfn=(4236)
calls=1 76 
* 86
fi=(37)
93 1
fi=(34)
477 1
-1 2
fi=(37)
93 2
fi=(34)
476 1
+1 2
fi=(37)
93 2
cfi=(38)
cfn=(4280)
calls=1 +38 
* 159
fi=(34)
477 4
cfi=(35)
cfn=(4236)
calls=1 76 
* 86
fi=(37)
93 1
fi=(34)
477 1
-1 2
fi=(37)
93 2
fi=(34)
476 1
+1 2
fi=(37)
93 2
cfi=(38)
cfn=(4280)
calls=1 +38 
* 159
fi=(12)
+17 1
fi=(34)
325 1
fi=(36)
107 1
fi=(34)
325 1
fi=(12)
110 2
-16 1
fe=(11)
+27 8

fl=(38)
fn=(5026) std::basic_ios<char, std::char_traits<char> >::clear(std::_Ios_Iostate)
46 3
fi=(36)
198 15
-5 3
fe=(38)
52 6

fn=(4242)
131 88
+3 11
cfi=(39) /usr/src/debug/gcc/gcc/libstdc++-v3/src/c++98/ios_locale.cc
cfn=(4244) std::ios_base::_M_init()
calls=11 -95 
* 827
+3 33
cfn=(4252) std::basic_ios<char, std::char_traits<char> >::_M_cache_locale(std::locale const&)
calls=11 +32 
* 550
+16 44
fi=(19)
884 22
+1 10
fe=(38)
155 20
+1 10
+8 30
-2 10
-1 10
+2 10
+1 10
+1 50
-10 2
+1 1
+8 3
-2 1
-1 1
+2 1
+1 1
+1 5
fi=(19)
886 2
cfi=(26)
cfn=(4258)
calls=1 90 
* 794
+1 6
fe=(38)

fn=(4282) std::basic_ios<wchar_t, std::char_traits<wchar_t> >::_M_cache_locale(std::locale const&)
169 28
fi=(40)
-50 8
cfi=(14)
cfn=(4128)
calls=4 507 
* 24
* 8
+1 4
+23 4
fe=(38)
+28 8
fi=(40)
-52 4
cfi=(14)
cfn=(4128)
calls=4 507 
* 24
* 8
+1 4
+25 4
fe=(38)
+27 8
fi=(40)
-53 4
cfi=(14)
cfn=(4128)
calls=4 507 
* 24
* 4
+1 4
+24 4
fe=(38)
+29 8
+1 16

fn=(4280)
131 28
+3 4
cfi=(39)
cfn=(4244)
calls=4 -95 
* 292
+3 12
cfn=(4282)
calls=4 +32 
* 200
+16 16
fi=(19)
299 12
cfi=(27)
cfn=(4288) std::ctype<wchar_t>::do_widen(char) const
calls=4 -94 
* 16
fe=(38)
155 8
+1 4
+8 12
-2 4
-1 4
+2 4
+1 4
+1 16

fn=(4252)
169 77
fi=(40)
-50 22
cfi=(14)
cfn=(4128)
calls=11 507 
* 66
* 22
+1 11
+8 11
fe=(38)
+43 22
fi=(40)
-52 11
cfi=(14)
cfn=(4128)
calls=11 507 
* 66
* 22
+1 11
+10 11
fe=(38)
+42 22
fi=(40)
-53 11
cfi=(14)
cfn=(4128)
calls=11 507 
* 66
* 11
+1 11
+9 11
fe=(38)
+44 22
+1 44

fl=(39)
fn=(4244)
39 90
+2 15
-2 45
+4 15
-2 15
+3 30
cfi=(13)
cfn=(4078)
calls=15 269 
* 414
* 45
cfi=(14)
cfn=(4246)
calls=15 +76 
* 210
* 30
cfi=(14)
cfn=(4248)
calls=15 +47 
* 90
+1 120

fl=(68) /usr/src/debug/gcc/gcc-build/x86_64-pc-linux-gnu/libstdc++-v3/include/fstream
fn=(5050) std::basic_ifstream<char, std::char_traits<char> >::rdbuf() const
676 1
+1 2

fn=(5522) std::basic_ifstream<char, std::char_traits<char> >::~basic_ifstream()
642 5
+1 1
-1 1
+1 4
264 1
643 1
264 2
-3 1
cfi=(69)
cfn=(5454) std::basic_filebuf<char, std::char_traits<char> >::close()
calls=1 -8 
* 31
+3 2
cfi=(70) /usr/src/debug/gcc/gcc-build/x86_64-pc-linux-gnu/libstdc++-v3/src/c++11/basic_file.cc
cfn=(5524) std::__basic_file<char>::~__basic_file()
calls=1 -54 
* 23
fi=(75)
-57 5
cfi=(14)
cfn=(4248)
calls=1 91 
* 6
fi=(41)
-99 2
fi=(34)
296 1
fi=(41)
108 1
fi=(34)
296 3
fe=(68)
643 2
fi=(34)
296 1
cfi=(35)
cfn=(5530)
calls=1 87 
* 61
fe=(68)

fn=(4926) std::basic_ifstream<char, std::char_traits<char> >::open(std::__cxx11::basic_string<char, std::char_traits<char>, std::allocator<char> > const&, std::_Ios_Openmode)
743 2
fi=(36)
151 1
fe=(68)
743 3
+2 1
-2 1
345 2
cfi=(69)
cfn=(4928) std::basic_filebuf<char, std::char_traits<char> >::open(char const*, std::_Ios_Openmode)
calls=1 183 
* 943
746 3
-1 2
+6 1
-1 1
+1 1
-1 1
cfi=(38)
cfn=(5026)
calls=1 46 
* 9

fn=(5452) std::basic_ifstream<char, std::char_traits<char> >::close()
776 5
+2 1
-2 1
+2 1
cfi=(69)
cfn=(5454)
calls=1 253 
* 635
* 2
+2 3

fn=(8000) std::basic_ofstream<char, std::char_traits<char> >::open(std::__cxx11::basic_string<char, std::char_traits<char>, std::allocator<char> > const&, std::_Ios_Openmode)
1018 2
fi=(36)
151 1
fe=(68)
1018 3
+2 1
-2 1
345 2
cfi=(69)
cfn=(4928)
calls=1 183 
* 1108
1021 3
-1 2
+6 1
-1 1
+1 1
-1 1
cfi=(38)
cfn=(5026)
calls=1 46 
* 9

fn=(8108) std::basic_ofstream<char, std::char_traits<char> >::close()
1051 5
+2 1
-2 1
+2 1
cfi=(69)
cfn=(5454)
calls=1 253 
* 733
* 2
+2 3

fn=(8140) std::basic_ofstream<char, std::char_traits<char> >::~basic_ofstream()
917 5
+1 1
-1 1
+1 10
261 1
cfi=(69)
cfn=(5454)
calls=1 -8 
* 31
+3 2
cfi=(70)
cfn=(5524)
calls=1 -54 
* 23
fi=(75)
-57 5
cfi=(14)
cfn=(4248)
calls=1 91 
* 6
fi=(37)
101 1
fi=(34)
296 1
fi=(37)
101 1
fi=(34)
296 3
fe=(68)
918 2
fi=(34)
296 1
cfi=(35)
cfn=(5530)
calls=1 87 
* 61
fe=(68)

fn=(4912) std::basic_ifstream<char, std::char_traits<char> >::basic_ifstream()
561 7
fi=(34)
-84 1
fe=(68)
+84 1
fi=(34)
-84 1
cfi=(35)
cfn=(4236)
calls=1 76 
* 86
fi=(41)
702 1
fi=(34)
476 1
fi=(41)
703 1
fi=(34)
477 1
fi=(41)
702 2
+1 1
fi=(34)
476 2
fi=(41)
702 2
fi=(34)
477 2
fi=(41)
703 1
cfi=(38)
cfn=(4242)
calls=1 131 
* 157
fe=(68)
561 7
cfi=(69)
cfn=(4916) std::basic_filebuf<char, std::char_traits<char> >::basic_filebuf()
calls=1 85 
* 85
+1 3
cfi=(38)
cfn=(4242)
calls=1 131 
* 157
* 6

fn=(7990) std::basic_ofstream<char, std::char_traits<char> >::basic_ofstream()
834 7
fi=(34)
477 1
fe=(68)
834 1
fi=(34)
477 1
cfi=(35)
cfn=(4236)
calls=1 76 
* 175
-1 1
+1 1
fi=(37)
-36 1
fi=(34)
+35 1
fi=(37)
-35 4
fi=(34)
+35 1
fi=(37)
-35 1
fi=(34)
+36 2
fi=(37)
-36 1
cfi=(38)
cfn=(4242)
calls=1 131 
* 169
fe=(68)
834 7
cfi=(69)
cfn=(4916)
calls=1 85 
* 97
+1 3
cfi=(38)
cfn=(4242)
calls=1 131 
* 169
* 6

fl=(133) /usr/src/debug/gcc/gcc-build/x86_64-pc-linux-gnu/libstdc++-v3/include/bits/locale_facets.tcc
fn=(8076) std::__use_cache<std::__numpunct_cache<char> >::operator()(std::locale const&) const [clone .isra.0]
57 18
+2 3
-2 3
+2 3
cfi=(14)
cfn=(4128)
calls=3 507 
* 18
* 3
+1 3
+1 15
+16 18

fn=(8074) std::ostreambuf_iterator<char, std::char_traits<char> > std::num_put<char, std::ostreambuf_iterator<char, std::char_traits<char> > >::_M_insert_int<unsigned long>(std::ostreambuf_iterator<char, std::char_traits<char> >, std::ios_base&, char, unsigned long) const
875 39
fi=(36)
-22 3
fe=(133)
+22 12
+9 3
cfn=(8076)
calls=3 57 
* 84
fi=(36)
695 3
fe=(133)
884 3
+1 3
+5 18
fi=(36)
87 3
fe=(133)
890 3
+11 6
fi=(36)
87 3
fe=(133)
890 3
+6 3
fi=(36)
87 3
fe=(133)
901 3
-5 3
+1 3
+4 3
-4 3
-1 3
+5 12
cfn=(8080) int std::__int_to_char<char, unsigned long>(char*, unsigned long, char const*, std::_Ios_Fmtflags, bool)
calls=3 -82 
* 182
+4 3
-3 3
+3 3
-3 3
-1 3
+1 6
+3 6
+13 6
fi=(36)
790 3
fe=(133)
947 9
fi=(36)
801 3
+1 3
fi=(134)
329 6
fi=(75)
460 12
cfi=(69)
cfn=(8016)
calls=3 759 
* 300
fi=(134)
331 15
fe=(133)
959 33

fn=(8080)
819 9
+4 6
+5 39
+3 3
-2 3
-1 6
+3 3
-3 64
+3 8
-2 8
-1 16
+3 8
+25 6
+1 3

fl=(70)
fn=(4930) std::__basic_file<char>::is_open() const
304 56

fn=(5080) std::__basic_file<char>::xsgetn(char*, long)
334 4246
+14 772
cfn=(5082) std::__basic_file<char>::fd()
calls=386 -39 
* 3860
fi=(76) /usr/include/bits/unistd.h
32 1544
cob=(2)
cfi=(2)
cfn=(5088) read
calls=386 -32 
* 15826
* 386
fe=(70)
349 772
+3 2702

fn=(8054) std::__basic_file<char>::xsputn(char const*, long)
356 3483
132 387
360 387
cfn=(5082)
calls=387 -51 
* 3870
* 387
141 1548
cob=(2)
cfi=(2)
cfn=(8056) write
calls=387 0 
* 29025
+1 774
+6 774
362 2709

fn=(4918) std::__basic_file<char>::__basic_file(pthread_mutex_t*)
207 2
+1 6

fn=(5524)
210 6
+1 2
cfn=(5462) std::__basic_file<char>::close()
calls=2 318 
* 34
* 4

fn=(4934) (anonymous namespace)::fopen_mode(std::_Ios_Openmode)
93 14
+8 2
-6 2

fn=(5082)
309 2319
cob=(2)
cfi=(2)
cfn=(5084) fileno
calls=773 0 
* 5411

fn=(5462)
318 24
+2 4
cfn=(4930)
calls=4 -16 
* 16
* 8
+3 4
+4 2
+3 6
-6 4
cob=(2)
cfi=(2)
cfn=(5464) fclose
calls=2 0 
* 732
+1 2
+1 4
+4 2
-11 2
+11 4

fn=(4932) std::__basic_file<char>::open(char const*, std::_Ios_Openmode, int)
255 14
+2 2
-2 2
+2 2
cfn=(4934)
calls=2 93 
* 18
+1 12
cfn=(4930)
calls=2 +46 
* 8
* 4
+2 6
cob=(2)
cfi=(2)
cfn=(4936) fopen
calls=2 0 
* 1191
* 6
+2 2
+5 2
-4 2
+4 10

fl=(19)
fn=(8072)
2553 3
+2 6
cfi=(133)
cfn=(8074)
calls=3 875 
* 821

fn=(5658) std::ctype<char>::do_narrow(char, char) const
1144 16
+1 8

fl=(132)
fn=(8038)
66 18
+1 9
fi=(34)
-16 6
fi=(19)
884 6
fe=(132)
67 9
cfi=(131)
cfn=(8042)
calls=3 +90 
* 165
* 6
+22 6
cfi=(131)
cfn=(8046)
calls=3 225 
* 834

fl=(86) /usr/src/debug/gcc/gcc/libstdc++-v3/src/c++98/istream-string.cc
fn=(5556) std::basic_istream<char, std::char_traits<char> >& std::getline<char, std::char_traits<char>, std::allocator<char> >(std::basic_istream<char, std::char_traits<char> >&, std::__cxx11::basic_string<char, std::char_traits<char>, std::allocator<char> >&, char)
124 27
+12 3
-12 9
+12 15
cfi=(87) /usr/src/debug/gcc/gcc-build/x86_64-pc-linux-gnu/libstdc++-v3/include/bits/istream.tcc
cfn=(5558) std::istream::sentry::sentry(std::istream&, bool)
calls=3 -85 
* 90
+1 6
+65 36
fi=(80)
+32 3
+5 3
fi=(77)
352 3
fe=(86)
144 3
fi=(34)
338 6
fi=(75)
494 3
350 6
fi=(77)
452 3
fi=(80)
259 3
fi=(77)
452 3
fe=(86)
153 3
fi=(80)
259 3
fi=(77)
452 6
fe=(86)
148 6
fi=(77)
405 6
fe=(86)
149 12
fi=(75)
494 3
fe=(86)
152 3
+1 6
fi=(80)
1165 3
fe=(86)
152 3
fi=(49)
+87 6
fe=(86)
-85 6
fi=(77)
405 18
cob=(2)
cfi=(2)
cfn=(5566) 0x000000000016b580
calls=3 0 
* 57
fe=(86)
160 3
fi=(80)
422 3
fi=(77)
-17 3
fe=(86)
160 9
fi=(80)
422 9
1570 15
cfi=(82)
cfn=(5576)
calls=3 444 
* 142
fi=(75)
804 9
fe=(86)
163 3
fi=(75)
804 3
350 6
fe=(86)
149 3
fi=(77)
452 3
fe=(86)
149 6
fi=(75)
494 3
fe=(86)
178 3
fi=(75)
328 6
507 6
fe=(86)
197 3

fl=(27)
fn=(4288)
205 16

fn=(4154)
273 8
+2 3
cob=(2)
cfi=(2)
cfn=(4156) uselocale
calls=1 0 
* 22
* 1
+3 1
+6 128
-6 384
fi=(28) /usr/include/wchar.h
+73 256
cob=(2)
cfi=(2)
cfn=(4160) wctob
calls=128 0 
* 2432
fe=(27)
-70 256
+5 1
+5 3
fi=(28)
+54 2
cob=(2)
cfi=(2)
cfn=(4162) btowc
calls=1 0 
* 22
* 510
cob=(2)
cfi=(2)
cfn=(4162)
calls=255 0 
* 10090
fe=(27)
-53 256
-2 256
+1 512
+3 1
+2 28
+1 8
-1 8
+1 16
cfn=(4168) std::ctype<wchar_t>::_M_convert_to_wmask(unsigned short) const
calls=8 60 
* 1671
-1 8
+1 8
-3 8
+2 36
+1 4
-1 4
+1 4
cfn=(4168)
calls=4 60 
* 1677
* 4
-3 12
+8 1
-2 1
+2 4
-2 1
cob=(2)
cfi=(2)
cfn=(4156)
calls=1 0 
* 22
* 2

fn=(4168)
60 12
+2 73
+36 3
cob=(2)
cfi=(2)
cfn=(4170) wctype_l
calls=1 -98 
* 487
-36 21
+6 3
cob=(2)
cfi=(2)
cfn=(4170)
calls=1 -68 
* 381
+3 3
cob=(2)
cfi=(2)
cfn=(4170)
calls=1 -71 
* 540
-9 6
+18 3
cob=(2)
cfi=(2)
cfn=(4170)
calls=1 -80 
* 197
-3 3
cob=(2)
cfi=(2)
cfn=(4170)
calls=1 -77 
* 144
-3 3
cob=(2)
cfi=(2)
cfn=(4170)
calls=1 -74 
* 91
+9 3
cob=(2)
cfi=(2)
cfn=(4170)
calls=1 -83 
* 250
+21 4
-39 3
cob=(2)
cfi=(2)
cfn=(4170)
calls=1 -65 
* 328
+24 3
cob=(2)
cfi=(2)
cfn=(4170)
calls=1 -89 
* 191
-3 3
cob=(2)
cfi=(2)
cfn=(4170)
calls=1 -86 
* 593

fl=(69)
fn=(5072)
327 4246
+5 1158
+2 772
fi=(75)
494 386
fi=(68)
230 772
fi=(75)
497 386
fe=(69)
346 772
+4 772
+7 386
-7 1158
fi=(34)
51 772
fi=(29)
219 772
cfi=(18)
cfn=(5078)
calls=386 100 
* 1158
fe=(69)
357 772
-27 2
fi=(77)
452 385
fe=(69)
+30 3860
359 1544
cfi=(70)
cfn=(5080)
calls=386 -25 
* 30108
* 386
+2 772
+94 385
fi=(68)
+54 385
fi=(75)
+58 385
fe=(69)
458 385
fi=(68)
+51 1925
fi=(75)
+11 385
+46 385
-44 385
+44 770
fi=(68)
-55 1
fi=(75)
+56 1
fe=(69)
467 1
fi=(75)
+53 1
+2 1
+44 1
-46 1
+46 1
-46 2
fe=(69)

fn=(8048)
1013 3
+6 9
-6 3
+8 6
-8 3
+8 3
cfn=(8022)
calls=3 545 
* 618
+5 3
-4 12
+4 3

fn=(5454)
253 20
fi=(68)
+26 4
fe=(69)
-26 20
fi=(68)
+26 8
cfi=(70)
cfn=(4930)
calls=4 +25 
* 16
fe=(69)
-23 8
+9 2
+15 4
cfn=(5456) std::basic_filebuf<char, std::char_traits<char> >::_M_terminate_output()
calls=2 952 
* 71
* 2
-10 2
-2 2
+1 2
+1 2
cfn=(5458) std::basic_filebuf<char, std::char_traits<char> >::_M_destroy_internal_buffer()
calls=2 68 
* 405
+1 2
fi=(75)
567 2
fe=(69)
290 2
fi=(68)
511 2
fe=(69)
271 2
+3 2
fi=(75)
520 2
+2 2
+44 2
-46 2
fe=(69)
274 4
fi=(75)
520 2
+46 2
fe=(69)
290 2
cfi=(70)
cfn=(5462)
calls=2 +28 
* 780
+3 8
+4 40
-40 4

fn=(5458)
68 12
+3 4
+2 8
cfi=(85)
cfn=(5460)
calls=2 -39 
* 357
+1 2
+1 2
+2 6
+1 2
+2 2
-1 2
+1 2
+2 6

fn=(8022)
545 3492
+6 1552
+3 776
fi=(75)
-16 388
+3 388
fe=(69)
+21 776
+3 774
fi=(77)
446 384
fi=(75)
554 384
-16 384
+16 768
fe=(69)
+19 1152
cfn=(8050) std::basic_filebuf<char, std::char_traits<char> >::_M_convert_to_external(char*, long)
calls=384 +37 
* 58752
* 9
cfn=(8050)
calls=3 +37 
* 459
* 774
fi=(68)
-62 387
-5 774
fi=(75)
+16 774
-2 387
fi=(68)
-14 387
+7 1161
+1 774
fi=(75)
+53 387
-1 774
fi=(77)
465 1159
fe=(69)
606 3104
-26 3
fi=(77)
465 6
fi=(68)
+46 1
-5 2
+8 1
fi=(75)
+54 1
-48 1
+1 1
+1 1
+44 2
+1 1
fe=(69)
+19 1
+1 2
fi=(77)
446 1
fi=(75)
554 1
fi=(77)
-89 1
fe=(69)

fn=(8016)
759 40
+8 5
+1 5
-1 5
fi=(34)
51 10
fi=(29)
219 10
-1 5
+1 5
cfi=(18)
cfn=(5078)
calls=5 100 
* 15
fe=(69)
769 35
fi=(75)
541 5
fe=(69)
771 10
+3 11
+1 3
+2 10
+23 5
-2 10
+2 20
-2 5
cfi=(78)
cfn=(5094)
calls=5 84 
* 356

fn=(8050)
610 4644
+6 387
fi=(34)
51 774
fi=(29)
219 1548
cfi=(18)
cfn=(5078)
calls=387 100 
* 1161
fe=(69)
616 774
+30 1548
cfi=(70)
cfn=(8054)
calls=387 356 
* 43344
+22 774
+1 4257

fn=(4916)
85 10
fi=(75)
475 2
fe=(69)
85 2
fi=(75)
475 2
-1 2
+1 14
cfi=(13)
cfn=(4078)
calls=2 269 
* 64
fe=(69)
92 2
-6 8
+6 2
-6 2
+6 2
-6 4
cfi=(70)
cfn=(4918)
calls=2 207 
* 8
+4 2
-3 2
fi=(40)
+32 2
fe=(69)
-32 4
+1 6
+1 2
+1 2
+1 2
-1 2
+1 4
fi=(40)
+28 2
cfi=(14)
cfn=(4128)
calls=2 507 
* 12
* 2
+1 2
+11 2
fe=(69)
-37 4
+1 6

fn=(5018) std::basic_filebuf<char, std::char_traits<char> >::_M_allocate_internal_buffer()
54 2
+5 8
-5 8
+7 6
cfi=(71)
cfn=(5020)
calls=2 -30 
* 624
* 4
+1 2
+2 4

fn=(5456)
952 20
+5 2
-5 6
+5 4
+9 4
-1 1
fi=(34)
51 2
fi=(29)
219 2
cfi=(18)
cfn=(5078)
calls=1 100 
* 3
* 1
fe=(69)
965 2
+44 24

fn=(4928)
183 20
fi=(68)
+96 4
cfi=(70)
cfn=(4930)
calls=2 +25 
* 8
fe=(69)
-92 4
+2 10
cfi=(70)
cfn=(4932)
calls=2 +66 
* 1281
fi=(68)
+90 4
cfi=(70)
cfn=(4930)
calls=2 +25 
* 8
fe=(69)
-89 4
+2 4
cfn=(5018)
calls=2 54 
* 658
+4 2
fi=(68)
511 2
fe=(69)
193 2
+3 2
+5 2
fi=(75)
520 2
+2 2
+44 2
-46 2
+47 2
fe=(69)
201 4
fi=(75)
520 2
+46 2
fe=(69)
205 4
+4 2
+4 12

fl=(30)
fn=(4208)
100 10
fi=(19)
1720 1
fe=(30)
100 1
+3 1
-2 1
+1 1
fi=(19)
1720 1
fi=(17)
436 1
fe=(30)
103 1
fi=(19)
1719 4
+1 1
cfi=(31)
cfn=(4210)
calls=1 92 
* 421
fi=(12)
54 1
+56 2
-16 1
fi=(17)
659 4
cfi=(14)
cfn=(4128)
calls=1 507 
* 15
* 3
+56 1
436 1
715 3
cfi=(14)
cfn=(4090)
calls=1 221 
* 18
* 1
fi=(12)
110 2
-16 1
fi=(17)
659 4
cfi=(14)
cfn=(4128)
calls=1 507 
* 15
* 1
fi=(21)
1108 1
fi=(17)
659 1
fi=(21)
1108 1
fi=(17)
659 1
fi=(21)
1107 1
+1 1
fi=(17)
436 1
fi=(21)
1107 3
+1 1
cfi=(32)
cfn=(4216)
calls=1 372 
* 114
fi=(12)
110 2
-16 1
fi=(17)
659 4
cfi=(14)
cfn=(4128)
calls=1 507 
* 15
* 2
fi=(21)
1108 1
fi=(17)
659 1
fi=(21)
1107 1
+1 2
fi=(17)
436 1
fi=(21)
1107 4
+1 1
cfi=(32)
cfn=(4218)
calls=1 216 
* 114
fi=(12)
110 2
-16 1
fi=(17)
659 4
cfi=(14)
cfn=(4128)
calls=1 507 
* 15
* 3
fi=(21)
1530 1
fi=(17)
436 1
fi=(21)
1530 2
fi=(12)
110 2
-16 1
fi=(17)
659 4
cfi=(14)
cfn=(4128)
calls=1 507 
* 15
* 3
fi=(21)
1690 1
fi=(17)
436 1
fi=(21)
1690 2
fi=(12)
110 2
-16 1
fi=(17)
659 4
cfi=(14)
cfn=(4128)
calls=1 507 
* 15
* 3
fi=(21)
422 1
fi=(17)
+14 1
fi=(21)
-14 2
fi=(12)
110 2
-16 1
fi=(17)
659 4
cfi=(14)
cfn=(4128)
calls=1 507 
* 15
* 2
fe=(30)
112 1
fi=(17)
659 1
fe=(30)
112 2
cfi=(25)
cfn=(4220)
calls=1 -68 
* 42
fi=(12)
-2 2
-16 1
fi=(17)
659 4
cfi=(14)
cfn=(4128)
calls=1 507 
* 15
* 1
fi=(19)
1720 1
fi=(17)
659 1
fi=(19)
1720 1
fi=(17)
659 1
fe=(30)
115 1
fi=(17)
436 1
fe=(30)
114 1
+1 1
fi=(19)
1719 1
fe=(30)
114 1
+2 1
fi=(19)
1719 3
+1 1
cfi=(31)
cfn=(4222)
calls=1 183 
* 353
fi=(12)
110 2
-16 1
fi=(17)
659 4
cfi=(14)
cfn=(4128)
calls=1 507 
* 15
* 3
+56 1
436 1
715 3
cfi=(14)
cfn=(4090)
calls=1 221 
* 18
* 1
fi=(12)
110 2
-16 1
fi=(17)
659 4
cfi=(14)
cfn=(4128)
calls=1 507 
* 15
* 1
fi=(21)
1108 1
fi=(17)
659 1
fi=(21)
1108 1
fi=(17)
659 1
fi=(21)
1107 1
+1 1
fi=(17)
436 1
fi=(21)
1107 4
+1 1
cfi=(32)
cfn=(4224)
calls=1 741 
* 109
fi=(12)
110 2
-16 1
fi=(17)
659 4
cfi=(14)
cfn=(4128)
calls=1 507 
* 15
* 2
fi=(21)
1108 1
fi=(17)
659 1
fi=(21)
1107 1
+1 2
fi=(17)
436 1
fi=(21)
1107 3
+1 1
cfi=(32)
cfn=(4226)
calls=1 558 
* 109
fi=(12)
110 2
-16 1
fi=(17)
659 4
cfi=(14)
cfn=(4128)
calls=1 507 
* 15
* 3
fi=(21)
1530 1
fi=(17)
436 1
fi=(21)
1530 2
fi=(12)
110 2
-16 1
fi=(17)
659 4
cfi=(14)
cfn=(4128)
calls=1 507 
* 15
* 3
fi=(21)
1690 1
fi=(17)
436 1
fi=(21)
1690 2
fi=(12)
110 2
-16 1
fi=(17)
659 4
cfi=(14)
cfn=(4128)
calls=1 507 
* 15
* 3
fi=(21)
422 1
fi=(17)
+14 1
fi=(21)
-14 2
fi=(12)
110 2
-16 1
fi=(17)
659 4
cfi=(14)
cfn=(4128)
calls=1 507 
* 15
* 2
fe=(30)
125 1
fi=(17)
659 1
fe=(30)
125 2
cfi=(25)
cfn=(4228)
calls=1 -81 
* 42
fi=(12)
-15 2
-16 1
fi=(17)
659 3
cfi=(14)
cfn=(4128)
calls=1 507 
* 15
* 1
fe=(30)
129 1
fi=(17)
659 1
fe=(30)
129 2
cfi=(14)
cfn=(4128)
calls=1 507 
* 6
+1 1
-1 1
+1 2
cfi=(14)
cfn=(4128)
calls=1 507 
* 6
+1 1
-1 1
+1 2
cfi=(14)
cfn=(4128)
calls=1 507 
* 6
* 1
+2 1
-2 1
+2 2
cfi=(14)
cfn=(4128)
calls=1 507 
* 6
* 1
+1 1
-1 1
+1 2
cfi=(14)
cfn=(4128)
calls=1 507 
* 6
* 1
+1 2
-1 1
+1 1
cfi=(14)
cfn=(4128)
calls=1 507 
* 6
* 1
+2 8

fl=(15)
fn=(4088)
121 2
fi=(17)
436 1
fe=(15)
121 8
fi=(17)
436 3
fe=(15)
127 3
-5 1
cfi=(14)
cfn=(4090)
calls=1 +99 
* 149
+1 1
-1 1
+1 3
+1 2
+1 2
+1 2
+3 3
-3 1
+3 1
-2 1
+2 1
-2 1
+2 36
+1 39
+1 6
-5 2

fn=(6110) std::ctype<char>::do_tolower(char) const
182 15

fl=(16)
fn=(4108)
134 5
+1 1
-1 1
+1 1
cob=(2)
cfi=(2)
cfn=(4110) newlocale
calls=1 0 
* 38
* 1
+1 2
+6 3

fl=(80)
fn=(5130)
422 14
fi=(82)
542 14
fe=(80)
422 14
fi=(82)
542 70
fe=(80)
1165 14
422 42
239 14
+18 14
+23 28
1279 14
fi=(82)
549 42
+2 28
+2 14
+2 42
fe=(80)
441 28
fi=(82)
570 28
+2 28
fe=(80)
450 28
fi=(77)
-21 56
cob=(2)
cfi=(2)
cfn=(4702)
calls=14 0 
* 1380186
-77 14
fe=(80)
234 14
fi=(77)
352 14
fi=(82)
583 70
fe=(80)
441 3

fn=(5552) std::basic_istream<char, std::char_traits<char> >& std::getline<char, std::char_traits<char>, std::allocator<char> >(std::basic_istream<char, std::char_traits<char> >&, std::__cxx11::basic_string<char, std::char_traits<char>, std::allocator<char> >&)
4407 21
+2 9
fi=(34)
51 9
fi=(19)
884 6
fe=(80)
4409 24
cfi=(86)
cfn=(5556)
calls=3 124 
* 601

fl=(136)
fn=(8326)
138 6
+2 2
cfi=(137)
cfn=(8328)
calls=2 -78 
* 40
+5 2
-4 6
+4 2

fl=(78)
fn=(5094)
84 4290
+3 390
-3 390
+4 1592
fi=(75)
541 406
fe=(78)
91 1218
+2 404
fi=(77)
429 404
fe=(78)
93 404
fi=(49)
239 808
fe=(78)
96 404
fi=(77)
429 404
fe=(78)
97 404
fi=(77)
429 404
cob=(2)
cfi=(2)
cfn=(4702)
calls=404 0 
* 306445
fi=(75)
807 404
fe=(78)
101 822
+2 28
fi=(77)
452 28
fe=(78)
103 4
fi=(77)
452 4
fe=(78)
114 3510
fi=(77)
452 16
fe=(78)
103 32
cfi=(69)
cfn=(8022)
calls=1 545 
* 48
cfi=(79)
cfn=(5100)
calls=15 -20 
* 1396981
+1 32
+2 16
+1 32

fn=(6936) std::basic_streambuf<char, std::char_traits<char> >::xsgetn(char*, long)
50 28311552
+3 3145728
-3 15728640
+4 12582912
fi=(75)
494 3145728
fe=(78)
57 9437184
+2 3145727
fi=(77)
429 3145727
fe=(78)
59 3145727
fi=(49)
239 6291454
fe=(78)
62 3145727
fi=(77)
429 3145727
fe=(78)
63 3145727
fi=(77)
429 3145727
cob=(2)
cfi=(2)
cfn=(4702)
calls=3145727 0 
* 50331632
fi=(75)
804 3145727
fe=(78)
67 6291454
+2 4
fi=(75)
712 3
fe=(78)
80 28311552
fi=(77)
352 1
fe=(78)
73 1
-1 2
fi=(75)
712 2
cfi=(79)
cfn=(6946)
calls=1 153 
* 19
+2 2
494 1
fi=(77)
-42 1
fi=(75)
+55 3
fe=(78)

fl=(87)
fn=(6934) std::istream::read(char*, long)
709 25165824
+4 3145728
-4 12582912
+3 3145728
+1 9437184
cfn=(5558)
calls=3145728 51 
* 94371840
+1 6291456
+5 3145728
fi=(75)
367 6291456
fi=(34)
-29 6291456
fi=(75)
+29 6291456
cfi=(78)
cfn=(6936)
calls=3145728 50 
* 188743691
fe=(87)
719 3145728
+1 6291456
+14 31457280

fn=(5558)
51 25165848
+4 3145731
-4 3145731
+1 3145731
+3 6291462
fi=(34)
+92 3145731
fe=(87)
-92 9437193
fi=(34)
311 6291462
fe=(87)
59 6291462
+2 6291462
+29 3145731
+6 18874386

ob=(2)
fl=(2)
fn=(8168) exit
0 7
cfn=(8170) 0x00000000000403f0
calls=1 0 
0 3952

fn=(4604) (below main)
0 19
cfn=(4292)
calls=1 0 
0 76
0 12
cob=(1)
cfi=(1)
cfn=(4616) _dl_audit_preinit
calls=1 0 
0 5
0 6
cfn=(4618) 0x0000000000027640
calls=1 0 
0 1836995744
0 11
cob=(4)
cfi=(4)
cfn=(4606)
calls=1 0 
0 7
0 20
cob=(8)
cfi=(55) ???
cfn=(4610) 0x0000000000006690
calls=1 0 
0 12
0 4

fn=(3058) 0x00000000000bfad0
0 30

fn=(3076) __memmove_chk
0 44

fn=(3078) wmemcmp
0 50

fn=(3080) wcscat
0 18

fn=(3124) strcasecmp
0 22

fn=(3134) bcmp
0 75

fn=(3866) getrlimit
0 10

fn=(4026) 0x0000000000027490
0 12

fn=(4346)
0 6
cfn=(4348) getenv
calls=1 0 
0 524

fn=(4352)
0 50

fn=(4738) __isoc23_strtoul
0 619

fn=(5178) 0x00000000000a3ec0
0 23
cfn=(4468) __default_morecore
calls=1 0 
0 26
0 9
cfn=(4468)
calls=1 0 
0 47
0 2
cfn=(4468)
calls=1 0 
0 26
0 634
cfn=(5258) 0x00000000000a2650
calls=5 0 
0 155
0 30
cfn=(5204) 0x00000000000a28d0
calls=5 0 
0 120
0 32
cfn=(5204)
calls=8 0 
0 224
0 742
cfn=(5186) 0x00000000000a3d50
calls=16 0 
0 2132
0 145

fn=(5566)
0 57

fn=(7238) __libc_sigaction
0 51

fn=(7304) 0x0000000000095270
0 78
cfn=(7312) 0x0000000000119080
calls=2 0 
0 163
0 38

fn=(7314) 0x0000000000119010
0 14
cfn=(7318) 0x0000000000119160
calls=1 0 
0 16
0 15

fn=(7540) 0x000000000005a930
0 36

fn=(7610) 0x000000000013a6a0
0 44

fn=(7626) 0x0000000000091e20
0 12

fn=(3088) memcpy
0 110

fn=(3102) strnlen
0 50

fn=(3110) wcschr
0 50

fn=(3126) strcspn
0 7

fn=(3136) strcpy
0 19

fn=(3142) strncpy
0 42

fn=(3868) 0x0000000000098300
0 11
cob=(1)
cfi=(1)
cfn=(220) __tunable_get_val
calls=1 0 
0 18
0 4
cob=(1)
cfi=(1)
cfn=(220)
calls=1 0 
0 17
0 4
cob=(1)
cfi=(1)
cfn=(220)
calls=1 0 
0 18
0 6

fn=(3878) 0x00000000000419a0
0 18

fn=(4170)
0 130
cob=(4)
cfi=(4)
cfn=(4172)
calls=10 0 
0 160
0 338
cob=(4)
cfi=(4)
cfn=(4172)
calls=48 0 
0 768
0 20
cob=(4)
cfi=(4)
cfn=(4172)
calls=10 0 
0 160
0 370
cfn=(4180)
calls=49 0 
0 1048
0 208

fn=(4174)
0 1134

fn=(4736) __errno_location
0 100

fn=(4976) open
0 43
cfn=(4978) 0x0000000000092010
calls=2 0 
0 92
0 17

fn=(4978)
0 4650
cfn=(4980) 0x0000000000091f80
calls=775 0 
0 24817
0 6200

fn=(5516) _IO_default_finish
0 40

fn=(7236) pthread_create
0 50
cfn=(7240) pthread_getattr_default_np
calls=2 0 
0 110
0 12
cfn=(7248) getpagesize
calls=2 0 
0 12
0 74
cfn=(7356) pthread_attr_destroy
calls=2 0 
0 12
0 100
cfn=(7770) 0x0000000000092900
calls=1 0 
0 9
0 4
cfn=(7300) 0x0000000000092930
calls=1 0 
0 12
0 35
cfn=(5176)
calls=1 0 
0 4
0 80
cfn=(5176)
calls=16 0 
0 64
0 62
cfn=(7258) 0x000000000016c980
calls=1 0 
0 36
0 3
cob=(1)
cfi=(1)
cfn=(3676) _dl_allocate_tls_init
calls=1 0 
0 387
0 189
cfn=(7304)
calls=2 0 
0 279
0 34
cfn=(7238)
calls=1 0 
0 51
0 24
cfn=(7302) _IO_enable_locks
calls=2 0 
0 47
0 20
cfn=(5330) mmap
calls=1 0 
0 26
0 20
cfn=(7250) mprotect
calls=1 0 
0 6
0 17
cob=(1)
cfi=(1)
cfn=(7252) _dl_allocate_tls
calls=1 0 
0 684
0 14
cfn=(7300)
calls=1 0 
0 12
0 9

fn=(7302)
0 47

fn=(7342) clone
0 45
cfn=(7410) 0x0000000000095500
calls=1 0 
0 7068745652

fn=(7390) 0x00000000000926a0
0 64
cfn=(4980)
calls=2 0 
0 98
0 12

fn=(7410)
0 17
cfn=(3864) __ctype_init
calls=1 0 
0 17
0 3
cfn=(7416) 0x0000000000095430
calls=1 0 
0 602
0 18
cfn=(4620) _setjmp
calls=1 0 
0 31
0 29
cfn=(7590) __call_tls_dtors
calls=1 0 
0 13
0 1
cfn=(7594) 0x0000000000092be0
calls=1 0 
0 6
0 1
cfn=(7600) 0x00000000000a97a0
calls=1 0 
0 104
0 30
cfn=(7650) 0x0000000000041ae0
calls=1 0 
0 4
0 8
cfn=(7248)
calls=1 0 
0 6
0 20
cfn=(7416)
calls=1 0 
0 41
0 2
cob=(8)
cfi=(128) /home/nithin/CLionProjects/1dv1674_a2/blur/filters_par.cpp
cfn=(7580) FilterPar::pass1_worker(void*)
calls=1 185 
0 3532792849
0 7
cfn=(7664) madvise
calls=1 0 
0 6
0 8
cfn=(7411) 0x0000000000095500'2
calls=1 0 
0 3535951829

fn=(7411)
0 17
cfn=(3864)
calls=1 0 
0 17
0 3
cfn=(7416)
calls=1 0 
0 602
0 18
cfn=(4620)
calls=1 0 
0 31
0 29
cfn=(7590)
calls=1 0 
0 13
0 1
cfn=(7594)
calls=1 0 
0 6
0 1
cfn=(7600)
calls=1 0 
0 104
0 30
cfn=(7650)
calls=1 0 
0 4
0 8
cfn=(7248)
calls=1 0 
0 6
0 20
cfn=(7416)
calls=1 0 
0 41
0 2
cob=(8)
cfi=(128)
cfn=(7774) FilterPar::pass2_worker(void*)
calls=1 213 
0 3535950865
0 4
cfn=(7664)
calls=1 0 
0 6
0 1

fn=(7782) 0x00000000000a34c0
0 145
cfn=(5330)
calls=5 0 
0 130
0 45
cfn=(5340) 0x0000000000119a80
calls=5 0 
0 80
0 75

fn=(8252) 0x0000000000100180
0 90

fn=(8438) 0x00000000000900d0
0 12
cfn=(8440) _IO_flush_all
calls=1 0 
0 198
0 6
cfn=(4960) 0x0000000000092720
calls=1 0 
0 13
0 152
cfn=(4964) 0x0000000000092770
calls=1 0 
0 10
0 18

fn=(4092)
0 110
cfn=(4094) 0x000000000009abc0
calls=2 0 
0 200
0 6

fn=(4114) _pthread_cleanup_pop
0 24

fn=(3068) strncasecmp
0 22

fn=(3094) __mempcpy_chk
0 22

fn=(3100) wcsnlen
0 20

fn=(4000) 0x0000000000027420
0 33
cob=(4)
cfi=(4)
cfn=(4012)
calls=1 0 
0 24
0 12

fn=(4180)
0 1144

fn=(4468)
0 108
cfn=(4470) sbrk
calls=18 0 
0 594
0 77

fn=(4470)
0 330
cfn=(4472) brk
calls=15 0 
0 145
0 102
cfn=(4472)
calls=1 0 
0 9
0 8

fn=(4974) _IO_file_open
0 32
cfn=(4976)
calls=2 0 
0 152
0 30
cfn=(4958) _IO_link_in
calls=2 0 
0 28
0 12

fn=(4990) 0x00000000000aeca0
0 40
cob=(4)
cfi=(4)
cfn=(4994)
calls=2 0 
0 46
0 32

fn=(5204)
0 793
cfn=(5258)
calls=11 0 
0 281
0 78

fn=(5466) _IO_un_link
0 26
cfn=(4960)
calls=2 0 
0 26
0 109
cfn=(4964)
calls=2 0 
0 20
0 47

fn=(7248)
0 24

fn=(7272) pthread_mutex_lock
0 123

fn=(7312)
0 26
cfn=(7314)
calls=2 0 
0 45
0 36
cfn=(7342)
calls=2 0 
0 38
0 18

fn=(7602) 0x00000000001602f0
0 24

fn=(8056)
0 3870
cfn=(4978)
calls=387 0 
0 24381
0 774

fn=(8322)
0 190
cfn=(8324) _IO_file_sync
calls=10 0 
0 180
0 350

fn=(8496) _Exit
0 3

fn=(4156)
0 44

fn=(3074) stpcpy
0 19

fn=(3086) __memset_chk
0 69

fn=(3122) strncmp
0 44

fn=(3130) strncasecmp_l
0 22

fn=(3132) strchrnul
0 25

fn=(4034) 0x0000000000027500
0 22

fn=(4366) 0x00000000000a29f0
0 794
cob=(1)
cfi=(1)
cfn=(220)
calls=1 0 
0 17
0 4
cob=(1)
cfi=(1)
cfn=(220)
calls=1 0 
0 18
0 4
cob=(1)
cfi=(1)
cfn=(220)
calls=1 0 
0 17
0 4
cob=(1)
cfi=(1)
cfn=(220)
calls=1 0 
0 17
0 4
cob=(1)
cfi=(1)
cfn=(220)
calls=1 0 
0 18
0 4
cob=(1)
cfi=(1)
cfn=(220)
calls=1 0 
0 17
0 4
cob=(1)
cfi=(1)
cfn=(220)
calls=1 0 
0 17
0 4
cob=(1)
cfi=(1)
cfn=(220)
calls=1 0 
0 17
0 4
cob=(1)
cfi=(1)
cfn=(220)
calls=1 0 
0 17
0 4
cob=(1)
cfi=(1)
cfn=(220)
calls=1 0 
0 17
0 4
cob=(1)
cfi=(1)
cfn=(220)
calls=1 0 
0 17
0 4
cob=(1)
cfi=(1)
cfn=(220)
calls=1 0 
0 17
0 8

fn=(4964)
0 60

fn=(7258)
0 36

fn=(7356)
0 12

fn=(7422) snprintf
0 42
cfn=(7424) 0x0000000000089dc0
calls=2 0 
0 1050
0 10

fn=(7708) 0x0000000000092d40
0 100

fn=(8250)
0 357
cfn=(8252)
calls=5 0 
0 90
0 116
cob=(7)
cfi=(11)
cfn=(8316)
calls=1 123 
0 1365
cob=(7)
cfi=(135)
cfn=(8314)
calls=1 631 
0 7
cob=(7)
cfi=(44)
cfn=(8312)
calls=1 188 
0 6
cob=(7)
cfi=(44)
cfn=(8308)
calls=1 203 
0 6
0 28

fn=(4622) __sigsetjmp
0 84

fn=(4102) _pthread_cleanup_push
0 28

fn=(3072) wcpncpy
0 18

fn=(3098) memset
0 69

fn=(3106) strcmp
0 40

fn=(3108) memrchr
0 25

fn=(3116) wcscmp
0 50

fn=(3472) gettimeofday
0 7

fn=(3862) __libc_early_init
0 11
cob=(1)
cfi=(1)
cfn=(220)
calls=1 0 
0 18
0 4
cob=(1)
cfi=(1)
cfn=(220)
calls=1 0 
0 18
0 4
cob=(1)
cfi=(1)
cfn=(220)
calls=1 0 
0 18
0 4
cob=(1)
cfi=(1)
cfn=(220)
calls=1 0 
0 18
0 4
cob=(1)
cfi=(1)
cfn=(220)
calls=1 0 
0 18
0 19
cfn=(3864)
calls=1 0 
0 17
0 7
cfn=(3866)
calls=1 0 
0 10
0 29
cfn=(3868)
calls=1 0 
0 78
0 2
cfn=(3878)
calls=1 0 
0 18
0 6

fn=(4160)
0 2432

fn=(4162)
0 8192
cfn=(4164) _dl_mcount_wrapper_check
calls=128 0 
0 640
0 1280

fn=(4292)
0 95
cfn=(4300) 0x000000000003fcc0
calls=5 0 
0 162
0 120

fn=(4300)
0 162

fn=(4812) __isoc23_strtol
0 108

fn=(4956) 0x000000000008c050
0 18
cfn=(4958)
calls=2 0 
0 219
0 8

fn=(4972) _IO_file_fopen
0 94
cfn=(4974)
calls=2 0 
0 254
0 12
cfn=(4990)
calls=2 0 
0 118
0 24

fn=(5506) _IO_unsave_markers
0 12

fn=(5508) _IO_file_close
0 6
cfn=(5510) __close_nocancel
calls=2 0 
0 12

fn=(7254) calloc
0 59
cfn=(4412) 0x00000000000a4c60
calls=1 0 
0 126
0 82

fn=(7366) pthread_join
0 92
cfn=(7708)
calls=2 0 
0 100
0 40
cfn=(4102)
calls=2 0 
0 14
0 12
cfn=(7390)
calls=2 0 
0 174
0 30
cfn=(4114)
calls=2 0 
0 12
0 8

fn=(7406) 0x000000000009ddf0
0 5850

fn=(7416)
0 74
cfn=(7422)
calls=2 0 
0 1102
0 8
cfn=(5340)
calls=2 0 
0 32
0 70

fn=(7432)
0 76

fn=(7440) 0x000000000005ae70
0 122
cfn=(4702)
calls=4 0 
0 52
0 68

fn=(7590)
0 39

fn=(7770)
0 9

fn=(4620)
0 9
cfn=(4622)
calls=3 0 
0 84

fn=(3092) __memcpy_chk
0 44

fn=(4348)
0 19
cob=(4)
cfi=(4)
cfn=(4172)
calls=1 0 
0 16
0 419
cob=(4)
cfi=(4)
cfn=(4350)
calls=2 0 
0 54
0 16

fn=(4364)
0 2652
cfn=(4406) 0x00000000000a5c60
calls=1 0 
0 483
0 343
cfn=(4412)
calls=18 0 
0 7502
0 259
cfn=(4366)
calls=1 0 
0 1052
0 161
cfn=(4412)
calls=53 0 
0 12119
0 394

fn=(4452) 0x00000000000a4190
0 1855
cfn=(5326) 0x00000000000a35c0
calls=21 0 
0 2186
0 616
cfn=(7782)
calls=5 0 
0 475
0 109
cfn=(4468)
calls=14 0 
0 654
0 300
cfn=(4468)
calls=1 0 
0 26
0 41
cfn=(5178)
calls=5 0 
0 615
0 18

fn=(4472)
0 154

fn=(4946) 0x000000000008f6c0
0 52

fn=(5326)
0 378
cfn=(5330)
calls=21 0 
0 546
0 210
cfn=(5340)
calls=21 0 
0 369
0 683

fn=(5330)
0 702

fn=(5340)
0 456
cob=(1)
cfi=(1)
cfn=(220)
calls=1 0 
0 18
0 7

fn=(7240)
0 24
cfn=(7242) 0x00000000000935f0
calls=2 0 
0 70
0 16

fn=(7428) 0x0000000000063920
0 52
cob=(4)
cfi=(4)
cfn=(7430)
calls=2 0 
0 42
0 14
cfn=(7440)
calls=2 0 
0 98
0 120
cob=(4)
cfi=(4)
cfn=(7430)
calls=2 0 
0 42
0 12
cfn=(7440)
calls=2 0 
0 38
0 38
cfn=(7488) 0x0000000000059400
calls=2 0 
0 210
0 88
cfn=(7440)
calls=2 0 
0 106
0 84

fn=(7608) 0x0000000000132760
0 8
cfn=(7610)
calls=2 0 
0 44
0 14

fn=(4618)
0 10
cfn=(4620)
calls=1 0 
0 31
0 14
cob=(8)
cfi=(56) /home/nithin/CLionProjects/1dv1674_a2/blur/blur_par.cpp
cfn=(4632) main
calls=1 13 
0 1836991728
0 2
cfn=(8168)
calls=1 0 
0 3959

fn=(3084) strcat
0 19

fn=(3090) wcsncpy
0 18

fn=(3128) wcscpy
0 17

fn=(3864)
0 51

fn=(4406)
0 15
cfn=(4412)
calls=1 0 
0 369
0 99

fn=(4412)
0 11027
cfn=(5258)
calls=9 0 
0 234
0 362
cfn=(5258)
calls=1 0 
0 22
0 16
cfn=(5258)
calls=2 0 
0 62
0 102
cfn=(4520) 0x00000000000a1ce0
calls=3 0 
0 15
0 40
cfn=(4520)
calls=10 0 
0 50
0 619
cfn=(4520)
calls=15 0 
0 75
0 16
cfn=(4520)
calls=1 0 
0 5
0 156
cfn=(4452)
calls=35 0 
0 6895
0 210
cfn=(4520)
calls=35 0 
0 175
0 35

fn=(4960)
0 78

fn=(4996)
0 399

fn=(5258)
0 842

fn=(5410) 0x00000000000a1d00
0 609
cfn=(5416) munmap
calls=21 0 
0 126

fn=(5416)
0 126

fn=(5464)
0 38
cfn=(5514) _IO_file_finish
calls=2 0 
0 50
0 30
cfn=(5176)
calls=2 0 
0 120
0 14
cfn=(5466)
calls=2 0 
0 220
0 59
cfn=(5504) _IO_file_close_it
calls=2 0 
0 188
0 13

fn=(5514)
0 10
cfn=(5516)
calls=2 0 
0 40

fn=(7274) pthread_mutex_unlock
0 123

fn=(7300)
0 24

fn=(7318)
0 16

fn=(7424)
0 46
cfn=(7428)
calls=2 0 
0 944
0 12
cfn=(7540)
calls=2 0 
0 36
0 12

fn=(8324)
0 180

fn=(3112) index
0 63

fn=(3114) rindex
0 25

fn=(3118) stpncpy
0 21

fn=(3138) strcasecmp_l
0 22

fn=(3140) strlen
0 125

fn=(3148) strspn
0 14

fn=(4164)
0 640

fn=(4958)
0 76
cfn=(4960)
calls=2 0 
0 26
0 99
cfn=(4964)
calls=2 0 
0 20
0 26

fn=(5084)
0 5411

fn=(5186)
0 1020
cfn=(5258)
calls=4 0 
0 88
0 24
cfn=(5204)
calls=4 0 
0 174
0 48
cfn=(5204)
calls=12 0 
0 634
0 144

fn=(5512) _IO_setb
0 38

fn=(7488)
0 210

fn=(7620) 0x00000000000bfc80
0 16
cfn=(5176)
calls=2 0 
0 8
0 8
cfn=(5176)
calls=2 0 
0 8

fn=(7650)
0 8

fn=(8170)
0 125
cfn=(8496)
calls=1 0 
0 3
0 13
cob=(1)
cfi=(1)
cfn=(8194) 0x0000000000004f60
calls=1 0 
0 3381
0 5
cfn=(8438)
calls=1 0 
0 409
0 2
cfn=(7590)
calls=1 0 
0 13
0 1

fn=(4094)
0 80
cfn=(4102)
calls=2 0 
0 14
0 4
cob=(7)
cfi=(13)
cfn=(4082)
calls=1 324 
0 5
cob=(7)
cfi=(14)
cfn=(4106)
calls=1 208 
0 59
0 6
cfn=(4114)
calls=2 0 
0 12
0 20

fn=(4110)
0 38

fn=(3070) mempcpy
0 22

fn=(3082) wmemset
0 30

fn=(3096) wcslen
0 40

fn=(3104) strpbrk
0 7

fn=(3120) wmemchr
0 63

fn=(3144) memmove
0 110

fn=(3146) memchr
0 42

fn=(3484) strstr
0 7

fn=(4014)
0 22

fn=(4520)
0 320

fn=(4702)
0 54631685

fn=(4936)
0 28
cfn=(4364)
calls=2 0 
0 228
0 24
cfn=(4944) 0x000000000008f730
calls=2 0 
0 114
0 8
cfn=(4956)
calls=2 0 
0 245
0 10
cfn=(4972)
calls=2 0 
0 502
0 32

fn=(4944)
0 24
cfn=(4946)
calls=2 0 
0 52
0 38

fn=(4980)
0 13620
cfn=(7406)
calls=390 0 
0 5850
0 5445

fn=(5088)
0 3860
cfn=(4978)
calls=386 0 
0 11194
0 772

fn=(5176)
0 3099
cfn=(5178)
calls=24 0 
0 3732
0 546
cfn=(5410)
calls=14 0 
0 490
0 14
cfn=(5410)
calls=7 0 
0 245
0 516

fn=(5504)
0 38
cfn=(5506)
calls=2 0 
0 12
0 20
cfn=(5508)
calls=2 0 
0 18
0 18
cfn=(5512)
calls=2 0 
0 38
0 12
cfn=(5466)
calls=2 0 
0 8
0 24

fn=(5510)
0 12

fn=(7242)
0 70

fn=(7250)
0 6

fn=(7594)
0 12

fn=(7600)
0 56
cfn=(7602)
calls=2 0 
0 24
0 2
cfn=(7608)
calls=2 0 
0 66
0 2
cfn=(7620)
calls=2 0 
0 40
0 2
cfn=(7626)
calls=2 0 
0 12
0 4

fn=(7664)
0 12

fn=(8440)
0 16
cfn=(4960)
calls=1 0 
0 13
0 141
cfn=(4964)
calls=1 0 
0 10
0 18

ob=(8)
fl=(122) /usr/include/c++/15.1.1/bits/regex_executor.tcc
fn=(6696) std::__detail::_Executor<__gnu_cxx::__normal_iterator<char const*, std::__cxx11::basic_string<char, std::char_traits<char>, std::allocator<char> > >, std::allocator<std::__cxx11::sub_match<__gnu_cxx::__normal_iterator<char const*, std::__cxx11::basic_string<char, std::char_traits<char>, std::allocator<char> > > > >, std::__cxx11::regex_traits<char>, true>::_M_handle_match(std::__detail::_Executor<__gnu_cxx::__normal_iterator<char const*, std::__cxx11::basic_string<char, std::char_traits<char>, std::allocator<char> > >, std::allocator<std::__cxx11::sub_match<__gnu_cxx::__normal_iterator<char const*, std::__cxx11::basic_string<char, std::char_traits<char>, std::allocator<char> > > > >, std::__cxx11::regex_traits<char>, true>::_Match_mode, long)
318 14
+3 14
cfi=(104) /usr/include/c++/15.1.1/bits/stl_vector.h
cfn=(6686) std::vector<std::__detail::_State<char>, std::allocator<std::__detail::_State<char> > >::operator[](unsigned long) const
calls=2 1280 
* 82
* 2
+2 16
fi=(117) /usr/include/c++/15.1.1/bits/stl_iterator.h
1166 2
+65 6
-65 2
+65 6
fe=(122)
323 4
+4 6
fi=(117)
1090 4
fe=(122)
327 12
cfi=(103) /usr/include/c++/15.1.1/bits/regex_automaton.h
cfn=(6698) std::__detail::_State<char>::_M_matches(char) const
calls=2 172 
* 476
* 4
+2 6
fi=(117)
1103 10
fe=(122)
330 14
cfn=(6683) std::__detail::_Executor<__gnu_cxx::__normal_iterator<char const*, std::__cxx11::basic_string<char, std::char_traits<char>, std::allocator<char> > >, std::allocator<std::__cxx11::sub_match<__gnu_cxx::__normal_iterator<char const*, std::__cxx11::basic_string<char, std::char_traits<char>, std::allocator<char> > > > >, std::__cxx11::regex_traits<char>, true>::_M_dfs(std::__detail::_Executor<__gnu_cxx::__normal_iterator<char const*, std::__cxx11::basic_string<char, std::char_traits<char>, std::allocator<char> > >, std::allocator<std::__cxx11::sub_match<__gnu_cxx::__normal_iterator<char const*, std::__cxx11::basic_string<char, std::char_traits<char>, std::allocator<char> > > > >, std::__cxx11::regex_traits<char>, true>::_Match_mode, long)'2
calls=2 507 
* 12853
+1 6
fi=(117)
1120 10
+1 2
fe=(122)
337 4

fn=(6697) std::__detail::_Executor<__gnu_cxx::__normal_iterator<char const*, std::__cxx11::basic_string<char, std::char_traits<char>, std::allocator<char> > >, std::allocator<std::__cxx11::sub_match<__gnu_cxx::__normal_iterator<char const*, std::__cxx11::basic_string<char, std::char_traits<char>, std::allocator<char> > > > >, std::__cxx11::regex_traits<char>, true>::_M_handle_match(std::__detail::_Executor<__gnu_cxx::__normal_iterator<char const*, std::__cxx11::basic_string<char, std::char_traits<char>, std::allocator<char> > >, std::allocator<std::__cxx11::sub_match<__gnu_cxx::__normal_iterator<char const*, std::__cxx11::basic_string<char, std::char_traits<char>, std::allocator<char> > > > >, std::__cxx11::regex_traits<char>, true>::_Match_mode, long)'2
318 91
+3 91
cfi=(104)
cfn=(6686)
calls=13 1280 
* 533
* 13
+2 104
fi=(117)
1166 13
+65 39
-65 13
+65 39
fe=(122)
323 26
+4 33
fi=(117)
1090 22
fe=(122)
327 66
cfi=(103)
cfn=(6698)
calls=11 172 
* 2548
* 22
+2 30
fi=(117)
1103 50
fe=(122)
330 70
cfn=(6683)
calls=10 507 
* 46225
+1 30
fi=(117)
1120 50
+1 10
fe=(122)
324 2
+13 26

fn=(6652) std::__detail::_Executor<__gnu_cxx::__normal_iterator<char const*, std::__cxx11::basic_string<char, std::char_traits<char>, std::allocator<char> > >, std::allocator<std::__cxx11::sub_match<__gnu_cxx::__normal_iterator<char const*, std::__cxx11::basic_string<char, std::char_traits<char>, std::allocator<char> > > > >, std::__cxx11::regex_traits<char>, true>::_M_main_dispatch(std::__detail::_Executor<__gnu_cxx::__normal_iterator<char const*, std::__cxx11::basic_string<char, std::char_traits<char>, std::allocator<char> > >, std::allocator<std::__cxx11::sub_match<__gnu_cxx::__normal_iterator<char const*, std::__cxx11::basic_string<char, std::char_traits<char>, std::allocator<char> > > > >, std::__cxx11::regex_traits<char>, true>::_Match_mode, std::integral_constant<bool, true>)
81 18
+3 4
fi=(117)
1054 4
fe=(122)
85 8
cfi=(121) /usr/include/c++/15.1.1/bits/regex_executor.h
cfn=(6654) std::__detail::_Executor<__gnu_cxx::__normal_iterator<char const*, std::__cxx11::basic_string<char, std::char_traits<char>, std::allocator<char> > >, std::allocator<std::__cxx11::sub_match<__gnu_cxx::__normal_iterator<char const*, std::__cxx11::basic_string<char, std::char_traits<char>, std::allocator<char> > > > >, std::__cxx11::regex_traits<char>, true>::_State_info<std::integral_constant<bool, true>, std::vector<std::__cxx11::sub_match<__gnu_cxx::__normal_iterator<char const*, std::__cxx11::basic_string<char, std::char_traits<char>, std::allocator<char> > > >, std::allocator<std::__cxx11::sub_match<__gnu_cxx::__normal_iterator<char const*, std::__cxx11::basic_string<char, std::char_traits<char>, std::allocator<char> > > > > > >::_M_get_sol_pos()
calls=2 285 
* 14
* 4
+1 12
cfi=(108) /usr/include/c++/15.1.1/bits/vector.tcc
cfn=(6656) std::vector<std::__cxx11::sub_match<__gnu_cxx::__normal_iterator<char const*, std::__cxx11::basic_string<char, std::char_traits<char>, std::allocator<char> > > >, std::allocator<std::__cxx11::sub_match<__gnu_cxx::__normal_iterator<char const*, std::__cxx11::basic_string<char, std::char_traits<char>, std::allocator<char> > > > > >::operator=(std::vector<std::__cxx11::sub_match<__gnu_cxx::__normal_iterator<char const*, std::__cxx11::basic_string<char, std::char_traits<char>, std::allocator<char> > > >, std::allocator<std::__cxx11::sub_match<__gnu_cxx::__normal_iterator<char const*, std::__cxx11::basic_string<char, std::char_traits<char>, std::allocator<char> > > > > > const&)
calls=2 210 
* 1975
+1 14
cfn=(6682) std::__detail::_Executor<__gnu_cxx::__normal_iterator<char const*, std::__cxx11::basic_string<char, std::char_traits<char>, std::allocator<char> > >, std::allocator<std::__cxx11::sub_match<__gnu_cxx::__normal_iterator<char const*, std::__cxx11::basic_string<char, std::char_traits<char>, std::allocator<char> > > > >, std::__cxx11::regex_traits<char>, true>::_M_dfs(std::__detail::_Executor<__gnu_cxx::__normal_iterator<char const*, std::__cxx11::basic_string<char, std::char_traits<char>, std::allocator<char> > >, std::allocator<std::__cxx11::sub_match<__gnu_cxx::__normal_iterator<char const*, std::__cxx11::basic_string<char, std::char_traits<char>, std::allocator<char> > > > >, std::__cxx11::regex_traits<char>, true>::_Match_mode, long)
calls=2 507 
* 15181
+1 4
+1 10

fn=(6682)
507 14
+3 12
cfi=(121)
cfn=(6684) std::__detail::_Executor<__gnu_cxx::__normal_iterator<char const*, std::__cxx11::basic_string<char, std::char_traits<char>, std::allocator<char> > >, std::allocator<std::__cxx11::sub_match<__gnu_cxx::__normal_iterator<char const*, std::__cxx11::basic_string<char, std::char_traits<char>, std::allocator<char> > > > >, std::__cxx11::regex_traits<char>, true>::_State_info<std::integral_constant<bool, true>, std::vector<std::__cxx11::sub_match<__gnu_cxx::__normal_iterator<char const*, std::__cxx11::basic_string<char, std::char_traits<char>, std::allocator<char> > > >, std::allocator<std::__cxx11::sub_match<__gnu_cxx::__normal_iterator<char const*, std::__cxx11::basic_string<char, std::char_traits<char>, std::allocator<char> > > > > > >::_M_visited(long) const
calls=2 282 
* 14
* 4
+3 14
cfi=(104)
cfn=(6686)
calls=2 1280 
* 82
* 4
cfi=(103)
cfn=(5902) std::__detail::_State<char>::_M_opcode() const
calls=2 168 
* 14
* 28
+5 12
cfn=(6688) std::__detail::_Executor<__gnu_cxx::__normal_iterator<char const*, std::__cxx11::basic_string<char, std::char_traits<char>, std::allocator<char> > >, std::allocator<std::__cxx11::sub_match<__gnu_cxx::__normal_iterator<char const*, std::__cxx11::basic_string<char, std::char_traits<char>, std::allocator<char> > > > >, std::__cxx11::regex_traits<char>, true>::_M_handle_subexpr_begin(std::__detail::_Executor<__gnu_cxx::__normal_iterator<char const*, std::__cxx11::basic_string<char, std::char_traits<char>, std::allocator<char> > >, std::allocator<std::__cxx11::sub_match<__gnu_cxx::__normal_iterator<char const*, std::__cxx11::basic_string<char, std::char_traits<char>, std::allocator<char> > > > >, std::__cxx11::regex_traits<char>, true>::_Match_mode, long)
calls=2 247 
* 14977
* 2
+22 4

fn=(6683)
507 280
+3 240
cfi=(121)
cfn=(6684)
calls=40 282 
* 280
* 80
+3 280
cfi=(104)
cfn=(6686)
calls=40 1280 
* 1640
* 80
cfi=(103)
cfn=(5902)
calls=40 168 
* 280
* 738
+3 66
cfn=(6729) std::__detail::_Executor<__gnu_cxx::__normal_iterator<char const*, std::__cxx11::basic_string<char, std::char_traits<char>, std::allocator<char> > >, std::allocator<std::__cxx11::sub_match<__gnu_cxx::__normal_iterator<char const*, std::__cxx11::basic_string<char, std::char_traits<char>, std::allocator<char> > > > >, std::__cxx11::regex_traits<char>, true>::_M_handle_repeat(std::__detail::_Executor<__gnu_cxx::__normal_iterator<char const*, std::__cxx11::basic_string<char, std::char_traits<char>, std::allocator<char> > >, std::allocator<std::__cxx11::sub_match<__gnu_cxx::__normal_iterator<char const*, std::__cxx11::basic_string<char, std::char_traits<char>, std::allocator<char> > > > >, std::__cxx11::regex_traits<char>, true>::_Match_mode, long)'2
calls=9 205 
* 39821
cfn=(6728) std::__detail::_Executor<__gnu_cxx::__normal_iterator<char const*, std::__cxx11::basic_string<char, std::char_traits<char>, std::allocator<char> > >, std::allocator<std::__cxx11::sub_match<__gnu_cxx::__normal_iterator<char const*, std::__cxx11::basic_string<char, std::char_traits<char>, std::allocator<char> > > > >, std::__cxx11::regex_traits<char>, true>::_M_handle_repeat(std::__detail::_Executor<__gnu_cxx::__normal_iterator<char const*, std::__cxx11::basic_string<char, std::char_traits<char>, std::allocator<char> > >, std::allocator<std::__cxx11::sub_match<__gnu_cxx::__normal_iterator<char const*, std::__cxx11::basic_string<char, std::char_traits<char>, std::allocator<char> > > > >, std::__cxx11::regex_traits<char>, true>::_Match_mode, long)
calls=2 205 
* 12597
* 11
+2 18
cfn=(6689) std::__detail::_Executor<__gnu_cxx::__normal_iterator<char const*, std::__cxx11::basic_string<char, std::char_traits<char>, std::allocator<char> > >, std::allocator<std::__cxx11::sub_match<__gnu_cxx::__normal_iterator<char const*, std::__cxx11::basic_string<char, std::char_traits<char>, std::allocator<char> > > > >, std::__cxx11::regex_traits<char>, true>::_M_handle_subexpr_begin(std::__detail::_Executor<__gnu_cxx::__normal_iterator<char const*, std::__cxx11::basic_string<char, std::char_traits<char>, std::allocator<char> > >, std::allocator<std::__cxx11::sub_match<__gnu_cxx::__normal_iterator<char const*, std::__cxx11::basic_string<char, std::char_traits<char>, std::allocator<char> > > > >, std::__cxx11::regex_traits<char>, true>::_Match_mode, long)'2
calls=3 247 
* 19153
* 3
+2 30
cfn=(6739) std::__detail::_Executor<__gnu_cxx::__normal_iterator<char const*, std::__cxx11::basic_string<char, std::char_traits<char>, std::allocator<char> > >, std::allocator<std::__cxx11::sub_match<__gnu_cxx::__normal_iterator<char const*, std::__cxx11::basic_string<char, std::char_traits<char>, std::allocator<char> > > > >, std::__cxx11::regex_traits<char>, true>::_M_handle_subexpr_end(std::__detail::_Executor<__gnu_cxx::__normal_iterator<char const*, std::__cxx11::basic_string<char, std::char_traits<char>, std::allocator<char> > >, std::allocator<std::__cxx11::sub_match<__gnu_cxx::__normal_iterator<char const*, std::__cxx11::basic_string<char, std::char_traits<char>, std::allocator<char> > > > >, std::__cxx11::regex_traits<char>, true>::_Match_mode, long)'2
calls=3 261 
* 3395
cfn=(6738) std::__detail::_Executor<__gnu_cxx::__normal_iterator<char const*, std::__cxx11::basic_string<char, std::char_traits<char>, std::allocator<char> > >, std::allocator<std::__cxx11::sub_match<__gnu_cxx::__normal_iterator<char const*, std::__cxx11::basic_string<char, std::char_traits<char>, std::allocator<char> > > > >, std::__cxx11::regex_traits<char>, true>::_M_handle_subexpr_end(std::__detail::_Executor<__gnu_cxx::__normal_iterator<char const*, std::__cxx11::basic_string<char, std::char_traits<char>, std::allocator<char> > >, std::allocator<std::__cxx11::sub_match<__gnu_cxx::__normal_iterator<char const*, std::__cxx11::basic_string<char, std::char_traits<char>, std::allocator<char> > > > >, std::__cxx11::regex_traits<char>, true>::_Match_mode, long)
calls=2 261 
* 7226
* 5
+2 12
cfn=(6692) std::__detail::_Executor<__gnu_cxx::__normal_iterator<char const*, std::__cxx11::basic_string<char, std::char_traits<char>, std::allocator<char> > >, std::allocator<std::__cxx11::sub_match<__gnu_cxx::__normal_iterator<char const*, std::__cxx11::basic_string<char, std::char_traits<char>, std::allocator<char> > > > >, std::__cxx11::regex_traits<char>, true>::_M_handle_line_begin_assertion(std::__detail::_Executor<__gnu_cxx::__normal_iterator<char const*, std::__cxx11::basic_string<char, std::char_traits<char>, std::allocator<char> > >, std::allocator<std::__cxx11::sub_match<__gnu_cxx::__normal_iterator<char const*, std::__cxx11::basic_string<char, std::char_traits<char>, std::allocator<char> > > > >, std::__cxx11::regex_traits<char>, true>::_Match_mode, long)
calls=2 276 
* 14481
* 2
+2 12
cfn=(6752) std::__detail::_Executor<__gnu_cxx::__normal_iterator<char const*, std::__cxx11::basic_string<char, std::char_traits<char>, std::allocator<char> > >, std::allocator<std::__cxx11::sub_match<__gnu_cxx::__normal_iterator<char const*, std::__cxx11::basic_string<char, std::char_traits<char>, std::allocator<char> > > > >, std::__cxx11::regex_traits<char>, true>::_M_handle_line_end_assertion(std::__detail::_Executor<__gnu_cxx::__normal_iterator<char const*, std::__cxx11::basic_string<char, std::char_traits<char>, std::allocator<char> > >, std::allocator<std::__cxx11::sub_match<__gnu_cxx::__normal_iterator<char const*, std::__cxx11::basic_string<char, std::char_traits<char>, std::allocator<char> > > > >, std::__cxx11::regex_traits<char>, true>::_Match_mode, long)
calls=2 286 
* 2337
* 2
+6 90
cfn=(6697)
calls=13 318 
* 50146
cfn=(6696)
calls=2 318 
* 13555
* 15
+4 12
cfn=(6756) std::__detail::_Executor<__gnu_cxx::__normal_iterator<char const*, std::__cxx11::basic_string<char, std::char_traits<char>, std::allocator<char> > >, std::allocator<std::__cxx11::sub_match<__gnu_cxx::__normal_iterator<char const*, std::__cxx11::basic_string<char, std::char_traits<char>, std::allocator<char> > > > >, std::__cxx11::regex_traits<char>, true>::_M_handle_accept(std::__detail::_Executor<__gnu_cxx::__normal_iterator<char const*, std::__cxx11::basic_string<char, std::char_traits<char>, std::allocator<char> > >, std::allocator<std::__cxx11::sub_match<__gnu_cxx::__normal_iterator<char const*, std::__cxx11::basic_string<char, std::char_traits<char>, std::allocator<char> > > > >, std::__cxx11::regex_traits<char>, true>::_Match_mode, long)
calls=2 426 
* 1399
* 2
+6 80

fn=(6692)
276 14
+3 14
cfi=(104)
cfn=(6686)
calls=2 1280 
* 82
* 2
+1 6
cfi=(121)
cfn=(6694) std::__detail::_Executor<__gnu_cxx::__normal_iterator<char const*, std::__cxx11::basic_string<char, std::char_traits<char>, std::allocator<char> > >, std::allocator<std::__cxx11::sub_match<__gnu_cxx::__normal_iterator<char const*, std::__cxx11::basic_string<char, std::char_traits<char>, std::allocator<char> > > > >, std::__cxx11::regex_traits<char>, true>::_M_at_begin() const
calls=2 167 
* 132
* 4
+1 14
cfn=(6683)
calls=2 507 
* 14207
+1 6

fn=(6728)
205 14
+3 14
cfi=(104)
cfn=(6686)
calls=2 1280 
* 82
* 2
+3 10
+2 12
cfn=(6730) std::__detail::_Executor<__gnu_cxx::__normal_iterator<char const*, std::__cxx11::basic_string<char, std::char_traits<char>, std::allocator<char> > >, std::allocator<std::__cxx11::sub_match<__gnu_cxx::__normal_iterator<char const*, std::__cxx11::basic_string<char, std::char_traits<char>, std::allocator<char> > > > >, std::__cxx11::regex_traits<char>, true>::_M_rep_once_more(std::__detail::_Executor<__gnu_cxx::__normal_iterator<char const*, std::__cxx11::basic_string<char, std::char_traits<char>, std::allocator<char> > >, std::allocator<std::__cxx11::sub_match<__gnu_cxx::__normal_iterator<char const*, std::__cxx11::basic_string<char, std::char_traits<char>, std::allocator<char> > > > >, std::__cxx11::regex_traits<char>, true>::_Match_mode, long)
calls=2 -38 
* 12447
+2 10
+28 6

fn=(6729)
205 63
+3 63
cfi=(104)
cfn=(6686)
calls=9 1280 
* 369
* 9
+3 45
+2 54
cfn=(6731) std::__detail::_Executor<__gnu_cxx::__normal_iterator<char const*, std::__cxx11::basic_string<char, std::char_traits<char>, std::allocator<char> > >, std::allocator<std::__cxx11::sub_match<__gnu_cxx::__normal_iterator<char const*, std::__cxx11::basic_string<char, std::char_traits<char>, std::allocator<char> > > > >, std::__cxx11::regex_traits<char>, true>::_M_rep_once_more(std::__detail::_Executor<__gnu_cxx::__normal_iterator<char const*, std::__cxx11::basic_string<char, std::char_traits<char>, std::allocator<char> > >, std::allocator<std::__cxx11::sub_match<__gnu_cxx::__normal_iterator<char const*, std::__cxx11::basic_string<char, std::char_traits<char>, std::allocator<char> > > > >, std::__cxx11::regex_traits<char>, true>::_Match_mode, long)'2
calls=9 -38 
* 30126
+2 45
+1 21
cfn=(6683)
calls=3 507 
* 8996
+27 30

fn=(6730)
175 20
+3 14
cfi=(104)
cfn=(6686)
calls=2 1280 
* 82
* 2
+1 12
cfi=(104)
cfn=(6732) std::vector<std::pair<__gnu_cxx::__normal_iterator<char const*, std::__cxx11::basic_string<char, std::char_traits<char>, std::allocator<char> > >, int>, std::allocator<std::pair<__gnu_cxx::__normal_iterator<char const*, std::__cxx11::basic_string<char, std::char_traits<char>, std::allocator<char> > >, int> > >::operator[](unsigned long)
calls=2 1261 
* 74
* 2
+1 16
+2 10
+1 8
+1 4
+1 14
cfn=(6683)
calls=2 507 
* 12135
+1 10
cfi=(120) /usr/include/c++/15.1.1/bits/stl_pair.h
cfn=(6736) std::pair<__gnu_cxx::__normal_iterator<char const*, std::__cxx11::basic_string<char, std::char_traits<char>, std::allocator<char> > >, int>::operator=(std::pair<__gnu_cxx::__normal_iterator<char const*, std::__cxx11::basic_string<char, std::char_traits<char>, std::allocator<char> > >, int> const&)
calls=2 941 
* 30
+11 14

fn=(6731)
175 90
+3 63
cfi=(104)
cfn=(6686)
calls=9 1280 
* 369
* 9
+1 54
cfi=(104)
cfn=(6732)
calls=9 1261 
* 333
* 9
+1 92
fi=(117)
1166 8
+81 24
-81 8
+81 24
fe=(122)
180 52
+2 45
+1 36
+1 18
+1 63
cfn=(6683)
calls=9 507 
* 28586
+1 45
cfi=(120)
cfn=(6736)
calls=9 941 
* 135
+11 63

fn=(6738)
261 20
+3 14
cfi=(104)
cfn=(6686)
calls=2 1280 
* 82
* 2
+2 12
cfi=(104)
cfn=(6690) std::vector<std::__cxx11::sub_match<__gnu_cxx::__normal_iterator<char const*, std::__cxx11::basic_string<char, std::char_traits<char>, std::allocator<char> > > >, std::allocator<std::__cxx11::sub_match<__gnu_cxx::__normal_iterator<char const*, std::__cxx11::basic_string<char, std::char_traits<char>, std::allocator<char> > > > > >::operator[](unsigned long)
calls=2 1261 
* 82
* 2
+1 14
+1 8
+1 4
+1 14
cfn=(6683)
calls=2 507 
* 6886
+1 10
cfi=(89) /usr/include/c++/15.1.1/bits/regex.h
cfn=(6768) std::__cxx11::sub_match<__gnu_cxx::__normal_iterator<char const*, std::__cxx11::basic_string<char, std::char_traits<char>, std::allocator<char> > > >::operator=(std::__cxx11::sub_match<__gnu_cxx::__normal_iterator<char const*, std::__cxx11::basic_string<char, std::char_traits<char>, std::allocator<char> > > > const&)
calls=2 942 
* 64
+1 12

fn=(6739)
261 30
+3 21
cfi=(104)
cfn=(6686)
calls=3 1280 
* 123
* 3
+2 18
cfi=(104)
cfn=(6690)
calls=3 1261 
* 123
* 3
+1 21
+1 12
+1 6
+1 21
cfn=(6683)
calls=3 507 
* 2885
+1 15
cfi=(89)
cfn=(6768)
calls=3 942 
* 96
+1 18

fn=(6756)
426 20
+5 10
+1 4
+1 16
fi=(117)
1166 2
+65 6
-65 2
+65 6
fe=(122)
433 6
+3 16
fi=(117)
1166 2
+65 6
-65 2
+65 6
fe=(122)
437 6
-1 4
+3 8
+2 12
cfi=(94) /usr/include/c++/15.1.1/bits/regex_constants.h
cfn=(5630) std::regex_constants::operator&(std::regex_constants::syntax_option_type, std::regex_constants::syntax_option_type)
calls=2 192 
* 16
* 8
+1 12
cfi=(108)
cfn=(6656)
calls=2 210 
* 1215
+34 14

fn=(6752)
286 14
+3 14
cfi=(104)
cfn=(6686)
calls=2 1280 
* 82
* 2
+1 6
cfi=(121)
cfn=(6754) std::__detail::_Executor<__gnu_cxx::__normal_iterator<char const*, std::__cxx11::basic_string<char, std::char_traits<char>, std::allocator<char> > >, std::allocator<std::__cxx11::sub_match<__gnu_cxx::__normal_iterator<char const*, std::__cxx11::basic_string<char, std::char_traits<char>, std::allocator<char> > > > >, std::__cxx11::regex_traits<char>, true>::_M_at_end() const
calls=2 -96 
* 80
* 4
+1 14
cfn=(6683)
calls=2 507 
* 2115
+1 6

fn=(6688)
247 20
+3 14
cfi=(104)
cfn=(6686)
calls=2 1280 
* 82
* 2
+2 12
cfi=(104)
cfn=(6690)
calls=2 1261 
* 82
* 2
+1 6
+1 8
+1 14
cfn=(6683)
calls=2 507 
* 14717
+1 6
+1 12

fn=(6689)
247 30
+3 21
cfi=(104)
cfn=(6686)
calls=3 1280 
* 123
* 3
+2 18
cfi=(104)
cfn=(6690)
calls=3 1261 
* 123
* 3
+1 9
+1 12
+1 21
cfn=(6683)
calls=3 507 
* 18763
+1 9
+1 18

fl=(102) /usr/include/c++/15.1.1/bits/stl_construct.h
fn=(6856) void std::_Destroy<std::__detail::_State<char> >(std::__detail::_State<char>*)
161 112
+5 84
cfi=(103)
cfn=(5956) std::__detail::_State<char>::~_State()
calls=28 -7 
* 2468
+2 84

fn=(6348) void std::_Destroy<char*>(char*, char*)
202 24
+20 18

fn=(7126) void std::_Construct<float>(float*)
123 80
+10 64
cfi=(100) /usr/include/c++/15.1.1/new
cfn=(5722) operator new(unsigned long, void*)
calls=16 +75 
* 112
* 80
+1 64

fn=(7222) void std::_Construct<FilterPar::Pass1ThreadData>(FilterPar::Pass1ThreadData*)
123 5
+10 4
cfi=(100)
cfn=(5722)
calls=1 +75 
* 7
* 21
+1 4

fn=(5738) void std::_Construct<std::__detail::_NFA<std::__cxx11::regex_traits<char> >, std::locale const&, std::regex_constants::syntax_option_type&>(std::__detail::_NFA<std::__cxx11::regex_traits<char> >*, std::locale const&, std::regex_constants::syntax_option_type&)
123 20
+10 8
cfi=(100)
cfn=(5722)
calls=2 +75 
* 14
* 8
fi=(105) /usr/include/c++/15.1.1/bits/move.h
-60 2
fe=(102)
+60 6
fi=(105)
-60 2
fe=(102)
+60 6
cfi=(103)
cfn=(5740) std::__detail::_NFA<std::__cxx11::regex_traits<char> >::_NFA(std::locale const&, std::regex_constants::syntax_option_type)
calls=2 +97 
* 1450
* 6
+1 16

fn=(6294) void std::_Destroy<std::__cxx11::regex_traits<char>::_RegexMask*>(std::__cxx11::regex_traits<char>::_RegexMask*, std::__cxx11::regex_traits<char>::_RegexMask*)
202 24
+20 18

fn=(6846) void std::_Destroy<std::__detail::_NFA<std::__cxx11::regex_traits<char> > >(std::__detail::_NFA<std::__cxx11::regex_traits<char> >*)
161 8
+5 6
cfi=(103)
cfn=(6848) std::__detail::_NFA<std::__cxx11::regex_traits<char> >::~_NFA()
calls=2 +57 
* 3931
+2 6

fn=(7882) void std::_Destroy<FilterPar::Pass2ThreadData*>(FilterPar::Pass2ThreadData*, FilterPar::Pass2ThreadData*)
202 4
+20 3

fn=(6636) void std::_Construct<std::pair<__gnu_cxx::__normal_iterator<char const*, std::__cxx11::basic_string<char, std::char_traits<char>, std::allocator<char> > >, int>>(std::pair<__gnu_cxx::__normal_iterator<char const*, std::__cxx11::basic_string<char, std::char_traits<char>, std::allocator<char> > >, int>*)
123 168
+10 112
cfi=(100)
cfn=(5722)
calls=28 +75 
* 196
* 84
cfi=(120)
cfn=(6638) std::pair<__gnu_cxx::__normal_iterator<char const*, std::__cxx11::basic_string<char, std::char_traits<char>, std::allocator<char> > >, int>::pair<__gnu_cxx::__normal_iterator<char const*, std::__cxx11::basic_string<char, std::char_traits<char>, std::allocator<char> > >, int, true>()
calls=28 745 
* 364
* 84
+1 168

fn=(6774) void std::_Destroy<__gnu_cxx::__normal_iterator<std::__cxx11::sub_match<__gnu_cxx::__normal_iterator<char const*, std::__cxx11::basic_string<char, std::char_traits<char>, std::allocator<char> > > >*, std::vector<std::__cxx11::sub_match<__gnu_cxx::__normal_iterator<char const*, std::__cxx11::basic_string<char, std::char_traits<char>, std::allocator<char> > > >, std::allocator<std::__cxx11::sub_match<__gnu_cxx::__normal_iterator<char const*, std::__cxx11::basic_string<char, std::char_traits<char>, std::allocator<char> > > > > > > >(__gnu_cxx::__normal_iterator<std::__cxx11::sub_match<__gnu_cxx::__normal_iterator<char const*, std::__cxx11::basic_string<char, std::char_traits<char>, std::allocator<char> > > >*, std::vector<std::__cxx11::sub_match<__gnu_cxx::__normal_iterator<char const*, std::__cxx11::basic_string<char, std::char_traits<char>, std::allocator<char> > > >, std::allocator<std::__cxx11::sub_match<__gnu_cxx::__normal_iterator<char const*, std::__cxx11::basic_string<char, std::char_traits<char>, std::allocator<char> > > > > > >, __gnu_cxx::__normal_iterator<std::__cxx11::sub_match<__gnu_cxx::__normal_iterator<char const*, std::__cxx11::basic_string<char, std::char_traits<char>, std::allocator<char> > > >*, std::vector<std::__cxx11::sub_match<__gnu_cxx::__normal_iterator<char const*, std::__cxx11::basic_string<char, std::char_traits<char>, std::allocator<char> > > >, std::allocator<std::__cxx11::sub_match<__gnu_cxx::__normal_iterator<char const*, std::__cxx11::basic_string<char, std::char_traits<char>, std::allocator<char> > > > > > >)
202 8
+20 6

fn=(7918) void std::_Destroy<FilterPar::Pass1ThreadData*>(FilterPar::Pass1ThreadData*, FilterPar::Pass1ThreadData*)
202 4
+20 3

fn=(6564) void std::_Construct<std::__cxx11::sub_match<__gnu_cxx::__normal_iterator<char const*, std::__cxx11::basic_string<char, std::char_traits<char>, std::allocator<char> > > >, std::__cxx11::sub_match<__gnu_cxx::__normal_iterator<char const*, std::__cxx11::basic_string<char, std::char_traits<char>, std::allocator<char> > > > const&>(std::__cxx11::sub_match<__gnu_cxx::__normal_iterator<char const*, std::__cxx11::basic_string<char, std::char_traits<char>, std::allocator<char> > > >*, std::__cxx11::sub_match<__gnu_cxx::__normal_iterator<char const*, std::__cxx11::basic_string<char, std::char_traits<char>, std::allocator<char> > > > const&)
123 154
+10 88
cfi=(100)
cfn=(5722)
calls=22 +75 
* 154
* 44
fi=(105)
-60 22
fe=(102)
+60 198
+1 132

fn=(6780) void std::_Destroy<std::pair<__gnu_cxx::__normal_iterator<char const*, std::__cxx11::basic_string<char, std::char_traits<char>, std::allocator<char> > >, int>*>(std::pair<__gnu_cxx::__normal_iterator<char const*, std::__cxx11::basic_string<char, std::char_traits<char>, std::allocator<char> > >, int>*, std::pair<__gnu_cxx::__normal_iterator<char const*, std::__cxx11::basic_string<char, std::char_traits<char>, std::allocator<char> > >, int>*)
202 8
+20 6

fn=(7182) void std::_Construct<unsigned long>(unsigned long*)
123 5
+10 4
cfi=(100)
cfn=(5722)
calls=1 +75 
* 7
* 4
+1 4

fn=(6576) void std::_Destroy<std::__cxx11::sub_match<__gnu_cxx::__normal_iterator<char const*, std::__cxx11::basic_string<char, std::char_traits<char>, std::allocator<char> > > >*>(std::__cxx11::sub_match<__gnu_cxx::__normal_iterator<char const*, std::__cxx11::basic_string<char, std::char_traits<char>, std::allocator<char> > > >*, std::__cxx11::sub_match<__gnu_cxx::__normal_iterator<char const*, std::__cxx11::basic_string<char, std::char_traits<char>, std::allocator<char> > > >*)
202 32
+20 24

fn=(7900) void std::_Destroy<float*>(float*, float*)
202 64
+20 48

fn=(6312) void std::_Destroy<std::pair<char, char>*>(std::pair<char, char>*, std::pair<char, char>*)
202 24
+20 18

fn=(6886) void std::_Destroy<unsigned long*>(unsigned long*, unsigned long*)
202 12
+20 9

fn=(7056) void std::_Construct<double>(double*)
123 5
+10 4
cfi=(100)
cfn=(5722)
calls=1 +75 
* 7
* 5
+1 4

fn=(7762) void std::_Construct<FilterPar::Pass2ThreadData>(FilterPar::Pass2ThreadData*)
123 5
+10 4
cfi=(100)
cfn=(5722)
calls=1 +75 
* 7
* 21
+1 4

fn=(6330) void std::_Destroy<std::__cxx11::basic_string<char, std::char_traits<char>, std::allocator<char> >*>(std::__cxx11::basic_string<char, std::char_traits<char>, std::allocator<char> >*, std::__cxx11::basic_string<char, std::char_traits<char>, std::allocator<char> >*)
202 30
+9 24
+11 24

fn=(6854) void std::_Destroy<std::__detail::_State<char>*>(std::__detail::_State<char>*, std::__detail::_State<char>*)
202 10
+9 58
fi=(105)
53 28
fe=(102)
212 56
cfn=(6856)
calls=28 -51 
* 2748
-1 118
+11 8

fn=(7936) void std::_Destroy<double*>(double*, double*)
202 4
+20 3

fl=(103)
fn=(5742) std::__detail::_NFA_base::_NFA_base(std::regex_constants::syntax_option_type)
192 10
+2 6
cfi=(104)
cfn=(5744) std::vector<unsigned long, std::allocator<unsigned long> >::vector()
calls=2 561 
* 96
-1 14
+1 4
+1 6

fn=(6262) std::__detail::_State<char>::_M_get_matcher()
176 160
+1 160
cfi=(101) /usr/include/c++/15.1.1/ext/aligned_buffer.h
cfn=(6258) __gnu_cxx::__aligned_membuf<std::function<bool (char)> >::_M_addr()
calls=40 70 
* 240
* 80

fn=(6364) std::__detail::_NFA<std::__cxx11::regex_traits<char> >::_M_insert_repeat(long, long, bool)
258 36
+2 12
cfn=(5898) std::__detail::_State<char>::_State(std::__detail::_Opcode)
calls=3 136 
* 132
+3 6
+1 6
+1 6
fi=(105)
139 3
fe=(103)
266 12
cfn=(5904) std::__detail::_State<char>::_State(std::__detail::_State<char>&&)
calls=3 149 
* 123
* 15
cfn=(5906) std::__detail::_NFA<std::__cxx11::regex_traits<char> >::_M_insert_state(std::__detail::_State<char>)
calls=3 +63 
* 3980
* 15
cfn=(5956)
calls=3 159 
* 63
+1 9
cfn=(5956)
calls=3 159 
* 63
-1 3
+1 18

fn=(6378) std::__detail::_NFA<std::__cxx11::regex_traits<char> >::_M_insert_subexpr_end()
288 40
+2 20
cfn=(5898)
calls=5 136 
* 220
+1 15
cfi=(104)
cfn=(6380) std::vector<unsigned long, std::allocator<unsigned long> >::back()
calls=5 1368 
* 630
* 10
+1 15
cfi=(104)
cfn=(6388) std::vector<unsigned long, std::allocator<unsigned long> >::pop_back()
calls=5 1457 
* 500
fi=(105)
139 5
fe=(103)
293 20
cfn=(5904)
calls=5 149 
* 205
* 25
cfn=(5906)
calls=5 +36 
* 1560
* 25
cfn=(5956)
calls=5 159 
* 105
+1 15
cfn=(5956)
calls=5 159 
* 105
-1 5
+1 30

fn=(6518) std::__detail::_NFA_base::_M_sub_count() const
212 6
+1 8

fn=(6700) std::__detail::_State<char>::_M_get_matcher() const
180 52
+3 52
cfi=(101)
cfn=(6702) __gnu_cxx::__aligned_membuf<std::function<bool (char)> >::_M_addr() const
calls=13 74 
* 78
+1 26

fn=(5846) std::__detail::_NFA_base::_M_start() const
208 12
+1 16

fn=(5956)
159 476
+2 357
cfn=(5902)
calls=119 +7 
* 833
* 476
+1 60
cfn=(6262)
calls=20 +14 
* 320
* 40
cfi=(118) /usr/include/c++/15.1.1/bits/std_function.h
cfn=(6280) std::function<bool (char)>::~function()
calls=20 336 
* 2132
+1 357

fn=(5958) std::__detail::_StateSeq<std::__cxx11::regex_traits<char> >::_M_append(long)
373 72
+2 108
cfi=(104)
cfn=(5960) std::vector<std::__detail::_State<char>, std::allocator<std::__detail::_State<char> > >::operator[](unsigned long)
calls=12 1261 
* 492
* 12
+1 36
+1 48

fn=(6374) std::__detail::_NFA<std::__cxx11::regex_traits<char> >::_M_insert_dummy()
325 40
+1 20
cfn=(5898)
calls=5 136 
* 220
* 25
cfn=(5906)
calls=5 +3 
* 3597
* 25
cfn=(5956)
calls=5 159 
* 105
* 35

fn=(5904)
149 1911
+2 273
cfn=(5902)
calls=91 +17 
* 637
* 364
+1 64
cfi=(101)
cfn=(6258)
calls=16 -82 
* 96
* 64
cfi=(100)
cfn=(5722)
calls=16 +56 
* 112
* 16
+1 48
cfn=(6262)
calls=16 +23 
* 256
* 16
fi=(105)
-14 16
fe=(103)
+13 48
cfi=(118)
cfn=(6266) std::function<bool (char)>::function(std::function<bool (char)>&&)
calls=16 406 
* 1088
* 48
+2 546

fn=(5906)
329 140
+2 112
fi=(105)
139 28
fe=(103)
331 84
cfi=(104)
cfn=(5908) std::vector<std::__detail::_State<char>, std::allocator<std::__detail::_State<char> > >::push_back(std::__detail::_State<char>&&)
calls=28 1433 
* 24842
+1 112
cfi=(104)
cfn=(5922) std::vector<std::__detail::_State<char>, std::allocator<std::__detail::_State<char> > >::size() const
calls=28 1117 
* 448
* 112
+6 112
cfi=(104)
cfn=(5922)
calls=28 1117 
* 448
* 28
+1 56

fn=(6376) std::__detail::_StateSeq<std::__cxx11::regex_traits<char> >::_M_append(std::__detail::_StateSeq<std::__cxx11::regex_traits<char> > const&)
381 96
+2 160
cfi=(104)
cfn=(5960)
calls=16 1261 
* 656
* 16
+1 64
+1 64

fn=(5852) std::__detail::_NFA<std::__cxx11::regex_traits<char> >::_M_insert_subexpr_begin()
278 40
+2 30
+1 25
cfi=(104)
cfn=(5854) std::vector<unsigned long, std::allocator<unsigned long> >::push_back(unsigned long const&)
calls=5 1416 
* 3157
+1 20
cfn=(5898)
calls=5 136 
* 220
+1 10
fi=(105)
139 5
fe=(103)
284 20
cfn=(5904)
calls=5 149 
* 205
* 25
cfn=(5906)
calls=5 +45 
* 7371
* 25
cfn=(5956)
calls=5 159 
* 105
+1 15
cfn=(5956)
calls=5 159 
* 105
-1 5
+1 30

fn=(6882) std::__detail::_NFA_base::~_NFA_base()
200 14
cfi=(104)
cfn=(6884) std::vector<unsigned long, std::allocator<unsigned long> >::~vector()
calls=2 800 
* 370
* 6

fn=(5850) std::__detail::_StateSeq<std::__cxx11::regex_traits<char> >::_StateSeq(std::__detail::_NFA<std::__cxx11::regex_traits<char> >&, long)
363 90
+1 162
+1 54

fn=(5982) std::__detail::_NFA<std::__cxx11::regex_traits<char> >::_M_insert_line_begin()
300 16
+1 8
cfn=(5898)
calls=2 136 
* 88
* 10
cfn=(5906)
calls=2 +28 
* 3247
* 10
cfn=(5956)
calls=2 159 
* 42
* 14

fn=(6406) std::__detail::_NFA<std::__cxx11::regex_traits<char> >::_M_insert_line_end()
304 16
+1 8
cfn=(5898)
calls=2 136 
* 88
* 10
cfn=(5906)
calls=2 +24 
* 624
* 10
cfn=(5956)
calls=2 159 
* 42
* 14

fn=(6408) std::__detail::_NFA<std::__cxx11::regex_traits<char> >::_M_insert_accept()
239 16
+2 8
cfn=(5898)
calls=2 136 
* 88
* 10
cfn=(5906)
calls=2 +88 
* 4427
* 8
cfn=(5956)
calls=2 -82 
* 42
+1 2
+1 12

fn=(6256) std::__detail::_NFA<std::__cxx11::regex_traits<char> >::_M_insert_matcher(std::function<bool (char)>)
270 36
+2 16
cfn=(5898)
calls=4 136 
* 392
* 8
fi=(105)
139 4
fe=(103)
273 12
cfn=(6262)
calls=4 -97 
* 64
* 12
cfi=(118)
cfn=(6264) std::function<bool (char)>::operator=(std::function<bool (char)>&&)
calls=4 489 
* 952
fi=(105)
139 4
fe=(103)
274 16
cfn=(5904)
calls=4 149 
* 632
* 20
cfn=(5906)
calls=4 +55 
* 1716
* 20
cfn=(5956)
calls=4 159 
* 252
+1 12
cfn=(5956)
calls=4 159 
* 252
-1 4
+1 24

fn=(6698)
172 78
+1 39
cfn=(6700)
calls=13 +7 
* 208
* 65
cfi=(118)
cfn=(6704) std::function<bool (char)>::operator()(char) const
calls=13 589 
* 2608
* 26

fn=(5898)
136 336
cfn=(5900) std::__detail::_State_base::_State_base(std::__detail::_Opcode)
calls=28 -35 
* 336
+2 84
cfn=(5902)
calls=28 +30 
* 196
* 112
+1 16
cfi=(101)
cfn=(6258)
calls=4 -69 
* 24
* 16
cfi=(100)
cfn=(5722)
calls=4 +69 
* 28
* 12
cfi=(118)
cfn=(6260) std::function<bool (char)>::function()
calls=4 370 
* 108
* 12
+1 168

fn=(5900)
101 112
+1 140
+1 84

fn=(5902)
168 942
+1 1256

fn=(6416) std::__detail::_State_base::_M_has_alt() const
107 84
+2 56
+2 56
-1 112
+1 131
+1 56

fn=(5740)
230 20
+1 10
cfn=(5742)
calls=2 -39 
* 136
* 8
cfi=(104)
cfn=(5752) std::vector<std::__detail::_State<char>, std::allocator<std::__detail::_State<char> > >::vector()
calls=2 561 
* 96
* 8
cfi=(89)
cfn=(5760) std::__cxx11::regex_traits<char>::regex_traits()
calls=2 -52 
* 74
+1 14
cob=(7)
cfi=(14)
cfn=(5636)
calls=2 78 
* 14
* 2
* 10
cfi=(89)
cfn=(5762) std::__cxx11::regex_traits<char>::imbue(std::locale)
calls=2 400 
* 1004
* 6
cob=(7)
cfi=(14)
cfn=(4248)
calls=2 91 
* 12
* 2
* 6
cob=(7)
cfi=(14)
cfn=(4248)
calls=2 91 
* 12
* 2
* 14

fn=(6848)
223 16
cfi=(89)
cfn=(6850) std::__cxx11::regex_traits<char>::~regex_traits()
calls=2 99 
* 34
* 8
cfi=(104)
cfn=(6852) std::vector<std::__detail::_State<char>, std::allocator<std::__detail::_State<char> > >::~vector()
calls=2 800 
* 3471
* 6
cfn=(6882)
calls=2 -23 
* 390
* 6

fl=(98) /usr/include/c++/15.1.1/bits/locale_facets.h
fn=(5656) std::ctype<char>::narrow(char, char) const
941 270
+2 210
+1 132
+1 80
cob=(7)
cfi=(19)
cfn=(5658)
calls=8 1144 
* 24
* 8
+1 24
+1 42
+1 7
+1 14
-1 1
+1 46

fn=(6108) std::ctype<char>::tolower(char) const
845 18
+1 27
cob=(7)
cfi=(15)
cfn=(6110)
calls=3 182 
* 15
* 6

fl=(99) /usr/include/c++/15.1.1/bits/allocated_ptr.h
fn=(5720) std::__allocated_ptr<std::allocator<std::_Sp_counted_ptr_inplace<std::__detail::_NFA<std::__cxx11::regex_traits<char> >, std::allocator<void>, (__gnu_cxx::_Lock_policy)2> > >::get() const
88 12
fi=(58) /usr/include/c++/15.1.1/bits/ptr_traits.h
211 2
fe=(99)
88 4

fn=(5774) std::__allocated_ptr<std::allocator<std::_Sp_counted_ptr_inplace<std::__detail::_NFA<std::__cxx11::regex_traits<char> >, std::allocator<void>, (__gnu_cxx::_Lock_policy)2> > >::~__allocated_ptr()
71 16
+2 16
+1 14
fi=(81) /usr/include/c++/15.1.1/bits/alloc_traits.h
649 12
cfi=(62) /usr/include/c++/15.1.1/bits/new_allocator.h
cfn=(6906) std::__new_allocator<std::_Sp_counted_ptr_inplace<std::__detail::_NFA<std::__cxx11::regex_traits<char> >, std::allocator<void>, (__gnu_cxx::_Lock_policy)2> >::deallocate(std::_Sp_counted_ptr_inplace<std::__detail::_NFA<std::__cxx11::regex_traits<char> >, std::allocator<void>, (__gnu_cxx::_Lock_policy)2>*, unsigned long)
calls=2 156 
* 158
* 2
fe=(99)
75 12

fn=(5718) std::__allocated_ptr<std::allocator<std::_Sp_counted_ptr_inplace<std::__detail::_NFA<std::__cxx11::regex_traits<char> >, std::allocator<void>, (__gnu_cxx::_Lock_policy)2> > >::__allocated_ptr(std::allocator<std::_Sp_counted_ptr_inplace<std::__detail::_NFA<std::__cxx11::regex_traits<char> >, std::allocator<void>, (__gnu_cxx::_Lock_policy)2> >&, std::_Sp_counted_ptr_inplace<std::__detail::_NFA<std::__cxx11::regex_traits<char> >, std::allocator<void>, (__gnu_cxx::_Lock_policy)2>*)
53 32
+1 20
+1 12

fn=(5772) std::__allocated_ptr<std::allocator<std::_Sp_counted_ptr_inplace<std::__detail::_NFA<std::__cxx11::regex_traits<char> >, std::allocator<void>, (__gnu_cxx::_Lock_policy)2> > >::operator=(decltype(nullptr))
79 8
+2 4
+1 2
+1 4

fn=(5678) std::__allocated_ptr<std::allocator<std::_Sp_counted_ptr_inplace<std::__detail::_NFA<std::__cxx11::regex_traits<char> >, std::allocator<void>, (__gnu_cxx::_Lock_policy)2> > > std::__allocate_guarded<std::allocator<std::_Sp_counted_ptr_inplace<std::__detail::_NFA<std::__cxx11::regex_traits<char> >, std::allocator<void>, (__gnu_cxx::_Lock_policy)2> > >(std::allocator<std::_Sp_counted_ptr_inplace<std::__detail::_NFA<std::__cxx11::regex_traits<char> >, std::allocator<void>, (__gnu_cxx::_Lock_policy)2> >&)
100 16
fi=(81)
614 12
cfi=(62)
cfn=(5680) std::__new_allocator<std::_Sp_counted_ptr_inplace<std::__detail::_NFA<std::__cxx11::regex_traits<char> >, std::allocator<void>, (__gnu_cxx::_Lock_policy)2> >::allocate(unsigned long, void const*)
calls=2 126 
* 622
* 4
fe=(99)
102 10
cfn=(5718)
calls=2 -49 
* 32
+1 6

fl=(109) /usr/include/c++/15.1.1/bits/stl_uninitialized.h
fn=(6668) std::__cxx11::sub_match<__gnu_cxx::__normal_iterator<char const*, std::__cxx11::basic_string<char, std::char_traits<char>, std::allocator<char> > > >* std::__uninitialized_copy_a<__gnu_cxx::__normal_iterator<std::__cxx11::sub_match<__gnu_cxx::__normal_iterator<char const*, std::__cxx11::basic_string<char, std::char_traits<char>, std::allocator<char> > > > const*, std::vector<std::__cxx11::sub_match<__gnu_cxx::__normal_iterator<char const*, std::__cxx11::basic_string<char, std::char_traits<char>, std::allocator<char> > > >, std::allocator<std::__cxx11::sub_match<__gnu_cxx::__normal_iterator<char const*, std::__cxx11::basic_string<char, std::char_traits<char>, std::allocator<char> > > > > > >, __gnu_cxx::__normal_iterator<std::__cxx11::sub_match<__gnu_cxx::__normal_iterator<char const*, std::__cxx11::basic_string<char, std::char_traits<char>, std::allocator<char> > > > const*, std::vector<std::__cxx11::sub_match<__gnu_cxx::__normal_iterator<char const*, std::__cxx11::basic_string<char, std::char_traits<char>, std::allocator<char> > > >, std::allocator<std::__cxx11::sub_match<__gnu_cxx::__normal_iterator<char const*, std::__cxx11::basic_string<char, std::char_traits<char>, std::allocator<char> > > > > > >, std::__cxx11::sub_match<__gnu_cxx::__normal_iterator<char const*, std::__cxx11::basic_string<char, std::char_traits<char>, std::allocator<char> > > >*, std::__cxx11::sub_match<__gnu_cxx::__normal_iterator<char const*, std::__cxx11::basic_string<char, std::char_traits<char>, std::allocator<char> > > > >(__gnu_cxx::__normal_iterator<std::__cxx11::sub_match<__gnu_cxx::__normal_iterator<char const*, std::__cxx11::basic_string<char, std::char_traits<char>, std::allocator<char> > > > const*, std::vector<std::__cxx11::sub_match<__gnu_cxx::__normal_iterator<char const*, std::__cxx11::basic_string<char, std::char_traits<char>, std::allocator<char> > > >, std::allocator<std::__cxx11::sub_match<__gnu_cxx::__normal_iterator<char const*, std::__cxx11::basic_string<char, std::char_traits<char>, std::allocator<char> > > > > > >, __gnu_cxx::__normal_iterator<std::__cxx11::sub_match<__gnu_cxx::__normal_iterator<char const*, std::__cxx11::basic_string<char, std::char_traits<char>, std::allocator<char> > > > const*, std::vector<std::__cxx11::sub_match<__gnu_cxx::__normal_iterator<char const*, std::__cxx11::basic_string<char, std::char_traits<char>, std::allocator<char> > > >, std::allocator<std::__cxx11::sub_match<__gnu_cxx::__normal_iterator<char const*, std::__cxx11::basic_string<char, std::char_traits<char>, std::allocator<char> > > > > > >, std::__cxx11::sub_match<__gnu_cxx::__normal_iterator<char const*, std::__cxx11::basic_string<char, std::char_traits<char>, std::allocator<char> > > >*, std::allocator<std::__cxx11::sub_match<__gnu_cxx::__normal_iterator<char const*, std::__cxx11::basic_string<char, std::char_traits<char>, std::allocator<char> > > > >&)
613 14
+24 12
cfn=(6670) std::__cxx11::sub_match<__gnu_cxx::__normal_iterator<char const*, std::__cxx11::basic_string<char, std::char_traits<char>, std::allocator<char> > > >* std::uninitialized_copy<__gnu_cxx::__normal_iterator<std::__cxx11::sub_match<__gnu_cxx::__normal_iterator<char const*, std::__cxx11::basic_string<char, std::char_traits<char>, std::allocator<char> > > > const*, std::vector<std::__cxx11::sub_match<__gnu_cxx::__normal_iterator<char const*, std::__cxx11::basic_string<char, std::char_traits<char>, std::allocator<char> > > >, std::allocator<std::__cxx11::sub_match<__gnu_cxx::__normal_iterator<char const*, std::__cxx11::basic_string<char, std::char_traits<char>, std::allocator<char> > > > > > >, std::__cxx11::sub_match<__gnu_cxx::__normal_iterator<char const*, std::__cxx11::basic_string<char, std::char_traits<char>, std::allocator<char> > > >*>(__gnu_cxx::__normal_iterator<std::__cxx11::sub_match<__gnu_cxx::__normal_iterator<char const*, std::__cxx11::basic_string<char, std::char_traits<char>, std::allocator<char> > > > const*, std::vector<std::__cxx11::sub_match<__gnu_cxx::__normal_iterator<char const*, std::__cxx11::basic_string<char, std::char_traits<char>, std::allocator<char> > > >, std::allocator<std::__cxx11::sub_match<__gnu_cxx::__normal_iterator<char const*, std::__cxx11::basic_string<char, std::char_traits<char>, std::allocator<char> > > > > > >, __gnu_cxx::__normal_iterator<std::__cxx11::sub_match<__gnu_cxx::__normal_iterator<char const*, std::__cxx11::basic_string<char, std::char_traits<char>, std::allocator<char> > > > const*, std::vector<std::__cxx11::sub_match<__gnu_cxx::__normal_iterator<char const*, std::__cxx11::basic_string<char, std::char_traits<char>, std::allocator<char> > > >, std::allocator<std::__cxx11::sub_match<__gnu_cxx::__normal_iterator<char const*, std::__cxx11::basic_string<char, std::char_traits<char>, std::allocator<char> > > > > > >, std::__cxx11::sub_match<__gnu_cxx::__normal_iterator<char const*, std::__cxx11::basic_string<char, std::char_traits<char>, std::allocator<char> > > >*)
calls=2 231 
* 866
+2 4

fn=(5984) void std::__relocate_object_a<std::__detail::_State<char>, std::__detail::_State<char>, std::allocator<std::__detail::_State<char> > >(std::__detail::_State<char>*, std::__detail::_State<char>*, std::allocator<std::__detail::_State<char> >&)
1274 460
fi=(105)
139 368
-66 276
fi=(62)
191 184
cfi=(100)
cfn=(5722)
calls=46 +17 
* 322
* 138
fi=(105)
73 46
fi=(62)
191 138
cfi=(103)
cfn=(5904)
calls=46 -42 
* 2822
* 184
fi=(81)
680 138
fi=(105)
53 368
fi=(62)
198 138
cfi=(103)
cfn=(5956)
calls=46 -39 
* 1302
* 46
fi=(81)
700 46
fe=(109)
1284 276

fn=(6640) std::_UninitDestroyGuard<std::pair<__gnu_cxx::__normal_iterator<char const*, std::__cxx11::basic_string<char, std::char_traits<char>, std::allocator<char> > >, int>*, void>::release()
125 16

fn=(7218) FilterPar::Pass1ThreadData* std::__uninitialized_default_n<FilterPar::Pass1ThreadData*, unsigned long>(FilterPar::Pass1ThreadData*, unsigned long)
925 5
+11 1
+5 5
cfn=(7220) FilterPar::Pass1ThreadData* std::__uninitialized_default_n_1<true>::__uninit_default_n<FilterPar::Pass1ThreadData*, unsigned long>(FilterPar::Pass1ThreadData*, unsigned long)
calls=1 -53 
* 93
+1 2

fn=(7760) FilterPar::Pass2ThreadData* std::__uninitialized_default_n_1<true>::__uninit_default_n<FilterPar::Pass2ThreadData*, unsigned long>(FilterPar::Pass2ThreadData*, unsigned long)
888 8
+2 4
fi=(105)
53 1
fe=(109)
893 1
+1 3
cfi=(102)
cfn=(7762)
calls=1 123 
* 41
+1 1
+1 7
fi=(145) /usr/include/c++/15.1.1/bits/stl_iterator_base_types.h
242 1
fi=(67) /usr/include/c++/15.1.1/bits/stl_algobase.h
1178 3
cfn=(7058) std::__size_to_integer(unsigned long)
calls=1 1024 
* 6
* 5
-35 2
+1 2
+35 1
fe=(109)
896 1
+2 1
+1 5

fn=(5944) std::__detail::_State<char>* std::__relocate_a_1<std::__detail::_State<char>*, std::__detail::_State<char>*, std::allocator<std::__detail::_State<char> > >(std::__detail::_State<char>*, std::__detail::_State<char>*, std::__detail::_State<char>*, std::allocator<std::__detail::_State<char> >&)
1297 77
+12 22
+1 103
fi=(105)
53 184
fe=(109)
1311 184
cfn=(5984)
calls=46 -37 
* 7252
-1 263
+3 11
+1 22

fn=(6556) std::__cxx11::sub_match<__gnu_cxx::__normal_iterator<char const*, std::__cxx11::basic_string<char, std::char_traits<char>, std::allocator<char> > > >* std::__uninitialized_fill_n_a<std::__cxx11::sub_match<__gnu_cxx::__normal_iterator<char const*, std::__cxx11::basic_string<char, std::char_traits<char>, std::allocator<char> > > >*, unsigned long, std::__cxx11::sub_match<__gnu_cxx::__normal_iterator<char const*, std::__cxx11::basic_string<char, std::char_traits<char>, std::allocator<char> > > >, std::__cxx11::sub_match<__gnu_cxx::__normal_iterator<char const*, std::__cxx11::basic_string<char, std::char_traits<char>, std::allocator<char> > > > >(std::__cxx11::sub_match<__gnu_cxx::__normal_iterator<char const*, std::__cxx11::basic_string<char, std::char_traits<char>, std::allocator<char> > > >*, unsigned long, std::__cxx11::sub_match<__gnu_cxx::__normal_iterator<char const*, std::__cxx11::basic_string<char, std::char_traits<char>, std::allocator<char> > > > const&, std::allocator<std::__cxx11::sub_match<__gnu_cxx::__normal_iterator<char const*, std::__cxx11::basic_string<char, std::char_traits<char>, std::allocator<char> > > > >&)
720 14
+7 12
cfn=(6558) std::__cxx11::sub_match<__gnu_cxx::__normal_iterator<char const*, std::__cxx11::basic_string<char, std::char_traits<char>, std::allocator<char> > > >* std::uninitialized_fill_n<std::__cxx11::sub_match<__gnu_cxx::__normal_iterator<char const*, std::__cxx11::basic_string<char, std::char_traits<char>, std::allocator<char> > > >*, unsigned long, std::__cxx11::sub_match<__gnu_cxx::__normal_iterator<char const*, std::__cxx11::basic_string<char, std::char_traits<char>, std::allocator<char> > > > >(std::__cxx11::sub_match<__gnu_cxx::__normal_iterator<char const*, std::__cxx11::basic_string<char, std::char_traits<char>, std::allocator<char> > > >*, unsigned long, std::__cxx11::sub_match<__gnu_cxx::__normal_iterator<char const*, std::__cxx11::basic_string<char, std::char_traits<char>, std::allocator<char> > > > const&)
calls=2 526 
* 757
+1 4

fn=(6562) std::_UninitDestroyGuard<std::__cxx11::sub_match<__gnu_cxx::__normal_iterator<char const*, std::__cxx11::basic_string<char, std::char_traits<char>, std::allocator<char> > > >*, void>::_UninitDestroyGuard(std::__cxx11::sub_match<__gnu_cxx::__normal_iterator<char const*, std::__cxx11::basic_string<char, std::char_traits<char>, std::allocator<char> > > >*&)
113 16
+1 28
+1 12

fn=(7124) float* std::__uninitialized_default_n_1<true>::__uninit_default_n<float*, unsigned long>(float*, unsigned long)
888 128
+2 64
fi=(105)
53 16
fe=(109)
893 16
+1 48
cfi=(102)
cfn=(7126)
calls=16 123 
* 400
+1 16
+1 112
fi=(145)
242 16
fi=(67)
1178 48
cfn=(7058)
calls=16 1024 
* 96
* 80
-35 32
+5 144
979 96
cfn=(7130) void std::__fill_a1<float*, float>(float*, float*, float const&)
calls=16 -82 
* 112719032
* 16
1149 64
+30 16
fe=(109)
896 16
+2 16
+1 80

fn=(7756) FilterPar::Pass2ThreadData* std::__uninitialized_default_n_a<FilterPar::Pass2ThreadData*, unsigned long, FilterPar::Pass2ThreadData>(FilterPar::Pass2ThreadData*, unsigned long, std::allocator<FilterPar::Pass2ThreadData>&)
994 6
+2 5
cfn=(7758) FilterPar::Pass2ThreadData* std::__uninitialized_default_n<FilterPar::Pass2ThreadData*, unsigned long>(FilterPar::Pass2ThreadData*, unsigned long)
calls=1 -71 
* 106
* 2

fn=(6630) std::pair<__gnu_cxx::__normal_iterator<char const*, std::__cxx11::basic_string<char, std::char_traits<char>, std::allocator<char> > >, int>* std::__uninitialized_default_n<std::pair<__gnu_cxx::__normal_iterator<char const*, std::__cxx11::basic_string<char, std::char_traits<char>, std::allocator<char> > >, int>*, unsigned long>(std::pair<__gnu_cxx::__normal_iterator<char const*, std::__cxx11::basic_string<char, std::char_traits<char>, std::allocator<char> > >, int>*, unsigned long)
925 10
+11 2
+5 10
cfn=(6632) std::pair<__gnu_cxx::__normal_iterator<char const*, std::__cxx11::basic_string<char, std::char_traits<char>, std::allocator<char> > >, int>* std::__uninitialized_default_n_1<false>::__uninit_default_n<std::pair<__gnu_cxx::__normal_iterator<char const*, std::__cxx11::basic_string<char, std::char_traits<char>, std::allocator<char> > >, int>*, unsigned long>(std::pair<__gnu_cxx::__normal_iterator<char const*, std::__cxx11::basic_string<char, std::char_traits<char>, std::allocator<char> > >, int>*, unsigned long)
calls=2 -69 
* 1618
+1 4

fn=(7054) double* std::__uninitialized_default_n_1<true>::__uninit_default_n<double*, unsigned long>(double*, unsigned long)
888 8
+2 4
fi=(105)
53 1
fe=(109)
893 1
+1 3
cfi=(102)
cfn=(7056)
calls=1 123 
* 25
+1 1
+1 7
fi=(145)
242 1
fi=(67)
1178 3
cfn=(7058)
calls=1 1024 
* 6
* 5
-35 2
+5 9
979 6
cfn=(7062) void std::__fill_a1<double*, double>(double*, double*, double const&)
calls=1 -82 
* 122
* 1
1149 4
+30 1
fe=(109)
896 1
+2 1
+1 5

fn=(5892) unsigned long* std::__relocate_a<unsigned long*, unsigned long*, std::allocator<unsigned long> >(unsigned long*, unsigned long*, unsigned long*, std::allocator<unsigned long>&)
1347 36
fi=(117)
3011 28
fe=(109)
1353 12
cfn=(5894) std::enable_if<std::__is_bitwise_relocatable<unsigned long, void>::value, unsigned long*>::type std::__relocate_a_1<unsigned long, unsigned long>(unsigned long*, unsigned long*, unsigned long*, std::allocator<unsigned long>&)
calls=4 -33 
* 122
+3 8

fn=(6558)
526 12
+45 12
cfn=(6560) std::__cxx11::sub_match<__gnu_cxx::__normal_iterator<char const*, std::__cxx11::basic_string<char, std::char_traits<char>, std::allocator<char> > > >* std::__do_uninit_fill_n<std::__cxx11::sub_match<__gnu_cxx::__normal_iterator<char const*, std::__cxx11::basic_string<char, std::char_traits<char>, std::allocator<char> > > >*, unsigned long, std::__cxx11::sub_match<__gnu_cxx::__normal_iterator<char const*, std::__cxx11::basic_string<char, std::char_traits<char>, std::allocator<char> > > > >(std::__cxx11::sub_match<__gnu_cxx::__normal_iterator<char const*, std::__cxx11::basic_string<char, std::char_traits<char>, std::allocator<char> > > >*, unsigned long, std::__cxx11::sub_match<__gnu_cxx::__normal_iterator<char const*, std::__cxx11::basic_string<char, std::char_traits<char>, std::allocator<char> > > > const&)
calls=2 455 
* 729
+9 4

fn=(7220)
888 8
+2 4
fi=(105)
53 1
fe=(109)
893 1
+1 3
cfi=(102)
cfn=(7222)
calls=1 123 
* 41
+1 1
+1 7
fi=(145)
242 1
fi=(67)
1178 3
cfn=(7058)
calls=1 1024 
* 6
* 5
-35 2
+1 2
+35 1
fe=(109)
896 1
+2 1
+1 5

fn=(6560)
455 20
+2 10
cfn=(6562)
calls=2 113 
* 28
+12 2
+1 22
fi=(105)
53 11
fe=(109)
470 44
cfi=(102)
cfn=(6564)
calls=11 123 
* 396
-1 124
+2 6
cfn=(6566) std::_UninitDestroyGuard<std::__cxx11::sub_match<__gnu_cxx::__normal_iterator<char const*, std::__cxx11::basic_string<char, std::char_traits<char>, std::allocator<char> > > >*, void>::release()
calls=2 125 
* 16
+1 2
+1 6
cfn=(6568) std::_UninitDestroyGuard<std::__cxx11::sub_match<__gnu_cxx::__normal_iterator<char const*, std::__cxx11::basic_string<char, std::char_traits<char>, std::allocator<char> > > >*, void>::~_UninitDestroyGuard()
calls=2 118 
* 28
-1 2
+1 12

fn=(6672) std::__cxx11::sub_match<__gnu_cxx::__normal_iterator<char const*, std::__cxx11::basic_string<char, std::char_traits<char>, std::allocator<char> > > >* std::__do_uninit_copy<__gnu_cxx::__normal_iterator<std::__cxx11::sub_match<__gnu_cxx::__normal_iterator<char const*, std::__cxx11::basic_string<char, std::char_traits<char>, std::allocator<char> > > > const*, std::vector<std::__cxx11::sub_match<__gnu_cxx::__normal_iterator<char const*, std::__cxx11::basic_string<char, std::char_traits<char>, std::allocator<char> > > >, std::allocator<std::__cxx11::sub_match<__gnu_cxx::__normal_iterator<char const*, std::__cxx11::basic_string<char, std::char_traits<char>, std::allocator<char> > > > > > >, __gnu_cxx::__normal_iterator<std::__cxx11::sub_match<__gnu_cxx::__normal_iterator<char const*, std::__cxx11::basic_string<char, std::char_traits<char>, std::allocator<char> > > > const*, std::vector<std::__cxx11::sub_match<__gnu_cxx::__normal_iterator<char const*, std::__cxx11::basic_string<char, std::char_traits<char>, std::allocator<char> > > >, std::allocator<std::__cxx11::sub_match<__gnu_cxx::__normal_iterator<char const*, std::__cxx11::basic_string<char, std::char_traits<char>, std::allocator<char> > > > > > >, std::__cxx11::sub_match<__gnu_cxx::__normal_iterator<char const*, std::__cxx11::basic_string<char, std::char_traits<char>, std::allocator<char> > > >*>(__gnu_cxx::__normal_iterator<std::__cxx11::sub_match<__gnu_cxx::__normal_iterator<char const*, std::__cxx11::basic_string<char, std::char_traits<char>, std::allocator<char> > > > const*, std::vector<std::__cxx11::sub_match<__gnu_cxx::__normal_iterator<char const*, std::__cxx11::basic_string<char, std::char_traits<char>, std::allocator<char> > > >, std::allocator<std::__cxx11::sub_match<__gnu_cxx::__normal_iterator<char const*, std::__cxx11::basic_string<char, std::char_traits<char>, std::allocator<char> > > > > > >, __gnu_cxx::__normal_iterator<std::__cxx11::sub_match<__gnu_cxx::__normal_iterator<char const*, std::__cxx11::basic_string<char, std::char_traits<char>, std::allocator<char> > > > const*, std::vector<std::__cxx11::sub_match<__gnu_cxx::__normal_iterator<char const*, std::__cxx11::basic_string<char, std::char_traits<char>, std::allocator<char> > > >, std::allocator<std::__cxx11::sub_match<__gnu_cxx::__normal_iterator<char const*, std::__cxx11::basic_string<char, std::char_traits<char>, std::allocator<char> > > > > > >, std::__cxx11::sub_match<__gnu_cxx::__normal_iterator<char const*, std::__cxx11::basic_string<char, std::char_traits<char>, std::allocator<char> > > >*)
140 20
+3 10
cfn=(6562)
calls=2 -30 
* 28
+1 2
fi=(117)
1090 11
fe=(109)
145 22
fi=(105)
-92 11
fe=(109)
+92 33
cfi=(102)
cfn=(6564)
calls=11 -22 
* 396
fi=(117)
1103 33
+1 11
fe=(109)
144 55
fi=(117)
1166 11
+81 33
-81 11
+81 33
fe=(109)
144 26
fi=(117)
1166 2
+81 6
-81 2
+81 6
fe=(109)
144 4
+2 6
cfn=(6566)
calls=2 -21 
* 16
+1 2
+1 6
cfn=(6568)
calls=2 -30 
* 28
-1 2
+1 12

fn=(7216) FilterPar::Pass1ThreadData* std::__uninitialized_default_n_a<FilterPar::Pass1ThreadData*, unsigned long, FilterPar::Pass1ThreadData>(FilterPar::Pass1ThreadData*, unsigned long, std::allocator<FilterPar::Pass1ThreadData>&)
994 6
+2 5
cfn=(7218)
calls=1 -71 
* 106
* 2

fn=(6632)
872 18
+2 10
cfn=(6634) std::_UninitDestroyGuard<std::pair<__gnu_cxx::__normal_iterator<char const*, std::__cxx11::basic_string<char, std::char_traits<char>, std::allocator<char> > >, int>*, void>::_UninitDestroyGuard(std::pair<__gnu_cxx::__normal_iterator<char const*, std::__cxx11::basic_string<char, std::char_traits<char>, std::allocator<char> > >, int>*&)
calls=2 113 
* 28
+1 2
+1 56
fi=(105)
53 28
fe=(109)
876 56
cfi=(102)
cfn=(6636)
calls=28 123 
* 1176
-1 172
+2 6
cfn=(6640)
calls=2 125 
* 16
+1 2
+1 6
cfn=(6642) std::_UninitDestroyGuard<std::pair<__gnu_cxx::__normal_iterator<char const*, std::__cxx11::basic_string<char, std::char_traits<char>, std::allocator<char> > >, int>*, void>::~_UninitDestroyGuard()
calls=2 118 
* 28
-1 2
+1 12

fn=(6642)
118 8
+2 14
+2 6

fn=(6670)
231 12
+72 12
cfn=(6672)
calls=2 140 
* 838
+14 4

fn=(7122) float* std::__uninitialized_default_n<float*, unsigned long>(float*, unsigned long)
925 80
+11 16
+5 80
cfn=(7124)
calls=16 -53 
* 112720552
+1 32

fn=(7178) unsigned long* std::__uninitialized_default_n<unsigned long*, unsigned long>(unsigned long*, unsigned long)
925 5
+11 1
+5 5
cfn=(7180) unsigned long* std::__uninitialized_default_n_1<true>::__uninit_default_n<unsigned long*, unsigned long>(unsigned long*, unsigned long)
calls=1 -53 
* 76
+1 2

fn=(7180)
888 8
+2 4
fi=(105)
53 1
fe=(109)
893 1
+1 3
cfi=(102)
cfn=(7182)
calls=1 123 
* 24
+1 1
+1 7
fi=(145)
242 1
fi=(67)
1178 3
cfn=(7058)
calls=1 1024 
* 6
* 5
-35 2
+1 2
+35 1
fe=(109)
896 1
+2 1
+1 5

fn=(6566)
125 32

fn=(6568)
118 16
+2 28
+2 12

fn=(6628) std::pair<__gnu_cxx::__normal_iterator<char const*, std::__cxx11::basic_string<char, std::char_traits<char>, std::allocator<char> > >, int>* std::__uninitialized_default_n_a<std::pair<__gnu_cxx::__normal_iterator<char const*, std::__cxx11::basic_string<char, std::char_traits<char>, std::allocator<char> > >, int>*, unsigned long, std::pair<__gnu_cxx::__normal_iterator<char const*, std::__cxx11::basic_string<char, std::char_traits<char>, std::allocator<char> > >, int> >(std::pair<__gnu_cxx::__normal_iterator<char const*, std::__cxx11::basic_string<char, std::char_traits<char>, std::allocator<char> > >, int>*, unsigned long, std::allocator<std::pair<__gnu_cxx::__normal_iterator<char const*, std::__cxx11::basic_string<char, std::char_traits<char>, std::allocator<char> > >, int> >&)
994 12
+2 10
cfn=(6630)
calls=2 -71 
* 1644
* 4

fn=(7052) double* std::__uninitialized_default_n<double*, unsigned long>(double*, unsigned long)
925 5
+11 1
+5 5
cfn=(7054)
calls=1 -53 
* 217
+1 2

fn=(7120) float* std::__uninitialized_default_n_a<float*, unsigned long, float>(float*, unsigned long, std::allocator<float>&)
994 96
+2 80
cfn=(7122)
calls=16 -71 
* 112720760
* 32

fn=(7758)
925 5
+11 1
+5 5
cfn=(7760)
calls=1 -53 
* 93
+1 2

fn=(5894)
1320 28
+4 16
+1 8
+12 18
cob=(2)
cfi=(2)
cfn=(4702)
calls=2 0 
* 26
* 2
+2 16
+1 8

fn=(5942) std::__detail::_State<char>* std::__relocate_a<std::__detail::_State<char>*, std::__detail::_State<char>*, std::allocator<std::__detail::_State<char> > >(std::__detail::_State<char>*, std::__detail::_State<char>*, std::__detail::_State<char>*, std::allocator<std::__detail::_State<char> >&)
1347 99
fi=(117)
3011 77
fe=(109)
1353 33
cfn=(5944)
calls=11 -56 
* 8118
+3 22

fn=(6634)
113 8
+1 14
+1 6

fn=(7050) double* std::__uninitialized_default_n_a<double*, unsigned long, double>(double*, unsigned long, std::allocator<double>&)
994 6
+2 5
cfn=(7052)
calls=1 -71 
* 230
* 2

fn=(7176) unsigned long* std::__uninitialized_default_n_a<unsigned long*, unsigned long, unsigned long>(unsigned long*, unsigned long, std::allocator<unsigned long>&)
994 6
+2 5
cfn=(7178)
calls=1 -71 
* 89
* 2

fl=(124) /usr/include/c++/15.1.1/bits/invoke.h
fn=(6716) bool std::__invoke_impl<bool, std::__detail::_BracketMatcher<std::__cxx11::regex_traits<char>, false, false>&, char>(std::__invoke_other, std::__detail::_BracketMatcher<std::__cxx11::regex_traits<char>, false, false>&, char&&)
62 84
fi=(105)
+11 48
fe=(124)
-10 60
cfi=(93) /usr/include/c++/15.1.1/bits/regex_compiler.h
cfn=(6718) std::__detail::_BracketMatcher<std::__cxx11::regex_traits<char>, false, false>::operator()(char) const
calls=12 441 
* 1200
* 24

fn=(6746) std::enable_if<is_invocable_r_v<bool, std::__detail::_CharMatcher<std::__cxx11::regex_traits<char>, false, false>&, char>, bool>::type std::__invoke_r<bool, std::__detail::_CharMatcher<std::__cxx11::regex_traits<char>, false, false>&, char>(std::__detail::_CharMatcher<std::__cxx11::regex_traits<char>, false, false>&, char&&)
106 7
fi=(105)
-33 4
fe=(124)
+43 3
cfn=(6748) bool std::__invoke_impl<bool, std::__detail::_CharMatcher<std::__cxx11::regex_traits<char>, false, false>&, char>(std::__invoke_other, std::__detail::_CharMatcher<std::__cxx11::regex_traits<char>, false, false>&, char&&)
calls=1 -54 
* 45
+3 2

fn=(6748)
62 7
fi=(105)
+11 4
fe=(124)
-10 5
cfi=(93)
cfn=(6750) std::__detail::_CharMatcher<std::__cxx11::regex_traits<char>, false, false>::operator()(char) const
calls=1 415 
* 27
* 2

fn=(6714) std::enable_if<is_invocable_r_v<bool, std::__detail::_BracketMatcher<std::__cxx11::regex_traits<char>, false, false>&, char>, bool>::type std::__invoke_r<bool, std::__detail::_BracketMatcher<std::__cxx11::regex_traits<char>, false, false>&, char>(std::__detail::_BracketMatcher<std::__cxx11::regex_traits<char>, false, false>&, char&&)
106 84
fi=(105)
-33 48
fe=(124)
+43 36
cfn=(6716)
calls=12 -54 
* 1416
+3 24

fl=(128)
fn=(7144) FilterPar::reflect_pad_plane(float const*, float*, unsigned int, unsigned int, int)
79 48
+1 30
+2 12
+1 18432
+1 49152
+1 104448
cfi=(67)
cfn=(7146) float* std::copy<float const*, float*>(float const*, float const*, float*)
calls=6144 633 
* 3231874
-3 24594
+6 12
+1 36864
+1 12288
+2 829440
-1 921600
+1 92160
-1 92160
+3 1105920
-1 1013760
+1 92160
-1 92160
-3 387072
-2 24594
+10 12
+1 180
+1 540
+1 810
+1 630
+1 720
+1 1530
cfi=(67)
cfn=(7156) float* std::copy<float*, float*>(float*, float*, float*)
calls=90 633 
* 48420
+1 1530
cfi=(67)
cfn=(7156)
calls=90 633 
* 48408
-7 378
+9 24

fn=(7580)
185 4
+1 2
+2 4
+1 9216
+2 2048
+3 2048
-3 6144
+1 4096
-1 6144
cfn=(7582) FilterPar::gauss_row_padded_to_transposed(float const*, float*, unsigned int, unsigned int, unsigned int, std::vector<float, std::allocator<float> > const&, int)
calls=1024 -77 
* 1177571328
* 1024
+6 2048
+3 2048
-3 6144
+1 4096
-1 6144
cfn=(7582)
calls=1024 -83 
* 1177571328
* 1024
+6 2048
+3 2048
-3 6144
+1 4096
-1 6144
cfn=(7582)
calls=1024 -89 
* 1177571328
* 1024
-15 5124
+22 1
+1 2

fn=(7836) FilterPar::planar_to_matrix(float const*, float const*, float const*, Matrix&)
62 8
+1 3
cfi=(127) /home/nithin/CLionProjects/1dv1674_a2/blur/matrix.cpp
cfn=(7016) Matrix::get_x_size() const
calls=1 +48 
* 7
* 1
+1 3
cfi=(127)
cfn=(7018) Matrix::get_y_size() const
calls=1 +52 
* 7
* 1
+1 2
+1 3072
+1 2048
+1 4194304
+1 7340032
cfn=(7838) FilterPar::f2u8(float)
calls=1048576 -35 
* 15728640
* 7340032
cfi=(127)
cfn=(7002) Matrix::r(unsigned int, unsigned int)
calls=1048576 +87 
* 17825792
* 1048576
+1 7340032
cfn=(7838)
calls=1048576 -36 
* 15728640
* 7340032
cfi=(127)
cfn=(7004) Matrix::g(unsigned int, unsigned int)
calls=1048576 +91 
* 17825792
* 1048576
+1 7340032
cfn=(7838)
calls=1048576 -37 
* 15728640
* 7340032
cfi=(127)
cfn=(7006) Matrix::b(unsigned int, unsigned int)
calls=1048576 +95 
* 17825792
* 1048576
-4 4197376
-2 4099
+9 5

fn=(7070) FilterPar::Gauss::get_weights(int, double*)
20 6
+1 2
+1 2
+2 2
+1 128
+1 240
cob=(3)
cfi=(3)
cfn=(7076)
calls=15 -26 
* 825
cob=(1)
cfi=(1)
cfn=(4650) 0x0000000000012dc0
calls=1 -26 
* 873
* 20
* 32
-2 67
+4 5

fn=(7582)
114 27648
+1 6144
+1 6144
+1 12582912
+1 12582912
cfi=(104)
cfn=(7584) std::vector<float, std::allocator<float> >::operator[](unsigned long) const
calls=3145728 1280 
* 116391936
* 25165824
+1 6291456
+1 283115520
cfi=(104)
cfn=(7584)
calls=47185920 1280 
* 1745879040
* 94371840
+1 377487360
+1 377487360
-1 235929600
-2 198180864
+5 34603008
-8 12592128
+10 12288

fn=(7014) FilterPar::blur(Matrix, int, int)
244 12
+1 3
cfi=(127)
cfn=(7016)
calls=1 111 
* 7
* 1
+1 3
cfi=(127)
cfn=(7018)
calls=1 116 
* 7
* 1
+1 6
+5 2
+1 5
fi=(62)
88 1
fi=(63) /usr/include/c++/15.1.1/bits/allocator.h
+80 1
fe=(128)
+88 8
cfi=(104)
cfn=(7020) std::vector<double, std::allocator<double> >::vector(unsigned long, std::allocator<double> const&)
calls=1 586 
* 757
fi=(63)
-67 3
cfi=(62)
cfn=(7026) std::__new_allocator<double>::~__new_allocator()
calls=1 -85 
* 6
* 1
fe=(128)
+68 3
cfi=(104)
cfn=(7066) std::vector<double, std::allocator<double> >::data()
calls=1 1395 
* 19
* 5
cfn=(7070)
calls=1 20 
* 2202
+2 4
cfi=(104)
cfn=(7088) std::vector<double, std::allocator<double> >::operator[](unsigned long)
calls=1 1261 
* 37
* 2
+1 92
cfi=(104)
cfn=(7088)
calls=15 1261 
* 555
* 138
+1 6
fi=(62)
88 1
fi=(63)
+80 1
fe=(128)
+95 3
cfi=(104)
cfn=(7090) std::vector<double, std::allocator<double> >::size() const
calls=1 1117 
* 15
* 6
cfi=(104)
cfn=(7092) std::vector<float, std::allocator<float> >::vector(unsigned long, std::allocator<float> const&)
calls=1 586 
* 564
fi=(63)
-74 3
cfi=(62)
cfn=(7098) std::__new_allocator<float>::~__new_allocator()
calls=1 -85 
* 6
* 1
fe=(128)
+75 4
cfi=(104)
cfn=(7088)
calls=1 1261 
* 37
* 8
cfi=(104)
cfn=(7132) std::vector<float, std::allocator<float> >::operator[](unsigned long)
calls=1 1261 
* 37
* 2
+1 2
+1 90
cfi=(104)
cfn=(7088)
calls=15 1261 
* 555
* 150
cfi=(104)
cfn=(7132)
calls=15 1261 
* 555
* 30
-1 63
+5 6
fi=(62)
88 1
fi=(63)
+80 1
fe=(128)
271 6
cfi=(104)
cfn=(7092)
calls=1 586 
* 7340827
fi=(63)
-82 3
cfi=(62)
cfn=(7098)
calls=1 -85 
* 6
* 3
fi=(62)
88 1
fi=(63)
+80 1
fe=(128)
271 6
cfi=(104)
cfn=(7092)
calls=1 586 
* 7340763
fi=(63)
-82 3
cfi=(62)
cfn=(7098)
calls=1 -85 
* 6
* 3
fi=(62)
88 1
fi=(63)
+80 1
fe=(128)
271 6
cfi=(104)
cfn=(7092)
calls=1 586 
* 7340763
fi=(63)
-82 3
cfi=(62)
cfn=(7098)
calls=1 -85 
* 6
* 1
fe=(128)
+83 3
cfi=(104)
cfn=(7138) std::vector<float, std::allocator<float> >::data()
calls=1 1395 
* 19
* 4
cfi=(104)
cfn=(7138)
calls=1 1395 
* 19
* 4
cfi=(104)
cfn=(7138)
calls=1 1395 
* 19
* 6
cfn=(7142) FilterPar::matrix_to_planar(Matrix const&, float*, float*, float*)
calls=1 44 
* 109064230
+3 5
+1 5
+1 6
fi=(62)
88 1
fi=(63)
+80 1
fe=(128)
278 6
cfi=(104)
cfn=(7092)
calls=1 586 
* 7777143
fi=(63)
-89 3
cfi=(62)
cfn=(7098)
calls=1 -85 
* 6
* 3
fi=(62)
88 1
fi=(63)
+80 1
fe=(128)
278 6
cfi=(104)
cfn=(7092)
calls=1 586 
* 7777143
fi=(63)
-89 3
cfi=(62)
cfn=(7098)
calls=1 -85 
* 6
* 3
fi=(62)
88 1
fi=(63)
+80 1
fe=(128)
278 6
cfi=(104)
cfn=(7092)
calls=1 586 
* 7777143
fi=(63)
-89 3
cfi=(62)
cfn=(7098)
calls=1 -85 
* 6
* 1
fe=(128)
+90 3
cfi=(104)
cfn=(7138)
calls=1 1395 
* 19
* 4
cfi=(104)
cfn=(7138)
calls=1 1395 
* 19
* 9
cfn=(7144)
calls=1 79 
* 1372742
+1 3
cfi=(104)
cfn=(7138)
calls=1 1395 
* 19
* 4
cfi=(104)
cfn=(7138)
calls=1 1395 
* 19
* 9
cfn=(7144)
calls=1 79 
* 1371844
+1 3
cfi=(104)
cfn=(7138)
calls=1 1395 
* 19
* 4
cfi=(104)
cfn=(7138)
calls=1 1395 
* 19
* 9
cfn=(7144)
calls=1 79 
* 1371844
* 2
fi=(62)
88 1
fi=(63)
+80 1
fe=(128)
284 6
cfi=(104)
cfn=(7092)
calls=1 586 
* 7340763
fi=(63)
-95 3
cfi=(62)
cfn=(7098)
calls=1 -85 
* 6
* 3
fi=(62)
88 1
fi=(63)
+80 1
fe=(128)
284 6
cfi=(104)
cfn=(7092)
calls=1 586 
* 7340763
fi=(63)
-95 3
cfi=(62)
cfn=(7098)
calls=1 -85 
* 6
* 3
fi=(62)
88 1
fi=(63)
+80 1
fe=(128)
284 6
cfi=(104)
cfn=(7092)
calls=1 586 
* 7340763
fi=(63)
-95 3
cfi=(62)
cfn=(7098)
calls=1 -85 
* 6
* 3
fi=(62)
88 1
fi=(63)
+80 1
fe=(128)
286 7
cfi=(104)
cfn=(7162) std::vector<unsigned long, std::allocator<unsigned long> >::vector(unsigned long, std::allocator<unsigned long> const&)
calls=1 586 
* 423
fi=(63)
-97 3
cfi=(62)
cfn=(6894) std::__new_allocator<unsigned long>::~__new_allocator()
calls=1 -85 
* 6
* 3
fi=(62)
88 1
fi=(63)
+80 1
fe=(128)
287 7
cfi=(104)
cfn=(7186) std::vector<FilterPar::Pass1ThreadData, std::allocator<FilterPar::Pass1ThreadData> >::vector(unsigned long, std::allocator<FilterPar::Pass1ThreadData> const&)
calls=1 586 
* 751
fi=(63)
-98 3
cfi=(62)
cfn=(7192) std::__new_allocator<FilterPar::Pass1ThreadData>::~__new_allocator()
calls=1 -85 
* 6
* 1
fe=(128)
289 5
+1 5
+2 1
+1 2
+1 3
cfi=(104)
cfn=(7138)
calls=1 1395 
* 19
* 7
cfi=(104)
cfn=(7226) std::vector<FilterPar::Pass1ThreadData, std::allocator<FilterPar::Pass1ThreadData> >::operator[](unsigned long)
calls=1 1261 
* 38
* 1
+1 3
cfi=(104)
cfn=(7138)
calls=1 1395 
* 19
* 7
cfi=(104)
cfn=(7226)
calls=1 1261 
* 38
* 1
+1 3
cfi=(104)
cfn=(7138)
calls=1 1395 
* 19
* 7
cfi=(104)
cfn=(7226)
calls=1 1261 
* 38
* 1
+1 3
cfi=(104)
cfn=(7138)
calls=1 1395 
* 19
* 7
cfi=(104)
cfn=(7226)
calls=1 1261 
* 38
* 1
+1 3
cfi=(104)
cfn=(7138)
calls=1 1395 
* 19
* 7
cfi=(104)
cfn=(7226)
calls=1 1261 
* 38
* 1
+1 3
cfi=(104)
cfn=(7138)
calls=1 1395 
* 19
* 7
cfi=(104)
cfn=(7226)
calls=1 1261 
* 38
* 1
+1 7
cfi=(104)
cfn=(7226)
calls=1 1261 
* 38
* 1
+1 7
cfi=(104)
cfn=(7226)
calls=1 1261 
* 38
* 1
+1 7
cfi=(104)
cfn=(7226)
calls=1 1261 
* 38
* 1
+1 7
cfi=(104)
cfn=(7226)
calls=1 1261 
* 38
* 1
+1 7
cfi=(104)
cfn=(7226)
calls=1 1261 
* 38
* 1
+1 7
cfi=(104)
cfn=(7226)
calls=1 1261 
* 38
* 1
+2 7
+1 9
cfi=(104)
cfn=(7226)
calls=1 1261 
* 38
* 1
+1 2
+2 6
cfi=(104)
cfn=(7226)
calls=1 1261 
* 38
* 7
cfi=(104)
cfn=(7230) std::vector<unsigned long, std::allocator<unsigned long> >::operator[](unsigned long)
calls=1 1261 
* 37
* 6
cob=(1)
cfi=(1)
cfn=(4650)
calls=1 0 
* 2403
* 5
-18 7
+21 2
+1 6
cfi=(104)
cfn=(7230)
calls=1 1261 
* 37
* 4
cob=(1)
cfi=(1)
cfn=(4650)
calls=1 0 
* 1066
* 5
-1 7
+5 4
+1 5
+1 5
+1 6
fi=(62)
88 1
fi=(63)
+80 1
fe=(128)
323 6
cfi=(104)
cfn=(7092)
calls=1 586 
* 7777222
fi=(63)
189 3
cfi=(62)
cfn=(7098)
calls=1 -85 
* 6
* 3
fi=(62)
88 1
fi=(63)
+80 1
fe=(128)
323 6
cfi=(104)
cfn=(7092)
calls=1 586 
* 7777156
fi=(63)
189 3
cfi=(62)
cfn=(7098)
calls=1 -85 
* 6
* 3
fi=(62)
88 1
fi=(63)
+80 1
fe=(128)
323 6
cfi=(104)
cfn=(7092)
calls=1 586 
* 7777156
fi=(63)
189 3
cfi=(62)
cfn=(7098)
calls=1 -85 
* 6
* 1
fe=(128)
324 3
cfi=(104)
cfn=(7138)
calls=1 1395 
* 19
* 4
cfi=(104)
cfn=(7138)
calls=1 1395 
* 19
* 9
cfn=(7144)
calls=1 79 
* 1371844
+1 3
cfi=(104)
cfn=(7138)
calls=1 1395 
* 19
* 4
cfi=(104)
cfn=(7138)
calls=1 1395 
* 19
* 9
cfn=(7144)
calls=1 79 
* 1371844
+1 3
cfi=(104)
cfn=(7138)
calls=1 1395 
* 19
* 4
cfi=(104)
cfn=(7138)
calls=1 1395 
* 19
* 9
cfn=(7144)
calls=1 79 
* 1371844
* 2
fi=(62)
88 1
fi=(63)
+80 1
fe=(128)
329 6
cfi=(104)
cfn=(7092)
calls=1 586 
* 7340776
fi=(63)
189 3
cfi=(62)
cfn=(7098)
calls=1 -85 
* 6
* 3
fi=(62)
88 1
fi=(63)
+80 1
fe=(128)
329 6
cfi=(104)
cfn=(7092)
calls=1 586 
* 7340776
fi=(63)
189 3
cfi=(62)
cfn=(7098)
calls=1 -85 
* 6
* 3
fi=(62)
88 1
fi=(63)
+80 1
fe=(128)
329 6
cfi=(104)
cfn=(7092)
calls=1 586 
* 7340776
fi=(63)
189 3
cfi=(62)
cfn=(7098)
calls=1 -85 
* 6
* 3
fi=(62)
88 1
fi=(63)
+80 1
fe=(128)
331 7
cfi=(104)
cfn=(7728) std::vector<FilterPar::Pass2ThreadData, std::allocator<FilterPar::Pass2ThreadData> >::vector(unsigned long, std::allocator<FilterPar::Pass2ThreadData> const&)
calls=1 586 
* 637
fi=(63)
189 3
cfi=(62)
cfn=(7734) std::__new_allocator<FilterPar::Pass2ThreadData>::~__new_allocator()
calls=1 -85 
* 6
* 1
fe=(128)
334 2
+1 3
+2 5
+1 5
+2 1
+1 2
+1 3
cfi=(104)
cfn=(7138)
calls=1 1395 
* 19
* 7
cfi=(104)
cfn=(7766) std::vector<FilterPar::Pass2ThreadData, std::allocator<FilterPar::Pass2ThreadData> >::operator[](unsigned long)
calls=1 1261 
* 38
* 1
+1 3
cfi=(104)
cfn=(7138)
calls=1 1395 
* 19
* 7
cfi=(104)
cfn=(7766)
calls=1 1261 
* 38
* 1
+1 3
cfi=(104)
cfn=(7138)
calls=1 1395 
* 19
* 7
cfi=(104)
cfn=(7766)
calls=1 1261 
* 38
* 1
+1 3
cfi=(104)
cfn=(7138)
calls=1 1395 
* 19
* 7
cfi=(104)
cfn=(7766)
calls=1 1261 
* 38
* 1
+1 3
cfi=(104)
cfn=(7138)
calls=1 1395 
* 19
* 7
cfi=(104)
cfn=(7766)
calls=1 1261 
* 38
* 1
+1 3
cfi=(104)
cfn=(7138)
calls=1 1395 
* 19
* 7
cfi=(104)
cfn=(7766)
calls=1 1261 
* 38
* 1
+1 7
cfi=(104)
cfn=(7766)
calls=1 1261 
* 38
* 1
+1 7
cfi=(104)
cfn=(7766)
calls=1 1261 
* 38
* 1
+1 7
cfi=(104)
cfn=(7766)
calls=1 1261 
* 38
* 1
+1 7
cfi=(104)
cfn=(7766)
calls=1 1261 
* 38
* 1
+1 7
cfi=(104)
cfn=(7766)
calls=1 1261 
* 38
* 1
+1 7
cfi=(104)
cfn=(7766)
calls=1 1261 
* 38
* 1
+1 7
cfi=(104)
cfn=(7766)
calls=1 1261 
* 38
* 1
+2 7
+1 9
cfi=(104)
cfn=(7766)
calls=1 1261 
* 38
* 1
+1 2
+2 6
cfi=(104)
cfn=(7766)
calls=1 1261 
* 38
* 7
cfi=(104)
cfn=(7230)
calls=1 1261 
* 37
* 6
cob=(2)
cfi=(2)
cfn=(7236)
calls=1 0 
* 1139
* 1
-19 7
+22 2
+1 6
cfi=(104)
cfn=(7230)
calls=1 1261 
* 37
* 4
cob=(2)
cfi=(2)
cfn=(7366)
calls=1 0 
* 241
* 1
-1 7
+5 5
cfi=(127)
cfn=(7000) Matrix::Matrix(Matrix const&)
calls=1 42 
* 169884551
+1 3
cfi=(104)
cfn=(7138)
calls=1 1395 
* 19
* 4
cfi=(104)
cfn=(7138)
calls=1 1395 
* 19
* 4
cfi=(104)
cfn=(7138)
calls=1 1395 
* 19
* 6
cfn=(7836)
calls=1 62 
* 156250152
+1 5
cfi=(127)
cfn=(7000)
calls=1 42 
* 169884990
* 1
+1 3
cfi=(127)
cfn=(7858) Matrix::~Matrix()
calls=1 92 
* 1441
* 3
cfi=(104)
cfn=(7880) std::vector<FilterPar::Pass2ThreadData, std::allocator<FilterPar::Pass2ThreadData> >::~vector()
calls=1 800 
* 186
* 3
cfi=(104)
cfn=(7898) std::vector<float, std::allocator<float> >::~vector()
calls=1 800 
* 192
* 3
cfi=(104)
cfn=(7898)
calls=1 800 
* 192
* 3
cfi=(104)
cfn=(7898)
calls=1 800 
* 192
* 3
cfi=(104)
cfn=(7898)
calls=1 800 
* 192
* 3
cfi=(104)
cfn=(7898)
calls=1 800 
* 192
* 3
cfi=(104)
cfn=(7898)
calls=1 800 
* 192
* 3
cfi=(104)
cfn=(7916) std::vector<FilterPar::Pass1ThreadData, std::allocator<FilterPar::Pass1ThreadData> >::~vector()
calls=1 800 
* 186
* 3
cfi=(104)
cfn=(6884)
calls=1 800 
* 185
* 3
cfi=(104)
cfn=(7898)
calls=1 800 
* 185
* 3
cfi=(104)
cfn=(7898)
calls=1 800 
* 185
* 3
cfi=(104)
cfn=(7898)
calls=1 800 
* 185
* 3
cfi=(104)
cfn=(7898)
calls=1 800 
* 192
* 3
cfi=(104)
cfn=(7898)
calls=1 800 
* 192
* 3
cfi=(104)
cfn=(7898)
calls=1 800 
* 192
* 3
cfi=(104)
cfn=(7898)
calls=1 800 
* 185
* 3
cfi=(104)
cfn=(7898)
calls=1 800 
* 185
* 3
cfi=(104)
cfn=(7898)
calls=1 800 
* 185
* 3
cfi=(104)
cfn=(7898)
calls=1 800 
* 185
* 3
cfi=(104)
cfn=(7934) std::vector<double, std::allocator<double> >::~vector()
calls=1 800 
* 185
* 10

fn=(7142)
44 7
+1 3
cfi=(127)
cfn=(7016)
calls=1 +66 
* 7
* 1
+1 3
cfi=(127)
cfn=(7018)
calls=1 +70 
* 7
* 1
+1 2
+1 3072
+1 2048
+1 4194304
+1 6291456
cfi=(127)
cfn=(7008) Matrix::r(unsigned int, unsigned int) const
calls=1048576 +90 
* 18874368
* 8388608
+1 6291456
cfi=(127)
cfn=(7010) Matrix::g(unsigned int, unsigned int) const
calls=1048576 +94 
* 18874368
* 8388608
+1 6291456
cfi=(127)
cfn=(7012) Matrix::b(unsigned int, unsigned int) const
calls=1048576 +98 
* 18874368
* 8388608
-4 4197376
-2 4099
+9 4

fn=(7838)
34 9437184
+1 9437184
+1 9437184
+1 12582912
+1 6291456

fn=(7774)
213 4
+1 2
+2 4
+1 9216
+2 4096
+3 2048
-3 6144
+1 4096
-1 8192
cfn=(7776) FilterPar::gauss_row_padded_transposed_to_final(float const*, float*, unsigned int, unsigned int, unsigned int, std::vector<float, std::allocator<float> > const&, int, unsigned int)
calls=1024 -86 
* 1178619904
* 1024
+6 4096
+3 2048
-3 6144
+1 4096
-1 8192
cfn=(7776)
calls=1024 -92 
* 1178619904
* 1024
+6 4096
+3 2048
-3 6144
+1 4096
-1 8192
cfn=(7776)
calls=1024 -98 
* 1178619904
* 1024
-15 5124
+22 1
+1 2

fn=(7776)
133 27648
+1 6144
+1 6144
+1 12582912
+1 12582912
cfi=(104)
cfn=(7584)
calls=3145728 1280 
* 116391936
* 25165824
+1 6291456
+1 283115520
cfi=(104)
cfn=(7584)
calls=47185920 1280 
* 1745879040
* 94371840
+1 377487360
+1 377487360
-1 235929600
-2 198180864
+5 18874368
+1 18874368
-9 12592128
+11 12288

fl=(66) /home/nithin/CLionProjects/1dv1674_a2/blur/ppm.cpp
fn=(4906) PPM::Reader::fill(std::__cxx11::basic_string<char, std::char_traits<char>, std::allocator<char> >)
14 9
+1 3
cob=(1)
cfi=(1)
cfn=(4650)
calls=1 -15 
* 1466
* 5
+2 6
cob=(1)
cfi=(1)
cfn=(4650)
calls=1 -17 
* 2359
* 5
+2 4
cob=(1)
cfi=(1)
cfn=(4650)
calls=1 -19 
* 957
* 5
* 2
+8 6
cfi=(73) /usr/include/c++/15.1.1/bits/streambuf_iterator.h
cfn=(5034) std::ostreambuf_iterator<char, std::char_traits<char> >::ostreambuf_iterator(std::ostream&)
calls=1 286 
* 1013
-1 3
cfi=(73)
cfn=(5042) std::istreambuf_iterator<char, std::char_traits<char> >::istreambuf_iterator()
calls=1 +94 
* 17
-1 3
cob=(1)
cfi=(1)
cfn=(4650)
calls=1 -25 
* 1032
* 5
* 5
cfi=(73)
cfn=(5052) std::istreambuf_iterator<char, std::char_traits<char> >::istreambuf_iterator(std::basic_streambuf<char, std::char_traits<char> >*)
calls=1 139 
* 19
-1 11
cfi=(73)
cfn=(5054) __gnu_cxx::__enable_if<std::__is_char<char>::__value, std::ostreambuf_iterator<char, std::char_traits<char> > >::__type std::copy<char>(std::istreambuf_iterator<char, std::char_traits<char> >, std::istreambuf_iterator<char, std::char_traits<char> >, std::ostreambuf_iterator<char, std::char_traits<char> >)
calls=1 341 
* 1785008
+5 3
cob=(1)
cfi=(1)
cfn=(4650)
calls=1 -29 
* 1670
* 5
+1 4
cob=(1)
cfi=(1)
cfn=(4650)
calls=1 -30 
* 1138
* 5
* 7

fn=(7976) PPM::Writer::operator()(Matrix, std::__cxx11::basic_string<char, std::char_traits<char>, std::allocator<char> >)
156 12
+2 3
cob=(1)
cfi=(1)
cfn=(4650)
calls=1 0 
* 1647
* 5
+2 6
cob=(1)
cfi=(1)
cfn=(4650)
calls=1 0 
* 2498
* 5
+2 4
cob=(7)
cfi=(34)
cfn=(5032)
calls=1 -29 
* 4
* 1
* 2
+4 5
cob=(1)
cfi=(1)
cfn=(4650)
calls=1 0 
* 1311
* 5
* 4
cob=(1)
cfi=(1)
cfn=(4650)
calls=1 0 
* 1149
* 5
+2 3
cfi=(127)
cfn=(7016)
calls=1 -57 
* 7
* 5
cob=(1)
cfi=(1)
cfn=(4650)
calls=1 0 
* 1121
* 5
* 5
cob=(7)
cfi=(37)
cfn=(8006)
calls=1 734 
* 203
* 1
* 4
cfi=(127)
cfn=(7018)
calls=1 -52 
* 7
* 3
cob=(7)
cfi=(37)
cfn=(8064)
calls=1 +32 
* 353
* 1
* 4
cob=(7)
cfi=(37)
cfn=(8036)
calls=1 -52 
* 355
* 1
+1 3
cfi=(127)
cfn=(8088) Matrix::get_color_max() const
calls=1 -48 
* 7
* 5
cob=(7)
cfi=(37)
cfn=(8064)
calls=1 +31 
* 343
* 1
* 4
cob=(7)
cfi=(37)
cfn=(8036)
calls=1 -53 
* 355
* 1
+2 3
cfi=(127)
cfn=(7016)
calls=1 -60 
* 7
* 4
cfi=(127)
cfn=(7018)
calls=1 -55 
* 7
* 2
+1 3
cfi=(127)
cfn=(8090) Matrix::get_R() const
calls=1 -46 
* 7
* 4
cfi=(127)
cfn=(8092) Matrix::get_G() const
calls=1 -41 
* 7
* 4
cfi=(127)
cfn=(8094) Matrix::get_B() const
calls=1 -36 
* 7
* 1
+1 6
+2 1
+1 4194304
+2 5242880
cob=(7)
cfi=(37)
cfn=(8100)
calls=1048575 658 
* 80767539
cob=(1)
cfi=(1)
cfn=(4650)
calls=1 0 
* 1144
* 1048580
* 1048576
-1 4194304
+1 4194304
cob=(7)
cfi=(37)
cfn=(8100)
calls=1048576 658 
* 80767616
* 1048576
* 9437184
cob=(7)
cfi=(37)
cfn=(8100)
calls=1048576 658 
* 80767616
* 1048576
-3 15728645
+6 3
cob=(1)
cfi=(1)
cfn=(4650)
calls=1 0 
* 1760
* 5
+1 3
cob=(1)
cfi=(1)
cfn=(4650)
calls=1 0 
* 1198
* 5
+3 10

fn=(5542) PPM::Reader::get_magic_number[abi:cxx11]()
33 6
+1 3
cfi=(57) /usr/include/c++/15.1.1/bits/basic_string.h
cfn=(5544) std::__cxx11::basic_string<char, std::char_traits<char>, std::allocator<char> >::basic_string()
calls=1 585 
* 147
+2 5
cob=(1)
cfi=(1)
cfn=(4650)
calls=1 -36 
* 1597
* 5
+2 1
+1 4

fn=(4886) PPM::Reader::operator()(std::__cxx11::basic_string<char, std::char_traits<char>, std::allocator<char> >)
103 12
+2 5
cfi=(57)
cfn=(4888) std::__cxx11::basic_string<char, std::char_traits<char>, std::allocator<char> >::basic_string(std::__cxx11::basic_string<char, std::char_traits<char>, std::allocator<char> > const&)
calls=1 613 
* 307
* 5
cfn=(4906)
calls=1 -91 
* 1794775
* 3
cfi=(57)
cfn=(4788) std::__cxx11::basic_string<char, std::char_traits<char>, std::allocator<char> >::~basic_string()
calls=1 895 
* 97
+2 4
cob=(1)
cfi=(1)
cfn=(4650)
calls=1 0 
* 976
* 5
* 2
+4 5
cfn=(5542)
calls=1 -78 
* 1768
+2 5
cfi=(57)
cfn=(5580) bool std::operator!=<char, std::char_traits<char>, std::allocator<char> >(std::__cxx11::basic_string<char, std::char_traits<char>, std::allocator<char> > const&, char const*)
calls=1 4150 
* 1174
* 2
+4 3
cfn=(5594) PPM::Reader::get_dimensions()
calls=1 -75 
* 423854
* 4
cfi=(120)
cfn=(6912) std::tuple_element<0ul, std::pair<unsigned int, unsigned int> >::type&& std::get<0ul, unsigned int, unsigned int>(std::pair<unsigned int, unsigned int>&&)
calls=1 1288 
* 19
* 4
cfi=(120)
cfn=(6916) std::tuple_element<1ul, std::pair<unsigned int, unsigned int> >::type&& std::get<1ul, unsigned int, unsigned int>(std::pair<unsigned int, unsigned int>&&)
calls=1 1288 
* 20
* 1
+2 8
+4 6
+2 2
+4 3
cfn=(6920) PPM::Reader::get_color_max()
calls=1 -68 
* 215923
* 1
+2 2
+4 8
cfn=(6924) PPM::Reader::get_data(unsigned int, unsigned int)
calls=1 -56 
* 479202771
* 3
cfi=(126) /usr/include/c++/15.1.1/tuple
cfn=(6970) std::tuple_element<0ul, std::tuple<unsigned char*, unsigned char*, unsigned char*> >::type&& std::get<0ul, unsigned char*, unsigned char*, unsigned char*>(std::tuple<unsigned char*, unsigned char*, unsigned char*>&&)
calls=1 2456 
* 36
* 4
cfi=(126)
cfn=(6978) std::tuple_element<1ul, std::tuple<unsigned char*, unsigned char*, unsigned char*> >::type&& std::get<1ul, unsigned char*, unsigned char*, unsigned char*>(std::tuple<unsigned char*, unsigned char*, unsigned char*>&&)
calls=1 2456 
* 36
* 4
cfi=(126)
cfn=(6986) std::tuple_element<2ul, std::tuple<unsigned char*, unsigned char*, unsigned char*> >::type&& std::get<2ul, unsigned char*, unsigned char*, unsigned char*>(std::tuple<unsigned char*, unsigned char*, unsigned char*>&&)
calls=1 2456 
* 35
* 1
+2 12
+4 5
cob=(1)
cfi=(1)
cfn=(4650)
calls=1 0 
* 1095
* 5
+1 16
cfi=(127)
cfn=(6998) Matrix::Matrix(unsigned char*, unsigned char*, unsigned char*, unsigned int, unsigned int, unsigned int)
calls=1 10 
* 29
* 1
+1 3
cfi=(57)
cfn=(4788)
calls=1 895 
* 97
+5 11

fn=(5594)
42 8
+1 3
cfi=(57)
cfn=(5544)
calls=1 585 
* 147
+2 6
cob=(7)
cfi=(80)
cfn=(5552)
calls=1 4407 
* 220
* 1
* 6
cob=(1)
cfi=(1)
cfn=(4650)
calls=1 -45 
* 933
* 5
* 6
cfi=(57)
cfn=(5606) std::__cxx11::basic_string<char, std::char_traits<char>, std::allocator<char> >::operator[](unsigned long)
calls=1 1365 
* 97
* 6
+3 6
cfi=(89)
cfn=(5608) std::__cxx11::basic_regex<char, std::__cxx11::regex_traits<char> >::basic_regex(char const*, std::regex_constants::syntax_option_type)
calls=1 494 
* 401229
+1 3
cfi=(89)
cfn=(6482) std::__cxx11::match_results<__gnu_cxx::__normal_iterator<char const*, std::__cxx11::basic_string<char, std::char_traits<char>, std::allocator<char> > >, std::allocator<std::__cxx11::sub_match<__gnu_cxx::__normal_iterator<char const*, std::__cxx11::basic_string<char, std::char_traits<char>, std::allocator<char> > > > > >::match_results()
calls=1 1823 
* 110
+2 6
cfi=(89)
cfn=(6498) bool std::regex_match<std::char_traits<char>, std::allocator<char>, std::allocator<std::__cxx11::sub_match<__gnu_cxx::__normal_iterator<char const*, std::__cxx11::basic_string<char, std::char_traits<char>, std::allocator<char> > > > >, char, std::__cxx11::regex_traits<char> >(std::__cxx11::basic_string<char, std::char_traits<char>, std::allocator<char> > const&, std::__cxx11::match_results<std::__cxx11::basic_string<char, std::char_traits<char>, std::allocator<char> >::const_iterator, std::allocator<std::__cxx11::sub_match<__gnu_cxx::__normal_iterator<char const*, std::__cxx11::basic_string<char, std::char_traits<char>, std::allocator<char> > > > > >&, std::__cxx11::basic_regex<char, std::__cxx11::regex_traits<char> > const&, std::regex_constants::match_flag_type)
calls=1 2359 
* 15658
+2 3
cfi=(89)
cfn=(6806) std::__cxx11::match_results<__gnu_cxx::__normal_iterator<char const*, std::__cxx11::basic_string<char, std::char_traits<char>, std::allocator<char> > >, std::allocator<std::__cxx11::sub_match<__gnu_cxx::__normal_iterator<char const*, std::__cxx11::basic_string<char, std::char_traits<char>, std::allocator<char> > > > > >::ready() const
calls=1 1879 
* 79
* 2
+1 4
cfi=(89)
cfn=(6810) std::__cxx11::match_results<__gnu_cxx::__normal_iterator<char const*, std::__cxx11::basic_string<char, std::char_traits<char>, std::allocator<char> > >, std::allocator<std::__cxx11::sub_match<__gnu_cxx::__normal_iterator<char const*, std::__cxx11::basic_string<char, std::char_traits<char>, std::allocator<char> > > > > >::operator[](unsigned long) const
calls=1 1971 
* 247
* 5
cfi=(89)
cfn=(6816) std::__cxx11::sub_match<__gnu_cxx::__normal_iterator<char const*, std::__cxx11::basic_string<char, std::char_traits<char>, std::allocator<char> > > >::operator std::__cxx11::basic_string<char, std::char_traits<char>, std::allocator<char> >() const
calls=1 976 
* 384
* 5
cfi=(57)
cfn=(4724) std::__cxx11::stoul(std::__cxx11::basic_string<char, std::char_traits<char>, std::allocator<char> > const&, unsigned long*, int)
calls=1 4465 
* 316
* 5
cfi=(89)
cfn=(6810)
calls=1 1971 
* 247
* 5
cfi=(89)
cfn=(6816)
calls=1 976 
* 384
* 5
cfi=(57)
cfn=(4724)
calls=1 4465 
* 316
* 7
cfi=(120)
cfn=(6832) std::pair<unsigned int, unsigned int>::pair<unsigned long, unsigned long, true>(unsigned long&&, unsigned long&&)
calls=1 901 
* 22
* 4
cfi=(57)
cfn=(4788)
calls=1 895 
* 97
* 3
cfi=(57)
cfn=(4788)
calls=1 895 
* 97
* 1
+4 3
cfi=(89)
cfn=(6834) std::__cxx11::match_results<__gnu_cxx::__normal_iterator<char const*, std::__cxx11::basic_string<char, std::char_traits<char>, std::allocator<char> > >, std::allocator<std::__cxx11::sub_match<__gnu_cxx::__normal_iterator<char const*, std::__cxx11::basic_string<char, std::char_traits<char>, std::allocator<char> > > > > >::~match_results()
calls=1 1859 
* 200
* 3
cfi=(89)
cfn=(6836) std::__cxx11::basic_regex<char, std::__cxx11::regex_traits<char> >::~basic_regex()
calls=1 578 
* 2853
* 3
cfi=(57)
cfn=(4788)
calls=1 895 
* 97
* 7

fn=(6920)
61 8
+1 3
cfi=(57)
cfn=(5544)
calls=1 585 
* 147
+2 5
cob=(7)
cfi=(80)
cfn=(5552)
calls=1 4407 
* 225
* 1
+2 6
cfi=(89)
cfn=(5608)
calls=1 494 
* 202270
+1 3
cfi=(89)
cfn=(6482)
calls=1 1823 
* 110
+2 6
cfi=(89)
cfn=(6498)
calls=1 2359 
* 9865
+2 3
cfi=(89)
cfn=(6806)
calls=1 1879 
* 79
* 2
+1 4
cfi=(89)
cfn=(6810)
calls=1 1971 
* 247
* 5
cfi=(89)
cfn=(6816)
calls=1 976 
* 387
* 5
cfi=(57)
cfn=(4724)
calls=1 4465 
* 297
* 4
cfi=(57)
cfn=(4788)
calls=1 895 
* 97
* 1
+4 3
cfi=(89)
cfn=(6834)
calls=1 1859 
* 200
* 3
cfi=(89)
cfn=(6836)
calls=1 578 
* 1830
* 3
cfi=(57)
cfn=(4788)
calls=1 895 
* 97
* 7

fn=(6924)
79 10
+1 3
+1 3
cob=(1)
cfi=(1)
cfn=(4650)
calls=1 -81 
* 1106
* 5
* 4
cob=(7)
cfi=(71)
cfn=(5020)
calls=1 -50 
* 362
* 1
* 4
cob=(7)
cfi=(71)
cfn=(5020)
calls=1 -50 
* 362
* 1
* 1
+2 3
+1 9437184
cob=(7)
cfi=(87)
cfn=(6934)
calls=1048575 709 
* 135266175
cob=(1)
cfi=(1)
cfn=(4650)
calls=1 -84 
* 901
* 1048580
+1 3145728
cob=(7)
cfi=(41)
cfn=(6944)
calls=1048575 364 
* 3145725
cob=(1)
cfi=(1)
cfn=(4650)
calls=1 -85 
* 737
* 1048580
* 4194304
+1 9437184
cob=(7)
cfi=(87)
cfn=(6934)
calls=1048576 709 
* 135266315
* 1048576
+1 3145728
cob=(7)
cfi=(41)
cfn=(6944)
calls=1048576 364 
* 3145728
* 1048576
* 4194304
+1 9437184
cob=(7)
cfi=(87)
cfn=(6934)
calls=1048576 709 
* 135266304
* 1048576
+1 3145728
cob=(7)
cfi=(41)
cfn=(6944)
calls=1048576 364 
* 3145728
* 1048576
* 4194304
+2 2097152
-8 5242883
+16 12
cfi=(126)
cfn=(6956) std::tuple<unsigned char*, unsigned char*, unsigned char*>::tuple<unsigned char*, unsigned char*, unsigned char*, true, true>(unsigned char*&&, unsigned char*&&, unsigned char*&&)
calls=1 1488 
* 128
+1 6

fl=(120)
fn=(6918) unsigned int&& std::__pair_get<1ul>::__move_get<unsigned int, unsigned int>(std::pair<unsigned int, unsigned int>&&)
1262 3
+1 3
fi=(105)
73 1
fe=(120)
1263 2

fn=(6638)
745 84
+1 56
fi=(117)
1054 84
fe=(120)
746 140

fn=(6524) std::pair<__gnu_cxx::__normal_iterator<char const*, std::__cxx11::basic_string<char, std::char_traits<char>, std::allocator<char> > >, __gnu_cxx::__normal_iterator<char const*, std::__cxx11::basic_string<char, std::char_traits<char>, std::allocator<char> > > >::pair<__gnu_cxx::__normal_iterator<char const*, std::__cxx11::basic_string<char, std::char_traits<char>, std::allocator<char> > >, __gnu_cxx::__normal_iterator<char const*, std::__cxx11::basic_string<char, std::char_traits<char>, std::allocator<char> > >, true>()
745 6
+1 4
fi=(117)
1054 6
fe=(120)
746 6
fi=(117)
1054 6
fe=(120)
746 6

fn=(6736)
941 44
+4 44
+1 44
+1 11
+1 22

fn=(6912)
1288 6
fi=(105)
139 1
fe=(120)
1289 2
cfn=(6914) unsigned int&& std::__pair_get<0ul>::__move_get<unsigned int, unsigned int>(std::pair<unsigned int, unsigned int>&&)
calls=1 -51 
* 8
* 2

fn=(6914)
1238 3
+1 2
fi=(105)
73 1
fe=(120)
1239 2

fn=(6916)
1288 6
fi=(105)
139 1
fe=(120)
1289 2
cfn=(6918)
calls=1 -27 
* 9
* 2

fn=(6770) std::pair<__gnu_cxx::__normal_iterator<char const*, std::__cxx11::basic_string<char, std::char_traits<char>, std::allocator<char> > >, __gnu_cxx::__normal_iterator<char const*, std::__cxx11::basic_string<char, std::char_traits<char>, std::allocator<char> > > >::operator=(std::pair<__gnu_cxx::__normal_iterator<char const*, std::__cxx11::basic_string<char, std::char_traits<char>, std::allocator<char> > >, __gnu_cxx::__normal_iterator<char const*, std::__cxx11::basic_string<char, std::char_traits<char>, std::allocator<char> > > > const&)
941 64
+4 64
+1 64
+1 16
+1 32

fn=(6832)
901 7
fi=(105)
73 1
fe=(120)
902 6
fi=(105)
73 1
fe=(120)
902 4
+1 3

fl=(101)
fn=(6702)
74 39
+1 39

fn=(5736) __gnu_cxx::__aligned_buffer<std::__detail::_NFA<std::__cxx11::regex_traits<char> > >::_M_addr()
107 18
+2 6
+1 12

fn=(6258)
70 180
+1 180

fn=(5734) __gnu_cxx::__aligned_buffer<std::__detail::_NFA<std::__cxx11::regex_traits<char> > >::_M_ptr()
119 24
+1 18
cfn=(5736)
calls=6 -13 
* 36
* 12

fl=(117)
fn=(6772) __gnu_cxx::__normal_iterator<std::__cxx11::sub_match<__gnu_cxx::__normal_iterator<char const*, std::__cxx11::basic_string<char, std::char_traits<char>, std::allocator<char> > > >*, std::vector<std::__cxx11::sub_match<__gnu_cxx::__normal_iterator<char const*, std::__cxx11::basic_string<char, std::char_traits<char>, std::allocator<char> > > >, std::allocator<std::__cxx11::sub_match<__gnu_cxx::__normal_iterator<char const*, std::__cxx11::basic_string<char, std::char_traits<char>, std::allocator<char> > > > > > > std::__niter_wrap<__gnu_cxx::__normal_iterator<std::__cxx11::sub_match<__gnu_cxx::__normal_iterator<char const*, std::__cxx11::basic_string<char, std::char_traits<char>, std::allocator<char> > > >*, std::vector<std::__cxx11::sub_match<__gnu_cxx::__normal_iterator<char const*, std::__cxx11::basic_string<char, std::char_traits<char>, std::allocator<char> > > >, std::allocator<std::__cxx11::sub_match<__gnu_cxx::__normal_iterator<char const*, std::__cxx11::basic_string<char, std::char_traits<char>, std::allocator<char> > > > > > >, std::__cxx11::sub_match<__gnu_cxx::__normal_iterator<char const*, std::__cxx11::basic_string<char, std::char_traits<char>, std::allocator<char> > > >*>(__gnu_cxx::__normal_iterator<std::__cxx11::sub_match<__gnu_cxx::__normal_iterator<char const*, std::__cxx11::basic_string<char, std::char_traits<char>, std::allocator<char> > > >*, std::vector<std::__cxx11::sub_match<__gnu_cxx::__normal_iterator<char const*, std::__cxx11::basic_string<char, std::char_traits<char>, std::allocator<char> > > >, std::allocator<std::__cxx11::sub_match<__gnu_cxx::__normal_iterator<char const*, std::__cxx11::basic_string<char, std::char_traits<char>, std::allocator<char> > > > > > >, std::__cxx11::sub_match<__gnu_cxx::__normal_iterator<char const*, std::__cxx11::basic_string<char, std::char_traits<char>, std::allocator<char> > > >*)
3073 20
-62 6
1166 2
3002 2
+72 10
1148 16
-89 6
+89 2
3074 10

fl=(114) /usr/include/c++/15.1.1/bits/regex.tcc
fn=(6106) std::__cxx11::regex_traits<char>::_RegexMask std::__cxx11::regex_traits<char>::lookup_classname<char const*>(char const*, char const*, bool) const
278 36
+4 9
cob=(7)
cfi=(40)
cfn=(5844)
calls=3 -62 
* 69
* 3
* 3
+22 9
cfi=(57)
cfn=(5544)
calls=3 585 
* 441
+1 3
+1 21
cfi=(98)
cfn=(6108)
calls=3 845 
* 66
* 18
cfi=(98)
cfn=(5656)
calls=3 941 
* 72
* 15
cfi=(57)
cfn=(6112) std::__cxx11::basic_string<char, std::char_traits<char>, std::allocator<char> >::operator+=(char)
calls=3 1497 
* 969
-1 21
+3 27
+1 18
cfi=(57)
cfn=(5582) bool std::operator==<char, std::char_traits<char>, std::allocator<char> >(std::__cxx11::basic_string<char, std::char_traits<char>, std::allocator<char> > const&, char const*)
calls=3 4062 
* 738
* 6
+3 9
-1 6
+4 9
-7 9
+10 9
cfi=(57)
cfn=(4788)
calls=3 895 
* 291
* 21

fn=(6180) std::__cxx11::regex_traits<char>::isctype(char, std::__cxx11::regex_traits<char>::_RegexMask) const
322 5376
+4 2304
cob=(7)
cfi=(40)
cfn=(5844)
calls=768 220 
* 17664
* 768
* 768
+2 5376
cfi=(112) /usr/include/c++/15.1.1/x86_64-pc-linux-gnu/bits/ctype_inline.h
cfn=(6060) std::ctype<char>::is(unsigned short, char) const
calls=768 44 
* 15360
+2 6024
+2 1536

fn=(6506) bool std::__detail::__regex_algo_impl<__gnu_cxx::__normal_iterator<char const*, std::__cxx11::basic_string<char, std::char_traits<char>, std::allocator<char> > >, std::allocator<std::__cxx11::sub_match<__gnu_cxx::__normal_iterator<char const*, std::__cxx11::basic_string<char, std::char_traits<char>, std::allocator<char> > > > >, char, std::__cxx11::regex_traits<char> >(__gnu_cxx::__normal_iterator<char const*, std::__cxx11::basic_string<char, std::char_traits<char>, std::allocator<char> > >, __gnu_cxx::__normal_iterator<char const*, std::__cxx11::basic_string<char, std::char_traits<char>, std::allocator<char> > >, std::__cxx11::match_results<__gnu_cxx::__normal_iterator<char const*, std::__cxx11::basic_string<char, std::char_traits<char>, std::allocator<char> > >, std::allocator<std::__cxx11::sub_match<__gnu_cxx::__normal_iterator<char const*, std::__cxx11::basic_string<char, std::char_traits<char>, std::allocator<char> > > > > >&, std::__cxx11::basic_regex<char, std::__cxx11::regex_traits<char> > const&, std::regex_constants::match_flag_type, std::__detail::_RegexExecutorPolicy, bool)
48 30
+8 10
cfi=(90) /usr/include/c++/15.1.1/bits/shared_ptr.h
cfn=(6508) bool std::operator==<std::__detail::_NFA<std::__cxx11::regex_traits<char> > const>(std::shared_ptr<std::__detail::_NFA<std::__cxx11::regex_traits<char> > const> const&, decltype(nullptr))
calls=2 560 
* 40
* 4
+3 4
+1 6
+1 8
cfi=(91) /usr/include/c++/15.1.1/bits/shared_ptr_base.h
cfn=(6512) std::__shared_ptr_access<std::__detail::_NFA<std::__cxx11::regex_traits<char> > const, (__gnu_cxx::_Lock_policy)2, false, false>::operator->() const
calls=2 1361 
* 50
* 4
cfi=(103)
cfn=(6518)
calls=2 212 
* 14
* 10
cfi=(89)
cfn=(6520) std::__cxx11::match_results<__gnu_cxx::__normal_iterator<char const*, std::__cxx11::basic_string<char, std::char_traits<char>, std::allocator<char> > >, std::allocator<std::__cxx11::sub_match<__gnu_cxx::__normal_iterator<char const*, std::__cxx11::basic_string<char, std::char_traits<char>, std::allocator<char> > > > > >::_M_resize(unsigned int)
calls=2 2150 
* 2840
+3 6
cfi=(89)
cfn=(6588) std::__cxx11::basic_regex<char, std::__cxx11::regex_traits<char> >::flags() const
calls=2 779 
* 14
* 6
cfi=(94)
cfn=(5630)
calls=2 192 
* 16
+1 10
-1 4
+14 20
cfi=(121)
cfn=(6590) std::__detail::_Executor<__gnu_cxx::__normal_iterator<char const*, std::__cxx11::basic_string<char, std::char_traits<char>, std::allocator<char> > >, std::allocator<std::__cxx11::sub_match<__gnu_cxx::__normal_iterator<char const*, std::__cxx11::basic_string<char, std::char_traits<char>, std::allocator<char> > > > >, std::__cxx11::regex_traits<char>, true>::_Executor(__gnu_cxx::__normal_iterator<char const*, std::__cxx11::basic_string<char, std::char_traits<char>, std::allocator<char> > >, __gnu_cxx::__normal_iterator<char const*, std::__cxx11::basic_string<char, std::char_traits<char>, std::allocator<char> > >, std::vector<std::__cxx11::sub_match<__gnu_cxx::__normal_iterator<char const*, std::__cxx11::basic_string<char, std::char_traits<char>, std::allocator<char> > > >, std::allocator<std::__cxx11::sub_match<__gnu_cxx::__normal_iterator<char const*, std::__cxx11::basic_string<char, std::char_traits<char>, std::allocator<char> > > > > >&, std::__cxx11::basic_regex<char, std::__cxx11::regex_traits<char> > const&, std::regex_constants::match_flag_type)
calls=2 -9 
* 3180
+1 4
+1 6
cfi=(121)
cfn=(6648) std::__detail::_Executor<__gnu_cxx::__normal_iterator<char const*, std::__cxx11::basic_string<char, std::char_traits<char>, std::allocator<char> > >, std::allocator<std::__cxx11::sub_match<__gnu_cxx::__normal_iterator<char const*, std::__cxx11::basic_string<char, std::char_traits<char>, std::allocator<char> > > > >, std::__cxx11::regex_traits<char>, true>::_M_match()
calls=2 +11 
* 17302
* 4
+3 6
cfi=(121)
cfn=(6776) std::__detail::_Executor<__gnu_cxx::__normal_iterator<char const*, std::__cxx11::basic_string<char, std::char_traits<char>, std::allocator<char> > >, std::allocator<std::__cxx11::sub_match<__gnu_cxx::__normal_iterator<char const*, std::__cxx11::basic_string<char, std::char_traits<char>, std::allocator<char> > > > >, std::__cxx11::regex_traits<char>, true>::~_Executor()
calls=2 -31 
* 780
+1 4
+2 10
cfi=(104)
cfn=(6760) std::vector<std::__cxx11::sub_match<__gnu_cxx::__normal_iterator<char const*, std::__cxx11::basic_string<char, std::char_traits<char>, std::allocator<char> > > >, std::allocator<std::__cxx11::sub_match<__gnu_cxx::__normal_iterator<char const*, std::__cxx11::basic_string<char, std::char_traits<char>, std::allocator<char> > > > > >::begin()
calls=2 998 
* 38
* 8
cfi=(104)
cfn=(6758) std::vector<std::__cxx11::sub_match<__gnu_cxx::__normal_iterator<char const*, std::__cxx11::basic_string<char, std::char_traits<char>, std::allocator<char> > > >, std::allocator<std::__cxx11::sub_match<__gnu_cxx::__normal_iterator<char const*, std::__cxx11::basic_string<char, std::char_traits<char>, std::allocator<char> > > > > >::end()
calls=2 1018 
* 40
* 4
fi=(117)
1090 11
fe=(114)
86 11
+1 55
+1 48
fi=(117)
1103 18
+1 18
+62 6
+81 18
-81 6
+81 18
fe=(114)
86 12
fi=(117)
1103 15
+1 15
+62 5
+81 15
-81 5
+81 15
fe=(114)
86 10
fi=(117)
1104 4
+62 2
+81 6
-81 2
+81 6
fe=(114)
86 4
+3 6
cfi=(89)
cfn=(6802) std::__cxx11::match_results<__gnu_cxx::__normal_iterator<char const*, std::__cxx11::basic_string<char, std::char_traits<char>, std::allocator<char> > >, std::allocator<std::__cxx11::sub_match<__gnu_cxx::__normal_iterator<char const*, std::__cxx11::basic_string<char, std::char_traits<char>, std::allocator<char> > > > > >::_M_prefix()
calls=2 2175 
* 146
* 2
+1 6
cfi=(89)
cfn=(6804) std::__cxx11::match_results<__gnu_cxx::__normal_iterator<char const*, std::__cxx11::basic_string<char, std::char_traits<char>, std::allocator<char> > >, std::allocator<std::__cxx11::sub_match<__gnu_cxx::__normal_iterator<char const*, std::__cxx11::basic_string<char, std::char_traits<char>, std::allocator<char> > > > > >::_M_suffix()
calls=2 2183 
* 146
* 2
+1 4
+2 4
+1 6
+1 6
+1 4
+1 6
+1 8
+16 2
+1 12

fl=(104)
fn=(6064) std::vector<char, std::allocator<char> >::vector()
561 21
cfn=(6066) std::_Vector_base<char, std::allocator<char> >::_Vector_base()
calls=3 321 
* 114
* 9

fn=(6078) std::_Vector_base<std::__cxx11::basic_string<char, std::char_traits<char>, std::allocator<char> >, std::allocator<std::__cxx11::basic_string<char, std::char_traits<char>, std::allocator<char> > > >::_Vector_impl_data::_Vector_impl_data()
105 9
+1 18
+1 9

fn=(6162) std::vector<char, std::allocator<char> >::end() const
1028 5376
+1 2304
fi=(117)
+30 3072
fe=(104)
-30 4608

fn=(6164) std::vector<char, std::allocator<char> >::begin() const
1008 5376
+1 1536
fi=(117)
+50 3072
fe=(104)
-50 4608

fn=(6220) std::vector<char, std::allocator<char> >::vector(std::vector<char, std::allocator<char> >&&)
650 30
cfn=(6222) std::_Vector_base<char, std::allocator<char> >::_Vector_base(std::_Vector_base<char, std::allocator<char> >&&)
calls=3 344 
* 207
* 9

fn=(6234) std::_Vector_base<std::__cxx11::basic_string<char, std::char_traits<char>, std::allocator<char> >, std::allocator<std::__cxx11::basic_string<char, std::char_traits<char>, std::allocator<char> > > >::_Vector_impl_data::_Vector_impl_data(std::_Vector_base<std::__cxx11::basic_string<char, std::char_traits<char>, std::allocator<char> >, std::allocator<std::__cxx11::basic_string<char, std::char_traits<char>, std::allocator<char> > > >::_Vector_impl_data&&)
111 12
+1 24
+1 12
+1 39

fn=(6240) std::_Vector_base<std::pair<char, char>, std::allocator<std::pair<char, char> > >::_Vector_impl::_Vector_impl(std::_Vector_base<std::pair<char, char>, std::allocator<std::pair<char, char> > >::_Vector_impl&&)
160 21
fi=(105)
-21 24
fi=(62)
-47 3
fi=(63)
+81 3
fe=(104)
-12 9
fi=(105)
-22 3
fe=(104)
+22 9
cfn=(6242) std::_Vector_base<std::pair<char, char>, std::allocator<std::pair<char, char> > >::_Vector_impl_data::_Vector_impl_data(std::_Vector_base<std::pair<char, char>, std::allocator<std::pair<char, char> > >::_Vector_impl_data&&)
calls=3 -50 
* 87
+1 9

fn=(6302) std::_Vector_base<std::__cxx11::regex_traits<char>::_RegexMask, std::allocator<std::__cxx11::regex_traits<char>::_RegexMask> >::_Vector_impl::~_Vector_impl()
139 36
fi=(63)
+50 18
cfi=(62)
cfn=(6304) std::__new_allocator<std::__cxx11::regex_traits<char>::_RegexMask>::~__new_allocator()
calls=6 -85 
* 36
* 6
fe=(104)
-50 18

fn=(6356) std::_Vector_base<char, std::allocator<char> >::_Vector_impl::~_Vector_impl()
139 36
fi=(63)
+50 18
cfi=(62)
cfn=(4800) std::__new_allocator<char>::~__new_allocator()
calls=6 -85 
* 36
* 6
fe=(104)
-50 18

fn=(6488) std::_Vector_base<std::__cxx11::sub_match<__gnu_cxx::__normal_iterator<char const*, std::__cxx11::basic_string<char, std::char_traits<char>, std::allocator<char> > > >, std::allocator<std::__cxx11::sub_match<__gnu_cxx::__normal_iterator<char const*, std::__cxx11::basic_string<char, std::char_traits<char>, std::allocator<char> > > > > >::_Vector_base(std::allocator<std::__cxx11::sub_match<__gnu_cxx::__normal_iterator<char const*, std::__cxx11::basic_string<char, std::char_traits<char>, std::allocator<char> > > > > const&)
327 20
+1 20
cfn=(6490) std::_Vector_base<std::__cxx11::sub_match<__gnu_cxx::__normal_iterator<char const*, std::__cxx11::basic_string<char, std::char_traits<char>, std::allocator<char> > > >, std::allocator<std::__cxx11::sub_match<__gnu_cxx::__normal_iterator<char const*, std::__cxx11::basic_string<char, std::char_traits<char>, std::allocator<char> > > > > >::_Vector_impl::_Vector_impl(std::allocator<std::__cxx11::sub_match<__gnu_cxx::__normal_iterator<char const*, std::__cxx11::basic_string<char, std::char_traits<char>, std::allocator<char> > > > > const&)
calls=4 152 
* 132
* 12

fn=(6612) std::_Vector_base<std::pair<__gnu_cxx::__normal_iterator<char const*, std::__cxx11::basic_string<char, std::char_traits<char>, std::allocator<char> > >, int>, std::allocator<std::pair<__gnu_cxx::__normal_iterator<char const*, std::__cxx11::basic_string<char, std::char_traits<char>, std::allocator<char> > >, int> > >::_Vector_impl::_Vector_impl(std::allocator<std::pair<__gnu_cxx::__normal_iterator<char const*, std::__cxx11::basic_string<char, std::char_traits<char>, std::allocator<char> > >, int> > const&)
152 26
fi=(62)
-60 2
fi=(63)
+81 2
fe=(104)
-20 6
cfn=(6614) std::_Vector_base<std::pair<__gnu_cxx::__normal_iterator<char const*, std::__cxx11::basic_string<char, std::char_traits<char>, std::allocator<char> > >, int>, std::allocator<std::pair<__gnu_cxx::__normal_iterator<char const*, std::__cxx11::basic_string<char, std::char_traits<char>, std::allocator<char> > >, int> > >::_Vector_impl_data::_Vector_impl_data()
calls=2 -48 
* 24
+1 6

fn=(6616) std::_Vector_base<std::pair<__gnu_cxx::__normal_iterator<char const*, std::__cxx11::basic_string<char, std::char_traits<char>, std::allocator<char> > >, int>, std::allocator<std::pair<__gnu_cxx::__normal_iterator<char const*, std::__cxx11::basic_string<char, std::char_traits<char>, std::allocator<char> > >, int> > >::_M_create_storage(unsigned long)
403 10
+2 10
cfn=(6618) std::_Vector_base<std::pair<__gnu_cxx::__normal_iterator<char const*, std::__cxx11::basic_string<char, std::char_traits<char>, std::allocator<char> > >, int>, std::allocator<std::pair<__gnu_cxx::__normal_iterator<char const*, std::__cxx11::basic_string<char, std::char_traits<char>, std::allocator<char> > >, int> > >::_M_allocate(unsigned long)
calls=2 -21 
* 466
* 4
+1 8
+1 14
+1 6

fn=(6666) std::vector<std::__cxx11::sub_match<__gnu_cxx::__normal_iterator<char const*, std::__cxx11::basic_string<char, std::char_traits<char>, std::allocator<char> > > >, std::allocator<std::__cxx11::sub_match<__gnu_cxx::__normal_iterator<char const*, std::__cxx11::basic_string<char, std::char_traits<char>, std::allocator<char> > > > > >::_Guard_alloc::_Guard_alloc(std::__cxx11::sub_match<__gnu_cxx::__normal_iterator<char const*, std::__cxx11::basic_string<char, std::char_traits<char>, std::allocator<char> > > >*, unsigned long, std::_Vector_base<std::__cxx11::sub_match<__gnu_cxx::__normal_iterator<char const*, std::__cxx11::basic_string<char, std::char_traits<char>, std::allocator<char> > > >, std::allocator<std::__cxx11::sub_match<__gnu_cxx::__normal_iterator<char const*, std::__cxx11::basic_string<char, std::char_traits<char>, std::allocator<char> > > > > >&)
1875 12
+1 18
+1 6

fn=(6778) std::vector<std::pair<__gnu_cxx::__normal_iterator<char const*, std::__cxx11::basic_string<char, std::char_traits<char>, std::allocator<char> > >, int>, std::allocator<std::pair<__gnu_cxx::__normal_iterator<char const*, std::__cxx11::basic_string<char, std::char_traits<char>, std::allocator<char> > >, int> > >::~vector()
800 8
+3 6
cfn=(6626) std::_Vector_base<std::pair<__gnu_cxx::__normal_iterator<char const*, std::__cxx11::basic_string<char, std::char_traits<char>, std::allocator<char> > >, int>, std::allocator<std::pair<__gnu_cxx::__normal_iterator<char const*, std::__cxx11::basic_string<char, std::char_traits<char>, std::allocator<char> > >, int> > >::_M_get_Tp_allocator()
calls=2 307 
* 12
-1 14
fi=(81)
1045 10
cfi=(102)
cfn=(6780)
calls=2 202 
* 14
+1 2
fe=(104)
805 6
cfn=(6784) std::_Vector_base<std::pair<__gnu_cxx::__normal_iterator<char const*, std::__cxx11::basic_string<char, std::char_traits<char>, std::allocator<char> > >, int>, std::allocator<std::pair<__gnu_cxx::__normal_iterator<char const*, std::__cxx11::basic_string<char, std::char_traits<char>, std::allocator<char> > >, int> > >::~_Vector_base()
calls=2 373 
* 294
* 6

fn=(7022) std::vector<double, std::allocator<double> >::_S_check_init_len(unsigned long, std::allocator<double> const&)
2207 15
fi=(62)
92 1
fi=(63)
+81 1
fe=(104)
2209 3
cfn=(7024) std::vector<double, std::allocator<double> >::_S_max_size(std::allocator<double> const&)
calls=1 +7 
* 43
* 2
fi=(63)
189 3
cfi=(62)
cfn=(7026)
calls=1 -85 
* 6
* 1
fe=(104)
2209 2
+3 1
+1 6

fn=(7034) std::_Vector_base<double, std::allocator<double> >::_Vector_impl_data::_Vector_impl_data()
105 3
+1 6
+1 3

fn=(7036) std::_Vector_base<double, std::allocator<double> >::_M_create_storage(unsigned long)
403 5
+2 5
cfn=(7038) std::_Vector_base<double, std::allocator<double> >::_M_allocate(unsigned long)
calls=1 -21 
* 296
* 2
+1 4
+1 7
+1 3

fn=(7162)
586 7
+1 6
cfn=(7164) std::vector<unsigned long, std::allocator<unsigned long> >::_S_check_init_len(unsigned long, std::allocator<unsigned long> const&)
calls=1 2207 
* 84
* 6
cfn=(7168) std::_Vector_base<unsigned long, std::allocator<unsigned long> >::_Vector_base(unsigned long, std::allocator<unsigned long> const&)
calls=1 339 
* 183
+1 5
cfn=(7174) std::vector<unsigned long, std::allocator<unsigned long> >::_M_default_initialize(unsigned long)
calls=1 2007 
* 128
* 4

fn=(7168)
339 7
+1 5
cfn=(7170) std::_Vector_base<unsigned long, std::allocator<unsigned long> >::_Vector_impl::_Vector_impl(std::allocator<unsigned long> const&)
calls=1 152 
* 33
+1 5
cfn=(7172) std::_Vector_base<unsigned long, std::allocator<unsigned long> >::_M_create_storage(unsigned long)
calls=1 +62 
* 129
* 4

fn=(7728)
586 7
+1 6
cfn=(7730) std::vector<FilterPar::Pass2ThreadData, std::allocator<FilterPar::Pass2ThreadData> >::_S_check_init_len(unsigned long, std::allocator<FilterPar::Pass2ThreadData> const&)
calls=1 2207 
* 84
* 6
cfn=(7738) std::_Vector_base<FilterPar::Pass2ThreadData, std::allocator<FilterPar::Pass2ThreadData> >::_Vector_base(unsigned long, std::allocator<FilterPar::Pass2ThreadData> const&)
calls=1 339 
* 380
+1 5
cfn=(7752) std::vector<FilterPar::Pass2ThreadData, std::allocator<FilterPar::Pass2ThreadData> >::_M_default_initialize(unsigned long)
calls=1 2007 
* 145
* 4

fn=(7730)
2207 15
fi=(62)
92 1
fi=(63)
+81 1
fe=(104)
2209 3
cfn=(7732) std::vector<FilterPar::Pass2ThreadData, std::allocator<FilterPar::Pass2ThreadData> >::_S_max_size(std::allocator<FilterPar::Pass2ThreadData> const&)
calls=1 +7 
* 43
* 2
fi=(63)
189 3
cfi=(62)
cfn=(7734)
calls=1 -85 
* 6
* 1
fe=(104)
2209 2
+3 1
+1 6

fn=(7922) std::_Vector_base<FilterPar::Pass1ThreadData, std::allocator<FilterPar::Pass1ThreadData> >::~_Vector_base()
373 4
+3 8
-1 7
cfn=(7924) std::_Vector_base<FilterPar::Pass1ThreadData, std::allocator<FilterPar::Pass1ThreadData> >::_M_deallocate(FilterPar::Pass1ThreadData*, unsigned long)
calls=1 +17 
* 103
+2 3
cfn=(7930) std::_Vector_base<FilterPar::Pass1ThreadData, std::allocator<FilterPar::Pass1ThreadData> >::_Vector_impl::~_Vector_impl()
calls=1 139 
* 19
* 3

fn=(7934)
800 4
+3 3
cfn=(7048) std::_Vector_base<double, std::allocator<double> >::_M_get_Tp_allocator()
calls=1 307 
* 6
-1 7
fi=(81)
1045 5
cfi=(102)
cfn=(7936)
calls=1 202 
* 7
+1 1
fe=(104)
805 3
cfn=(7940) std::_Vector_base<double, std::allocator<double> >::~_Vector_base()
calls=1 373 
* 146
* 3

fn=(5752)
561 14
cfn=(5754) std::_Vector_base<std::__detail::_State<char>, std::allocator<std::__detail::_State<char> > >::_Vector_base()
calls=2 321 
* 76
* 6

fn=(5866) std::vector<unsigned long, std::allocator<unsigned long> >::size() const
1117 60
+2 160
+1 20
+2 20
+1 40

fn=(5884) std::vector<unsigned long, std::allocator<unsigned long> >::_Guard_alloc::_Guard_alloc(unsigned long*, unsigned long, std::_Vector_base<unsigned long, std::allocator<unsigned long> >&)
1875 24
+1 36
+1 12

fn=(5920) std::vector<std::__detail::_State<char>, std::allocator<std::__detail::_State<char> > >::_S_max_size(std::allocator<std::__detail::_State<char> > const&)
2216 154
+5 176
fi=(62)
233 22
-50 22
fi=(81)
712 22
fe=(104)
2223 22
+1 110
cfi=(67)
cfn=(4902) unsigned long const& std::min<unsigned long>(unsigned long const&, unsigned long const&)
calls=22 234 
* 286
* 22
+1 110

fn=(5946) std::vector<std::__detail::_State<char>, std::allocator<std::__detail::_State<char> > >::_Guard_alloc::~_Guard_alloc()
1880 44
+2 44
+1 81
cfn=(5988) std::_Vector_base<std::__detail::_State<char>, std::allocator<std::__detail::_State<char> > >::_M_deallocate(std::__detail::_State<char>*, unsigned long)
calls=9 392 
* 1727
+1 33

fn=(5950) std::vector<std::__detail::_State<char>, std::allocator<std::__detail::_State<char> > >::empty() const
1223 196
+1 84
cfn=(5952) std::vector<std::__detail::_State<char>, std::allocator<std::__detail::_State<char> > >::end() const
calls=28 1028 
* 560
* 112
cfn=(5954) std::vector<std::__detail::_State<char>, std::allocator<std::__detail::_State<char> > >::begin() const
calls=28 1008 
* 532
* 84
fi=(117)
-58 28
+65 84
-65 28
+65 84
fe=(104)
-7 140

fn=(6076) std::_Vector_base<std::__cxx11::basic_string<char, std::char_traits<char>, std::allocator<char> >, std::allocator<std::__cxx11::basic_string<char, std::char_traits<char>, std::allocator<char> > > >::_Vector_impl::_Vector_impl()
143 24
fi=(62)
-55 3
fi=(63)
+80 3
fe=(104)
-20 9
cfn=(6078)
calls=3 -43 
* 36
+1 9

fn=(6250) std::_Vector_base<std::__cxx11::regex_traits<char>::_RegexMask, std::allocator<std::__cxx11::regex_traits<char>::_RegexMask> >::_Vector_impl_data::_Vector_impl_data(std::_Vector_base<std::__cxx11::regex_traits<char>::_RegexMask, std::allocator<std::__cxx11::regex_traits<char>::_RegexMask> >::_Vector_impl_data&&)
111 12
+1 24
+1 12
+1 39

fn=(6290) std::vector<std::__cxx11::regex_traits<char>::_RegexMask, std::allocator<std::__cxx11::regex_traits<char>::_RegexMask> >::~vector()
800 24
+3 18
cfn=(6292) std::_Vector_base<std::__cxx11::regex_traits<char>::_RegexMask, std::allocator<std::__cxx11::regex_traits<char>::_RegexMask> >::_M_get_Tp_allocator()
calls=6 307 
* 36
-1 42
fi=(81)
1045 30
cfi=(102)
cfn=(6294)
calls=6 202 
* 42
+1 6
fe=(104)
805 18
cfn=(6298) std::_Vector_base<std::__cxx11::regex_traits<char>::_RegexMask, std::allocator<std::__cxx11::regex_traits<char>::_RegexMask> >::~_Vector_base()
calls=6 373 
* 324
* 18

fn=(6298)
373 24
+3 42
-1 42
cfn=(6300) std::_Vector_base<std::__cxx11::regex_traits<char>::_RegexMask, std::allocator<std::__cxx11::regex_traits<char>::_RegexMask> >::_M_deallocate(std::__cxx11::regex_traits<char>::_RegexMask*, unsigned long)
calls=6 +17 
* 66
+2 18
cfn=(6302)
calls=6 139 
* 114
* 18

fn=(6310) std::_Vector_base<std::pair<char, char>, std::allocator<std::pair<char, char> > >::_M_get_Tp_allocator()
307 18
+1 18

fn=(6318) std::_Vector_base<std::pair<char, char>, std::allocator<std::pair<char, char> > >::_M_deallocate(std::pair<char, char>*, unsigned long)
392 36
+3 12
+2 18

fn=(6554) std::vector<std::__cxx11::sub_match<__gnu_cxx::__normal_iterator<char const*, std::__cxx11::basic_string<char, std::char_traits<char>, std::allocator<char> > > >, std::allocator<std::__cxx11::sub_match<__gnu_cxx::__normal_iterator<char const*, std::__cxx11::basic_string<char, std::char_traits<char>, std::allocator<char> > > > > >::_M_fill_initialize(unsigned long, std::__cxx11::sub_match<__gnu_cxx::__normal_iterator<char const*, std::__cxx11::basic_string<char, std::char_traits<char>, std::allocator<char> > > > const&)
1996 12
+4 6
cfn=(6534) std::_Vector_base<std::__cxx11::sub_match<__gnu_cxx::__normal_iterator<char const*, std::__cxx11::basic_string<char, std::char_traits<char>, std::allocator<char> > > >, std::allocator<std::__cxx11::sub_match<__gnu_cxx::__normal_iterator<char const*, std::__cxx11::basic_string<char, std::char_traits<char>, std::allocator<char> > > > > >::_M_get_Tp_allocator()
calls=2 307 
* 12
* 2
-1 12
cfi=(109)
cfn=(6556)
calls=2 720 
* 787
-1 4
+3 6

fn=(6592) std::_Vector_base<std::__cxx11::sub_match<__gnu_cxx::__normal_iterator<char const*, std::__cxx11::basic_string<char, std::char_traits<char>, std::allocator<char> > > >, std::allocator<std::__cxx11::sub_match<__gnu_cxx::__normal_iterator<char const*, std::__cxx11::basic_string<char, std::char_traits<char>, std::allocator<char> > > > > >::get_allocator() const
317 10
+1 6
cfn=(6594) std::_Vector_base<std::__cxx11::sub_match<__gnu_cxx::__normal_iterator<char const*, std::__cxx11::basic_string<char, std::char_traits<char>, std::allocator<char> > > >, std::allocator<std::__cxx11::sub_match<__gnu_cxx::__normal_iterator<char const*, std::__cxx11::basic_string<char, std::char_traits<char>, std::allocator<char> > > > > >::_M_get_Tp_allocator() const
calls=2 -6 
* 12
* 14
fi=(62)
92 2
fi=(63)
+81 2
fe=(104)
318 8

fn=(6660) std::vector<std::__cxx11::sub_match<__gnu_cxx::__normal_iterator<char const*, std::__cxx11::basic_string<char, std::char_traits<char>, std::allocator<char> > > >, std::allocator<std::__cxx11::sub_match<__gnu_cxx::__normal_iterator<char const*, std::__cxx11::basic_string<char, std::char_traits<char>, std::allocator<char> > > > > >::end() const
1028 84
+1 36
fi=(117)
+30 48
fe=(104)
-30 72

fn=(6664) std::__cxx11::sub_match<__gnu_cxx::__normal_iterator<char const*, std::__cxx11::basic_string<char, std::char_traits<char>, std::allocator<char> > > >* std::vector<std::__cxx11::sub_match<__gnu_cxx::__normal_iterator<char const*, std::__cxx11::basic_string<char, std::char_traits<char>, std::allocator<char> > > >, std::allocator<std::__cxx11::sub_match<__gnu_cxx::__normal_iterator<char const*, std::__cxx11::basic_string<char, std::char_traits<char>, std::allocator<char> > > > > >::_M_allocate_and_copy<__gnu_cxx::__normal_iterator<std::__cxx11::sub_match<__gnu_cxx::__normal_iterator<char const*, std::__cxx11::basic_string<char, std::char_traits<char>, std::allocator<char> > > > const*, std::vector<std::__cxx11::sub_match<__gnu_cxx::__normal_iterator<char const*, std::__cxx11::basic_string<char, std::char_traits<char>, std::allocator<char> > > >, std::allocator<std::__cxx11::sub_match<__gnu_cxx::__normal_iterator<char const*, std::__cxx11::basic_string<char, std::char_traits<char>, std::allocator<char> > > > > > > >(unsigned long, __gnu_cxx::__normal_iterator<std::__cxx11::sub_match<__gnu_cxx::__normal_iterator<char const*, std::__cxx11::basic_string<char, std::char_traits<char>, std::allocator<char> > > > const*, std::vector<std::__cxx11::sub_match<__gnu_cxx::__normal_iterator<char const*, std::__cxx11::basic_string<char, std::char_traits<char>, std::allocator<char> > > >, std::allocator<std::__cxx11::sub_match<__gnu_cxx::__normal_iterator<char const*, std::__cxx11::basic_string<char, std::char_traits<char>, std::allocator<char> > > > > > >, __gnu_cxx::__normal_iterator<std::__cxx11::sub_match<__gnu_cxx::__normal_iterator<char const*, std::__cxx11::basic_string<char, std::char_traits<char>, std::allocator<char> > > > const*, std::vector<std::__cxx11::sub_match<__gnu_cxx::__normal_iterator<char const*, std::__cxx11::basic_string<char, std::char_traits<char>, std::allocator<char> > > >, std::allocator<std::__cxx11::sub_match<__gnu_cxx::__normal_iterator<char const*, std::__cxx11::basic_string<char, std::char_traits<char>, std::allocator<char> > > > > > >)
1907 22
+3 12
cfn=(6548) std::_Vector_base<std::__cxx11::sub_match<__gnu_cxx::__normal_iterator<char const*, std::__cxx11::basic_string<char, std::char_traits<char>, std::allocator<char> > > >, std::allocator<std::__cxx11::sub_match<__gnu_cxx::__normal_iterator<char const*, std::__cxx11::basic_string<char, std::char_traits<char>, std::allocator<char> > > > > >::_M_allocate(unsigned long)
calls=2 384 
* 475
* 12
cfn=(6666)
calls=2 -35 
* 36
+2 6
cfn=(6534)
calls=2 307 
* 12
* 12
cfi=(109)
cfn=(6668)
calls=2 613 
* 896
+1 6
cfn=(6676) std::vector<std::__cxx11::sub_match<__gnu_cxx::__normal_iterator<char const*, std::__cxx11::basic_string<char, std::char_traits<char>, std::allocator<char> > > >, std::allocator<std::__cxx11::sub_match<__gnu_cxx::__normal_iterator<char const*, std::__cxx11::basic_string<char, std::char_traits<char>, std::allocator<char> > > > > >::_Guard_alloc::_M_release()
calls=2 -25 
* 22
* 4
+1 6
cfn=(6678) std::vector<std::__cxx11::sub_match<__gnu_cxx::__normal_iterator<char const*, std::__cxx11::basic_string<char, std::char_traits<char>, std::allocator<char> > > >, std::allocator<std::__cxx11::sub_match<__gnu_cxx::__normal_iterator<char const*, std::__cxx11::basic_string<char, std::char_traits<char>, std::allocator<char> > > > > >::_Guard_alloc::~_Guard_alloc()
calls=2 -34 
* 22
-1 2
+1 12

fn=(6852)
800 8
+3 6
cfn=(5938) std::_Vector_base<std::__detail::_State<char>, std::allocator<std::__detail::_State<char> > >::_M_get_Tp_allocator()
calls=2 307 
* 12
-1 14
fi=(81)
1045 10
cfi=(102)
cfn=(6854)
calls=2 202 
* 3026
+1 2
fe=(104)
805 6
cfn=(6874) std::_Vector_base<std::__detail::_State<char>, std::allocator<std::__detail::_State<char> > >::~_Vector_base()
calls=2 373 
* 381
* 6

fn=(7104) std::_Vector_base<float, std::allocator<float> >::_Vector_impl::_Vector_impl(std::allocator<float> const&)
152 208
fi=(62)
-60 16
fi=(63)
+81 16
fe=(104)
-20 48
cfn=(7106) std::_Vector_base<float, std::allocator<float> >::_Vector_impl_data::_Vector_impl_data()
calls=16 -48 
* 192
+1 48

fn=(7118) std::_Vector_base<float, std::allocator<float> >::_M_get_Tp_allocator()
307 96
+1 96

fn=(7164)
2207 15
fi=(62)
92 1
fi=(63)
+81 1
fe=(104)
2209 3
cfn=(5864) std::vector<unsigned long, std::allocator<unsigned long> >::_S_max_size(std::allocator<unsigned long> const&)
calls=1 +7 
* 43
* 2
fi=(63)
189 3
cfi=(62)
cfn=(6894)
calls=1 -85 
* 6
* 1
fe=(104)
2209 2
+3 1
+1 6

fn=(7732)
2216 7
+5 8
fi=(62)
233 1
-50 1
fi=(81)
712 1
fe=(104)
2223 1
+1 5
cfi=(67)
cfn=(4902)
calls=1 234 
* 13
* 1
+1 5

fn=(7738)
339 7
+1 5
cfn=(7740) std::_Vector_base<FilterPar::Pass2ThreadData, std::allocator<FilterPar::Pass2ThreadData> >::_Vector_impl::_Vector_impl(std::allocator<FilterPar::Pass2ThreadData> const&)
calls=1 152 
* 33
+1 5
cfn=(7744) std::_Vector_base<FilterPar::Pass2ThreadData, std::allocator<FilterPar::Pass2ThreadData> >::_M_create_storage(unsigned long)
calls=1 +62 
* 326
* 4

fn=(7904) std::_Vector_base<float, std::allocator<float> >::~_Vector_base()
373 64
+3 112
-1 112
cfn=(7906) std::_Vector_base<float, std::allocator<float> >::_M_deallocate(float*, unsigned long)
calls=16 +17 
* 1711
+2 48
cfn=(7912) std::_Vector_base<float, std::allocator<float> >::_Vector_impl::~_Vector_impl()
calls=16 139 
* 304
* 48

fn=(5746) std::_Vector_base<unsigned long, std::allocator<unsigned long> >::_Vector_base()
321 14
cfn=(5748) std::_Vector_base<unsigned long, std::allocator<unsigned long> >::_Vector_impl::_Vector_impl()
calls=2 143 
* 56
* 6

fn=(5854)
1416 30
+2 30
+3 9
fi=(105)
73 6
fi=(62)
191 4
cfi=(100)
cfn=(5722)
calls=1 +17 
* 7
* 2
fi=(105)
73 1
fi=(62)
191 6
fi=(81)
680 1
fe=(104)
1423 5
+5 1
-1 20
cfi=(108)
cfn=(5856) void std::vector<unsigned long, std::allocator<unsigned long> >::_M_realloc_append<unsigned long const&>(unsigned long const&)
calls=4 557 
* 3015
+1 20

fn=(5914) std::vector<std::__detail::_State<char>, std::allocator<std::__detail::_State<char> > >::_M_check_len(unsigned long, char const*) const
2196 110
+2 33
cfn=(5916) std::vector<std::__detail::_State<char>, std::allocator<std::__detail::_State<char> > >::max_size() const
calls=11 1128 
* 660
* 44
cfn=(5922)
calls=11 1117 
* 176
* 77
+3 33
cfn=(5922)
calls=11 1117 
* 176
* 44
cfn=(5922)
calls=11 1117 
* 176
* 66
cfi=(67)
cfn=(5798) unsigned long const& std::max<unsigned long>(unsigned long const&, unsigned long const&)
calls=11 258 
* 145
* 33
+1 33
cfn=(5922)
calls=11 1117 
* 176
* 55
cfn=(5916)
calls=11 1128 
* 660
* 33
+1 66

fn=(5918) std::_Vector_base<std::__detail::_State<char>, std::allocator<std::__detail::_State<char> > >::_M_get_Tp_allocator() const
312 66
+1 66

fn=(6074) std::_Vector_base<std::__cxx11::basic_string<char, std::char_traits<char>, std::allocator<char> >, std::allocator<std::__cxx11::basic_string<char, std::char_traits<char>, std::allocator<char> > > >::_Vector_base()
321 21
cfn=(6076)
calls=3 143 
* 84
* 9

fn=(6088) std::vector<std::__cxx11::regex_traits<char>::_RegexMask, std::allocator<std::__cxx11::regex_traits<char>::_RegexMask> >::vector()
561 21
cfn=(6090) std::_Vector_base<std::__cxx11::regex_traits<char>::_RegexMask, std::allocator<std::__cxx11::regex_traits<char>::_RegexMask> >::_Vector_base()
calls=3 321 
* 114
* 9

fn=(6094) std::_Vector_base<std::__cxx11::regex_traits<char>::_RegexMask, std::allocator<std::__cxx11::regex_traits<char>::_RegexMask> >::_Vector_impl_data::_Vector_impl_data()
105 9
+1 18
+1 9

fn=(6186) std::vector<std::__cxx11::basic_string<char, std::char_traits<char>, std::allocator<char> >, std::allocator<std::__cxx11::basic_string<char, std::char_traits<char>, std::allocator<char> > > >::begin() const
1008 5166
+1 1476
fi=(117)
+50 2952
fe=(104)
-50 4428

fn=(6226) std::_Vector_base<char, std::allocator<char> >::_Vector_impl_data::_Vector_impl_data(std::_Vector_base<char, std::allocator<char> >::_Vector_impl_data&&)
111 12
+1 24
+1 12
+1 39

fn=(6232) std::_Vector_base<std::__cxx11::basic_string<char, std::char_traits<char>, std::allocator<char> >, std::allocator<std::__cxx11::basic_string<char, std::char_traits<char>, std::allocator<char> > > >::_Vector_impl::_Vector_impl(std::_Vector_base<std::__cxx11::basic_string<char, std::char_traits<char>, std::allocator<char> >, std::allocator<std::__cxx11::basic_string<char, std::char_traits<char>, std::allocator<char> > > >::_Vector_impl&&)
160 21
fi=(105)
-21 24
fi=(62)
-47 3
fi=(63)
+81 3
fe=(104)
-12 9
fi=(105)
-22 3
fe=(104)
+22 9
cfn=(6234)
calls=3 -50 
* 87
+1 9

fn=(6308) std::vector<std::pair<char, char>, std::allocator<std::pair<char, char> > >::~vector()
800 24
+3 18
cfn=(6310)
calls=6 307 
* 36
-1 42
fi=(81)
1045 30
cfi=(102)
cfn=(6312)
calls=6 202 
* 42
+1 6
fe=(104)
805 18
cfn=(6316) std::_Vector_base<std::pair<char, char>, std::allocator<std::pair<char, char> > >::~_Vector_base()
calls=6 373 
* 324
* 18

fn=(6380)
1368 35
+2 15
cfn=(6382) std::vector<unsigned long, std::allocator<unsigned long> >::empty() const
calls=5 1223 
* 345
* 25
+1 15
cfn=(5870) std::vector<unsigned long, std::allocator<unsigned long> >::end()
calls=5 1018 
* 100
* 10
fi=(117)
1160 30
1059 15
1160 5
fe=(104)
1371 5
fi=(117)
1090 5
fe=(104)
1372 25

fn=(6492) std::_Vector_base<std::__cxx11::sub_match<__gnu_cxx::__normal_iterator<char const*, std::__cxx11::basic_string<char, std::char_traits<char>, std::allocator<char> > > >, std::allocator<std::__cxx11::sub_match<__gnu_cxx::__normal_iterator<char const*, std::__cxx11::basic_string<char, std::char_traits<char>, std::allocator<char> > > > > >::_Vector_impl_data::_Vector_impl_data()
105 24
+1 48
+1 24

fn=(6536) std::vector<std::__cxx11::sub_match<__gnu_cxx::__normal_iterator<char const*, std::__cxx11::basic_string<char, std::char_traits<char>, std::allocator<char> > > >, std::allocator<std::__cxx11::sub_match<__gnu_cxx::__normal_iterator<char const*, std::__cxx11::basic_string<char, std::char_traits<char>, std::allocator<char> > > > > >::vector(unsigned long, std::__cxx11::sub_match<__gnu_cxx::__normal_iterator<char const*, std::__cxx11::basic_string<char, std::char_traits<char>, std::allocator<char> > > > const&, std::allocator<std::__cxx11::sub_match<__gnu_cxx::__normal_iterator<char const*, std::__cxx11::basic_string<char, std::char_traits<char>, std::allocator<char> > > > > const&)
599 16
+2 12
cfn=(6538) std::vector<std::__cxx11::sub_match<__gnu_cxx::__normal_iterator<char const*, std::__cxx11::basic_string<char, std::char_traits<char>, std::allocator<char> > > >, std::allocator<std::__cxx11::sub_match<__gnu_cxx::__normal_iterator<char const*, std::__cxx11::basic_string<char, std::char_traits<char>, std::allocator<char> > > > > >::_S_check_init_len(unsigned long, std::allocator<std::__cxx11::sub_match<__gnu_cxx::__normal_iterator<char const*, std::__cxx11::basic_string<char, std::char_traits<char>, std::allocator<char> > > > > const&)
calls=2 2207 
* 168
* 12
cfn=(6544) std::_Vector_base<std::__cxx11::sub_match<__gnu_cxx::__normal_iterator<char const*, std::__cxx11::basic_string<char, std::char_traits<char>, std::allocator<char> > > >, std::allocator<std::__cxx11::sub_match<__gnu_cxx::__normal_iterator<char const*, std::__cxx11::basic_string<char, std::char_traits<char>, std::allocator<char> > > > > >::_Vector_base(unsigned long, std::allocator<std::__cxx11::sub_match<__gnu_cxx::__normal_iterator<char const*, std::__cxx11::basic_string<char, std::char_traits<char>, std::allocator<char> > > > > const&)
calls=2 339 
* 1065
+1 12
cfn=(6554)
calls=2 1996 
* 841
* 8

fn=(6540) std::vector<std::__cxx11::sub_match<__gnu_cxx::__normal_iterator<char const*, std::__cxx11::basic_string<char, std::char_traits<char>, std::allocator<char> > > >, std::allocator<std::__cxx11::sub_match<__gnu_cxx::__normal_iterator<char const*, std::__cxx11::basic_string<char, std::char_traits<char>, std::allocator<char> > > > > >::_S_max_size(std::allocator<std::__cxx11::sub_match<__gnu_cxx::__normal_iterator<char const*, std::__cxx11::basic_string<char, std::char_traits<char>, std::allocator<char> > > > > const&)
2216 14
+5 16
fi=(62)
233 2
-50 2
fi=(81)
712 2
fe=(104)
2223 2
+1 10
cfi=(67)
cfn=(4902)
calls=2 234 
* 26
* 2
+1 10

fn=(6548)
384 20
+3 24
fi=(81)
614 24
cfi=(62)
cfn=(6550) std::__new_allocator<std::__cxx11::sub_match<__gnu_cxx::__normal_iterator<char const*, std::__cxx11::basic_string<char, std::char_traits<char>, std::allocator<char> > > > >::allocate(unsigned long, void const*)
calls=4 126 
* 1290
* 8
fe=(104)
388 8

fn=(6570) std::_Vector_base<std::__cxx11::sub_match<__gnu_cxx::__normal_iterator<char const*, std::__cxx11::basic_string<char, std::char_traits<char>, std::allocator<char> > > >, std::allocator<std::__cxx11::sub_match<__gnu_cxx::__normal_iterator<char const*, std::__cxx11::basic_string<char, std::char_traits<char>, std::allocator<char> > > > > >::_Vector_impl_data::_M_swap_data(std::_Vector_base<std::__cxx11::sub_match<__gnu_cxx::__normal_iterator<char const*, std::__cxx11::basic_string<char, std::char_traits<char>, std::allocator<char> > > >, std::allocator<std::__cxx11::sub_match<__gnu_cxx::__normal_iterator<char const*, std::__cxx11::basic_string<char, std::char_traits<char>, std::allocator<char> > > > > >::_Vector_impl_data&)
128 16
+4 6
cfn=(6492)
calls=2 -27 
* 24
+1 10
cfn=(6572) std::_Vector_base<std::__cxx11::sub_match<__gnu_cxx::__normal_iterator<char const*, std::__cxx11::basic_string<char, std::char_traits<char>, std::allocator<char> > > >, std::allocator<std::__cxx11::sub_match<__gnu_cxx::__normal_iterator<char const*, std::__cxx11::basic_string<char, std::char_traits<char>, std::allocator<char> > > > > >::_Vector_impl_data::_M_copy_data(std::_Vector_base<std::__cxx11::sub_match<__gnu_cxx::__normal_iterator<char const*, std::__cxx11::basic_string<char, std::char_traits<char>, std::allocator<char> > > >, std::allocator<std::__cxx11::sub_match<__gnu_cxx::__normal_iterator<char const*, std::__cxx11::basic_string<char, std::char_traits<char>, std::allocator<char> > > > > >::_Vector_impl_data const&)
calls=2 -14 
* 38
+1 10
cfn=(6572)
calls=2 -15 
* 38
+1 10
cfn=(6572)
calls=2 -16 
* 38
+1 12

fn=(6678)
1880 8
+2 8
+2 6

fn=(6690)
1261 70
+2 42
cfn=(6530) std::vector<std::__cxx11::sub_match<__gnu_cxx::__normal_iterator<char const*, std::__cxx11::basic_string<char, std::char_traits<char>, std::allocator<char> > > >, std::allocator<std::__cxx11::sub_match<__gnu_cxx::__normal_iterator<char const*, std::__cxx11::basic_string<char, std::char_traits<char>, std::allocator<char> > > > > >::size() const
calls=14 1117 
* 224
* 98
+1 112
+1 28

fn=(6808) std::vector<std::__cxx11::sub_match<__gnu_cxx::__normal_iterator<char const*, std::__cxx11::basic_string<char, std::char_traits<char>, std::allocator<char> > > >, std::allocator<std::__cxx11::sub_match<__gnu_cxx::__normal_iterator<char const*, std::__cxx11::basic_string<char, std::char_traits<char>, std::allocator<char> > > > > >::empty() const
1223 56
+1 24
cfn=(6660)
calls=8 1028 
* 160
* 32
cfn=(6662) std::vector<std::__cxx11::sub_match<__gnu_cxx::__normal_iterator<char const*, std::__cxx11::basic_string<char, std::char_traits<char>, std::allocator<char> > > >, std::allocator<std::__cxx11::sub_match<__gnu_cxx::__normal_iterator<char const*, std::__cxx11::basic_string<char, std::char_traits<char>, std::allocator<char> > > > > >::begin() const
calls=8 1008 
* 152
* 24
fi=(117)
-58 8
+65 24
-65 8
+65 24
fe=(104)
-7 40

fn=(6814) std::vector<std::__cxx11::sub_match<__gnu_cxx::__normal_iterator<char const*, std::__cxx11::basic_string<char, std::char_traits<char>, std::allocator<char> > > >, std::allocator<std::__cxx11::sub_match<__gnu_cxx::__normal_iterator<char const*, std::__cxx11::basic_string<char, std::char_traits<char>, std::allocator<char> > > > > >::operator[](unsigned long) const
1280 15
+2 9
cfn=(6530)
calls=3 1117 
* 48
* 21
+1 24
+1 6

fn=(6876) std::_Vector_base<std::__detail::_State<char>, std::allocator<std::__detail::_State<char> > >::_Vector_impl::~_Vector_impl()
139 12
fi=(63)
+50 6
cfi=(62)
cfn=(6878) std::__new_allocator<std::__detail::_State<char> >::~__new_allocator()
calls=2 -85 
* 12
* 2
fe=(104)
-50 6

fn=(7048)
307 6
+1 6

fn=(7068) double* std::vector<double, std::allocator<double> >::_M_data_ptr<double>(double*) const
2290 4
+1 3

fn=(7096) std::vector<float, std::allocator<float> >::_S_max_size(std::allocator<float> const&)
2216 112
+5 128
fi=(62)
233 16
-50 16
fi=(81)
712 16
fe=(104)
2223 16
+1 80
cfi=(67)
cfn=(4902)
calls=16 234 
* 208
* 16
+1 80

fn=(7110) std::_Vector_base<float, std::allocator<float> >::_M_allocate(unsigned long)
384 80
+3 96
fi=(81)
614 96
cfi=(62)
cfn=(7112) std::__new_allocator<float>::allocate(unsigned long, void const*)
calls=16 126 
* 5705
* 32
fe=(104)
388 32

fn=(7116) std::vector<float, std::allocator<float> >::_M_default_initialize(unsigned long)
2007 80
+4 48
cfn=(7118)
calls=16 307 
* 96
* 16
-1 96
cfi=(109)
cfn=(7120)
calls=16 994 
* 112720968
-1 32
+3 48

fn=(7170)
152 13
fi=(62)
-60 1
fi=(63)
+81 1
fe=(104)
-20 3
cfn=(5750) std::_Vector_base<unsigned long, std::allocator<unsigned long> >::_Vector_impl_data::_Vector_impl_data()
calls=1 -48 
* 12
+1 3

fn=(7172)
403 5
+2 5
cfn=(5872) std::_Vector_base<unsigned long, std::allocator<unsigned long> >::_M_allocate(unsigned long)
calls=1 -21 
* 103
* 2
+1 4
+1 7
+1 3

fn=(7202) std::_Vector_base<FilterPar::Pass1ThreadData, std::allocator<FilterPar::Pass1ThreadData> >::_M_create_storage(unsigned long)
403 5
+2 5
cfn=(7204) std::_Vector_base<FilterPar::Pass1ThreadData, std::allocator<FilterPar::Pass1ThreadData> >::_M_allocate(unsigned long)
calls=1 -21 
* 414
* 2
+1 4
+1 7
+1 3

fn=(7740)
152 13
fi=(62)
-60 1
fi=(63)
+81 1
fe=(104)
-20 3
cfn=(7742) std::_Vector_base<FilterPar::Pass2ThreadData, std::allocator<FilterPar::Pass2ThreadData> >::_Vector_impl_data::_Vector_impl_data()
calls=1 -48 
* 12
+1 3

fn=(7754) std::_Vector_base<FilterPar::Pass2ThreadData, std::allocator<FilterPar::Pass2ThreadData> >::_M_get_Tp_allocator()
307 6
+1 6

fn=(7942) std::_Vector_base<double, std::allocator<double> >::_M_deallocate(double*, unsigned long)
392 6
+3 2
+1 6
fi=(81)
649 6
cfi=(62)
cfn=(7944) std::__new_allocator<double>::deallocate(double*, unsigned long)
calls=1 156 
* 79
* 1
fe=(104)
397 3

fn=(5744)
561 14
cfn=(5746)
calls=2 321 
* 76
* 6

fn=(5860) std::vector<unsigned long, std::allocator<unsigned long> >::max_size() const
1128 32
+1 24
cfn=(5862) std::_Vector_base<unsigned long, std::allocator<unsigned long> >::_M_get_Tp_allocator() const
calls=8 312 
* 48
* 16
cfn=(5864)
calls=8 2216 
* 344
* 16

fn=(5868) std::vector<unsigned long, std::allocator<unsigned long> >::begin()
998 28
+1 8
fi=(117)
+60 16
fe=(104)
-60 24

fn=(5888) std::_Vector_base<unsigned long, std::allocator<unsigned long> >::_M_get_Tp_allocator()
307 24
+1 24

fn=(5954)
1008 196
+1 56
fi=(117)
+50 112
fe=(104)
-50 168

fn=(6070) std::_Vector_base<char, std::allocator<char> >::_Vector_impl_data::_Vector_impl_data()
105 9
+1 18
+1 9

fn=(6248) std::_Vector_base<std::__cxx11::regex_traits<char>::_RegexMask, std::allocator<std::__cxx11::regex_traits<char>::_RegexMask> >::_Vector_impl::_Vector_impl(std::_Vector_base<std::__cxx11::regex_traits<char>::_RegexMask, std::allocator<std::__cxx11::regex_traits<char>::_RegexMask> >::_Vector_impl&&)
160 21
fi=(105)
-21 24
fi=(62)
-47 3
fi=(63)
+81 3
fe=(104)
-12 9
fi=(105)
-22 3
fe=(104)
+22 9
cfn=(6250)
calls=3 -50 
* 87
+1 9

fn=(6292)
307 18
+1 18

fn=(6336) std::_Vector_base<std::__cxx11::basic_string<char, std::char_traits<char>, std::allocator<char> >, std::allocator<std::__cxx11::basic_string<char, std::char_traits<char>, std::allocator<char> > > >::_M_deallocate(std::__cxx11::basic_string<char, std::char_traits<char>, std::allocator<char> >*, unsigned long)
392 36
+3 12
+2 18

fn=(6382)
1223 70
+1 30
cfn=(6384) std::vector<unsigned long, std::allocator<unsigned long> >::end() const
calls=10 1028 
* 200
* 40
cfn=(6386) std::vector<unsigned long, std::allocator<unsigned long> >::begin() const
calls=10 1008 
* 190
* 30
fi=(117)
-58 10
+65 30
-65 10
+65 30
fe=(104)
-7 50

fn=(6582) std::_Vector_base<std::__cxx11::sub_match<__gnu_cxx::__normal_iterator<char const*, std::__cxx11::basic_string<char, std::char_traits<char>, std::allocator<char> > > >, std::allocator<std::__cxx11::sub_match<__gnu_cxx::__normal_iterator<char const*, std::__cxx11::basic_string<char, std::char_traits<char>, std::allocator<char> > > > > >::_M_deallocate(std::__cxx11::sub_match<__gnu_cxx::__normal_iterator<char const*, std::__cxx11::basic_string<char, std::char_traits<char>, std::allocator<char> > > >*, unsigned long)
392 48
+3 16
+1 24
fi=(81)
649 24
cfi=(62)
cfn=(6796) std::__new_allocator<std::__cxx11::sub_match<__gnu_cxx::__normal_iterator<char const*, std::__cxx11::basic_string<char, std::char_traits<char>, std::allocator<char> > > > >::deallocate(std::__cxx11::sub_match<__gnu_cxx::__normal_iterator<char const*, std::__cxx11::basic_string<char, std::char_traits<char>, std::allocator<char> > > >*, unsigned long)
calls=4 156 
* 332
* 4
fe=(104)
397 24

fn=(6602) std::vector<std::pair<__gnu_cxx::__normal_iterator<char const*, std::__cxx11::basic_string<char, std::char_traits<char>, std::allocator<char> > >, int>, std::allocator<std::pair<__gnu_cxx::__normal_iterator<char const*, std::__cxx11::basic_string<char, std::char_traits<char>, std::allocator<char> > >, int> > >::_S_check_init_len(unsigned long, std::allocator<std::pair<__gnu_cxx::__normal_iterator<char const*, std::__cxx11::basic_string<char, std::char_traits<char>, std::allocator<char> > >, int> > const&)
2207 30
fi=(62)
92 2
fi=(63)
+81 2
fe=(104)
2209 6
cfn=(6604) std::vector<std::pair<__gnu_cxx::__normal_iterator<char const*, std::__cxx11::basic_string<char, std::char_traits<char>, std::allocator<char> > >, int>, std::allocator<std::pair<__gnu_cxx::__normal_iterator<char const*, std::__cxx11::basic_string<char, std::char_traits<char>, std::allocator<char> > >, int> > >::_S_max_size(std::allocator<std::pair<__gnu_cxx::__normal_iterator<char const*, std::__cxx11::basic_string<char, std::char_traits<char>, std::allocator<char> > >, int> > const&)
calls=2 +7 
* 86
* 4
fi=(63)
189 6
cfi=(62)
cfn=(6606) std::__new_allocator<std::pair<__gnu_cxx::__normal_iterator<char const*, std::__cxx11::basic_string<char, std::char_traits<char>, std::allocator<char> > >, int> >::~__new_allocator()
calls=2 -85 
* 12
* 2
fe=(104)
2209 4
+3 2
+1 12

fn=(6884)
800 12
+3 9
cfn=(5888)
calls=3 307 
* 18
-1 21
fi=(81)
1045 15
cfi=(102)
cfn=(6886)
calls=3 202 
* 21
+1 3
fe=(104)
805 9
cfn=(6890) std::_Vector_base<unsigned long, std::allocator<unsigned long> >::~_Vector_base()
calls=3 373 
* 438
* 9

fn=(7020)
586 7
+1 6
cfn=(7022)
calls=1 2207 
* 84
* 6
cfn=(7030) std::_Vector_base<double, std::allocator<double> >::_Vector_base(unsigned long, std::allocator<double> const&)
calls=1 339 
* 376
+1 5
cfn=(7046) std::vector<double, std::allocator<double> >::_M_default_initialize(unsigned long)
calls=1 2007 
* 269
* 4

fn=(7024)
2216 7
+5 8
fi=(62)
233 1
-50 1
fi=(81)
712 1
fe=(104)
2223 1
+1 5
cfi=(67)
cfn=(4902)
calls=1 234 
* 13
* 1
+1 5

fn=(7030)
339 7
+1 5
cfn=(7032) std::_Vector_base<double, std::allocator<double> >::_Vector_impl::_Vector_impl(std::allocator<double> const&)
calls=1 152 
* 33
+1 5
cfn=(7036)
calls=1 +62 
* 322
* 4

fn=(7046)
2007 5
+4 3
cfn=(7048)
calls=1 307 
* 6
* 1
-1 6
cfi=(109)
cfn=(7050)
calls=1 994 
* 243
-1 2
+3 3

fn=(7138)
1395 120
+1 180
cfn=(7140) float* std::vector<float, std::allocator<float> >::_M_data_ptr<float>(float*) const
calls=30 2290 
* 210
* 60

fn=(7584)
1280 503316480
+2 301989888
cfn=(7134) std::vector<float, std::allocator<float> >::size() const
calls=100663296 1117 
* 1509949440
* 704643072
+1 503316480
+1 201326592

fn=(7742)
105 3
+1 6
+1 3

fn=(7746) std::_Vector_base<FilterPar::Pass2ThreadData, std::allocator<FilterPar::Pass2ThreadData> >::_M_allocate(unsigned long)
384 5
+3 6
fi=(81)
614 6
cfi=(62)
cfn=(7748) std::__new_allocator<FilterPar::Pass2ThreadData>::allocate(unsigned long, void const*)
calls=1 126 
* 279
* 2
fe=(104)
388 2

fn=(7894) std::_Vector_base<FilterPar::Pass2ThreadData, std::allocator<FilterPar::Pass2ThreadData> >::_Vector_impl::~_Vector_impl()
139 6
fi=(63)
+50 3
cfi=(62)
cfn=(7734)
calls=1 -85 
* 6
* 1
fe=(104)
-50 3

fn=(5750)
105 9
+1 18
+1 9

fn=(5758) std::_Vector_base<std::__detail::_State<char>, std::allocator<std::__detail::_State<char> > >::_Vector_impl_data::_Vector_impl_data()
105 6
+1 12
+1 6

fn=(5872)
384 25
+3 30
fi=(81)
614 30
cfi=(62)
cfn=(5874) std::__new_allocator<unsigned long>::allocate(unsigned long, void const*)
calls=5 126 
* 673
* 10
fe=(104)
388 10

fn=(5890) std::vector<unsigned long, std::allocator<unsigned long> >::_S_relocate(unsigned long*, unsigned long*, unsigned long*, std::allocator<unsigned long>&)
534 28
+5 24
cfi=(109)
cfn=(5892)
calls=4 1347 
* 206
+5 8

fn=(5896) std::vector<unsigned long, std::allocator<unsigned long> >::_Guard_alloc::~_Guard_alloc()
1880 16
+2 16
+1 18
cfn=(6052) std::_Vector_base<unsigned long, std::allocator<unsigned long> >::_M_deallocate(unsigned long*, unsigned long)
calls=2 392 
* 206
+1 12

fn=(5928) std::_Vector_base<std::__detail::_State<char>, std::allocator<std::__detail::_State<char> > >::_M_allocate(unsigned long)
384 55
+3 66
fi=(81)
614 66
cfi=(62)
cfn=(5930) std::__new_allocator<std::__detail::_State<char> >::allocate(unsigned long, void const*)
calls=11 126 
* 1879
* 22
fe=(104)
388 22

fn=(5934) std::vector<std::__detail::_State<char>, std::allocator<std::__detail::_State<char> > >::_Guard_alloc::_Guard_alloc(std::__detail::_State<char>*, unsigned long, std::_Vector_base<std::__detail::_State<char>, std::allocator<std::__detail::_State<char> > >&)
1875 66
+1 99
+1 33

fn=(5952)
1028 196
+1 84
fi=(117)
+30 112
fe=(104)
-30 168

fn=(5988)
392 66
+3 22
+1 66
fi=(81)
649 66
cfi=(62)
cfn=(5990) std::__new_allocator<std::__detail::_State<char> >::deallocate(std::__detail::_State<char>*, unsigned long)
calls=11 156 
* 1756
* 11
fe=(104)
397 33

fn=(6066)
321 21
cfn=(6068) std::_Vector_base<char, std::allocator<char> >::_Vector_impl::_Vector_impl()
calls=3 143 
* 84
* 9

fn=(6080) std::vector<std::pair<char, char>, std::allocator<std::pair<char, char> > >::vector()
561 21
cfn=(6082) std::_Vector_base<std::pair<char, char>, std::allocator<std::pair<char, char> > >::_Vector_base()
calls=3 321 
* 114
* 9

fn=(6228) std::vector<std::__cxx11::basic_string<char, std::char_traits<char>, std::allocator<char> >, std::allocator<std::__cxx11::basic_string<char, std::char_traits<char>, std::allocator<char> > > >::vector(std::vector<std::__cxx11::basic_string<char, std::char_traits<char>, std::allocator<char> >, std::allocator<std::__cxx11::basic_string<char, std::char_traits<char>, std::allocator<char> > > >&&)
650 30
cfn=(6230) std::_Vector_base<std::__cxx11::basic_string<char, std::char_traits<char>, std::allocator<char> >, std::allocator<std::__cxx11::basic_string<char, std::char_traits<char>, std::allocator<char> > > >::_Vector_base(std::_Vector_base<std::__cxx11::basic_string<char, std::char_traits<char>, std::allocator<char> >, std::allocator<std::__cxx11::basic_string<char, std::char_traits<char>, std::allocator<char> > > >&&)
calls=3 344 
* 207
* 9

fn=(6230)
344 30
cfn=(6232)
calls=3 160 
* 168
* 9

fn=(6238) std::_Vector_base<std::pair<char, char>, std::allocator<std::pair<char, char> > >::_Vector_base(std::_Vector_base<std::pair<char, char>, std::allocator<std::pair<char, char> > >&&)
344 30
cfn=(6240)
calls=3 160 
* 168
* 9

fn=(6316)
373 24
+3 42
-1 42
cfn=(6318)
calls=6 +17 
* 66
+2 18
cfn=(6320) std::_Vector_base<std::pair<char, char>, std::allocator<std::pair<char, char> > >::_Vector_impl::~_Vector_impl()
calls=6 139 
* 114
* 18

fn=(6344) std::vector<char, std::allocator<char> >::~vector()
800 24
+3 18
cfn=(6346) std::_Vector_base<char, std::allocator<char> >::_M_get_Tp_allocator()
calls=6 307 
* 36
-1 42
fi=(81)
1045 30
cfi=(102)
cfn=(6348)
calls=6 202 
* 42
+1 6
fe=(104)
805 18
cfn=(6352) std::_Vector_base<char, std::allocator<char> >::~_Vector_base()
calls=6 373 
* 306
* 18

fn=(6346)
307 18
+1 18

fn=(6352)
373 24
+3 30
-1 36
cfn=(6354) std::_Vector_base<char, std::allocator<char> >::_M_deallocate(char*, unsigned long)
calls=6 +17 
* 66
+2 18
cfn=(6356)
calls=6 139 
* 114
* 18

fn=(6486) std::vector<std::__cxx11::sub_match<__gnu_cxx::__normal_iterator<char const*, std::__cxx11::basic_string<char, std::char_traits<char>, std::allocator<char> > > >, std::allocator<std::__cxx11::sub_match<__gnu_cxx::__normal_iterator<char const*, std::__cxx11::basic_string<char, std::char_traits<char>, std::allocator<char> > > > > >::vector(std::allocator<std::__cxx11::sub_match<__gnu_cxx::__normal_iterator<char const*, std::__cxx11::basic_string<char, std::char_traits<char>, std::allocator<char> > > > > const&)
572 20
+1 20
cfn=(6488)
calls=4 327 
* 184
* 12

fn=(6546) std::_Vector_base<std::__cxx11::sub_match<__gnu_cxx::__normal_iterator<char const*, std::__cxx11::basic_string<char, std::char_traits<char>, std::allocator<char> > > >, std::allocator<std::__cxx11::sub_match<__gnu_cxx::__normal_iterator<char const*, std::__cxx11::basic_string<char, std::char_traits<char>, std::allocator<char> > > > > >::_M_create_storage(unsigned long)
403 10
+2 10
cfn=(6548)
calls=2 -21 
* 899
* 4
+1 8
+1 20
+1 6

fn=(6614)
105 6
+1 12
+1 6

fn=(6760)
998 28
+1 8
fi=(117)
+60 16
fe=(104)
-60 24

fn=(6892) std::_Vector_base<unsigned long, std::allocator<unsigned long> >::_Vector_impl::~_Vector_impl()
139 18
fi=(63)
+50 9
cfi=(62)
cfn=(6894)
calls=3 -85 
* 18
* 3
fe=(104)
-50 9

fn=(7106)
105 48
+1 96
+1 48

fn=(7108) std::_Vector_base<float, std::allocator<float> >::_M_create_storage(unsigned long)
403 80
+2 80
cfn=(7110)
calls=16 -21 
* 6041
* 32
+1 64
+1 112
+1 48

fn=(7230)
1261 20
+2 12
cfn=(5866)
calls=4 1117 
* 60
* 28
+1 20
+1 8

fn=(7752)
2007 5
+4 3
cfn=(7754)
calls=1 307 
* 6
* 1
-1 6
cfi=(109)
cfn=(7756)
calls=1 994 
* 119
-1 2
+3 3

fn=(7880)
800 4
+3 3
cfn=(7754)
calls=1 307 
* 6
-1 7
fi=(81)
1045 5
cfi=(102)
cfn=(7882)
calls=1 202 
* 7
+1 1
fe=(104)
805 3
cfn=(7886) std::_Vector_base<FilterPar::Pass2ThreadData, std::allocator<FilterPar::Pass2ThreadData> >::~_Vector_base()
calls=1 373 
* 147
* 3

fn=(7930)
139 6
fi=(63)
+50 3
cfi=(62)
cfn=(7192)
calls=1 -85 
* 6
* 1
fe=(104)
-50 3

fn=(7940)
373 4
+3 7
-1 7
cfn=(7942)
calls=1 +17 
* 103
+2 3
cfn=(7948) std::_Vector_base<double, std::allocator<double> >::_Vector_impl::~_Vector_impl()
calls=1 139 
* 19
* 3

fn=(5748)
143 16
fi=(62)
-55 2
fi=(63)
+80 2
fe=(104)
-20 6
cfn=(5750)
calls=2 -43 
* 24
+1 6

fn=(5858) std::vector<unsigned long, std::allocator<unsigned long> >::_M_check_len(unsigned long, char const*) const
2196 40
+2 12
cfn=(5860)
calls=4 1128 
* 240
* 16
cfn=(5866)
calls=4 1117 
* 60
* 28
+3 12
cfn=(5866)
calls=4 1117 
* 60
* 16
cfn=(5866)
calls=4 1117 
* 60
* 24
cfi=(67)
cfn=(5798)
calls=4 258 
* 54
* 12
+1 12
cfn=(5866)
calls=4 1117 
* 60
* 20
cfn=(5860)
calls=4 1128 
* 240
* 12
+1 24

fn=(5908)
1433 196
fi=(105)
139 28
fe=(104)
1434 112
cfi=(108)
cfn=(5910) std::__detail::_State<char>& std::vector<std::__detail::_State<char>, std::allocator<std::__detail::_State<char> > >::emplace_back<std::__detail::_State<char> >(std::__detail::_State<char>&&)
calls=28 111 
* 24422
* 84

fn=(5924) std::vector<std::__detail::_State<char>, std::allocator<std::__detail::_State<char> > >::begin()
998 91
+1 26
fi=(117)
+60 52
fe=(104)
-60 78

fn=(5948) std::vector<std::__detail::_State<char>, std::allocator<std::__detail::_State<char> > >::back()
1368 196
+2 84
cfn=(5950)
calls=28 1223 
* 1932
* 140
+1 84
cfn=(5926) std::vector<std::__detail::_State<char>, std::allocator<std::__detail::_State<char> > >::end()
calls=28 1018 
* 560
* 56
fi=(117)
1160 252
1059 84
1160 28
fe=(104)
1371 28
fi=(117)
1090 28
fe=(104)
1372 140

fn=(6084) std::_Vector_base<std::pair<char, char>, std::allocator<std::pair<char, char> > >::_Vector_impl::_Vector_impl()
143 24
fi=(62)
-55 3
fi=(63)
+80 3
fe=(104)
-20 9
cfn=(6086) std::_Vector_base<std::pair<char, char>, std::allocator<std::pair<char, char> > >::_Vector_impl_data::_Vector_impl_data()
calls=3 -43 
* 36
+1 9

fn=(6092) std::_Vector_base<std::__cxx11::regex_traits<char>::_RegexMask, std::allocator<std::__cxx11::regex_traits<char>::_RegexMask> >::_Vector_impl::_Vector_impl()
143 24
fi=(62)
-55 3
fi=(63)
+80 3
fe=(104)
-20 9
cfn=(6094)
calls=3 -43 
* 36
+1 9

fn=(6128) std::vector<char, std::allocator<char> >::end()
1018 63
+1 27
fi=(117)
+40 36
fe=(104)
-40 54

fn=(6146) std::vector<char, std::allocator<char> >::erase(__gnu_cxx::__normal_iterator<char const*, std::vector<char, std::allocator<char> > >, __gnu_cxx::__normal_iterator<char const*, std::vector<char, std::allocator<char> > >)
1820 27
+2 9
cfn=(6130) std::vector<char, std::allocator<char> >::begin()
calls=3 998 
* 57
* 3
+1 9
cfn=(6148) std::vector<char, std::allocator<char> >::cbegin() const
calls=3 1079 
* 57
* 9
fi=(117)
1166 3
1340 9
1166 3
1340 9
1148 12
-89 9
+89 12
+18 3
1340 9
1166 3
1340 9
1148 12
-89 9
+89 6
fe=(104)
1824 15
cfi=(108)
cfn=(6150) std::vector<char, std::allocator<char> >::_M_erase(__gnu_cxx::__normal_iterator<char*, std::vector<char, std::allocator<char> > >, __gnu_cxx::__normal_iterator<char*, std::vector<char, std::allocator<char> > >)
calls=3 195 
* 87
+1 15

fn=(6222)
344 30
cfn=(6224) std::_Vector_base<char, std::allocator<char> >::_Vector_impl::_Vector_impl(std::_Vector_base<char, std::allocator<char> >::_Vector_impl&&)
calls=3 160 
* 168
* 9

fn=(6242)
111 12
+1 24
+1 12
+1 39

fn=(6244) std::vector<std::__cxx11::regex_traits<char>::_RegexMask, std::allocator<std::__cxx11::regex_traits<char>::_RegexMask> >::vector(std::vector<std::__cxx11::regex_traits<char>::_RegexMask, std::allocator<std::__cxx11::regex_traits<char>::_RegexMask> >&&)
650 30
cfn=(6246) std::_Vector_base<std::__cxx11::regex_traits<char>::_RegexMask, std::allocator<std::__cxx11::regex_traits<char>::_RegexMask> >::_Vector_base(std::_Vector_base<std::__cxx11::regex_traits<char>::_RegexMask, std::allocator<std::__cxx11::regex_traits<char>::_RegexMask> >&&)
calls=3 344 
* 207
* 9

fn=(6246)
344 30
cfn=(6248)
calls=3 160 
* 168
* 9

fn=(6334) std::_Vector_base<std::__cxx11::basic_string<char, std::char_traits<char>, std::allocator<char> >, std::allocator<std::__cxx11::basic_string<char, std::char_traits<char>, std::allocator<char> > > >::~_Vector_base()
373 24
+3 42
-1 42
cfn=(6336)
calls=6 +17 
* 66
+2 18
cfn=(6338) std::_Vector_base<std::__cxx11::basic_string<char, std::char_traits<char>, std::allocator<char> >, std::allocator<std::__cxx11::basic_string<char, std::char_traits<char>, std::allocator<char> > > >::_Vector_impl::~_Vector_impl()
calls=6 139 
* 114
* 18

fn=(6580) std::_Vector_base<std::__cxx11::sub_match<__gnu_cxx::__normal_iterator<char const*, std::__cxx11::basic_string<char, std::char_traits<char>, std::allocator<char> > > >, std::allocator<std::__cxx11::sub_match<__gnu_cxx::__normal_iterator<char const*, std::__cxx11::basic_string<char, std::char_traits<char>, std::allocator<char> > > > > >::~_Vector_base()
373 24
+3 48
-1 42
cfn=(6582)
calls=6 +17 
* 450
+2 18
cfn=(6584) std::_Vector_base<std::__cxx11::sub_match<__gnu_cxx::__normal_iterator<char const*, std::__cxx11::basic_string<char, std::char_traits<char>, std::allocator<char> > > >, std::allocator<std::__cxx11::sub_match<__gnu_cxx::__normal_iterator<char const*, std::__cxx11::basic_string<char, std::char_traits<char>, std::allocator<char> > > > > >::_Vector_impl::~_Vector_impl()
calls=6 139 
* 114
* 18

fn=(6584)
139 36
fi=(63)
+50 18
cfi=(62)
cfn=(6496) std::__new_allocator<std::__cxx11::sub_match<__gnu_cxx::__normal_iterator<char const*, std::__cxx11::basic_string<char, std::char_traits<char>, std::allocator<char> > > > >::~__new_allocator()
calls=6 -85 
* 36
* 6
fe=(104)
-50 18

fn=(6594)
312 6
+1 6

fn=(6600) std::vector<std::pair<__gnu_cxx::__normal_iterator<char const*, std::__cxx11::basic_string<char, std::char_traits<char>, std::allocator<char> > >, int>, std::allocator<std::pair<__gnu_cxx::__normal_iterator<char const*, std::__cxx11::basic_string<char, std::char_traits<char>, std::allocator<char> > >, int> > >::vector(unsigned long, std::allocator<std::pair<__gnu_cxx::__normal_iterator<char const*, std::__cxx11::basic_string<char, std::char_traits<char>, std::allocator<char> > >, int> > const&)
586 14
+1 12
cfn=(6602)
calls=2 2207 
* 168
* 12
cfn=(6610) std::_Vector_base<std::pair<__gnu_cxx::__normal_iterator<char const*, std::__cxx11::basic_string<char, std::char_traits<char>, std::allocator<char> > >, int>, std::allocator<std::pair<__gnu_cxx::__normal_iterator<char const*, std::__cxx11::basic_string<char, std::char_traits<char>, std::allocator<char> > >, int> > >::_Vector_base(unsigned long, std::allocator<std::pair<__gnu_cxx::__normal_iterator<char const*, std::__cxx11::basic_string<char, std::char_traits<char>, std::allocator<char> > >, int> > const&)
calls=2 339 
* 626
+1 10
cfn=(6624) std::vector<std::pair<__gnu_cxx::__normal_iterator<char const*, std::__cxx11::basic_string<char, std::char_traits<char>, std::allocator<char> > >, int>, std::allocator<std::pair<__gnu_cxx::__normal_iterator<char const*, std::__cxx11::basic_string<char, std::char_traits<char>, std::allocator<char> > >, int> > >::_M_default_initialize(unsigned long)
calls=2 2007 
* 1722
* 8

fn=(6610)
339 14
+1 10
cfn=(6612)
calls=2 152 
* 66
+1 10
cfn=(6616)
calls=2 +62 
* 518
* 8

fn=(6624)
2007 10
+4 6
cfn=(6626)
calls=2 307 
* 12
* 2
-1 12
cfi=(109)
cfn=(6628)
calls=2 994 
* 1670
-1 4
+3 6

fn=(6626)
307 12
+1 12

fn=(6676)
1888 6
+2 6
+1 4
+1 2
+1 4

fn=(6734) std::vector<std::pair<__gnu_cxx::__normal_iterator<char const*, std::__cxx11::basic_string<char, std::char_traits<char>, std::allocator<char> > >, int>, std::allocator<std::pair<__gnu_cxx::__normal_iterator<char const*, std::__cxx11::basic_string<char, std::char_traits<char>, std::allocator<char> > >, int> > >::size() const
1117 33
+2 88
+1 11
+2 11
+1 22

fn=(6786) std::_Vector_base<std::pair<__gnu_cxx::__normal_iterator<char const*, std::__cxx11::basic_string<char, std::char_traits<char>, std::allocator<char> > >, int>, std::allocator<std::pair<__gnu_cxx::__normal_iterator<char const*, std::__cxx11::basic_string<char, std::char_traits<char>, std::allocator<char> > >, int> > >::_M_deallocate(std::pair<__gnu_cxx::__normal_iterator<char const*, std::__cxx11::basic_string<char, std::char_traits<char>, std::allocator<char> > >, int>*, unsigned long)
392 12
+3 4
+1 12
fi=(81)
649 12
cfi=(62)
cfn=(6788) std::__new_allocator<std::pair<__gnu_cxx::__normal_iterator<char const*, std::__cxx11::basic_string<char, std::char_traits<char>, std::allocator<char> > >, int> >::deallocate(std::pair<__gnu_cxx::__normal_iterator<char const*, std::__cxx11::basic_string<char, std::char_traits<char>, std::allocator<char> > >, int>*, unsigned long)
calls=2 156 
* 160
* 2
fe=(104)
397 6

fn=(6890)
373 12
+3 21
-1 21
cfn=(6052)
calls=3 +17 
* 309
+2 9
cfn=(6892)
calls=3 139 
* 57
* 9

fn=(7088)
1261 160
+2 96
cfn=(7090)
calls=32 1117 
* 480
* 224
+1 160
+1 64

fn=(7186)
586 7
+1 6
cfn=(7188) std::vector<FilterPar::Pass1ThreadData, std::allocator<FilterPar::Pass1ThreadData> >::_S_check_init_len(unsigned long, std::allocator<FilterPar::Pass1ThreadData> const&)
calls=1 2207 
* 84
* 6
cfn=(7196) std::_Vector_base<FilterPar::Pass1ThreadData, std::allocator<FilterPar::Pass1ThreadData> >::_Vector_base(unsigned long, std::allocator<FilterPar::Pass1ThreadData> const&)
calls=1 339 
* 494
+1 5
cfn=(7212) std::vector<FilterPar::Pass1ThreadData, std::allocator<FilterPar::Pass1ThreadData> >::_M_default_initialize(unsigned long)
calls=1 2007 
* 145
* 4

fn=(7188)
2207 15
fi=(62)
92 1
fi=(63)
+81 1
fe=(104)
2209 3
cfn=(7190) std::vector<FilterPar::Pass1ThreadData, std::allocator<FilterPar::Pass1ThreadData> >::_S_max_size(std::allocator<FilterPar::Pass1ThreadData> const&)
calls=1 +7 
* 43
* 2
fi=(63)
189 3
cfi=(62)
cfn=(7192)
calls=1 -85 
* 6
* 1
fe=(104)
2209 2
+3 1
+1 6

fn=(7214) std::_Vector_base<FilterPar::Pass1ThreadData, std::allocator<FilterPar::Pass1ThreadData> >::_M_get_Tp_allocator()
307 6
+1 6

fn=(7226)
1261 70
+2 42
cfn=(7228) std::vector<FilterPar::Pass1ThreadData, std::allocator<FilterPar::Pass1ThreadData> >::size() const
calls=14 1117 
* 224
* 98
+1 70
+1 28

fn=(7228)
1117 42
+2 126
+1 14
+2 14
+1 28

fn=(7766)
1261 75
+2 45
cfn=(7768) std::vector<FilterPar::Pass2ThreadData, std::allocator<FilterPar::Pass2ThreadData> >::size() const
calls=15 1117 
* 240
* 105
+1 75
+1 30

fn=(7768)
1117 45
+2 135
+1 15
+2 15
+1 30

fn=(7888) std::_Vector_base<FilterPar::Pass2ThreadData, std::allocator<FilterPar::Pass2ThreadData> >::_M_deallocate(FilterPar::Pass2ThreadData*, unsigned long)
392 6
+3 2
+1 6
fi=(81)
649 6
cfi=(62)
cfn=(7890) std::__new_allocator<FilterPar::Pass2ThreadData>::deallocate(FilterPar::Pass2ThreadData*, unsigned long)
calls=1 156 
* 79
* 1
fe=(104)
397 3

fn=(7916)
800 4
+3 3
cfn=(7214)
calls=1 307 
* 6
-1 7
fi=(81)
1045 5
cfi=(102)
cfn=(7918)
calls=1 202 
* 7
+1 1
fe=(104)
805 3
cfn=(7922)
calls=1 373 
* 147
* 3

fn=(7948)
139 6
fi=(63)
+50 3
cfi=(62)
cfn=(7026)
calls=1 -85 
* 6
* 1
fe=(104)
-50 3

fn=(5756) std::_Vector_base<std::__detail::_State<char>, std::allocator<std::__detail::_State<char> > >::_Vector_impl::_Vector_impl()
143 16
fi=(62)
-55 2
fi=(63)
+80 2
fe=(104)
-20 6
cfn=(5758)
calls=2 -43 
* 24
+1 6

fn=(5922)
1117 792
+2 2376
+1 264
+2 264
+1 528

fn=(5938)
307 39
+1 39

fn=(5940) std::vector<std::__detail::_State<char>, std::allocator<std::__detail::_State<char> > >::_S_relocate(std::__detail::_State<char>*, std::__detail::_State<char>*, std::__detail::_State<char>*, std::allocator<std::__detail::_State<char> >&)
534 77
+5 66
cfi=(109)
cfn=(5942)
calls=11 1347 
* 8349
+5 22

fn=(6130)
998 63
+1 18
fi=(117)
+60 36
fe=(104)
-60 54

fn=(6148)
1079 21
+1 6
fi=(117)
-21 12
fe=(104)
+21 18

fn=(6176) std::vector<std::pair<char, char>, std::allocator<std::pair<char, char> > >::end() const
1028 5376
+1 2304
fi=(117)
+30 3072
fe=(104)
-30 4608

fn=(6182) std::vector<std::__cxx11::basic_string<char, std::char_traits<char>, std::allocator<char> >, std::allocator<std::__cxx11::basic_string<char, std::char_traits<char>, std::allocator<char> > > >::empty() const
1223 5166
+1 2214
cfn=(6184) std::vector<std::__cxx11::basic_string<char, std::char_traits<char>, std::allocator<char> >, std::allocator<std::__cxx11::basic_string<char, std::char_traits<char>, std::allocator<char> > > >::end() const
calls=738 1028 
* 14760
* 2952
cfn=(6186)
calls=738 1008 
* 14022
* 2214
fi=(117)
-58 738
+65 2214
-65 738
+65 2214
fe=(104)
-7 3690

fn=(6184)
1028 5166
+1 2214
fi=(117)
+30 2952
fe=(104)
-30 4428

fn=(6188) std::vector<std::__cxx11::regex_traits<char>::_RegexMask, std::allocator<std::__cxx11::regex_traits<char>::_RegexMask> >::begin() const
1008 5166
+1 1476
fi=(117)
+50 2952
fe=(104)
-50 4428

fn=(6236) std::vector<std::pair<char, char>, std::allocator<std::pair<char, char> > >::vector(std::vector<std::pair<char, char>, std::allocator<std::pair<char, char> > >&&)
650 30
cfn=(6238)
calls=3 344 
* 207
* 9

fn=(6300)
392 36
+3 12
+2 18

fn=(6320)
139 36
fi=(63)
+50 18
cfi=(62)
cfn=(6322) std::__new_allocator<std::pair<char, char> >::~__new_allocator()
calls=6 -85 
* 36
* 6
fe=(104)
-50 18

fn=(6326) std::vector<std::__cxx11::basic_string<char, std::char_traits<char>, std::allocator<char> >, std::allocator<std::__cxx11::basic_string<char, std::char_traits<char>, std::allocator<char> > > >::~vector()
800 24
+3 18
cfn=(6328) std::_Vector_base<std::__cxx11::basic_string<char, std::char_traits<char>, std::allocator<char> >, std::allocator<std::__cxx11::basic_string<char, std::char_traits<char>, std::allocator<char> > > >::_M_get_Tp_allocator()
calls=6 307 
* 36
-1 42
fi=(81)
1045 30
cfi=(102)
cfn=(6330)
calls=6 202 
* 78
+1 6
fe=(104)
805 18
cfn=(6334)
calls=6 373 
* 324
* 18

fn=(6328)
307 18
+1 18

fn=(6388)
1457 20
+2 15
cfn=(6382)
calls=5 1223 
* 345
* 25
+1 25
+1 45
fi=(62)
198 5
fi=(81)
700 5
fe=(104)
1463 15

fn=(6534)
307 48
+1 48

fn=(6574) std::vector<std::__cxx11::sub_match<__gnu_cxx::__normal_iterator<char const*, std::__cxx11::basic_string<char, std::char_traits<char>, std::allocator<char> > > >, std::allocator<std::__cxx11::sub_match<__gnu_cxx::__normal_iterator<char const*, std::__cxx11::basic_string<char, std::char_traits<char>, std::allocator<char> > > > > >::~vector()
800 24
+3 18
cfn=(6534)
calls=6 307 
* 36
-1 42
fi=(81)
1045 30
cfi=(102)
cfn=(6576)
calls=6 202 
* 42
+1 6
fe=(104)
805 18
cfn=(6580)
calls=6 373 
* 714
* 18

fn=(6662)
1008 84
+1 24
fi=(117)
+50 48
fe=(104)
-50 72

fn=(6784)
373 8
+3 14
-1 14
cfn=(6786)
calls=2 +17 
* 208
+2 6
cfn=(6792) std::_Vector_base<std::pair<__gnu_cxx::__normal_iterator<char const*, std::__cxx11::basic_string<char, std::char_traits<char>, std::allocator<char> > >, int>, std::allocator<std::pair<__gnu_cxx::__normal_iterator<char const*, std::__cxx11::basic_string<char, std::char_traits<char>, std::allocator<char> > >, int> > >::_Vector_impl::~_Vector_impl()
calls=2 139 
* 38
* 6

fn=(6792)
139 12
fi=(63)
+50 6
cfi=(62)
cfn=(6606)
calls=2 -85 
* 12
* 2
fe=(104)
-50 6

fn=(7032)
152 13
fi=(62)
-60 1
fi=(63)
+81 1
fe=(104)
-20 3
cfn=(7034)
calls=1 -48 
* 12
+1 3

fn=(7092)
586 112
+1 96
cfn=(7094) std::vector<float, std::allocator<float> >::_S_check_init_len(unsigned long, std::allocator<float> const&)
calls=16 2207 
* 1344
* 96
cfn=(7102) std::_Vector_base<float, std::allocator<float> >::_Vector_base(unsigned long, std::allocator<float> const&)
calls=16 339 
* 7321
+1 80
cfn=(7116)
calls=16 2007 
* 112721384
* 64

fn=(7132)
1261 80
+2 48
cfn=(7134)
calls=16 1117 
* 240
* 112
+1 80
+1 32

fn=(7174)
2007 5
+4 3
cfn=(5888)
calls=1 307 
* 6
* 1
-1 6
cfi=(109)
cfn=(7176)
calls=1 994 
* 102
-1 2
+3 3

fn=(7190)
2216 7
+5 8
fi=(62)
233 1
-50 1
fi=(81)
712 1
fe=(104)
2223 1
+1 5
cfi=(67)
cfn=(4902)
calls=1 234 
* 13
* 1
+1 5

fn=(7196)
339 7
+1 5
cfn=(7198) std::_Vector_base<FilterPar::Pass1ThreadData, std::allocator<FilterPar::Pass1ThreadData> >::_Vector_impl::_Vector_impl(std::allocator<FilterPar::Pass1ThreadData> const&)
calls=1 152 
* 33
+1 5
cfn=(7202)
calls=1 +62 
* 440
* 4

fn=(7744)
403 5
+2 5
cfn=(7746)
calls=1 -21 
* 300
* 2
+1 4
+1 7
+1 3

fn=(7898)
800 64
+3 48
cfn=(7118)
calls=16 307 
* 96
-1 112
fi=(81)
1045 80
cfi=(102)
cfn=(7900)
calls=16 202 
* 112
+1 16
fe=(104)
805 48
cfn=(7904)
calls=16 373 
* 2399
* 48

fn=(7924)
392 6
+3 2
+1 6
fi=(81)
649 6
cfi=(62)
cfn=(7926) std::__new_allocator<FilterPar::Pass1ThreadData>::deallocate(FilterPar::Pass1ThreadData*, unsigned long)
calls=1 156 
* 79
* 1
fe=(104)
397 3

fn=(5862)
312 24
+1 24

fn=(5864)
2216 63
+5 72
fi=(62)
233 9
-50 9
fi=(81)
712 9
fe=(104)
2223 9
+1 45
cfi=(67)
cfn=(4902)
calls=9 234 
* 117
* 9
+1 45

fn=(5870)
1018 63
+1 27
fi=(117)
+40 36
fe=(104)
-40 54

fn=(5960)
1261 335
+2 201
cfn=(5922)
calls=67 1117 
* 1072
* 469
+1 536
+1 134

fn=(6052)
392 30
+3 10
+1 30
fi=(81)
649 30
cfi=(62)
cfn=(6054) std::__new_allocator<unsigned long>::deallocate(unsigned long*, unsigned long)
calls=5 156 
* 395
* 5
fe=(104)
397 15

fn=(6072) std::vector<std::__cxx11::basic_string<char, std::char_traits<char>, std::allocator<char> >, std::allocator<std::__cxx11::basic_string<char, std::char_traits<char>, std::allocator<char> > > >::vector()
561 21
cfn=(6074)
calls=3 321 
* 114
* 9

fn=(6082)
321 21
cfn=(6084)
calls=3 143 
* 84
* 9

fn=(6174) std::vector<std::pair<char, char>, std::allocator<std::pair<char, char> > >::begin() const
1008 5376
+1 1536
fi=(117)
+50 3072
fe=(104)
-50 4608

fn=(6338)
139 36
fi=(63)
+50 18
cfi=(62)
cfn=(6340) std::__new_allocator<std::__cxx11::basic_string<char, std::char_traits<char>, std::allocator<char> > >::~__new_allocator()
calls=6 -85 
* 36
* 6
fe=(104)
-50 18

fn=(6354)
392 36
+3 12
+2 18

fn=(6384)
1028 70
+1 30
fi=(117)
+30 40
fe=(104)
-30 60

fn=(6386)
1008 70
+1 20
fi=(117)
+50 40
fe=(104)
-50 60

fn=(6530)
1117 96
+2 288
+1 32
+2 32
+1 64

fn=(6604)
2216 14
+5 16
fi=(62)
233 2
-50 2
fi=(81)
712 2
fe=(104)
2223 2
+1 10
cfi=(67)
cfn=(4902)
calls=2 234 
* 26
* 2
+1 10

fn=(6732)
1261 55
+2 33
cfn=(6734)
calls=11 1117 
* 165
* 77
+1 55
+1 22

fn=(7038)
384 5
+3 6
fi=(81)
614 6
cfi=(62)
cfn=(7040) std::__new_allocator<double>::allocate(unsigned long, void const*)
calls=1 126 
* 275
* 2
fe=(104)
388 2

fn=(7066)
1395 4
+1 6
cfn=(7068)
calls=1 2290 
* 7
* 2

fn=(7090)
1117 99
+2 264
+1 33
+2 33
+1 66

fn=(7102)
339 112
+1 80
cfn=(7104)
calls=16 152 
* 528
+1 80
cfn=(7108)
calls=16 +62 
* 6457
* 64

fn=(7140)
2290 120
+1 90

fn=(7198)
152 13
fi=(62)
-60 1
fi=(63)
+81 1
fe=(104)
-20 3
cfn=(7200) std::_Vector_base<FilterPar::Pass1ThreadData, std::allocator<FilterPar::Pass1ThreadData> >::_Vector_impl_data::_Vector_impl_data()
calls=1 -48 
* 12
+1 3

fn=(7212)
2007 5
+4 3
cfn=(7214)
calls=1 307 
* 6
* 1
-1 6
cfi=(109)
cfn=(7216)
calls=1 994 
* 119
-1 2
+3 3

fn=(7912)
139 96
fi=(63)
+50 48
cfi=(62)
cfn=(7098)
calls=16 -85 
* 96
* 16
fe=(104)
-50 48

fn=(5754)
321 14
cfn=(5756)
calls=2 143 
* 56
* 6

fn=(5916)
1128 88
+1 66
cfn=(5918)
calls=22 312 
* 132
* 44
cfn=(5920)
calls=22 2216 
* 946
* 44

fn=(5926)
1018 287
+1 123
fi=(117)
+40 164
fe=(104)
-40 246

fn=(6068)
143 24
fi=(62)
-55 3
fi=(63)
+80 3
fe=(104)
-20 9
cfn=(6070)
calls=3 -43 
* 36
+1 9

fn=(6086)
105 9
+1 18
+1 9

fn=(6090)
321 21
cfn=(6092)
calls=3 143 
* 84
* 9

fn=(6190) std::vector<std::__cxx11::regex_traits<char>::_RegexMask, std::allocator<std::__cxx11::regex_traits<char>::_RegexMask> >::end() const
1028 5166
+1 2214
fi=(117)
+30 2952
fe=(104)
-30 4428

fn=(6224)
160 21
fi=(105)
-21 24
fi=(62)
-47 3
fi=(63)
+81 3
fe=(104)
-12 9
fi=(105)
-22 3
fe=(104)
+22 9
cfn=(6226)
calls=3 -50 
* 87
+1 9

fn=(6490)
152 78
fi=(62)
-60 6
fi=(63)
+81 6
fe=(104)
-20 18
cfn=(6492)
calls=6 -48 
* 72
+1 18

fn=(6526) std::vector<std::__cxx11::sub_match<__gnu_cxx::__normal_iterator<char const*, std::__cxx11::basic_string<char, std::char_traits<char>, std::allocator<char> > > >, std::allocator<std::__cxx11::sub_match<__gnu_cxx::__normal_iterator<char const*, std::__cxx11::basic_string<char, std::char_traits<char>, std::allocator<char> > > > > >::assign(unsigned long, std::__cxx11::sub_match<__gnu_cxx::__normal_iterator<char const*, std::__cxx11::basic_string<char, std::char_traits<char>, std::allocator<char> > > > const&)
875 12
+1 12
cfi=(108)
cfn=(6528) std::vector<std::__cxx11::sub_match<__gnu_cxx::__normal_iterator<char const*, std::__cxx11::basic_string<char, std::char_traits<char>, std::allocator<char> > > >, std::allocator<std::__cxx11::sub_match<__gnu_cxx::__normal_iterator<char const*, std::__cxx11::basic_string<char, std::char_traits<char>, std::allocator<char> > > > > >::_M_fill_assign(unsigned long, std::__cxx11::sub_match<__gnu_cxx::__normal_iterator<char const*, std::__cxx11::basic_string<char, std::char_traits<char>, std::allocator<char> > > > const&)
calls=2 270 
* 2696
* 6

fn=(6532) std::vector<std::__cxx11::sub_match<__gnu_cxx::__normal_iterator<char const*, std::__cxx11::basic_string<char, std::char_traits<char>, std::allocator<char> > > >, std::allocator<std::__cxx11::sub_match<__gnu_cxx::__normal_iterator<char const*, std::__cxx11::basic_string<char, std::char_traits<char>, std::allocator<char> > > > > >::capacity() const
1208 18
+2 12
+1 18
-1 24
+2 6
+2 6
+1 12

fn=(6538)
2207 30
fi=(62)
92 2
fi=(63)
+81 2
fe=(104)
2209 6
cfn=(6540)
calls=2 +7 
* 86
* 4
fi=(63)
189 6
cfi=(62)
cfn=(6496)
calls=2 -85 
* 12
* 2
fe=(104)
2209 4
+3 2
+1 12

fn=(6544)
339 14
+1 10
cfn=(6490)
calls=2 152 
* 66
+1 10
cfn=(6546)
calls=2 +62 
* 957
* 8

fn=(6572)
119 24
+2 24
+1 24
+1 24
+1 18

fn=(6618)
384 10
+3 12
fi=(81)
614 12
cfi=(62)
cfn=(6620) std::__new_allocator<std::pair<__gnu_cxx::__normal_iterator<char const*, std::__cxx11::basic_string<char, std::char_traits<char>, std::allocator<char> > >, int> >::allocate(unsigned long, void const*)
calls=2 126 
* 424
* 4
fe=(104)
388 4

fn=(6686)
1280 465
+2 279
cfn=(5922)
calls=93 1117 
* 1488
* 651
+1 744
+1 186

fn=(6758)
1018 28
+1 12
fi=(117)
+40 16
fe=(104)
-40 24

fn=(6874)
373 8
+3 16
-1 14
cfn=(5988)
calls=2 +17 
* 293
+2 6
cfn=(6876)
calls=2 139 
* 38
* 6

fn=(7094)
2207 240
fi=(62)
92 16
fi=(63)
+81 16
fe=(104)
2209 48
cfn=(7096)
calls=16 +7 
* 688
* 32
fi=(63)
189 48
cfi=(62)
cfn=(7098)
calls=16 -85 
* 96
* 16
fe=(104)
2209 32
+3 16
+1 96

fn=(7134)
1117 301989936
+2 805306496
+1 100663312
+2 100663312
+1 201326624

fn=(7200)
105 3
+1 6
+1 3

fn=(7204)
384 5
+3 6
fi=(81)
614 6
cfi=(62)
cfn=(7206) std::__new_allocator<FilterPar::Pass1ThreadData>::allocate(unsigned long, void const*)
calls=1 126 
* 393
* 2
fe=(104)
388 2

fn=(7886)
373 4
+3 8
-1 7
cfn=(7888)
calls=1 +17 
* 103
+2 3
cfn=(7894)
calls=1 139 
* 19
* 3

fn=(7906)
392 96
+3 32
+1 96
fi=(81)
649 96
cfi=(62)
cfn=(7908) std::__new_allocator<float>::deallocate(float*, unsigned long)
calls=16 156 
* 1327
* 16
fe=(104)
397 48

fl=(105)
fn=(6274) std::enable_if<std::__and_<std::__not_<std::__is_tuple_like<std::_Any_data> >, std::is_move_constructible<std::_Any_data>, std::is_move_assignable<std::_Any_data> >::value, void>::type std::swap<std::_Any_data>(std::_Any_data&, std::_Any_data&)
227 40
-88 4
+96 24
-96 4
+97 20
-97 4
+98 20
+1 24

fn=(5764) std::enable_if<std::__and_<std::__not_<std::__is_tuple_like<std::locale> >, std::is_move_constructible<std::locale>, std::is_move_assignable<std::locale> >::value, void>::type std::swap<std::locale>(std::locale&, std::locale&)
227 20
-88 2
+96 8
cob=(7)
cfi=(14)
cfn=(5636)
calls=2 78 
* 14
* 2
* 4
-96 2
+97 8
cob=(7)
cfi=(14)
cfn=(4246)
calls=1 120 
* 14
cob=(1)
cfi=(1)
cfn=(4650)
calls=1 0 
* 800
* 6
-97 2
+98 8
cob=(7)
cfi=(14)
cfn=(4246)
calls=2 120 
* 28
* 2
+1 6
cob=(7)
cfi=(14)
cfn=(4248)
calls=2 91 
* 12
* 2
* 10

fn=(6276) std::enable_if<std::__and_<std::__not_<std::__is_tuple_like<bool (*)(std::_Any_data&, std::_Any_data const&, std::_Manager_operation)> >, std::is_move_constructible<bool (*)(std::_Any_data&, std::_Any_data const&, std::_Manager_operation)>, std::is_move_assignable<bool (*)(std::_Any_data&, std::_Any_data const&, std::_Manager_operation)> >::value, void>::type std::swap<bool (*)(std::_Any_data&, std::_Any_data const&, std::_Manager_operation)>(bool (*&)(std::_Any_data&, std::_Any_data const&, std::_Manager_operation), bool (*&)(std::_Any_data&, std::_Any_data const&, std::_Manager_operation))
227 40
-88 4
+96 16
-96 4
+97 12
-97 4
+98 12
+1 24

fn=(6434) std::enable_if<std::__and_<std::__not_<std::__is_tuple_like<std::__detail::_NFA<std::__cxx11::regex_traits<char> > const*> >, std::is_move_constructible<std::__detail::_NFA<std::__cxx11::regex_traits<char> > const*>, std::is_move_assignable<std::__detail::_NFA<std::__cxx11::regex_traits<char> > const*> >::value, void>::type std::swap<std::__detail::_NFA<std::__cxx11::regex_traits<char> > const*>(std::__detail::_NFA<std::__cxx11::regex_traits<char> > const*&, std::__detail::_NFA<std::__cxx11::regex_traits<char> > const*&)
227 20
-88 2
+96 8
-96 2
+97 6
-97 2
+98 6
+1 12

fn=(6278) std::enable_if<std::__and_<std::__not_<std::__is_tuple_like<bool (*)(std::_Any_data const&, char&&)> >, std::is_move_constructible<bool (*)(std::_Any_data const&, char&&)>, std::is_move_assignable<bool (*)(std::_Any_data const&, char&&)> >::value, void>::type std::swap<bool (*)(std::_Any_data const&, char&&)>(bool (*&)(std::_Any_data const&, char&&), bool (*&)(std::_Any_data const&, char&&))
227 40
-88 4
+96 16
-96 4
+97 12
-97 4
+98 12
+1 24

fl=(116) /usr/include/c++/15.1.1/bits/predefined_ops.h
fn=(6140) __gnu_cxx::__ops::__iter_equal_to_iter()
123 15

fn=(6134) __gnu_cxx::__ops::__iter_less_iter()
51 15

fn=(6168) __gnu_cxx::__ops::__iter_less_val()
75 3840

fl=(97) /usr/include/c++/15.1.1/bits/locale_classes.tcc
fn=(5644) std::ctype<char> const& std::use_facet<std::ctype<char> const>(std::locale const&)
220 8
+8 6
cfn=(5646) std::ctype<char> const* std::__try_use_facet<std::ctype<char> const>(std::locale const&)
calls=2 117 
* 884
* 6
+1 4
+2 4

fn=(5646)
117 8
+2 6
cob=(7)
cfi=(14)
cfn=(4128)
calls=1 507 
* 6
cob=(1)
cfi=(1)
cfn=(4650)
calls=1 0 
* 834
* 6
* 2
+1 8
+8 10
+44 4

fl=(59) /usr/include/c++/15.1.1/bits/char_traits.h
fn=(4696) std::char_traits<char>::copy(char*, char const*, unsigned long)
421 42
+2 14
+6 56
cob=(2)
cfi=(2)
cfn=(4702)
calls=6 0 
* 85
cob=(1)
cfi=(1)
cfn=(4650)
calls=1 0 
* 1074
* 11
* 7
+1 14

fn=(4720) std::char_traits<char>::assign(char&, char const&)
345 320
+7 320
+1 240

fn=(4642) std::char_traits<char>::length(char const*)
387 40
fi=(88) /usr/include/c++/15.1.1/x86_64-pc-linux-gnu/bits/c++config.h
589 10
fe=(59)
390 20
+3 30
cob=(2)
cfi=(2)
cfn=(4174)
calls=9 0 
* 126
cob=(1)
cfi=(1)
cfn=(4650)
calls=1 0 
* 890
* 14
* 10
+1 20

fn=(5586) std::char_traits<char>::compare(char const*, char const*, unsigned long)
368 24
+2 8
fi=(88)
589 4
fe=(59)
373 8
+10 24
cob=(2)
cfi=(2)
cfn=(4180)
calls=3 0 
* 30
cob=(1)
cfi=(1)
cfn=(4650)
calls=1 0 
* 921
* 8
* 4
+1 8

fn=(5044) std::char_traits<char>::eof()
460 4
+1 6

fl=(60)
fn=(6046) std::__cxx11::basic_string<char, std::char_traits<char>, std::allocator<char> >::_M_replace_aux(unsigned long, unsigned long, unsigned long, char)
481 40
+4 24
cfi=(57)
cfn=(6048) std::__cxx11::basic_string<char, std::char_traits<char>, std::allocator<char> >::_M_check_length(unsigned long, unsigned long, char const*) const
calls=4 -65 
* 584
+2 12
cfi=(57)
cfn=(4898) std::__cxx11::basic_string<char, std::char_traits<char>, std::allocator<char> >::size() const
calls=4 1163 
* 272
* 4
+1 20
+2 12
cfi=(57)
cfn=(5110) std::__cxx11::basic_string<char, std::char_traits<char>, std::allocator<char> >::capacity() const
calls=4 1277 
* 508
* 16
+2 12
cfi=(57)
cfn=(4690) std::__cxx11::basic_string<char, std::char_traits<char>, std::allocator<char> >::_M_data() const
calls=4 238 
* 28
* 12
+2 16
+1 8
+6 8
+1 16
cfi=(57)
cfn=(4690)
calls=4 238 
* 28
* 28
cfi=(57)
cfn=(6050) std::__cxx11::basic_string<char, std::char_traits<char>, std::allocator<char> >::_S_assign(char*, unsigned long, char)
calls=4 -34 
* 116
+2 20
cfi=(57)
cfn=(4716) std::__cxx11::basic_string<char, std::char_traits<char>, std::allocator<char> >::_M_set_length(unsigned long)
calls=4 270 
* 228
+1 4
+1 12

fn=(6828) std::__cxx11::basic_string<char, std::char_traits<char>, std::allocator<char> >::_M_construct<__gnu_cxx::__normal_iterator<char const*, std::__cxx11::basic_string<char, std::char_traits<char>, std::allocator<char> > > >(__gnu_cxx::__normal_iterator<char const*, std::__cxx11::basic_string<char, std::char_traits<char>, std::allocator<char> > >, __gnu_cxx::__normal_iterator<char const*, std::__cxx11::basic_string<char, std::char_traits<char>, std::allocator<char> > >, std::forward_iterator_tag)::_Guard::~_Guard()
248 33

fn=(5108)
335 84
+3 42
cfi=(57)
cfn=(5110)
calls=14 1277 
* 1778
* 14
+5 42
+3 84
cfn=(5112) std::__cxx11::basic_string<char, std::char_traits<char>, std::allocator<char> >::_M_create(unsigned long&, unsigned long)
calls=14 143 
* 6748
* 14
+1 42
cfi=(57)
cfn=(4896) std::__cxx11::basic_string<char, std::char_traits<char>, std::allocator<char> >::length() const
calls=14 1175 
* 1078
* 56
cfi=(57)
cfn=(4690)
calls=14 238 
* 98
* 84
cfi=(57)
cfn=(4694) std::__cxx11::basic_string<char, std::char_traits<char>, std::allocator<char> >::_S_copy(char*, char const*, unsigned long)
calls=14 448 
* 392
+1 42
cfi=(57)
cfn=(4790) std::__cxx11::basic_string<char, std::char_traits<char>, std::allocator<char> >::_M_dispose()
calls=14 -52 
* 910
+1 70
cfi=(57)
cfn=(5126) std::__cxx11::basic_string<char, std::char_traits<char>, std::allocator<char> >::_M_data(char*)
calls=14 228 
* 140
+1 70
cfi=(57)
cfn=(5128) std::__cxx11::basic_string<char, std::char_traits<char>, std::allocator<char> >::_M_capacity(unsigned long)
calls=14 -85 
* 140
* 14
+1 42

fn=(4686) void std::__cxx11::basic_string<char, std::char_traits<char>, std::allocator<char> >::_M_construct<char const*>(char const*, char const*, std::forward_iterator_tag)
227 52
fi=(145)
+15 4
fi=(146) /usr/include/c++/15.1.1/bits/stl_iterator_base_funcs.h
-89 16
-45 8
+46 4
fe=(60)
+77 4
+2 12
+2 6
cfn=(5112)
calls=1 -92 
* 903
* 5
cfi=(57)
cfn=(5126)
calls=1 -7 
* 10
+1 5
cfi=(57)
cfn=(5128)
calls=1 +29 
* 10
* 7
fi=(57)
378 3
fe=(60)
251 15
cfn=(4688) std::__cxx11::basic_string<char, std::char_traits<char>, std::allocator<char> >::_M_construct<char const*>(char const*, char const*, std::forward_iterator_tag)::_Guard::_Guard(std::__cxx11::basic_string<char, std::char_traits<char>, std::allocator<char> >*)
calls=3 -6 
* 30
* 5
cfn=(4688)
calls=1 -6 
* 10
+2 12
cfi=(57)
cfn=(4690)
calls=4 -15 
* 28
* 24
cfi=(57)
cfn=(4692) void std::__cxx11::basic_string<char, std::char_traits<char>, std::allocator<char> >::_S_copy_chars<char const*>(char*, char const*, char const*)
calls=4 483 
* 1317
+2 4
+2 20
cfi=(57)
cfn=(4716)
calls=4 +13 
* 228
+1 12
cfn=(4722) std::__cxx11::basic_string<char, std::char_traits<char>, std::allocator<char> >::_M_construct<char const*>(char const*, char const*, std::forward_iterator_tag)::_Guard::~_Guard()
calls=4 -10 
* 44
* 20

fn=(4722)
248 44

fn=(4904) void std::__cxx11::basic_string<char, std::char_traits<char>, std::allocator<char> >::_M_construct<true>(char const*, unsigned long)
286 10
+3 3
+3 2
fi=(57)
+86 1
fe=(60)
-80 5
cfi=(57)
cfn=(4690)
calls=1 -60 
* 7
* 6
cfi=(57)
cfn=(4694)
calls=1 448 
* 50
+2 5
cfi=(57)
cfn=(4718) std::__cxx11::basic_string<char, std::char_traits<char>, std::allocator<char> >::_M_length(unsigned long)
calls=1 -67 
* 10
+3 7

fn=(5112)
143 105
+5 75
cfi=(57)
cfn=(4900) std::__cxx11::basic_string<char, std::char_traits<char>, std::allocator<char> >::max_size() const
calls=15 1181 
* 780
* 60
+6 150
+10 90
cfi=(57)
cfn=(5114) std::__cxx11::basic_string<char, std::char_traits<char>, std::allocator<char> >::_M_get_allocator()
calls=15 359 
* 90
* 45
cfi=(57)
cfn=(5116) std::__cxx11::basic_string<char, std::char_traits<char>, std::allocator<char> >::_S_allocate(std::allocator<char>&, unsigned long)
calls=15 -24 
* 6211
+1 45

fn=(5980) std::__cxx11::basic_string<char, std::char_traits<char>, std::allocator<char> >::_M_assign(std::__cxx11::basic_string<char, std::char_traits<char>, std::allocator<char> > const&)
308 209
fi=(105)
53 19
fe=(60)
311 76
+2 57
cfi=(57)
cfn=(4896)
calls=19 1175 
* 1463
* 19
+1 57
cfi=(57)
cfn=(5110)
calls=19 1277 
* 2413
* 19
+2 57
+9 38
+1 45
cfi=(57)
cfn=(4690)
calls=15 -88 
* 105
* 60
cfi=(57)
cfn=(4690)
calls=15 -88 
* 105
* 90
cfi=(57)
cfn=(4694)
calls=15 448 
* 420
+2 95
cfi=(57)
cfn=(4716)
calls=19 -58 
* 1083
+2 133

fn=(4688)
245 40

fn=(6824) std::__cxx11::basic_string<char, std::char_traits<char>, std::allocator<char> >::_M_construct<__gnu_cxx::__normal_iterator<char const*, std::__cxx11::basic_string<char, std::char_traits<char>, std::allocator<char> > > >(__gnu_cxx::__normal_iterator<char const*, std::__cxx11::basic_string<char, std::char_traits<char>, std::allocator<char> > >, __gnu_cxx::__normal_iterator<char const*, std::__cxx11::basic_string<char, std::char_traits<char>, std::allocator<char> > >, std::forward_iterator_tag)::_Guard::_Guard(std::__cxx11::basic_string<char, std::char_traits<char>, std::allocator<char> >*)
245 30

fn=(6822) void std::__cxx11::basic_string<char, std::char_traits<char>, std::allocator<char> >::_M_construct<__gnu_cxx::__normal_iterator<char const*, std::__cxx11::basic_string<char, std::char_traits<char>, std::allocator<char> > > >(__gnu_cxx::__normal_iterator<char const*, std::__cxx11::basic_string<char, std::char_traits<char>, std::allocator<char> > >, __gnu_cxx::__normal_iterator<char const*, std::__cxx11::basic_string<char, std::char_traits<char>, std::allocator<char> > >, std::forward_iterator_tag)
227 39
fi=(145)
+15 21
fi=(117)
1166 3
1340 9
1166 3
1340 6
fi=(146)
108 3
+46 3
fe=(60)
+77 6
+2 9
+3 6
fi=(57)
378 3
fe=(60)
251 15
cfn=(6824)
calls=3 -6 
* 30
+2 9
cfi=(57)
cfn=(4690)
calls=3 -15 
* 21
* 18
cfi=(57)
cfn=(6826) void std::__cxx11::basic_string<char, std::char_traits<char>, std::allocator<char> >::_S_copy_chars<__gnu_cxx::__normal_iterator<char const*, std::__cxx11::basic_string<char, std::char_traits<char>, std::allocator<char> > > >(char*, __gnu_cxx::__normal_iterator<char const*, std::__cxx11::basic_string<char, std::char_traits<char>, std::allocator<char> > >, __gnu_cxx::__normal_iterator<char const*, std::__cxx11::basic_string<char, std::char_traits<char>, std::allocator<char> > >)
calls=3 483 
* 255
+2 3
+2 15
cfi=(57)
cfn=(4716)
calls=3 +13 
* 171
+1 9
cfn=(6828)
calls=3 -10 
* 33
* 15

fl=(91)
fn=(5780) std::enable_if<!std::__shared_ptr<std::__detail::_NFA<std::__cxx11::regex_traits<char> >, (__gnu_cxx::_Lock_policy)2>::__has_esft_base<std::__detail::_NFA<std::__cxx11::regex_traits<char> >, void>::value, void>::type std::__shared_ptr<std::__detail::_NFA<std::__cxx11::regex_traits<char> >, (__gnu_cxx::_Lock_policy)2>::_M_enable_shared_from_this_with<std::__detail::_NFA<std::__cxx11::regex_traits<char> >, std::__detail::_NFA<std::__cxx11::regex_traits<char> > >(std::__detail::_NFA<std::__cxx11::regex_traits<char> >*)
1772 8
+1 6

fn=(6510) std::__shared_ptr<std::__detail::_NFA<std::__cxx11::regex_traits<char> > const, (__gnu_cxx::_Lock_policy)2>::operator bool() const
1676 6
+1 12

fn=(6842) std::_Sp_counted_ptr_inplace<std::__detail::_NFA<std::__cxx11::regex_traits<char> >, std::allocator<void>, (__gnu_cxx::_Lock_policy)2>::_Impl::_M_alloc()
591 28
cfn=(6844) std::_Sp_ebo_helper<0, std::allocator<void>, true>::_S_get(std::_Sp_ebo_helper<0, std::allocator<void>, true>&)
calls=4 473 
* 24
* 8

fn=(5848) std::__shared_ptr_access<std::__detail::_NFA<std::__cxx11::regex_traits<char> >, (__gnu_cxx::_Lock_policy)2, false, false>::operator*() const
1357 72
+1 54
cfn=(5836) std::__shared_ptr_access<std::__detail::_NFA<std::__cxx11::regex_traits<char> >, (__gnu_cxx::_Lock_policy)2, false, false>::_M_get() const
calls=18 +11 
* 288
* 18
-14 90
+1 18
+13 36

fn=(5836)
1369 208
+1 156
cfn=(5838) std::__shared_ptr<std::__detail::_NFA<std::__cxx11::regex_traits<char> >, (__gnu_cxx::_Lock_policy)2>::get() const
calls=52 1672 
* 364
* 104

fn=(6436) std::__shared_ptr<std::__detail::_NFA<std::__cxx11::regex_traits<char> > const, (__gnu_cxx::_Lock_policy)2>::~__shared_ptr()
1531 48
cfn=(6438) std::__shared_count<(__gnu_cxx::_Lock_policy)2>::~__shared_count()
calls=6 1066 
* 4641
* 18

fn=(5616) std::__shared_ptr<std::__detail::_NFA<std::__cxx11::regex_traits<char> > const, (__gnu_cxx::_Lock_policy)2>::__shared_ptr()
1469 8
+1 12
cfn=(5618) std::__shared_count<(__gnu_cxx::_Lock_policy)2>::__shared_count()
calls=2 905 
* 16
+1 6

fn=(5726) std::_Sp_counted_base<(__gnu_cxx::_Lock_policy)2>::_Sp_counted_base()
128 6
+1 20

fn=(5730) std::_Sp_ebo_helper<0, std::allocator<void>, true>::_Sp_ebo_helper(std::allocator<void> const&)
469 14

fn=(6438)
1066 32
+2 32
+1 8
cfn=(6838) std::_Sp_counted_base<(__gnu_cxx::_Lock_policy)2>::_M_release()
calls=2 317 
* 4567
+1 24

fn=(6512)
1361 8
+3 6
cfn=(6514) std::__shared_ptr_access<std::__detail::_NFA<std::__cxx11::regex_traits<char> > const, (__gnu_cxx::_Lock_policy)2, false, false>::_M_get() const
calls=2 +5 
* 32
+1 4

fn=(6598) std::__shared_ptr_access<std::__detail::_NFA<std::__cxx11::regex_traits<char> > const, (__gnu_cxx::_Lock_policy)2, false, false>::operator*() const
1357 8
+1 6
cfn=(6514)
calls=2 +11 
* 32
* 2
-14 10
+1 2
+13 4

fn=(6838)
317 8
+3 2
+3 2
+4 2
+3 2
+1 2
+1 4
+1 6
+3 14
+6 12
+3 14
cfn=(6840) std::_Sp_counted_ptr_inplace<std::__detail::_NFA<std::__cxx11::regex_traits<char> >, std::allocator<void>, (__gnu_cxx::_Lock_policy)2>::_M_dispose()
calls=2 613 
* 4077
+1 14
cfn=(6900) std::_Sp_counted_ptr_inplace<std::__detail::_NFA<std::__cxx11::regex_traits<char> >, std::allocator<void>, (__gnu_cxx::_Lock_policy)2>::_M_destroy()
calls=2 620 
* 402
+1 2
+15 4

fn=(6840)
613 10
+2 6
cfn=(5732) std::_Sp_counted_ptr_inplace<std::__detail::_NFA<std::__cxx11::regex_traits<char> >, std::allocator<void>, (__gnu_cxx::_Lock_policy)2>::_M_ptr()
calls=2 +37 
* 50
* 10
cfn=(6842)
calls=2 -24 
* 30
* 4
fi=(81)
819 6
cfi=(102)
cfn=(6846)
calls=2 161 
* 3951
* 2
fe=(91)
616 8

fn=(5618)
905 30
+1 18

fn=(5674) std::__shared_ptr<std::__detail::_NFA<std::__cxx11::regex_traits<char> >, (__gnu_cxx::_Lock_policy)2>::__shared_ptr<std::allocator<void>, std::locale const&, std::regex_constants::syntax_option_type&>(std::_Sp_alloc_shared_tag<std::allocator<void> >, std::locale const&, std::regex_constants::syntax_option_type&)
1718 14
+1 12
fi=(105)
73 8
fe=(91)
1719 10
cfn=(5676) std::__shared_count<(__gnu_cxx::_Lock_policy)2>::__shared_count<std::__detail::_NFA<std::__cxx11::regex_traits<char> >, std::allocator<void>, std::locale const&, std::regex_constants::syntax_option_type&>(std::__detail::_NFA<std::__cxx11::regex_traits<char> >*&, std::_Sp_alloc_shared_tag<std::allocator<void> >, std::locale const&, std::regex_constants::syntax_option_type&)
calls=2 961 
* 2742
+1 12
cfn=(5780)
calls=2 +52 
* 14
* 6

fn=(6514)
1369 16
+1 12
cfn=(6516) std::__shared_ptr<std::__detail::_NFA<std::__cxx11::regex_traits<char> > const, (__gnu_cxx::_Lock_policy)2>::get() const
calls=4 1672 
* 28
* 8

fn=(5834) std::__shared_ptr_access<std::__detail::_NFA<std::__cxx11::regex_traits<char> >, (__gnu_cxx::_Lock_policy)2, false, false>::operator->() const
1361 136
+3 102
cfn=(5836)
calls=34 +5 
* 544
+1 68

fn=(6424) std::__shared_count<(__gnu_cxx::_Lock_policy)2>::_M_swap(std::__shared_count<(__gnu_cxx::_Lock_policy)2>&)
1095 24
+2 18
+1 24
+1 18
+1 18

fn=(6428) std::__shared_ptr<std::__detail::_NFA<std::__cxx11::regex_traits<char> > const, (__gnu_cxx::_Lock_policy)2>::operator=(std::__shared_ptr<std::__detail::_NFA<std::__cxx11::regex_traits<char> > const, (__gnu_cxx::_Lock_policy)2>&&)
1625 20
fi=(105)
139 2
fe=(91)
1627 8
cfn=(6430) std::__shared_ptr<std::__detail::_NFA<std::__cxx11::regex_traits<char> > const, (__gnu_cxx::_Lock_policy)2>::__shared_ptr(std::__shared_ptr<std::__detail::_NFA<std::__cxx11::regex_traits<char> > const, (__gnu_cxx::_Lock_policy)2>&&)
calls=2 -89 
* 100
* 10
cfn=(6432) std::__shared_ptr<std::__detail::_NFA<std::__cxx11::regex_traits<char> > const, (__gnu_cxx::_Lock_policy)2>::swap(std::__shared_ptr<std::__detail::_NFA<std::__cxx11::regex_traits<char> > const, (__gnu_cxx::_Lock_policy)2>&)
calls=2 +64 
* 132
* 6
cfn=(6436)
calls=2 -96 
* 44
+1 2
+1 10

fn=(6516)
1672 12
+1 16

fn=(5732)
652 48
cfi=(101)
cfn=(5734)
calls=6 119 
* 90
* 12

fn=(6478) std::__shared_ptr<std::__detail::_NFA<std::__cxx11::regex_traits<char> >, (__gnu_cxx::_Lock_policy)2>::~__shared_ptr()
1531 16
cfn=(6438)
calls=2 1066 
* 22
* 6

fn=(6844)
473 24

fn=(6900)
620 14
+2 8
cfn=(6842)
calls=2 -31 
* 30
* 6
fi=(62)
88 2
fi=(63)
+95 2
fe=(91)
623 12
cfi=(99)
cfn=(5718)
calls=2 53 
* 32
+1 6
cfn=(6902) std::_Sp_counted_ptr_inplace<std::__detail::_NFA<std::__cxx11::regex_traits<char> >, std::allocator<void>, (__gnu_cxx::_Lock_policy)2>::~_Sp_counted_ptr_inplace()
calls=2 -14 
* 44
+1 6
cfi=(99)
cfn=(5774)
calls=2 71 
* 208
fi=(63)
189 6
cfi=(62)
cfn=(5778) std::__new_allocator<std::_Sp_counted_ptr_inplace<std::__detail::_NFA<std::__cxx11::regex_traits<char> >, std::allocator<void>, (__gnu_cxx::_Lock_policy)2> >::~__new_allocator()
calls=2 -85 
* 12
* 2
fe=(91)
625 12

fn=(6904) std::_Sp_counted_base<(__gnu_cxx::_Lock_policy)2>::~_Sp_counted_base()
132 6
+1 12

fn=(5724) std::_Sp_counted_ptr_inplace<std::__detail::_NFA<std::__cxx11::regex_traits<char> >, std::allocator<void>, (__gnu_cxx::_Lock_policy)2>::_Sp_counted_ptr_inplace<std::locale const&, std::regex_constants::syntax_option_type&>(std::allocator<void>, std::locale const&, std::regex_constants::syntax_option_type&)
601 16
+1 6
cfn=(5726)
calls=2 128 
* 26
* 14
cfn=(5728) std::_Sp_counted_ptr_inplace<std::__detail::_NFA<std::__cxx11::regex_traits<char> >, std::allocator<void>, (__gnu_cxx::_Lock_policy)2>::_Impl::_Impl(std::allocator<void>)
calls=2 -13 
* 38
* 4
fi=(105)
73 8
fe=(91)
606 6
cfn=(5732)
calls=2 +46 
* 50
* 10
fi=(105)
73 8
fi=(81)
805 8
cfi=(102)
cfn=(5738)
calls=2 123 
* 1538
* 2
fe=(91)
608 12

fn=(5728)
589 18
cfn=(5730)
calls=2 469 
* 14
* 6

fn=(6432)
1691 10
+2 10
cfi=(105)
cfn=(6434)
calls=2 227 
* 58
+1 14
cfn=(6424)
calls=2 1095 
* 34
+1 6

fn=(6902)
610 20
cfn=(6904)
calls=2 132 
* 18
* 6

fn=(5676)
961 30
+5 8
fi=(62)
88 2
fi=(63)
+95 2
fe=(91)
967 10
cfi=(99)
cfn=(5678)
calls=2 100 
* 702
+1 6
cfi=(99)
cfn=(5720)
calls=2 88 
* 18
* 2
+1 8
cfi=(100)
cfn=(5722)
calls=2 208 
* 14
* 8
fi=(105)
73 8
fe=(91)
969 6
cfn=(5724)
calls=2 601 
* 1746
* 10
+2 8
cfi=(99)
cfn=(5772)
calls=2 79 
* 18
+1 6
+1 6
cfn=(5732)
calls=2 652 
* 50
* 4
+1 6
cfi=(99)
cfn=(5774)
calls=2 71 
* 22
fi=(63)
189 6
cfi=(62)
cfn=(5778)
calls=2 -85 
* 12
* 2
fe=(91)
974 22

fn=(5838)
1672 156
+1 208

fn=(6422) std::__shared_ptr<std::__detail::_NFA<std::__cxx11::regex_traits<char> > const, (__gnu_cxx::_Lock_policy)2>::__shared_ptr<std::__detail::_NFA<std::__cxx11::regex_traits<char> >, void>(std::__shared_ptr<std::__detail::_NFA<std::__cxx11::regex_traits<char> >, (__gnu_cxx::_Lock_policy)2>&&)
1546 10
+1 16
cfn=(5618)
calls=2 905 
* 16
+2 14
cfn=(6424)
calls=2 1095 
* 34
+1 4
+1 6

fn=(6430)
1538 10
+1 16
cfn=(5618)
calls=2 905 
* 16
+2 14
cfn=(6424)
calls=2 1095 
* 34
+1 4
+1 6

fl=(112)
fn=(6060)
44 15420

fl=(95) /usr/include/c++/15.1.1/bits/regex_scanner.tcc
fn=(5652) std::__detail::_Scanner<char>::_M_advance()
69 84
+3 126
+2 8
+1 4
+3 68
+1 51
cfn=(5654) std::__detail::_Scanner<char>::_M_scan_normal()
calls=17 +16 
* 6143
* 17
+9 42

fn=(6040) std::__detail::_Scanner<char>::_M_eat_escape_ecma()
309 15
+3 18
+3 21
+1 24
cfi=(98)
cfn=(5656)
calls=3 941 
* 90
* 12
cfi=(96) /usr/include/c++/15.1.1/bits/regex_scanner.h
cfn=(6042) std::__detail::_ScannerBase::_M_find_escape(char)
calls=3 115 
* 237
* 3
+2 6
+5 6
+5 6
+6 6
+7 6
+1 21
cfi=(57)
cfn=(6044) std::__cxx11::basic_string<char, std::char_traits<char>, std::allocator<char> >::assign(unsigned long, char)
calls=3 1862 
* 1797
* 3
+43 12

fn=(5638) std::__detail::_Scanner<char>::_Scanner(char const*, char const*, std::regex_constants::syntax_option_type, std::locale)
56 18
+8 10
cfi=(96)
cfn=(5640) std::__detail::_ScannerBase::_ScannerBase(std::regex_constants::syntax_option_type)
calls=2 +27 
* 410
-4 12
+1 6
cfi=(97)
cfn=(5644)
calls=2 220 
* 912
* 4
+3 8
cfi=(57)
cfn=(5544)
calls=2 585 
* 294
-2 6
cfi=(96)
cfn=(5642) std::__detail::_ScannerBase::_M_is_ecma() const
calls=2 +63 
* 42
+1 4
-1 12
+3 6
cfn=(5652)
calls=2 +4 
* 1192
* 8

fn=(5654)
95 68
+3 119
+2 119
cfi=(98)
cfn=(5656)
calls=17 941 
* 528
* 102
cob=(2)
cfi=(2)
cfn=(4996)
calls=16 0 
* 336
cob=(1)
cfi=(1)
cfn=(4650)
calls=1 0 
* 865
* 21
* 68
+2 2
+1 7
cfi=(57)
cfn=(6044)
calls=1 1862 
* 599
+1 1
+2 32
+2 18
+5 9
cfi=(96)
cfn=(6038) std::__detail::_ScannerBase::_M_is_basic() const
calls=3 +16 
* 99
* 3
+1 12
-1 6
+5 39
cfn=(6040)
calls=3 309 
* 2283
+1 3
+4 26
+2 9
cfi=(96)
cfn=(5642)
calls=3 * 
* 63
* 30
+27 15
cfi=(94)
cfn=(5630)
calls=3 +40 
* 24
* 12
+3 9
+2 20
+1 9
+1 14
+12 14
+5 35
+7 28
+2 14
+1 49
cfi=(98)
cfn=(5656)
calls=7 941 
* 168
* 7
+1 7
+1 84
+2 28
+1 7
-4 98
+13 34

fl=(94)
fn=(5630)
192 156
+2 78
+1 78

fn=(6646) std::regex_constants::operator&(std::regex_constants::match_flag_type, std::regex_constants::match_flag_type)
377 32
+2 16
+1 16

fn=(5628) std::regex_constants::operator|(std::regex_constants::syntax_option_type, std::regex_constants::syntax_option_type)
200 52
+2 26
+1 26

fl=(115) /usr/include/c++/15.1.1/bits/stl_algo.h
fn=(6142) __gnu_cxx::__normal_iterator<char*, std::vector<char, std::allocator<char> > > std::__unique<__gnu_cxx::__normal_iterator<char*, std::vector<char, std::allocator<char> > >, __gnu_cxx::__ops::_Iter_equal_to_iter>(__gnu_cxx::__normal_iterator<char*, std::vector<char, std::allocator<char> > >, __gnu_cxx::__normal_iterator<char*, std::vector<char, std::allocator<char> > >, __gnu_cxx::__ops::_Iter_equal_to_iter)
841 24
+4 15
cfn=(6144) __gnu_cxx::__normal_iterator<char*, std::vector<char, std::allocator<char> > > std::__adjacent_find<__gnu_cxx::__normal_iterator<char*, std::vector<char, std::allocator<char> > >, __gnu_cxx::__ops::_Iter_equal_to_iter>(__gnu_cxx::__normal_iterator<char*, std::vector<char, std::allocator<char> > >, __gnu_cxx::__normal_iterator<char*, std::vector<char, std::allocator<char> > >, __gnu_cxx::__ops::_Iter_equal_to_iter)
calls=3 -22 
* 81
* 9
fi=(117)
1166 3
+65 9
-65 3
+65 9
fe=(115)
846 6
+1 6
+9 15

fn=(6144)
823 30
fi=(117)
1166 3
+65 9
-65 3
+65 9
fe=(115)
826 6
+1 6
+9 15

fn=(6166) bool std::binary_search<__gnu_cxx::__normal_iterator<char const*, std::vector<char, std::allocator<char> > >, char>(__gnu_cxx::__normal_iterator<char const*, std::vector<char, std::allocator<char> > >, __gnu_cxx::__normal_iterator<char const*, std::vector<char, std::allocator<char> > >, char const&)
2195 6912
+12 768
cfi=(116)
cfn=(6168)
calls=768 75 
* 3840
-1 4608
cfi=(67)
cfn=(6170) __gnu_cxx::__normal_iterator<char const*, std::vector<char, std::allocator<char> > > std::__lower_bound<__gnu_cxx::__normal_iterator<char const*, std::vector<char, std::allocator<char> > >, char, __gnu_cxx::__ops::_Iter_less_val>(__gnu_cxx::__normal_iterator<char const*, std::vector<char, std::allocator<char> > >, __gnu_cxx::__normal_iterator<char const*, std::vector<char, std::allocator<char> > >, char const&, __gnu_cxx::__ops::_Iter_less_val)
calls=768 1496 
* 29952
* 2304
fi=(117)
1166 768
+81 2304
-81 768
+81 2304
fe=(115)
2208 2304
+1 3840

fn=(6132) void std::sort<__gnu_cxx::__normal_iterator<char*, std::vector<char, std::allocator<char> > > >(__gnu_cxx::__normal_iterator<char*, std::vector<char, std::allocator<char> > >, __gnu_cxx::__normal_iterator<char*, std::vector<char, std::allocator<char> > >)
4831 15
+10 3
cfi=(116)
cfn=(6134)
calls=3 51 
* 15
* 15
cfn=(6136) void std::__sort<__gnu_cxx::__normal_iterator<char*, std::vector<char, std::allocator<char> > >, __gnu_cxx::__ops::_Iter_less_iter>(__gnu_cxx::__normal_iterator<char*, std::vector<char, std::allocator<char> > >, __gnu_cxx::__normal_iterator<char*, std::vector<char, std::allocator<char> > >, __gnu_cxx::__ops::_Iter_less_iter)
calls=3 1901 
* 60
+1 9

fn=(6136)
1901 21
fi=(117)
1166 3
+81 9
-81 3
+81 9
fe=(115)
1904 6
+7 9

fn=(6138) __gnu_cxx::__normal_iterator<char*, std::vector<char, std::allocator<char> > > std::unique<__gnu_cxx::__normal_iterator<char*, std::vector<char, std::allocator<char> > > >(__gnu_cxx::__normal_iterator<char*, std::vector<char, std::allocator<char> > >, __gnu_cxx::__normal_iterator<char*, std::vector<char, std::allocator<char> > >)
875 15
+10 3
cfi=(116)
cfn=(6140)
calls=3 123 
* 15
-1 15
cfn=(6142)
calls=3 -43 
* 180
+2 6

fl=(118)
fn=(6740) std::_Function_handler<bool (char), std::__detail::_CharMatcher<std::__cxx11::regex_traits<char>, false, false> >::_M_invoke(std::_Any_data const&, char&&)
290 8
fi=(105)
73 1
fe=(118)
292 3
cfn=(6742) std::_Function_base::_Base_manager<std::__detail::_CharMatcher<std::__cxx11::regex_traits<char>, false, false> >::_M_get_pointer(std::_Any_data const&)
calls=1 136 
* 28
* 3
cfi=(124)
cfn=(6746)
calls=1 106 
* 61
+2 3

fn=(6858) std::_Function_handler<bool (char), std::__detail::_BracketMatcher<std::__cxx11::regex_traits<char>, false, false> >::_M_manager(std::_Any_data&, std::_Any_data const&, std::_Manager_operation)
269 21
+3 18
+12 18
cfn=(6860) std::_Function_base::_Base_manager<std::__detail::_BracketMatcher<std::__cxx11::regex_traits<char>, false, false> >::_M_manager(std::_Any_data&, std::_Any_data const&, std::_Manager_operation)
calls=3 182 
* 1545
+2 3
+1 9

fn=(6862) std::_Function_base::_Base_manager<std::__detail::_BracketMatcher<std::__cxx11::regex_traits<char>, false, false> >::_M_destroy(std::_Any_data&, std::integral_constant<bool, false>)
175 15
+2 9
cfn=(6252) std::__detail::_BracketMatcher<std::__cxx11::regex_traits<char>, false, false>*& std::_Any_data::_M_access<std::__detail::_BracketMatcher<std::__cxx11::regex_traits<char>, false, false>*>()
calls=3 -85 
* 45
* 15
cfi=(93)
cfn=(6288) std::__detail::_BracketMatcher<std::__cxx11::regex_traits<char>, false, false>::~_BracketMatcher()
calls=3 424 
* 1191
* 9
cob=(7)
cfi=(110)
cfn=(5996)
calls=3 32 
* 192
* 3
+1 12

fn=(6216) void std::_Function_base::_Base_manager<std::__detail::_BracketMatcher<std::__cxx11::regex_traits<char>, false, false> >::_M_create<std::__detail::_BracketMatcher<std::__cxx11::regex_traits<char>, false, false> >(std::_Any_data&, std::__detail::_BracketMatcher<std::__cxx11::regex_traits<char>, false, false>&&, std::integral_constant<bool, false>)
160 21
+3 6
cob=(7)
cfi=(72)
cfn=(5022)
calls=3 43 
* 434
* 3
* 9
fi=(105)
-90 3
fe=(118)
+90 9
cfi=(93)
cfn=(6218) std::__detail::_BracketMatcher<std::__cxx11::regex_traits<char>, false, false>::_BracketMatcher(std::__detail::_BracketMatcher<std::__cxx11::regex_traits<char>, false, false>&&)
calls=3 424 
* 1152
* 3
-1 9
cfn=(6252)
calls=3 -70 
* 45
+1 12
+1 18

fn=(6742)
136 4
+4 3
cfn=(6744) std::__detail::_CharMatcher<std::__cxx11::regex_traits<char>, false, false> const& std::_Any_data::_M_access<std::__detail::_CharMatcher<std::__cxx11::regex_traits<char>, false, false> >() const
calls=1 -43 
* 15
* 3
fi=(105)
-87 1
fe=(118)
+92 2

fn=(6866) std::_Function_base::_Base_manager<std::__detail::_CharMatcher<std::__cxx11::regex_traits<char>, false, false> >::_M_manager(std::_Any_data&, std::_Any_data const&, std::_Manager_operation)
182 7
+3 3
+20 3
cfn=(6868) std::_Function_base::_Base_manager<std::__detail::_CharMatcher<std::__cxx11::regex_traits<char>, false, false> >::_M_destroy(std::_Any_data&, std::integral_constant<bool, true>)
calls=1 -37 
* 25
+1 1
+2 1
+1 3

fn=(6868)
168 4
+2 3
cfn=(6870) std::__detail::_CharMatcher<std::__cxx11::regex_traits<char>, false, false>& std::_Any_data::_M_access<std::__detail::_CharMatcher<std::__cxx11::regex_traits<char>, false, false> >()
calls=1 -78 
* 15
+1 3

fn=(6870)
92 4
+1 3
cfn=(6254) std::_Any_data::_M_access()
calls=1 -6 
* 6
* 2

fn=(6214) void std::_Function_base::_Base_manager<std::__detail::_BracketMatcher<std::__cxx11::regex_traits<char>, false, false> >::_M_init_functor<std::__detail::_BracketMatcher<std::__cxx11::regex_traits<char>, false, false> >(std::_Any_data&, std::__detail::_BracketMatcher<std::__cxx11::regex_traits<char>, false, false>&&)
213 21
fi=(105)
73 3
fe=(118)
217 12
cfn=(6216)
calls=3 -57 
* 1724
+1 9

fn=(6254)
87 48

fn=(6264)
489 40
fi=(105)
139 4
fe=(118)
491 16
cfn=(6266)
calls=4 -85 
* 272
* 20
cfn=(6272) std::function<bool (char)>::swap(std::function<bool (char)>&)
calls=4 +67 
* 480
* 12
cfn=(6280)
calls=4 336 
* 84
+1 4
+1 20

fn=(6270) std::_Function_base::_M_empty() const
249 297

fn=(6706) std::_Function_handler<bool (char), std::__detail::_BracketMatcher<std::__cxx11::regex_traits<char>, false, false> >::_M_invoke(std::_Any_data const&, char&&)
290 96
fi=(105)
73 12
fe=(118)
292 36
cfn=(6708) std::_Function_base::_Base_manager<std::__detail::_BracketMatcher<std::__cxx11::regex_traits<char>, false, false> >::_M_get_pointer(std::_Any_data const&)
calls=12 136 
* 300
* 36
cfi=(124)
cfn=(6714)
calls=12 106 
* 1608
+2 36

fn=(6744)
97 4
+1 3
cfn=(6712) std::_Any_data::_M_access() const
calls=1 -10 
* 6
* 2

fn=(6212) bool std::_Function_base::_Base_manager<std::__detail::_BracketMatcher<std::__cxx11::regex_traits<char>, false, false> >::_M_not_empty_function<std::__detail::_BracketMatcher<std::__cxx11::regex_traits<char>, false, false> >(std::__detail::_BracketMatcher<std::__cxx11::regex_traits<char>, false, false> const&)
237 9
+1 9

fn=(6272)
558 20
+2 20
cfi=(105)
cfn=(6274)
calls=4 227 
* 140
+1 28
cfi=(105)
cfn=(6276)
calls=4 227 
* 116
+1 28
cfi=(105)
cfn=(6278)
calls=4 227 
* 116
+1 12

fn=(6282) std::_Function_base::~_Function_base()
243 112
+2 112
+1 32
cfn=(6864) std::_Function_handler<bool (char), std::__detail::_CharMatcher<std::__cxx11::regex_traits<char>, false, false> >::_M_manager(std::_Any_data&, std::_Any_data const&, std::_Manager_operation)
calls=1 +23 
* 66
cfn=(6858)
calls=3 +23 
* 1614
+1 84

fn=(6708)
136 48
+8 36
cfn=(6710) std::__detail::_BracketMatcher<std::__cxx11::regex_traits<char>, false, false>* const& std::_Any_data::_M_access<std::__detail::_BracketMatcher<std::__cxx11::regex_traits<char>, false, false>*>() const
calls=12 -47 
* 180
* 12
+1 24

fn=(6268) std::function<bool (char)>::operator bool() const
575 80
+1 60
cfn=(6270)
calls=20 249 
* 180
* 60

fn=(6280)
336 196
cfn=(6282)
calls=28 -93 
* 2020
* 84

fn=(6398) bool std::_Function_base::_Base_manager<std::__detail::_CharMatcher<std::__cxx11::regex_traits<char>, false, false> >::_M_not_empty_function<std::__detail::_CharMatcher<std::__cxx11::regex_traits<char>, false, false> >(std::__detail::_CharMatcher<std::__cxx11::regex_traits<char>, false, false> const&)
237 3
+1 3

fn=(6710)
97 48
+1 36
cfn=(6712)
calls=12 -10 
* 72
* 24

fn=(6712)
88 78

fn=(6252)
92 24
+1 18
cfn=(6254)
calls=6 -6 
* 36
* 12

fn=(6266)
406 100
+1 140
cfn=(6210) std::_Function_base::_Function_base()
calls=20 241 
* 220
* 80
+2 60
cfn=(6268)
calls=20 575 
* 380
* 40
+2 120
+1 80
+1 40
+1 40
+2 60

fn=(6860)
182 21
+3 9
+20 9
cfn=(6862)
calls=3 -30 
* 1491
+1 3
+2 3
+1 9

fn=(6208) std::function<bool (char)>::function<std::__detail::_BracketMatcher<std::__cxx11::regex_traits<char>, false, false>, void>(std::__detail::_BracketMatcher<std::__cxx11::regex_traits<char>, false, false>&&)
437 18
+2 21
cfn=(6210)
calls=3 241 
* 33
* 6
+10 9
cfn=(6212)
calls=3 237 
* 18
* 12
fi=(105)
73 3
fe=(118)
451 12
cfn=(6214)
calls=3 213 
* 1769
+2 9
+1 9
+2 15

fn=(6402) void std::_Function_base::_Base_manager<std::__detail::_CharMatcher<std::__cxx11::regex_traits<char>, false, false> >::_M_create<std::__detail::_CharMatcher<std::__cxx11::regex_traits<char>, false, false> >(std::_Any_data&, std::__detail::_CharMatcher<std::__cxx11::regex_traits<char>, false, false>&&, std::integral_constant<bool, true>)
152 6
+2 3
cfn=(6254)
calls=1 -67 
* 6
* 4
cfi=(100)
cfn=(5722)
calls=1 +54 
* 7
* 2
fi=(105)
-81 1
fe=(118)
+81 5
+1 4

fn=(6704)
589 78
+2 39
cfn=(6270)
calls=13 249 
* 117
* 26
+2 26
fi=(105)
73 13
fe=(118)
593 52
cfn=(6740)
calls=1 290 
* 107
cfn=(6706)
calls=12 290 
* 2124
+1 26

fn=(6210)
241 308

fn=(6260)
370 16
+1 28
cfn=(6210)
calls=4 241 
* 44
* 20

fn=(6396) std::function<bool (char)>::function<std::__detail::_CharMatcher<std::__cxx11::regex_traits<char>, false, false>, void>(std::__detail::_CharMatcher<std::__cxx11::regex_traits<char>, false, false>&&)
437 5
+2 7
cfn=(6210)
calls=1 241 
* 11
* 2
+10 3
cfn=(6398)
calls=1 237 
* 6
* 4
fi=(105)
73 1
fe=(118)
451 4
cfn=(6400) void std::_Function_base::_Base_manager<std::__detail::_CharMatcher<std::__cxx11::regex_traits<char>, false, false> >::_M_init_functor<std::__detail::_CharMatcher<std::__cxx11::regex_traits<char>, false, false> >(std::_Any_data&, std::__detail::_CharMatcher<std::__cxx11::regex_traits<char>, false, false>&&)
calls=1 213 
* 53
+2 3
+1 3
+2 3

fn=(6400)
213 7
fi=(105)
73 1
fe=(118)
217 4
cfn=(6402)
calls=1 -65 
* 38
+1 3

fn=(6864)
269 7
+3 6
+12 6
cfn=(6866)
calls=1 182 
* 43
+2 1
+1 3

fl=(119) /usr/include/c++/15.1.1/bits/regex_automaton.tcc
fn=(6412) std::__detail::_NFA<std::__cxx11::regex_traits<char> >::_M_eliminate_dummy()
178 14
+2 12
cfi=(104)
cfn=(5924)
calls=2 998 
* 38
* 10
cfi=(104)
cfn=(5926)
calls=2 1018 
* 40
* 4
fi=(117)
1090 28
fe=(119)
180 28
+2 28
+2 35
cfi=(104)
cfn=(5960)
calls=5 1261 
* 205
* 15
-2 349
cfi=(104)
cfn=(5960)
calls=31 1261 
* 1271
* 62
cfi=(103)
cfn=(5902)
calls=31 -14 
* 217
* 166
+3 84
cfi=(103)
cfn=(6416)
calls=28 -78 
* 495
* 56
+1 36
cfi=(104)
cfn=(5960)
calls=3 1261 
* 123
* 6
cfi=(103)
cfn=(5902)
calls=3 -18 
* 21
* 15
fi=(117)
1103 84
+1 84
+62 28
+81 84
-81 28
+81 84
fe=(119)
180 56
fi=(117)
1104 4
+62 2
+81 6
-81 2
+81 6
fe=(119)
180 4
+10 12

fl=(121)
fn=(6754)
194 8
+2 16
fi=(117)
1166 2
+65 6
-65 2
+65 6
fe=(121)
196 4
+1 10
cfi=(94)
cfn=(6646)
calls=2 377 
* 16
* 6
+5 4

fn=(6776)
52 16
cfi=(104)
cfn=(6778)
calls=2 800 
* 372
* 6
cfi=(104)
cfn=(6574)
calls=2 800 
* 380
* 6

fn=(6590)
69 28
+5 12
cfi=(104)
cfn=(6592)
calls=2 317 
* 54
* 8
cfi=(104)
cfn=(6486)
calls=2 572 
* 118
fi=(63)
189 6
cfi=(62)
cfn=(6496)
calls=2 -85 
* 12
* 2
fe=(121)
82 6
fi=(117)
1054 6
fe=(121)
75 6
+1 8
+1 6
+1 8
cfi=(91)
cfn=(6598)
calls=2 1357 
* 64
* 4
+1 6
+1 8
fi=(62)
+8 2
fi=(63)
+80 2
fe=(121)
-88 10
cfi=(104)
cfn=(5922)
calls=2 1117 
* 32
* 12
cfi=(104)
cfn=(6600)
calls=2 586 
* 2572
fi=(63)
189 6
cfi=(62)
cfn=(6606)
calls=2 -85 
* 12
* 2
fe=(121)
81 14
cfi=(104)
cfn=(5922)
calls=2 1117 
* 32
* 10
cfi=(103)
cfn=(5846)
calls=2 208 
* 14
* 8
cfn=(6644) std::__detail::_Executor<__gnu_cxx::__normal_iterator<char const*, std::__cxx11::basic_string<char, std::char_traits<char>, std::allocator<char> > >, std::allocator<std::__cxx11::sub_match<__gnu_cxx::__normal_iterator<char const*, std::__cxx11::basic_string<char, std::char_traits<char>, std::allocator<char> > > > >, std::__cxx11::regex_traits<char>, true>::_State_info<std::integral_constant<bool, true>, std::vector<std::__cxx11::sub_match<__gnu_cxx::__normal_iterator<char const*, std::__cxx11::basic_string<char, std::char_traits<char>, std::allocator<char> > > >, std::allocator<std::__cxx11::sub_match<__gnu_cxx::__normal_iterator<char const*, std::__cxx11::basic_string<char, std::char_traits<char>, std::allocator<char> > > > > > >::_State_info(long, unsigned long)
calls=2 278 
* 34
+1 6
+3 8
cfi=(94)
cfn=(6646)
calls=2 377 
* 16
* 8
+2 18

fn=(6648)
91 8
+2 8
+1 8
cfn=(6650) std::__detail::_Executor<__gnu_cxx::__normal_iterator<char const*, std::__cxx11::basic_string<char, std::char_traits<char>, std::allocator<char> > >, std::allocator<std::__cxx11::sub_match<__gnu_cxx::__normal_iterator<char const*, std::__cxx11::basic_string<char, std::char_traits<char>, std::allocator<char> > > > >, std::__cxx11::regex_traits<char>, true>::_M_main(std::__detail::_Executor<__gnu_cxx::__normal_iterator<char const*, std::__cxx11::basic_string<char, std::char_traits<char>, std::allocator<char> > >, std::allocator<std::__cxx11::sub_match<__gnu_cxx::__normal_iterator<char const*, std::__cxx11::basic_string<char, std::char_traits<char>, std::allocator<char> > > > >, std::__cxx11::regex_traits<char>, true>::_Match_mode)
calls=2 +55 
* 17274
+1 4

fn=(6650)
149 12
+1 10
cfi=(122)
cfn=(6652)
calls=2 -69 
* 17248
* 4

fn=(6654)
285 14

fn=(6644)
278 22
fi=(117)
1054 6
fe=(121)
279 6

fn=(6684)
282 294

fn=(6694)
167 14
+2 16
fi=(117)
1166 2
+65 6
-65 2
+65 6
fe=(121)
169 4
+3 10
cfi=(94)
cfn=(6646)
calls=2 377 
* 16
* 8
+3 10
cfi=(94)
cfn=(6646)
calls=2 377 
* 16
* 8
+10 4
+6 10

fl=(58)
fn=(4638) std::__ptr_traits_ptr_to<char*, char, false>::pointer_to(char&)
134 126
fi=(105)
-81 18
177 18
fe=(58)
-42 36

fn=(4796) std::__ptr_traits_ptr_to<char const*, char const, false>::pointer_to(char const&)
134 504
fi=(105)
-81 72
177 72
fe=(58)
-42 144

fl=(62)
fn=(4800)
104 252

fn=(5778)
104 24

fn=(5806) std::__new_allocator<std::__detail::_StateSeq<std::__cxx11::regex_traits<char> >*>::allocate(unsigned long, void const*)
126 16
233 2
-99 14
+17 8
cob=(7)
cfi=(72)
cfn=(5022)
calls=2 43 
* 249
* 2
* 2
+1 4

fn=(5990)
156 66
+16 110
cob=(7)
cfi=(110)
cfn=(5996)
calls=10 32 
* 719
cob=(1)
cfi=(1)
cfn=(4650)
calls=1 0 
* 824
* 15
+1 22

fn=(6878)
104 12

fn=(7908)
156 96
+16 96
cob=(7)
cfi=(110)
cfn=(5996)
calls=16 32 
* 1087
* 16
+1 32

fn=(8148) std::__new_allocator<char>::deallocate(char*, unsigned long)
156 6
+16 5
cob=(7)
cfi=(110)
cfn=(5996)
calls=1 32 
* 64
* 1
+1 2

fn=(5818) std::__new_allocator<std::__detail::_StateSeq<std::__cxx11::regex_traits<char> >*>::~__new_allocator()
104 24

fn=(5826) std::__new_allocator<std::__detail::_StateSeq<std::__cxx11::regex_traits<char> > >::allocate(unsigned long, void const*)
126 16
233 2
-99 14
+17 14
cob=(7)
cfi=(72)
cfn=(5022)
calls=2 43 
* 246
* 2
* 2
+1 4

fn=(6796)
156 24
+16 40
cob=(7)
cfi=(110)
cfn=(5996)
calls=4 32 
* 256
* 4
+1 8

fn=(6550)
126 32
233 4
-99 28
+17 28
cob=(7)
cfi=(72)
cfn=(5022)
calls=4 43 
* 1182
* 4
* 4
+1 8

fn=(6788)
156 12
+16 14
cob=(7)
cfi=(110)
cfn=(5996)
calls=2 32 
* 128
* 2
+1 4

fn=(7112)
126 128
233 16
-99 112
+17 64
cob=(7)
cfi=(72)
cfn=(5022)
calls=16 43 
* 5321
* 16
* 16
+1 32

fn=(7206)
126 8
233 1
-99 7
+17 4
cob=(7)
cfi=(72)
cfn=(5022)
calls=1 43 
* 369
* 1
* 1
+1 2

fn=(6054)
156 30
+16 30
cob=(7)
cfi=(110)
cfn=(5996)
calls=5 32 
* 320
* 5
+1 10

fn=(6606)
104 36

fn=(6894)
104 30

fn=(7734)
104 18

fn=(7944)
156 6
+16 6
cob=(7)
cfi=(110)
cfn=(5996)
calls=1 32 
* 64
* 1
+1 2

fn=(6322)
104 36

fn=(6464) std::__new_allocator<std::__detail::_StateSeq<std::__cxx11::regex_traits<char> >*>::deallocate(std::__detail::_StateSeq<std::__cxx11::regex_traits<char> >**, unsigned long)
156 12
+16 12
cob=(7)
cfi=(110)
cfn=(5996)
calls=2 32 
* 128
* 2
+1 4

fn=(6496)
104 72

fn=(6620)
126 16
233 2
-99 14
+17 8
cob=(7)
cfi=(72)
cfn=(5022)
calls=2 43 
* 376
* 2
* 2
+1 4

fn=(7890)
156 6
+16 6
cob=(7)
cfi=(110)
cfn=(5996)
calls=1 32 
* 64
* 1
+1 2

fn=(5680)
126 16
233 2
-99 14
+17 8
cob=(7)
cfi=(72)
cfn=(5022)
calls=2 43 
* 574
* 2
* 2
+1 4

fn=(7926)
156 6
+16 6
cob=(7)
cfi=(110)
cfn=(5996)
calls=1 32 
* 64
* 1
+1 2

fn=(6304)
104 36

fn=(6340)
104 36

fn=(6458) std::__new_allocator<std::__detail::_StateSeq<std::__cxx11::regex_traits<char> > >::deallocate(std::__detail::_StateSeq<std::__cxx11::regex_traits<char> >*, unsigned long)
156 12
+16 20
cob=(7)
cfi=(110)
cfn=(5996)
calls=2 32 
* 128
* 2
+1 4

fn=(7098)
104 288

fn=(7748)
126 8
233 1
-99 7
+17 4
cob=(7)
cfi=(72)
cfn=(5022)
calls=1 43 
* 255
* 1
* 1
+1 2

fn=(5118) std::__new_allocator<char>::allocate(unsigned long, void const*)
126 120
233 15
-99 105
+17 45
cob=(7)
cfi=(72)
cfn=(5022)
calls=14 43 
* 4709
cob=(1)
cfi=(1)
cfn=(4651) 0x0000000000012dc0'2
calls=1 0 
* 853
* 19
* 15
+1 30

fn=(5930)
126 88
233 11
-99 77
+17 77
cob=(7)
cfi=(72)
cfn=(5022)
calls=11 43 
* 1582
* 11
* 11
+1 22

fn=(6472) std::__new_allocator<std::__detail::_StateSeq<std::__cxx11::regex_traits<char> > >::~__new_allocator()
104 12

fn=(7026)
104 18

fn=(7040)
126 8
233 1
-99 7
+17 4
cob=(7)
cfi=(72)
cfn=(5022)
calls=1 43 
* 251
* 1
* 1
+1 2

fn=(5874)
126 40
233 5
-99 35
+17 20
cob=(7)
cfi=(72)
cfn=(5022)
calls=5 43 
* 553
* 5
* 5
+1 10

fn=(6906)
156 12
+16 12
cob=(7)
cfi=(110)
cfn=(5996)
calls=2 32 
* 128
* 2
+1 4

fn=(7192)
104 18

fl=(125) /usr/include/c++/15.1.1/bits/cpp_type_traits.h
fn=(7158) float* std::__miter_base<float*>(float*)
698 1080
+1 1080

fn=(7148) float const* std::__miter_base<float const*>(float const*)
698 36864
+1 36864

fn=(6764) __gnu_cxx::__normal_iterator<std::__cxx11::sub_match<__gnu_cxx::__normal_iterator<char const*, std::__cxx11::basic_string<char, std::char_traits<char>, std::allocator<char> > > > const*, std::vector<std::__cxx11::sub_match<__gnu_cxx::__normal_iterator<char const*, std::__cxx11::basic_string<char, std::char_traits<char>, std::allocator<char> > > >, std::allocator<std::__cxx11::sub_match<__gnu_cxx::__normal_iterator<char const*, std::__cxx11::basic_string<char, std::char_traits<char>, std::allocator<char> > > > > > > std::__miter_base<__gnu_cxx::__normal_iterator<std::__cxx11::sub_match<__gnu_cxx::__normal_iterator<char const*, std::__cxx11::basic_string<char, std::char_traits<char>, std::allocator<char> > > > const*, std::vector<std::__cxx11::sub_match<__gnu_cxx::__normal_iterator<char const*, std::__cxx11::basic_string<char, std::char_traits<char>, std::allocator<char> > > >, std::allocator<std::__cxx11::sub_match<__gnu_cxx::__normal_iterator<char const*, std::__cxx11::basic_string<char, std::char_traits<char>, std::allocator<char> > > > > > > >(__gnu_cxx::__normal_iterator<std::__cxx11::sub_match<__gnu_cxx::__normal_iterator<char const*, std::__cxx11::basic_string<char, std::char_traits<char>, std::allocator<char> > > > const*, std::vector<std::__cxx11::sub_match<__gnu_cxx::__normal_iterator<char const*, std::__cxx11::basic_string<char, std::char_traits<char>, std::allocator<char> > > >, std::allocator<std::__cxx11::sub_match<__gnu_cxx::__normal_iterator<char const*, std::__cxx11::basic_string<char, std::char_traits<char>, std::allocator<char> > > > > > >)
698 12
+1 12

fl=(55)
fn=(8244) 0x0000000000006640
0 9
cob=(2)
cfi=(2)
cfn=(8250)
calls=1 0 
0 98
0 1
cfn=(8262) 0x00000000000065d0
calls=1 0 
0 5
0 3

fn=(8262)
0 5

fn=(4610)
0 12

fn=(4602) (below main)
0 12
cob=(2)
cfi=(2)
cfn=(4604)
calls=1 0 
0 1836995916

fl=(93)
fn=(5626) std::__detail::_Compiler<std::__cxx11::regex_traits<char> >::_S_validate(std::regex_constants::syntax_option_type)
179 8
+3 6
cfi=(94)
cfn=(5628)
calls=2 +18 
* 16
* 6
cfi=(94)
cfn=(5628)
calls=2 +18 
* 16
* 6
cfi=(94)
cfn=(5628)
calls=2 +18 
* 16
* 6
cfi=(94)
cfn=(5628)
calls=2 +18 
* 16
* 6
cfi=(94)
cfn=(5628)
calls=2 +18 
* 16
* 10
cfi=(94)
cfn=(5630)
calls=2 +10 
* 16
* 48
+8 4
+6 4

fn=(6062) std::__detail::_BracketMatcher<std::__cxx11::regex_traits<char>, false, false>::_BracketMatcher(bool, std::__cxx11::regex_traits<char> const&)
434 21
+3 9
cfi=(104)
cfn=(6064)
calls=3 561 
* 144
* 12
cfi=(104)
cfn=(6072)
calls=3 561 
* 144
* 12
cfi=(104)
cfn=(6080)
calls=3 561 
* 144
* 12
cfi=(104)
cfn=(6088)
calls=3 561 
* 144
-1 18
cfi=(89)
cfn=(6096) std::__cxx11::regex_traits<char>::_RegexMask::_RegexMask(unsigned short, unsigned char)
calls=3 115 
* 51
* 18
cfn=(6098) std::__detail::_RegexTranslator<std::__cxx11::regex_traits<char>, false, false>::_RegexTranslator(std::__cxx11::regex_traits<char> const&)
calls=3 326 
* 21
* 9
+1 21
cfi=(113) /usr/include/c++/15.1.1/bitset
cfn=(6100) std::bitset<256ul>::bitset()
calls=3 941 
* 60
+1 9

fn=(6288)
424 48
cfi=(104)
cfn=(6290)
calls=6 800 
* 558
* 24
cfi=(104)
cfn=(6308)
calls=6 800 
* 558
* 24
cfi=(104)
cfn=(6326)
calls=6 800 
* 594
* 18
cfi=(104)
cfn=(6344)
calls=6 800 
* 540
* 18

fn=(6720) std::__detail::_BracketMatcher<std::__cxx11::regex_traits<char>, false, false>::_M_apply(char, std::integral_constant<bool, true>) const
537 72
+1 84
cfi=(113)
cfn=(6722) std::bitset<256ul>::operator[](unsigned long) const
calls=12 1261 
* 864
* 24

fn=(6022) std::__detail::_Compiler<std::__cxx11::regex_traits<char> >::_M_pop()
171 150
+2 120
cfi=(106) /usr/include/c++/15.1.1/bits/stl_stack.h
cfn=(6024) std::stack<std::__detail::_StateSeq<std::__cxx11::regex_traits<char> >, std::deque<std::__detail::_StateSeq<std::__cxx11::regex_traits<char> >, std::allocator<std::__detail::_StateSeq<std::__cxx11::regex_traits<char> > > > >::top()
calls=30 +85 
* 5070
* 240
+1 120
cfi=(106)
cfn=(6028) std::stack<std::__detail::_StateSeq<std::__cxx11::regex_traits<char> >, std::deque<std::__detail::_StateSeq<std::__cxx11::regex_traits<char> >, std::allocator<std::__detail::_StateSeq<std::__cxx11::regex_traits<char> > > > >::pop()
calls=30 331 
* 3720
+1 30
+1 90

fn=(6126) std::__detail::_BracketMatcher<std::__cxx11::regex_traits<char>, false, false>::_M_ready()
510 24
+2 9
cfi=(104)
cfn=(6128)
calls=3 1018 
* 60
* 12
cfi=(104)
cfn=(6130)
calls=3 998 
* 57
* 9
cfi=(115)
cfn=(6132)
calls=3 4831 
* 117
+1 9
cfi=(104)
cfn=(6128)
calls=3 1018 
* 60
* 12
cfi=(104)
cfn=(6130)
calls=3 998 
* 57
* 9
cfi=(115)
cfn=(6138)
calls=3 875 
* 234
* 3
+1 12
cfi=(104)
cfn=(6128)
calls=3 1018 
* 60
* 9
fi=(117)
1166 3
-84 15
+84 3
-84 9
fe=(93)
514 15
cfi=(104)
cfn=(6146)
calls=3 1820 
* 396
+1 9
cfn=(6152) std::__detail::_BracketMatcher<std::__cxx11::regex_traits<char>, false, false>::_M_make_cache(std::integral_constant<bool, true>)
calls=3 +26 
* 499584
+2 21

fn=(6718)
441 72
+3 60
cfn=(6720)
calls=12 +93 
* 1044
+1 24

fn=(6160) std::__detail::_RegexTranslator<std::__cxx11::regex_traits<char>, false, false>::_M_translate(char) const
330 3850
+1 2310

fn=(6172) std::__detail::_RegexTranslator<std::__cxx11::regex_traits<char>, false, false>::_M_transform(char) const
334 3840
+1 2304

fn=(6218)
424 30
cfi=(104)
cfn=(6220)
calls=3 650 
* 246
* 21
cfi=(104)
cfn=(6228)
calls=3 650 
* 246
* 21
cfi=(104)
cfn=(6236)
calls=3 650 
* 246
* 21
cfi=(104)
cfn=(6244)
calls=3 650 
* 246
* 75

fn=(6418) std::__detail::_Compiler<std::__cxx11::regex_traits<char> >::_M_get_nfa()
68 10
+1 6
fi=(105)
+70 2
fe=(93)
-70 8
cfi=(90)
cfn=(6420) std::shared_ptr<std::__detail::_NFA<std::__cxx11::regex_traits<char> > const>::shared_ptr<std::__detail::_NFA<std::__cxx11::regex_traits<char> >, void>(std::shared_ptr<std::__detail::_NFA<std::__cxx11::regex_traits<char> > >&&)
calls=2 367 
* 130
* 6

fn=(6442) std::__detail::_Compiler<std::__cxx11::regex_traits<char> >::~_Compiler()
57 16
cfi=(106)
cfn=(6444) std::stack<std::__detail::_StateSeq<std::__cxx11::regex_traits<char> >, std::deque<std::__detail::_StateSeq<std::__cxx11::regex_traits<char> >, std::allocator<std::__detail::_StateSeq<std::__cxx11::regex_traits<char> > > > >::~stack()
calls=2 +50 
* 962
* 8
cfi=(57)
cfn=(4788)
calls=2 895 
* 194
* 8
cfi=(90)
cfn=(6476) std::shared_ptr<std::__detail::_NFA<std::__cxx11::regex_traits<char> > >::~shared_ptr()
calls=2 175 
* 64
* 8
cfi=(96)
cfn=(6480) std::__detail::_Scanner<char>::~_Scanner()
calls=2 210 
* 216
* 6

fn=(6098)
326 16
+1 12

fn=(6104) std::__detail::_BracketMatcher<std::__cxx11::regex_traits<char>, false, false>::_M_add_character_class(std::__cxx11::basic_string<char, std::char_traits<char>, std::allocator<char> > const&, bool)
483 36
+2 6
+1 9
cfi=(57)
cfn=(5584) std::__cxx11::basic_string<char, std::char_traits<char>, std::allocator<char> >::data() const
calls=3 2886 
* 48
* 12
cfi=(57)
cfn=(4898)
calls=3 1163 
* 204
-1 12
cfi=(57)
cfn=(5584)
calls=3 2886 
* 48
* 15
cfi=(114)
cfn=(6106)
calls=3 278 
* 2898
* 3
+3 15
cfi=(89)
cfn=(6096)
calls=3 115 
* 51
* 15
cfi=(89)
cfn=(6120) std::__cxx11::regex_traits<char>::_RegexMask::operator==(std::__cxx11::regex_traits<char>::_RegexMask) const
calls=3 158 
* 60
* 6
+3 12
+1 18
cfi=(89)
cfn=(6122) std::__cxx11::regex_traits<char>::_RegexMask::operator|=(std::__cxx11::regex_traits<char>::_RegexMask)
calls=3 150 
* 210
+4 30

fn=(6394) std::__detail::_CharMatcher<std::__cxx11::regex_traits<char>, false, false>::_CharMatcher(char, std::__cxx11::regex_traits<char> const&)
410 7
+1 5
cfn=(6098)
calls=1 -85 
* 7
* 5
cfn=(6160)
calls=1 -81 
* 8
* 2
+1 3

fn=(6750)
415 7
+1 7
cfn=(6160)
calls=1 -86 
* 8
* 5

fn=(6152)
541 24
+2 6
+1 4608
cfi=(92) /usr/include/c++/15.1.1/bits/regex_compiler.tcc
cfn=(6156) std::__detail::_BracketMatcher<std::__cxx11::regex_traits<char>, false, false>::_M_apply(char, std::integral_constant<bool, false>) const
calls=768 +56 
* 384288
* 6144
cfi=(113)
cfn=(6192) std::bitset<256ul>::operator[](unsigned long)
calls=768 1257 
* 48384
* 3072
cfi=(113)
cfn=(6202) std::bitset<256ul>::reference::operator=(bool)
calls=768 896 
* 33792
* 2304
cfi=(113)
cfn=(6206) std::bitset<256ul>::reference::~reference()
calls=768 890 
* 4608
-1 4608
cfi=(113)
cfn=(6154) std::bitset<256ul>::size() const
calls=768 1376 
* 4608
* 15
cfi=(113)
cfn=(6154)
calls=3 1376 
* 18
* 3084
+2 21

fl=(100)
fn=(5722)
208 1428

fl=(107) /usr/include/c++/15.1.1/bits/stl_deque.h
fn=(5792) std::_Deque_iterator<std::__detail::_StateSeq<std::__cxx11::regex_traits<char> >, std::__detail::_StateSeq<std::__cxx11::regex_traits<char> >&, std::__detail::_StateSeq<std::__cxx11::regex_traits<char> >*>::_Deque_iterator()
154 12
+1 44

fn=(5822) std::_Deque_base<std::__detail::_StateSeq<std::__cxx11::regex_traits<char> >, std::allocator<std::__detail::_StateSeq<std::__cxx11::regex_traits<char> > > >::_M_create_nodes(std::__detail::_StateSeq<std::__cxx11::regex_traits<char> >**, std::__detail::_StateSeq<std::__cxx11::regex_traits<char> >**)
680 14
+6 6
+1 6
cfn=(5824) std::_Deque_base<std::__detail::_StateSeq<std::__cxx11::regex_traits<char> >, std::allocator<std::__detail::_StateSeq<std::__cxx11::regex_traits<char> > > >::_M_allocate_node()
calls=2 583 
* 358
* 4
-1 14
+8 8

fn=(6030) std::deque<std::__detail::_StateSeq<std::__cxx11::regex_traits<char> >, std::allocator<std::__detail::_StateSeq<std::__cxx11::regex_traits<char> > > >::pop_back()
1664 150
+2 90
cfn=(6010) std::deque<std::__detail::_StateSeq<std::__cxx11::regex_traits<char> >, std::allocator<std::__detail::_StateSeq<std::__cxx11::regex_traits<char> > > >::empty() const
calls=30 1414 
* 750
* 150
+1 60
+1 60
-1 60
+3 150
+2 60
-1 90
cfn=(6032) std::_Deque_base<std::__detail::_StateSeq<std::__cxx11::regex_traits<char> >, std::allocator<std::__detail::_StateSeq<std::__cxx11::regex_traits<char> > > >::_M_get_Tp_allocator()
calls=30 571 
* 180
* 180
fi=(62)
198 30
fi=(81)
700 30
fe=(107)
1676 120

fn=(6448) std::deque<std::__detail::_StateSeq<std::__cxx11::regex_traits<char> >, std::allocator<std::__detail::_StateSeq<std::__cxx11::regex_traits<char> > > >::begin()
1213 10
+1 12
cfn=(6016) std::_Deque_iterator<std::__detail::_StateSeq<std::__cxx11::regex_traits<char> >, std::__detail::_StateSeq<std::__cxx11::regex_traits<char> >&, std::__detail::_StateSeq<std::__cxx11::regex_traits<char> >*>::_Deque_iterator(std::_Deque_iterator<std::__detail::_StateSeq<std::__cxx11::regex_traits<char> >, std::__detail::_StateSeq<std::__cxx11::regex_traits<char> >&, std::__detail::_StateSeq<std::__cxx11::regex_traits<char> >*> const&)
calls=2 171 
* 46
* 6

fn=(6450) std::deque<std::__detail::_StateSeq<std::__cxx11::regex_traits<char> >, std::allocator<std::__detail::_StateSeq<std::__cxx11::regex_traits<char> > > >::_M_destroy_data(std::_Deque_iterator<std::__detail::_StateSeq<std::__cxx11::regex_traits<char> >, std::__detail::_StateSeq<std::__cxx11::regex_traits<char> >&, std::__detail::_StateSeq<std::__cxx11::regex_traits<char> >*>, std::_Deque_iterator<std::__detail::_StateSeq<std::__cxx11::regex_traits<char> >, std::__detail::_StateSeq<std::__cxx11::regex_traits<char> >&, std::__detail::_StateSeq<std::__cxx11::regex_traits<char> >*>, std::allocator<std::__detail::_StateSeq<std::__cxx11::regex_traits<char> > > const&)
2200 20
+5 12

fn=(6462) std::_Deque_base<std::__detail::_StateSeq<std::__cxx11::regex_traits<char> >, std::allocator<std::__detail::_StateSeq<std::__cxx11::regex_traits<char> > > >::_M_deallocate_map(std::__detail::_StateSeq<std::__cxx11::regex_traits<char> >**, unsigned long)
604 18
+2 10
cfn=(5802) std::_Deque_base<std::__detail::_StateSeq<std::__cxx11::regex_traits<char> >, std::allocator<std::__detail::_StateSeq<std::__cxx11::regex_traits<char> > > >::_M_get_map_allocator() const
calls=2 -27 
* 50
* 8
fi=(81)
+43 12
cfi=(62)
cfn=(6464)
calls=2 156 
* 158
* 2
fi=(63)
189 6
cfi=(62)
cfn=(5818)
calls=2 -85 
* 12
* 2
fe=(107)
608 12

fn=(5788) std::_Deque_base<std::__detail::_StateSeq<std::__cxx11::regex_traits<char> >, std::allocator<std::__detail::_StateSeq<std::__cxx11::regex_traits<char> > > >::_Deque_impl::_Deque_impl()
548 16
fi=(62)
88 2
fi=(63)
+80 2
fe=(107)
550 6
cfn=(5790) std::_Deque_base<std::__detail::_StateSeq<std::__cxx11::regex_traits<char> >, std::allocator<std::__detail::_StateSeq<std::__cxx11::regex_traits<char> > > >::_Deque_impl_data::_Deque_impl_data()
calls=2 -31 
* 94
+1 6

fn=(6018) std::_Deque_iterator<std::__detail::_StateSeq<std::__cxx11::regex_traits<char> >, std::__detail::_StateSeq<std::__cxx11::regex_traits<char> >&, std::__detail::_StateSeq<std::__cxx11::regex_traits<char> >*>::operator--()
213 172
+2 258
+5 215
+1 43
+1 86

fn=(6020) std::_Deque_iterator<std::__detail::_StateSeq<std::__cxx11::regex_traits<char> >, std::__detail::_StateSeq<std::__cxx11::regex_traits<char> >&, std::__detail::_StateSeq<std::__cxx11::regex_traits<char> >*>::operator*() const
184 129
+1 172

fn=(5802)
579 20
+1 12
cfn=(5804) std::_Deque_base<std::__detail::_StateSeq<std::__cxx11::regex_traits<char> >, std::allocator<std::__detail::_StateSeq<std::__cxx11::regex_traits<char> > > >::_M_get_Tp_allocator() const
calls=4 -5 
* 24
* 20
fi=(62)
88 4
fi=(63)
+95 4
fe=(107)
580 16

fn=(6010)
1414 552
+1 966
cfn=(6012) std::operator==(std::_Deque_iterator<std::__detail::_StateSeq<std::__cxx11::regex_traits<char> >, std::__detail::_StateSeq<std::__cxx11::regex_traits<char> >&, std::__detail::_StateSeq<std::__cxx11::regex_traits<char> >*> const&, std::_Deque_iterator<std::__detail::_StateSeq<std::__cxx11::regex_traits<char> >, std::__detail::_StateSeq<std::__cxx11::regex_traits<char> >&, std::__detail::_StateSeq<std::__cxx11::regex_traits<char> >*> const&)
calls=138 275 
* 1656
* 276

fn=(6032)
571 96
+1 96

fn=(6454) std::_Deque_base<std::__detail::_StateSeq<std::__cxx11::regex_traits<char> >, std::allocator<std::__detail::_StateSeq<std::__cxx11::regex_traits<char> > > >::_M_destroy_nodes(std::__detail::_StateSeq<std::__cxx11::regex_traits<char> >**, std::__detail::_StateSeq<std::__cxx11::regex_traits<char> >**)
698 12
+4 6
+1 12
cfn=(6456) std::_Deque_base<std::__detail::_StateSeq<std::__cxx11::regex_traits<char> >, std::allocator<std::__detail::_StateSeq<std::__cxx11::regex_traits<char> > > >::_M_deallocate_node(std::__detail::_StateSeq<std::__cxx11::regex_traits<char> >*)
calls=2 590 
* 232
-1 14
+2 8

fn=(6470) std::_Deque_base<std::__detail::_StateSeq<std::__cxx11::regex_traits<char> >, std::allocator<std::__detail::_StateSeq<std::__cxx11::regex_traits<char> > > >::_Deque_impl::~_Deque_impl()
545 12
fi=(63)
189 6
cfi=(62)
cfn=(6472)
calls=2 -85 
* 12
* 2
fe=(107)
545 6

fn=(5800) std::_Deque_base<std::__detail::_StateSeq<std::__cxx11::regex_traits<char> >, std::allocator<std::__detail::_StateSeq<std::__cxx11::regex_traits<char> > > >::_M_allocate_map(unsigned long)
597 18
+2 10
cfn=(5802)
calls=2 -20 
* 50
* 4
fi=(81)
+15 12
cfi=(62)
cfn=(5806)
calls=2 126 
* 297
* 4
fe=(107)
-14 2
fi=(63)
189 6
cfi=(62)
cfn=(5818)
calls=2 -85 
* 12
* 2
fe=(107)
600 2
+1 12

fn=(6012)
275 552
+1 1104

fn=(6452) std::_Deque_base<std::__detail::_StateSeq<std::__cxx11::regex_traits<char> >, std::allocator<std::__detail::_StateSeq<std::__cxx11::regex_traits<char> > > >::~_Deque_base()
620 8
+3 8
+3 4
-1 14
cfn=(6454)
calls=2 +73 
* 284
+2 16
cfn=(6462)
calls=2 -23 
* 290
+2 6
cfn=(6470)
calls=2 -84 
* 38
* 6

fn=(6008) std::deque<std::__detail::_StateSeq<std::__cxx11::regex_traits<char> >, std::allocator<std::__detail::_StateSeq<std::__cxx11::regex_traits<char> > > >::back()
1535 301
+2 129
cfn=(6010)
calls=43 1414 
* 1075
* 215
+1 215
cfn=(6014) std::deque<std::__detail::_StateSeq<std::__cxx11::regex_traits<char> >, std::allocator<std::__detail::_StateSeq<std::__cxx11::regex_traits<char> > > >::end()
calls=43 1232 
* 1591
+1 129
cfn=(6018)
calls=43 213 
* 774
+1 129
cfn=(6020)
calls=43 184 
* 301
+1 215

fn=(5784) std::deque<std::__detail::_StateSeq<std::__cxx11::regex_traits<char> >, std::allocator<std::__detail::_StateSeq<std::__cxx11::regex_traits<char> > > >::deque()
858 14
cfn=(5786) std::_Deque_base<std::__detail::_StateSeq<std::__cxx11::regex_traits<char> >, std::allocator<std::__detail::_StateSeq<std::__cxx11::regex_traits<char> > > >::_Deque_base()
calls=2 461 
* 1445
* 6

fn=(5786)
461 10
+1 6
cfn=(5788)
calls=2 +86 
* 126
+1 8
cfn=(5794) std::_Deque_base<std::__detail::_StateSeq<std::__cxx11::regex_traits<char> >, std::allocator<std::__detail::_StateSeq<std::__cxx11::regex_traits<char> > > >::_M_initialize_map(unsigned long)
calls=2 641 
* 1287
* 8

fn=(5832) std::_Deque_iterator<std::__detail::_StateSeq<std::__cxx11::regex_traits<char> >, std::__detail::_StateSeq<std::__cxx11::regex_traits<char> >&, std::__detail::_StateSeq<std::__cxx11::regex_traits<char> >*>::_S_buffer_size()
134 8
+1 8
cfn=(5796) std::__deque_buf_size(unsigned long)
calls=4 -35 
* 44
* 8

fn=(6456)
590 10
+3 4
cfn=(5796)
calls=2 100 
* 22
* 10
fi=(81)
+56 12
cfi=(62)
cfn=(6458)
calls=2 156 
* 166
* 2
fe=(107)
-55 6

fn=(5790)
519 8
+1 16
cfn=(5792)
calls=2 154 
* 28
* 8
cfn=(5792)
calls=2 154 
* 28
+1 6

fn=(5794)
641 18
+3 4
cfn=(5796)
calls=2 100 
* 22
* 12
+4 6
-1 12
cfi=(67)
cfn=(5798)
calls=2 258 
* 26
* 6
+2 12
cfn=(5800)
calls=2 -52 
* 431
* 4
+7 4
+1 10
-1 4
+2 10
+3 12
cfn=(5822)
calls=2 +19 
* 410
+9 12
cfn=(5830) std::_Deque_iterator<std::__detail::_StateSeq<std::__cxx11::regex_traits<char> >, std::__detail::_StateSeq<std::__cxx11::regex_traits<char> >&, std::__detail::_StateSeq<std::__cxx11::regex_traits<char> >*>::_M_set_node(std::__detail::_StateSeq<std::__cxx11::regex_traits<char> >**)
calls=2 266 
* 90
+1 14
cfn=(5830)
calls=2 266 
* 90
+1 8
+1 4
+2 4
cfn=(5796)
calls=2 100 
* 22
* 12
-1 10
-1 4
+3 14

fn=(5824)
583 8
+3 4
cfn=(5796)
calls=2 100 
* 22
* 6
fi=(81)
+28 12
cfi=(62)
cfn=(5826)
calls=2 126 
* 300
* 2
fe=(107)
-27 4

fn=(5830)
266 24
+2 12
+1 16
+1 12
cfn=(5832)
calls=4 134 
* 68
* 32
+1 16

fn=(6016)
171 188
+1 376
+1 517

fn=(5796)
100 36
+1 96

fn=(5804)
575 12
+1 12

fn=(6368) std::deque<std::__detail::_StateSeq<std::__cxx11::regex_traits<char> >, std::allocator<std::__detail::_StateSeq<std::__cxx11::regex_traits<char> > > >::push_back(std::__detail::_StateSeq<std::__cxx11::regex_traits<char> > const&)
1605 119
+2 34
+1 51
-1 34
+4 34
-1 119
fi=(105)
73 102
fi=(62)
191 68
cfi=(100)
cfn=(5722)
calls=17 +17 
* 119
* 34
fi=(105)
73 17
fi=(62)
191 170
fi=(81)
680 17
fe=(107)
1612 85
+4 119

fn=(6446) std::deque<std::__detail::_StateSeq<std::__cxx11::regex_traits<char> >, std::allocator<std::__detail::_StateSeq<std::__cxx11::regex_traits<char> > > >::~deque()
1042 16
+1 6
cfn=(6032)
calls=2 571 
* 12
* 12
cfn=(6014)
calls=2 1232 
* 74
* 10
cfn=(6448)
calls=2 1213 
* 74
* 12
cfn=(6450)
calls=2 2200 
* 32
* 6
cfn=(6452)
calls=2 620 
* 674
* 14

fn=(6002) std::deque<std::__detail::_StateSeq<std::__cxx11::regex_traits<char> >, std::allocator<std::__detail::_StateSeq<std::__cxx11::regex_traits<char> > > >::push_back(std::__detail::_StateSeq<std::__cxx11::regex_traits<char> >&&)
1620 91
fi=(105)
139 13
fe=(107)
1621 52
cfi=(111) /usr/include/c++/15.1.1/bits/deque.tcc
cfn=(6004) std::__detail::_StateSeq<std::__cxx11::regex_traits<char> >& std::deque<std::__detail::_StateSeq<std::__cxx11::regex_traits<char> >, std::allocator<std::__detail::_StateSeq<std::__cxx11::regex_traits<char> > > >::emplace_back<std::__detail::_StateSeq<std::__cxx11::regex_traits<char> > >(std::__detail::_StateSeq<std::__cxx11::regex_traits<char> >&&)
calls=13 164 
* 2444
* 39

fn=(6014)
1232 225
+1 270
cfn=(6016)
calls=45 171 
* 1035
* 135

fl=(56)
fn=(4632)
13 9
+1 2
+4 2
fi=(62)
+70 1
fi=(63)
+80 1
fe=(56)
21 8
cfi=(57)
cfn=(4634) std::__cxx11::basic_string<char, std::char_traits<char>, std::allocator<char> >::basic_string<std::allocator<char> >(char const*, std::allocator<char> const&)
calls=1 706 
* 2260
* 5
cfi=(57)
cfn=(4724)
calls=1 4465 
* 1248
* 4
cfi=(57)
cfn=(4788)
calls=1 895 
* 97
fi=(63)
189 3
cfi=(62)
cfn=(4800)
calls=1 -85 
* 6
* 3
fi=(62)
88 1
fi=(63)
+80 1
fe=(56)
22 8
cfi=(57)
cfn=(4634)
calls=1 706 
* 293
* 5
cfi=(57)
cfn=(4806) std::__cxx11::stoi(std::__cxx11::basic_string<char, std::char_traits<char>, std::allocator<char> > const&, unsigned long*, int)
calls=1 4455 
* 259
* 4
cfi=(57)
cfn=(4788)
calls=1 895 
* 97
fi=(63)
189 3
cfi=(62)
cfn=(4800)
calls=1 -85 
* 6
* 1
fe=(56)
24 57
cfi=(64) /home/nithin/CLionProjects/1dv1674_a2/blur/ppm.hpp
cfn=(4864) PPM::Reader::Reader()
calls=1 -3 
* 1744
* 2
fi=(62)
+64 1
fi=(63)
+80 1
fe=(56)
27 8
cfi=(57)
cfn=(4634)
calls=1 706 
* 315
* 6
cfi=(66)
cfn=(4886)
calls=1 +76 
* 481643167
* 3
cfi=(57)
cfn=(4788)
calls=1 895 
* 97
fi=(63)
189 3
cfi=(62)
cfn=(4800)
calls=1 -85 
* 6
* 1
fe=(56)
29 6
cfi=(127)
cfn=(7000)
calls=1 +13 
* 169883774
* 7
cfi=(128)
cfn=(7014)
calls=1 244 
* 726066544
* 3
cfi=(127)
cfn=(7858)
calls=1 +63 
* 712
* 2
fi=(62)
+59 1
fi=(63)
+80 1
fe=(56)
31 8
cfi=(57)
cfn=(4634)
calls=1 706 
* 1250
* 5
cfi=(127)
cfn=(7000)
calls=1 +11 
* 169883711
* 6
cfi=(66)
cfn=(7976)
calls=1 156 
* 289502354
* 3
cfi=(127)
cfn=(7858)
calls=1 +61 
* 713
* 3
cfi=(57)
cfn=(4788)
calls=1 895 
* 222
fi=(63)
189 3
cfi=(62)
cfn=(4800)
calls=1 -85 
* 6
* 1
fe=(56)
33 1
+1 3
cfi=(127)
cfn=(7858)
calls=1 +58 
* 662
* 3
cfi=(127)
cfn=(7858)
calls=1 +58 
* 712
* 3
cfi=(64)
cfn=(8152) PPM::Reader::~Reader()
calls=1 -13 
* 1264
* 7

fl=(73)
fn=(5042)
120 4
+1 3
cfi=(59)
cfn=(5044)
calls=1 460 
* 5
* 5

fn=(5034)
286 5
+1 9
cob=(1)
cfi=(1)
cfn=(4650)
calls=1 0 
* 983
* 5
* 11

fn=(5052)
139 5
+1 4
cfi=(59)
cfn=(5044)
calls=1 460 
* 5
* 5

fn=(5054)
341 17
+4 10
+3 6
cob=(1)
cfi=(1)
cfn=(4650)
calls=1 0 
* 1784959
* 5
+1 4
+3 2
+1 5

fl=(108)
fn=(6528)
270 20
+3 6
cfi=(104)
cfn=(6530)
calls=2 1117 
* 32
* 2
+1 6
cfi=(104)
cfn=(6532)
calls=2 1208 
* 32
* 8
+2 4
+2 6
cfi=(104)
cfn=(6534)
calls=2 +29 
* 12
* 12
cfi=(104)
cfn=(6536)
calls=2 599 
* 2134
+1 10
cfi=(104)
cfn=(6570)
calls=2 128 
* 202
+1 6
cfi=(104)
cfn=(6574)
calls=2 800 
* 188
+13 16

fn=(5856)
557 36
+9 20
cfi=(104)
cfn=(5858)
calls=4 2196 
* 1002
* 4
+1 4
+2 12
+1 12
+1 12
cfi=(104)
cfn=(5868)
calls=4 998 
* 76
* 16
cfi=(104)
cfn=(5870)
calls=4 1018 
* 80
* 12
fi=(117)
1166 4
1340 12
1166 4
1340 16
fe=(108)
571 4
+1 20
cfi=(104)
cfn=(5872)
calls=4 384 
* 675
* 4
+1 8
+3 24
cfi=(104)
cfn=(5884)
calls=4 1875 
* 72
* 8
fi=(105)
73 4
fe=(108)
587 8
-1 12
fi=(58)
211 4
fe=(108)
586 24
fi=(105)
73 24
fi=(62)
191 16
cfi=(100)
cfn=(5722)
calls=4 +17 
* 28
* 8
fi=(105)
73 4
fi=(62)
191 24
fi=(81)
680 4
fe=(108)
-80 12
cfi=(104)
cfn=(5888)
calls=4 307 
* 24
* 4
-1 20
cfi=(104)
cfn=(5890)
calls=4 -65 
* 266
* 4
+2 4
+37 8
+1 20
+1 12
cfi=(104)
cfn=(5896)
calls=4 1880 
* 268
+4 12
+1 12
+1 24
+1 28

fn=(5910)
111 196
+3 202
fi=(105)
-41 17
fe=(108)
+44 136
fi=(105)
-44 102
fi=(62)
191 68
cfi=(100)
cfn=(5722)
calls=17 +17 
* 119
* 51
fi=(105)
73 17
fi=(62)
191 51
cfi=(103)
cfn=(5904)
calls=17 -42 
* 1165
* 68
fi=(81)
680 17
fe=(108)
119 124
fi=(105)
-46 11
fe=(108)
+50 44
cfn=(5912) void std::vector<std::__detail::_State<char>, std::allocator<std::__detail::_State<char> > >::_M_realloc_append<std::__detail::_State<char> >(std::__detail::_State<char>&&)
calls=11 557 
* 18198
+2 84
cfi=(104)
cfn=(5948)
calls=28 1368 
* 3612
+2 140

fn=(5912)
557 110
+9 55
cfi=(104)
cfn=(5914)
calls=11 2196 
* 2796
* 11
+1 11
+2 33
+1 33
+1 33
cfi=(104)
cfn=(5924)
calls=11 998 
* 209
* 44
cfi=(104)
cfn=(5926)
calls=11 1018 
* 220
* 33
fi=(117)
1166 11
1340 33
1166 11
1340 55
fe=(108)
571 11
+1 55
cfi=(104)
cfn=(5928)
calls=11 384 
* 2110
* 11
+1 22
+3 66
cfi=(104)
cfn=(5934)
calls=11 1875 
* 198
* 22
fi=(105)
73 11
fe=(108)
587 66
-1 33
fi=(58)
211 11
fe=(108)
586 66
fi=(105)
73 66
fi=(62)
191 44
cfi=(100)
cfn=(5722)
calls=11 +17 
* 77
* 33
fi=(105)
73 11
fi=(62)
191 33
cfi=(103)
cfn=(5904)
calls=11 -42 
* 451
* 44
fi=(81)
680 11
fe=(108)
-80 33
cfi=(104)
cfn=(5938)
calls=11 307 
* 66
* 11
-1 55
cfi=(104)
cfn=(5940)
calls=11 -65 
* 8514
* 11
+2 11
+37 22
+1 88
+1 33
cfi=(104)
cfn=(5946)
calls=11 1880 
* 1929
+4 33
+1 33
+1 110
+1 99

fn=(6656)
210 56
fi=(105)
53 4
fe=(108)
213 16
fi=(123) /usr/include/c++/15.1.1/ext/alloc_traits.h
108 4
fe=(108)
217 8
+18 12
cfi=(104)
cfn=(6530)
calls=4 1117 
* 64
* 4
+1 12
cfi=(104)
cfn=(6532)
calls=4 1208 
* 64
* 16
+2 6
cfi=(104)
cfn=(6660)
calls=2 1028 
* 40
* 8
cfi=(104)
cfn=(6662)
calls=2 1008 
* 38
* 12
cfi=(104)
cfn=(6664)
calls=2 1907 
* 1557
* 2
+3 6
cfi=(104)
cfn=(6534)
calls=2 +66 
* 12
-1 14
fi=(81)
1045 10
cfi=(102)
cfn=(6576)
calls=2 202 
* 14
+1 2
fe=(108)
242 2
+1 4
+1 12
-2 14
cfi=(104)
cfn=(6582)
calls=2 392 
* 22
+3 6
+1 22
+2 6
cfi=(104)
cfn=(6530)
calls=2 1117 
* 32
* 8
+3 6
cfi=(104)
cfn=(6534)
calls=2 +56 
* 12
* 2
-1 6
cfi=(104)
cfn=(6758)
calls=2 1018 
* 40
* 8
cfi=(104)
cfn=(6760)
calls=2 998 
* 38
* 8
cfi=(104)
cfn=(6660)
calls=2 1028 
* 40
* 8
cfi=(104)
cfn=(6662)
calls=2 1008 
* 38
* 8
cfi=(67)
cfn=(6762) __gnu_cxx::__normal_iterator<std::__cxx11::sub_match<__gnu_cxx::__normal_iterator<char const*, std::__cxx11::basic_string<char, std::char_traits<char>, std::allocator<char> > > >*, std::vector<std::__cxx11::sub_match<__gnu_cxx::__normal_iterator<char const*, std::__cxx11::basic_string<char, std::char_traits<char>, std::allocator<char> > > >, std::allocator<std::__cxx11::sub_match<__gnu_cxx::__normal_iterator<char const*, std::__cxx11::basic_string<char, std::char_traits<char>, std::allocator<char> > > > > > > std::copy<__gnu_cxx::__normal_iterator<std::__cxx11::sub_match<__gnu_cxx::__normal_iterator<char const*, std::__cxx11::basic_string<char, std::char_traits<char>, std::allocator<char> > > > const*, std::vector<std::__cxx11::sub_match<__gnu_cxx::__normal_iterator<char const*, std::__cxx11::basic_string<char, std::char_traits<char>, std::allocator<char> > > >, std::allocator<std::__cxx11::sub_match<__gnu_cxx::__normal_iterator<char const*, std::__cxx11::basic_string<char, std::char_traits<char>, std::allocator<char> > > > > > >, __gnu_cxx::__normal_iterator<std::__cxx11::sub_match<__gnu_cxx::__normal_iterator<char const*, std::__cxx11::basic_string<char, std::char_traits<char>, std::allocator<char> > > >*, std::vector<std::__cxx11::sub_match<__gnu_cxx::__normal_iterator<char const*, std::__cxx11::basic_string<char, std::char_traits<char>, std::allocator<char> > > >, std::allocator<std::__cxx11::sub_match<__gnu_cxx::__normal_iterator<char const*, std::__cxx11::basic_string<char, std::char_traits<char>, std::allocator<char> > > > > > > >(__gnu_cxx::__normal_iterator<std::__cxx11::sub_match<__gnu_cxx::__normal_iterator<char const*, std::__cxx11::basic_string<char, std::char_traits<char>, std::allocator<char> > > > const*, std::vector<std::__cxx11::sub_match<__gnu_cxx::__normal_iterator<char const*, std::__cxx11::basic_string<char, std::char_traits<char>, std::allocator<char> > > >, std::allocator<std::__cxx11::sub_match<__gnu_cxx::__normal_iterator<char const*, std::__cxx11::basic_string<char, std::char_traits<char>, std::allocator<char> > > > > > >, __gnu_cxx::__normal_iterator<std::__cxx11::sub_match<__gnu_cxx::__normal_iterator<char const*, std::__cxx11::basic_string<char, std::char_traits<char>, std::allocator<char> > > > const*, std::vector<std::__cxx11::sub_match<__gnu_cxx::__normal_iterator<char const*, std::__cxx11::basic_string<char, std::char_traits<char>, std::allocator<char> > > >, std::allocator<std::__cxx11::sub_match<__gnu_cxx::__normal_iterator<char const*, std::__cxx11::basic_string<char, std::char_traits<char>, std::allocator<char> > > > > > >, __gnu_cxx::__normal_iterator<std::__cxx11::sub_match<__gnu_cxx::__normal_iterator<char const*, std::__cxx11::basic_string<char, std::char_traits<char>, std::allocator<char> > > >*, std::vector<std::__cxx11::sub_match<__gnu_cxx::__normal_iterator<char const*, std::__cxx11::basic_string<char, std::char_traits<char>, std::allocator<char> > > >, std::allocator<std::__cxx11::sub_match<__gnu_cxx::__normal_iterator<char const*, std::__cxx11::basic_string<char, std::char_traits<char>, std::allocator<char> > > > > > >)
calls=2 633 
* 751
* 6
fi=(81)
1045 10
cfi=(102)
cfn=(6774)
calls=2 202 
* 14
+1 2
fe=(108)
262 40
+2 4
+1 40

fn=(6150)
195 36
fi=(117)
1166 3
+81 9
-81 3
+81 9
fe=(108)
198 6
+6 3
+1 18

fl=(89)
fn=(6484) std::__cxx11::match_results<__gnu_cxx::__normal_iterator<char const*, std::__cxx11::basic_string<char, std::char_traits<char>, std::allocator<char> > >, std::allocator<std::__cxx11::sub_match<__gnu_cxx::__normal_iterator<char const*, std::__cxx11::basic_string<char, std::char_traits<char>, std::allocator<char> > > > > >::match_results(std::allocator<std::__cxx11::sub_match<__gnu_cxx::__normal_iterator<char const*, std::__cxx11::basic_string<char, std::char_traits<char>, std::allocator<char> > > > > const&)
1830 10
+1 10
cfi=(104)
cfn=(6486)
calls=2 572 
* 118
* 6
fi=(117)
1054 6
fe=(89)
1832 6

fn=(6504) bool std::regex_match<__gnu_cxx::__normal_iterator<char const*, std::__cxx11::basic_string<char, std::char_traits<char>, std::allocator<char> > >, std::allocator<std::__cxx11::sub_match<__gnu_cxx::__normal_iterator<char const*, std::__cxx11::basic_string<char, std::char_traits<char>, std::allocator<char> > > > >, char, std::__cxx11::regex_traits<char> >(__gnu_cxx::__normal_iterator<char const*, std::__cxx11::basic_string<char, std::char_traits<char>, std::allocator<char> > >, __gnu_cxx::__normal_iterator<char const*, std::__cxx11::basic_string<char, std::char_traits<char>, std::allocator<char> > >, std::__cxx11::match_results<__gnu_cxx::__normal_iterator<char const*, std::__cxx11::basic_string<char, std::char_traits<char>, std::allocator<char> > >, std::allocator<std::__cxx11::sub_match<__gnu_cxx::__normal_iterator<char const*, std::__cxx11::basic_string<char, std::char_traits<char>, std::allocator<char> > > > > >&, std::__cxx11::basic_regex<char, std::__cxx11::regex_traits<char> > const&, std::regex_constants::match_flag_type)
2283 16
+7 22
cfi=(114)
cfn=(6506)
calls=2 48 
* 25167
* 2
+2 4

fn=(6768)
942 160
cfi=(120)
cfn=(6770)
calls=16 -1 
* 240
* 112

fn=(5608)
494 14
+1 8
cob=(7)
cfi=(13)
cfn=(4078)
calls=1 269 
* 26
cob=(1)
cfi=(1)
cfn=(4650)
calls=1 0 
* 805
* 6
* 8
cfi=(90)
cfn=(5614) std::shared_ptr<std::__detail::_NFA<std::__cxx11::regex_traits<char> > const>::shared_ptr()
calls=2 201 
* 62
* 6
cfn=(5620) std::__cxx11::regex_traits<char>::length(char const*)
calls=2 192 
* 74
* 18
cfn=(5622) std::__cxx11::basic_regex<char, std::__cxx11::regex_traits<char> >::_M_compile(char const*, char const*, std::regex_constants::syntax_option_type)
calls=2 828 
* 602464
* 8

fn=(5622)
828 20
+3 18
cfi=(92)
cfn=(5624) std::__detail::_Compiler<std::__cxx11::regex_traits<char> >::_Compiler(char const*, char const*, std::locale const&, std::regex_constants::syntax_option_type)
calls=2 68 
* 600304
+1 10
cfi=(93)
cfn=(6418)
calls=2 68 
* 162
* 12
cfi=(90)
cfn=(6426) std::shared_ptr<std::__detail::_NFA<std::__cxx11::regex_traits<char> > const>::operator=(std::shared_ptr<std::__detail::_NFA<std::__cxx11::regex_traits<char> > const>&&)
calls=2 437 
* 364
* 6
cfi=(90)
cfn=(6440) std::shared_ptr<std::__detail::_NFA<std::__cxx11::regex_traits<char> > const>::~shared_ptr()
calls=2 175 
* 64
+1 6
+1 6
cfi=(93)
cfn=(6442)
calls=2 57 
* 1482
* 10

fn=(6806)
1879 35
cfi=(104)
cfn=(6808)
calls=5 1223 
* 345
* 15

fn=(6810)
1971 15
+2 9
cfn=(6806)
calls=3 -94 
* 237
* 18
+1 9
cfn=(6812) std::__cxx11::match_results<__gnu_cxx::__normal_iterator<char const*, std::__cxx11::basic_string<char, std::char_traits<char>, std::allocator<char> > >, std::allocator<std::__cxx11::sub_match<__gnu_cxx::__normal_iterator<char const*, std::__cxx11::basic_string<char, std::char_traits<char>, std::allocator<char> > > > > >::size() const
calls=3 -78 
* 300
+1 21
cfi=(104)
cfn=(6814)
calls=3 1280 
* 123
+1 3
+1 6

fn=(6816)
976 24
+1 15
cfn=(6818) std::__cxx11::sub_match<__gnu_cxx::__normal_iterator<char const*, std::__cxx11::basic_string<char, std::char_traits<char>, std::allocator<char> > > >::str() const
calls=3 +8 
* 1098
* 18

fn=(6482)
1823 18
fi=(62)
88 2
fi=(63)
+80 2
fe=(89)
1823 10
cfn=(6484)
calls=2 +7 
* 156
fi=(63)
189 6
cfi=(62)
cfn=(6496)
calls=2 -85 
* 12
* 2
fe=(89)
1823 12

fn=(6802)
2175 10
+1 8
cfi=(104)
cfn=(6530)
calls=2 1117 
* 32
* 8
cfi=(104)
cfn=(6690)
calls=2 1261 
* 82
* 6

fn=(5620)
192 8
+1 6
cfi=(59)
cfn=(4642)
calls=2 387 
* 56
* 4

fn=(6520)
2150 18
+1 8
cfn=(6522) std::__cxx11::sub_match<__gnu_cxx::__normal_iterator<char const*, std::__cxx11::basic_string<char, std::char_traits<char>, std::allocator<char> > > >::sub_match()
calls=2 959 
* 58
* 16
cfi=(104)
cfn=(6526)
calls=2 875 
* 2726
* 14

fn=(6588)
779 6
+1 8

fn=(6804)
2183 10
+1 8
cfi=(104)
cfn=(6530)
calls=2 1117 
* 32
* 8
cfi=(104)
cfn=(6690)
calls=2 1261 
* 82
* 6

fn=(6834)
1859 14
cfi=(104)
cfn=(6574)
calls=2 800 
* 380
* 6

fn=(5762)
400 12
+2 10
cfi=(105)
cfn=(5764)
calls=2 227 
* 950
+1 10
cob=(7)
cfi=(14)
cfn=(5636)
calls=2 78 
* 14
* 2
+1 6

fn=(6096)
115 72
+2 54
+1 27

fn=(6812)
1896 12
+1 9
cfi=(104)
cfn=(6808)
calls=3 1223 
* 207
* 15
cfi=(104)
cfn=(6530)
calls=3 1117 
* 48
* 9

fn=(6836)
578 8
+1 8
cfi=(90)
cfn=(6440)
calls=2 175 
* 4639
* 8
cob=(7)
cfi=(14)
cfn=(4248)
calls=2 91 
* 12
* 2
* 6

fn=(6122)
150 24
+1 15
cfn=(6124) std::__cxx11::regex_traits<char>::_RegexMask::operator|(std::__cxx11::regex_traits<char>::_RegexMask) const
calls=3 -23 
* 135
* 36

fn=(6124)
128 24
+3 12
-1 30
cfn=(6096)
calls=3 -15 
* 51
+1 3
+1 15

fn=(6818)
985 30
+2 6
+2 3
-1 12
fi=(62)
88 3
fi=(63)
+80 3
fe=(89)
989 27
cfi=(57)
cfn=(6820) std::__cxx11::basic_string<char, std::char_traits<char>, std::allocator<char> >::basic_string<__gnu_cxx::__normal_iterator<char const*, std::__cxx11::basic_string<char, std::char_traits<char>, std::allocator<char> > >, void>(__gnu_cxx::__normal_iterator<char const*, std::__cxx11::basic_string<char, std::char_traits<char>, std::allocator<char> > >, __gnu_cxx::__normal_iterator<char const*, std::__cxx11::basic_string<char, std::char_traits<char>, std::allocator<char> > >, std::allocator<char> const&)
calls=3 852 
* 942
* 3
-1 6
fi=(63)
189 9
cfi=(62)
cfn=(4800)
calls=3 -85 
* 18
* 3
fe=(89)
989 6
+1 27

fn=(5760)
179 14
cob=(7)
cfi=(13)
cfn=(4078)
calls=2 +90 
* 52
* 2
* 6

fn=(6120)
158 12
+2 6
+1 12
+1 24
+1 6

fn=(6498)
2359 16
+6 6
cfi=(57)
cfn=(6500) std::__cxx11::basic_string<char, std::char_traits<char>, std::allocator<char> >::end() const
calls=2 1074 
* 204
* 8
cfi=(57)
cfn=(6502) std::__cxx11::basic_string<char, std::char_traits<char>, std::allocator<char> >::begin() const
calls=2 1056 
* 54
* 18
cfn=(6504)
calls=2 -82 
* 25211
* 6

fn=(6522)
959 14
cfi=(120)
cfn=(6524)
calls=2 745 
* 34
* 10

fn=(6850)
99 14
cob=(7)
cfi=(14)
cfn=(4248)
calls=2 -8 
* 12
* 2
* 6

fl=(92)
fn=(6158) std::__detail::_BracketMatcher<std::__cxx11::regex_traits<char>, false, false>::_M_apply(char, std::integral_constant<bool, false>) const::{lambda()#1}::operator()() const
603 6912
+3 6912
cfi=(93)
cfn=(6160)
calls=768 330 
* 6144
* 768
-1 3072
cfi=(104)
cfn=(6162)
calls=768 1028 
* 15360
* 3840
cfi=(104)
cfn=(6164)
calls=768 1008 
* 14592
* 4608
cfi=(115)
cfn=(6166)
calls=768 2195 
* 60672
* 1536
+3 6912
cfi=(93)
cfn=(6172)
calls=768 334 
* 6144
* 768
+1 5376
cfi=(104)
cfn=(6174)
calls=768 1008 
* 14592
* 3072
cfi=(104)
cfn=(6176)
calls=768 1028 
* 15360
* 1536
fi=(117)
1104 1536
+62 768
+81 2304
-81 768
+81 2304
fe=(92)
609 1536
+3 9216
cfi=(114)
cfn=(6180)
calls=768 322 
* 55176
* 1536
+1 60
+1 3690
cfi=(104)
cfn=(6182)
calls=738 1223 
* 50922
* 2214
+7 5166
cfi=(104)
cfn=(6188)
calls=738 1008 
* 14022
* 2952
cfi=(104)
cfn=(6190)
calls=738 1028 
* 14760
* 1476
fi=(117)
1104 1476
+62 738
+81 2214
-81 738
+81 2214
fe=(92)
621 1476
+3 738
-21 6912

fn=(5962) std::__detail::_Compiler<std::__cxx11::regex_traits<char> >::_M_disjunction()
91 18
+3 6
cfn=(5964) std::__detail::_Compiler<std::__cxx11::regex_traits<char> >::_M_alternative()
calls=2 +21 
* 573284
+1 10
cfn=(5970) std::__detail::_Compiler<std::__cxx11::regex_traits<char> >::_M_match_token(std::__detail::_ScannerBase::_TokenT)
calls=2 572 
* 46
* 4
+16 18

fn=(5963) std::__detail::_Compiler<std::__cxx11::regex_traits<char> >::_M_disjunction()'2
91 27
+3 9
cfn=(5965) std::__detail::_Compiler<std::__cxx11::regex_traits<char> >::_M_alternative()'2
calls=3 +21 
* 531556
+1 15
cfn=(5970)
calls=3 572 
* 69
* 6
+16 27

fn=(5624)
68 24
+3 6
cfi=(93)
cfn=(5626)
calls=2 179 
* 200
* 4
+1 14
cob=(7)
cfi=(14)
cfn=(5636)
calls=1 +6 
* 7
cob=(1)
cfi=(1)
cfn=(4650)
calls=1 -72 
* 791
* 6
* 18
cfi=(95)
cfn=(5638)
calls=2 -16 
* 2944
* 6
cob=(7)
cfi=(14)
cfn=(4248)
calls=1 +19 
* 6
cob=(1)
cfi=(1)
cfn=(4650)
calls=1 -72 
* 795
* 6
+1 14
cfi=(90)
cfn=(5670) std::shared_ptr<std::enable_if<!std::is_array<std::__detail::_NFA<std::__cxx11::regex_traits<char> > >::value, std::__detail::_NFA<std::__cxx11::regex_traits<char> > >::type> std::make_shared<std::__detail::_NFA<std::__cxx11::regex_traits<char> >, std::locale const&, std::regex_constants::syntax_option_type&>(std::locale const&, std::regex_constants::syntax_option_type&)
calls=2 1003 
* 2910
+2 8
cfi=(57)
cfn=(5544)
calls=2 585 
* 294
* 8
cfi=(106)
cfn=(5782) std::stack<std::__detail::_StateSeq<std::__cxx11::regex_traits<char> >, std::deque<std::__detail::_StateSeq<std::__cxx11::regex_traits<char> >, std::allocator<std::__detail::_StateSeq<std::__cxx11::regex_traits<char> > > > >::stack<std::deque<std::__detail::_StateSeq<std::__cxx11::regex_traits<char> >, std::allocator<std::__detail::_StateSeq<std::__cxx11::regex_traits<char> > > >, void>()
calls=2 +95 
* 1499
-1 8
cfi=(91)
cfn=(5834)
calls=2 1361 
* 50
* 6
+1 6
cob=(7)
cfi=(40)
cfn=(5844)
calls=1 220 
* 23
cob=(1)
cfi=(1)
cfn=(4650)
calls=1 -75 
* 975
* 6
* 4
+2 8
cfi=(91)
cfn=(5834)
calls=2 1361 
* 50
* 4
cfi=(103)
cfn=(5846)
calls=2 208 
* 14
* 10
cfi=(91)
cfn=(5848)
calls=2 1357 
* 64
* 12
cfi=(103)
cfn=(5850)
calls=2 363 
* 34
+1 8
cfi=(91)
cfn=(5834)
calls=2 1361 
* 50
* 4
cfi=(103)
cfn=(5852)
calls=2 278 
* 3731
* 10
cfi=(103)
cfn=(5958)
calls=2 373 
* 128
+1 6
cfn=(5962)
calls=2 +12 
* 573386
+1 8
cfn=(5970)
calls=2 572 
* 906
* 6
+2 10
cfi=(93)
cfn=(6022)
calls=2 +89 
* 636
* 10
cfi=(103)
cfn=(6376)
calls=2 381 
* 132
+1 8
cfi=(106)
cfn=(6026) std::stack<std::__detail::_StateSeq<std::__cxx11::regex_traits<char> >, std::deque<std::__detail::_StateSeq<std::__cxx11::regex_traits<char> >, std::allocator<std::__detail::_StateSeq<std::__cxx11::regex_traits<char> > > > >::empty() const
calls=2 243 
* 68
* 12
+1 8
cfi=(91)
cfn=(5834)
calls=2 1361 
* 50
* 4
cfi=(103)
cfn=(6378)
calls=2 288 
* 1420
* 10
cfi=(103)
cfn=(5958)
calls=2 373 
* 128
+1 8
cfi=(91)
cfn=(5834)
calls=2 1361 
* 50
* 4
cfi=(103)
cfn=(6408)
calls=2 239 
* 4613
* 10
cfi=(103)
cfn=(5958)
calls=2 373 
* 128
+1 8
cfi=(91)
cfn=(5834)
calls=2 1361 
* 50
* 4
cfi=(119)
cfn=(6412)
calls=2 +92 
* 3842
+1 14

fn=(6372) std::__detail::_Compiler<std::__cxx11::regex_traits<char> >::_M_bracket_expression()
346 20
+4 20
cfn=(5970)
calls=5 572 
* 115
* 5
+1 40
cfn=(5970)
calls=5 572 
* 115
* 35
+1 10
+3 10

fn=(5968) std::__detail::_Compiler<std::__cxx11::regex_traits<char> >::_M_assertion()
147 144
+3 64
cfn=(5970)
calls=16 572 
* 1414
* 32
+1 12
cfi=(91)
cfn=(5834)
calls=2 1361 
* 50
* 4
cfi=(103)
cfn=(5982)
calls=2 300 
* 3435
* 10
cfi=(91)
cfn=(5848)
calls=2 1357 
* 64
* 12
cfi=(103)
cfn=(5850)
calls=2 363 
* 34
* 8
cfi=(106)
cfn=(6000) std::stack<std::__detail::_StateSeq<std::__cxx11::regex_traits<char> >, std::deque<std::__detail::_StateSeq<std::__cxx11::regex_traits<char> >, std::allocator<std::__detail::_StateSeq<std::__cxx11::regex_traits<char> > > > >::push(std::__detail::_StateSeq<std::__cxx11::regex_traits<char> >&&)
calls=2 291 
* 436
* 2
+1 56
cfn=(5970)
calls=14 572 
* 1182
* 28
+1 12
cfi=(91)
cfn=(5834)
calls=2 1361 
* 50
* 4
cfi=(103)
cfn=(6406)
calls=2 304 
* 812
* 10
cfi=(91)
cfn=(5848)
calls=2 1357 
* 64
* 12
cfi=(103)
cfn=(5850)
calls=2 363 
* 34
* 8
cfi=(106)
cfn=(6000)
calls=2 291 
* 436
* 2
+1 48
cfn=(5970)
calls=12 572 
* 276
* 24
+4 48
cfn=(5970)
calls=12 572 
* 276
* 24
+14 24
+1 4
+1 128

fn=(6036) std::__detail::_Compiler<std::__cxx11::regex_traits<char> >::_M_try_char()
551 60
+3 12
+1 48
cfn=(5970)
calls=12 +17 
* 276
* 24
+5 48
cfn=(5970)
calls=12 +12 
* 276
* 24
+5 48
cfn=(5970)
calls=12 +7 
* 845
* 24
+1 1
+1 1
+1 3
-1 11
+1 33

fn=(5966) std::__detail::_Compiler<std::__cxx11::regex_traits<char> >::_M_term()
131 40
+3 30
cfn=(5968)
calls=10 +13 
* 8473
* 20
+1 8
+1 18
cfn=(6034) std::__detail::_Compiler<std::__cxx11::regex_traits<char> >::_M_atom()
calls=6 303 
* 553852
* 12
+2 16
cfn=(6360) std::__detail::_Compiler<std::__cxx11::regex_traits<char> >::_M_quantifier()
calls=4 +40 
* 620
* 8
+2 8
+2 2
+1 20

fn=(5967) std::__detail::_Compiler<std::__cxx11::regex_traits<char> >::_M_term()'2
131 24
+3 18
cfn=(5968)
calls=6 +13 
* 810
* 12
+2 18
cfn=(6035) std::__detail::_Compiler<std::__cxx11::regex_traits<char> >::_M_atom()'2
calls=6 303 
* 517241
* 12
+2 12
cfn=(6360)
calls=3 +40 
* 8183
* 9
cfn=(6360)
calls=3 +40 
* 465
* 12
+2 6
+2 3
+1 12

fn=(6034)
303 54
+3 24
cfn=(5970)
calls=6 572 
* 138
* 12
+7 18
cfn=(6036)
calls=6 551 
* 1152
* 12
+1 5
cfi=(94)
cfn=(5630)
calls=1 192 
* 8
* 9
cfi=(94)
cfn=(5630)
calls=1 192 
* 8
* 7
cfn=(6392) void std::__detail::_Compiler<std::__cxx11::regex_traits<char> >::_M_insert_char_matcher<false, false>()
calls=1 +71 
* 1732
* 1
+1 20
cfn=(5970)
calls=5 572 
* 115
* 10
+3 20
cfn=(5970)
calls=5 572 
* 115
* 10
+2 20
cfn=(5970)
calls=5 572 
* 115
* 10
+9 20
cfn=(5970)
calls=5 572 
* 4034
* 10
+2 12
cfi=(91)
cfn=(5834)
calls=3 1361 
* 75
* 6
cfi=(103)
cfn=(5852)
calls=3 -53 
* 7682
* 15
cfi=(91)
cfn=(5848)
calls=3 1357 
* 96
* 18
cfi=(103)
cfn=(5850)
calls=3 +32 
* 51
+1 9
cfn=(5963)
calls=3 91 
* 531709
+1 12
cfn=(5970)
calls=3 572 
* 2393
* 9
+2 15
cfi=(93)
cfn=(6022)
calls=3 171 
* 954
* 15
cfi=(103)
cfn=(6376)
calls=3 +46 
* 198
+1 12
cfi=(91)
cfn=(5834)
calls=3 1361 
* 75
* 6
cfi=(103)
cfn=(6378)
calls=3 -48 
* 2130
* 15
cfi=(103)
cfn=(5958)
calls=3 +37 
* 192
+1 18
cfi=(106)
cfn=(6366) std::stack<std::__detail::_StateSeq<std::__cxx11::regex_traits<char> >, std::deque<std::__detail::_StateSeq<std::__cxx11::regex_traits<char> >, std::allocator<std::__detail::_StateSeq<std::__cxx11::regex_traits<char> > > > >::push(std::__detail::_StateSeq<std::__cxx11::regex_traits<char> > const&)
calls=3 -51 
* 237
* 3
+2 6
cfn=(6372)
calls=2 +7 
* 148
* 6
+1 4
+1 4
+1 48

fn=(6035)
303 54
+3 24
cfn=(5970)
calls=6 572 
* 138
* 12
+7 18
cfn=(6036)
calls=6 551 
* 582
* 12
+2 24
cfn=(5970)
calls=6 572 
* 138
* 12
+3 24
cfn=(5970)
calls=6 572 
* 1998
* 12
+1 15
cfi=(94)
cfn=(5630)
calls=3 192 
* 24
* 27
cfi=(94)
cfn=(5630)
calls=3 192 
* 24
* 21
cfn=(6058) void std::__detail::_Compiler<std::__cxx11::regex_traits<char> >::_M_insert_character_class_matcher<false, false>()
calls=3 +78 
* 513608
* 3
+1 12
cfn=(5970)
calls=3 572 
* 69
* 6
+9 12
cfn=(5970)
calls=3 572 
* 69
* 6
+10 9
cfn=(6372)
calls=3 +7 
* 222
* 9
+1 6
+1 3
+1 48

fn=(6362) std::__detail::_Compiler<std::__cxx11::regex_traits<char> >::_M_quantifier()::{lambda()#1}::operator()() const
182 12
+2 15
cfi=(106)
cfn=(6026)
calls=3 +59 
* 102
* 6
+2 30
cfn=(5970)
calls=3 572 
* 69
* 18
-4 9

fn=(5964)
115 18
+3 6
cfn=(5966)
calls=2 +13 
* 5233
* 4
+2 10
cfi=(93)
cfn=(6022)
calls=2 +51 
* 636
+1 6
cfn=(5965)
calls=2 -6 
* 566393
+1 10
cfi=(93)
cfn=(6022)
calls=2 +49 
* 636
* 10
cfi=(103)
cfn=(6376)
calls=2 381 
* 132
+1 12
cfi=(106)
cfn=(6366)
calls=2 286 
* 158
+4 20

fn=(5965)
115 126
+3 42
cfn=(5967)
calls=6 +13 
* 526837
cfn=(5966)
calls=8 +13 
* 557894
* 28
+2 45
cfi=(93)
cfn=(6022)
calls=9 +51 
* 2862
+1 27
cfn=(5965)
calls=9 -6 
* 394932
+1 45
cfi=(93)
cfn=(6022)
calls=9 +49 
* 2862
* 45
cfi=(103)
cfn=(6376)
calls=9 381 
* 594
+1 54
cfi=(106)
cfn=(6366)
calls=9 286 
* 711
+4 9
-1 30
cfi=(91)
cfn=(5834)
calls=5 1361 
* 125
* 10
cfi=(103)
cfn=(6374)
calls=5 325 
* 4067
* 25
cfi=(91)
cfn=(5848)
calls=5 1357 
* 160
* 30
cfi=(103)
cfn=(5850)
calls=5 363 
* 85
* 20
cfi=(106)
cfn=(6000)
calls=5 291 
* 1090
+1 126

fn=(5970)
572 985
+3 788
cfi=(96)
cfn=(5972) std::__detail::_Scanner<char>::_M_get_token() const
calls=197 225 
* 1379
* 788
+2 76
cfi=(96)
cfn=(5974) std::__detail::_Scanner<char>::_M_get_value[abi:cxx11]() const
calls=19 229 
* 133
* 114
cfi=(57)
cfn=(5976) std::__cxx11::basic_string<char, std::char_traits<char>, std::allocator<char> >::operator=(std::__cxx11::basic_string<char, std::char_traits<char>, std::allocator<char> > const&)
calls=19 904 
* 7247
+1 76
cfi=(95)
cfn=(5652)
calls=19 69 
* 5351
+1 38
+2 178
+1 394

fn=(6058)
397 27
+3 12
cfi=(57)
cfn=(4898)
calls=3 1163 
* 204
* 21
+1 6
+1 21
cfi=(57)
cfn=(5606)
calls=3 1365 
* 291
* 18
cfi=(112)
cfn=(6060)
calls=3 44 
* 60
-1 18
cfi=(93)
cfn=(6062)
calls=3 +33 
* 849
+2 21
cfi=(93)
cfn=(6104)
calls=3 +80 
* 3708
+1 9
cfi=(93)
cfn=(6126)
calls=3 510 
* 500808
+1 6
+1 6
-1 6
cfi=(91)
cfn=(5834)
calls=3 1361 
* 75
* 3
fi=(105)
139 3
fe=(92)
406 12
cfi=(118)
cfn=(6208)
calls=3 +31 
* 1934
-1 12
cfi=(103)
cfn=(6256)
calls=3 270 
* 3336
* 15
cfi=(91)
cfn=(5848)
calls=3 1357 
* 96
* 18
cfi=(103)
cfn=(5850)
calls=3 -42 
* 51
* 12
cfi=(106)
cfn=(6000)
calls=3 291 
* 654
+1 9
cfi=(118)
cfn=(6280)
calls=3 -70 
* 63
+1 9
cfi=(93)
cfn=(6288)
calls=3 +17 
* 1191
* 24

fn=(6360)
178 90
+3 50
cfi=(94)
cfn=(5630)
calls=10 +11 
* 80
* 30
+1 40
+6 40
cfn=(5970)
calls=10 572 
* 230
* 20
+10 40
cfn=(5970)
calls=10 572 
* 1808
* 20
+2 9
cfn=(6362)
calls=3 -18 
* 261
+1 15
cfi=(93)
cfn=(6022)
calls=3 -30 
* 954
+1 12
cfi=(91)
cfn=(5834)
calls=3 1361 
* 75
* 24
cfi=(103)
cfn=(6364)
calls=3 +56 
* 4502
* 15
cfi=(103)
cfn=(5958)
calls=3 373 
* 192
+2 18
cfi=(106)
cfn=(6366)
calls=3 +82 
* 237
* 3
+2 28
cfn=(5970)
calls=7 572 
* 161
* 14
+12 28
cfn=(5970)
calls=7 572 
* 161
* 14
+65 14
+1 3
+1 80

fn=(6392)
385 10
+3 2
+1 2
-1 2
cfi=(91)
cfn=(5834)
calls=1 1361 
* 25
* 1
+2 2
+1 5
cfi=(57)
cfn=(5606)
calls=1 1365 
* 97
-1 7
cfi=(93)
cfn=(6394)
calls=1 +20 
* 37
* 5
cfi=(118)
cfn=(6396)
calls=1 +47 
* 105
-2 4
cfi=(103)
cfn=(6256)
calls=1 270 
* 1112
* 5
cfi=(91)
cfn=(5848)
calls=1 1357 
* 32
* 6
cfi=(103)
cfn=(5850)
calls=1 -25 
* 17
* 4
cfi=(106)
cfn=(6000)
calls=1 -97 
* 218
+2 3
cfi=(118)
cfn=(6280)
calls=1 -54 
* 21
+2 10

fn=(6156)
600 6912
+3 3072
+22 2304
cfn=(6158)
calls=768 -22 
* 365088
* 3072
+1 3840

fl=(126)
fn=(6956)
1488 7
+2 3
fi=(105)
73 7
fe=(126)
1490 2
cfn=(6958) std::_Tuple_impl<0ul, unsigned char*, unsigned char*, unsigned char*>::_Tuple_impl<unsigned char*, unsigned char*, unsigned char*, void>(unsigned char*&&, unsigned char*&&, unsigned char*&&)
calls=1 313 
* 106
+1 3

fn=(6972) unsigned char*& std::__get_helper<0ul, unsigned char*, unsigned char*, unsigned char*>(std::_Tuple_impl<0ul, unsigned char*, unsigned char*, unsigned char*>&)
2428 4
+1 3
cfn=(6974) std::_Tuple_impl<0ul, unsigned char*, unsigned char*, unsigned char*>::_M_head(std::_Tuple_impl<0ul, unsigned char*, unsigned char*, unsigned char*>&)
calls=1 291 
* 16
* 2

fn=(6974)
291 8
cfn=(6976) std::_Head_base<0ul, unsigned char*, false>::_M_head(std::_Head_base<0ul, unsigned char*, false>&)
calls=1 -45 
* 6
* 2

fn=(6964) std::_Head_base<2ul, unsigned char*, false>::_Head_base<unsigned char*>(unsigned char*&&)
212 6
fi=(105)
73 1
fe=(126)
213 6

fn=(6966) std::_Head_base<1ul, unsigned char*, false>::_Head_base<unsigned char*>(unsigned char*&&)
212 6
fi=(105)
73 1
fe=(126)
213 6

fn=(6968) std::_Head_base<0ul, unsigned char*, false>::_Head_base<unsigned char*>(unsigned char*&&)
212 6
fi=(105)
73 1
fe=(126)
213 6

fn=(6970)
2456 4
+3 3
cfn=(6972)
calls=1 -31 
* 25
* 1
fi=(105)
73 1
fe=(126)
2460 2

fn=(6988) unsigned char*& std::__get_helper<2ul, unsigned char*>(std::_Tuple_impl<2ul, unsigned char*>&)
2428 4
+1 3
cfn=(6990) std::_Tuple_impl<2ul, unsigned char*>::_M_head(std::_Tuple_impl<2ul, unsigned char*>&)
calls=1 554 
* 15
* 2

fn=(6986)
2456 4
+3 3
cfn=(6988)
calls=1 -31 
* 24
* 1
fi=(105)
73 1
fe=(126)
2460 2

fn=(6984) std::_Head_base<1ul, unsigned char*, false>::_M_head(std::_Head_base<1ul, unsigned char*, false>&)
246 6

fn=(6992) std::_Head_base<2ul, unsigned char*, false>::_M_head(std::_Head_base<2ul, unsigned char*, false>&)
246 6

fn=(6980) unsigned char*& std::__get_helper<1ul, unsigned char*, unsigned char*>(std::_Tuple_impl<1ul, unsigned char*, unsigned char*>&)
2428 4
+1 3
cfn=(6982) std::_Tuple_impl<1ul, unsigned char*, unsigned char*>::_M_head(std::_Tuple_impl<1ul, unsigned char*, unsigned char*>&)
calls=1 291 
* 16
* 2

fn=(6990)
554 7
cfn=(6992)
calls=1 246 
* 6
* 2

fn=(6958)
313 7
+2 3
fi=(105)
73 4
fe=(126)
315 3
cfn=(6960) std::_Tuple_impl<1ul, unsigned char*, unsigned char*>::_Tuple_impl<unsigned char*, unsigned char*, void>(unsigned char*&&, unsigned char*&&)
calls=1 -2 
* 65
* 4
fi=(105)
73 1
fe=(126)
315 3
cfn=(6968)
calls=1 212 
* 13
+1 3

fn=(6960)
313 6
+2 3
fi=(105)
73 1
fe=(126)
315 3
cfn=(6962) std::_Tuple_impl<2ul, unsigned char*>::_Tuple_impl<unsigned char*>(unsigned char*&&)
calls=1 570 
* 28
* 4
fi=(105)
73 1
fe=(126)
315 3
cfn=(6966)
calls=1 212 
* 13
+1 3

fn=(6978)
2456 4
+3 3
cfn=(6980)
calls=1 -31 
* 25
* 1
fi=(105)
73 1
fe=(126)
2460 2

fn=(6982)
291 8
cfn=(6984)
calls=1 -45 
* 6
* 2

fn=(6976)
246 6

fn=(6962)
570 5
+1 3
fi=(105)
73 1
fe=(126)
571 3
cfn=(6964)
calls=1 212 
* 13
+1 3

fl=(113)
fn=(6100)
941 12
+1 9
cfn=(6102) std::_Base_bitset<4ul>::_Base_bitset()
calls=3 91 
* 30
* 9

fn=(6154)
1376 2313
+1 2313

fn=(6194) std::bitset<256ul>::reference::reference(std::bitset<256ul>&, unsigned long)
876 4608
+2 3840
cfn=(6196) std::_Base_bitset<4ul>::_M_getword(unsigned long)
calls=768 124 
* 15360
* 1536
+1 2304
cfn=(6200) std::_Base_bitset<4ul>::_S_whichbit(unsigned long)
calls=768 116 
* 5376
* 1536
+1 2304

fn=(6722)
1261 60
+1 60
cfn=(6724) std::bitset<256ul>::_Unchecked_test(unsigned long) const
calls=12 1151 
* 720
* 24

fn=(6198) std::_Base_bitset<4ul>::_S_whichword(unsigned long)
108 2340
+1 3120

fn=(6724)
1151 72
+1 60
cfn=(6726) std::_Base_bitset<4ul>::_M_getword(unsigned long) const
calls=12 128 
* 228
* 48
cfn=(6204) std::_Base_bitset<4ul>::_S_maskbit(unsigned long)
calls=12 120 
* 240
* 12
+1 60

fn=(6192)
1257 4608
+1 4608
cfn=(6194)
calls=768 876 
* 36864
* 2304

fn=(6206)
890 2304
+1 2304

fn=(6200)
116 4644
+1 6192

fn=(6204)
120 3120
+1 2340
cfn=(6200)
calls=780 -5 
* 5460
* 4680

fn=(6726)
128 60
+1 36
cfn=(6198)
calls=12 -21 
* 84
* 48

fn=(6202)
896 4608
+2 1536
+1 120
cfn=(6204)
calls=30 120 
* 600
* 270
+2 2952
cfn=(6204)
calls=738 120 
* 14760
* 6642
+1 738
+1 1476
-1 30
+1 60

fn=(6102)
91 9
+1 21

fn=(6196)
124 3840
+1 2304
cfn=(6198)
calls=768 -17 
* 5376
* 3840

fl=(67)
fn=(7160) float* std::__copy_move_a2<false, float*, float*, float*>(float*, float*, float*)
413 1620
fi=(88)
589 180
fe=(67)
419 360
+4 720
fi=(145)
242 180
fi=(146)
-89 720
-45 540
+46 180
fe=(67)
423 180
+1 900
+4 180
-2 1080
cob=(2)
cfi=(2)
cfn=(4702)
calls=180 0 
* 76488
* 180
+3 1080
+7 360
+28 900

fn=(7058)
1024 120

fn=(6766) std::__cxx11::sub_match<__gnu_cxx::__normal_iterator<char const*, std::__cxx11::basic_string<char, std::char_traits<char>, std::allocator<char> > > >* std::__copy_move_a2<false, std::__cxx11::sub_match<__gnu_cxx::__normal_iterator<char const*, std::__cxx11::basic_string<char, std::char_traits<char>, std::allocator<char> > > > const*, std::__cxx11::sub_match<__gnu_cxx::__normal_iterator<char const*, std::__cxx11::basic_string<char, std::char_traits<char>, std::allocator<char> > > > const*, std::__cxx11::sub_match<__gnu_cxx::__normal_iterator<char const*, std::__cxx11::basic_string<char, std::char_traits<char>, std::allocator<char> > > >*>(std::__cxx11::sub_match<__gnu_cxx::__normal_iterator<char const*, std::__cxx11::basic_string<char, std::char_traits<char>, std::allocator<char> > > > const*, std::__cxx11::sub_match<__gnu_cxx::__normal_iterator<char const*, std::__cxx11::basic_string<char, std::char_traits<char>, std::allocator<char> > > > const*, std::__cxx11::sub_match<__gnu_cxx::__normal_iterator<char const*, std::__cxx11::basic_string<char, std::char_traits<char>, std::allocator<char> > > >*)
413 12
+48 2
-54 55
cfi=(89)
cfn=(6768)
calls=11 942 
* 352
+1 11
+53 105
+2 2
+1 4

fn=(6762)
633 20
+9 6
cfi=(125)
cfn=(6764)
calls=2 +56 
* 12
* 8
cfi=(125)
cfn=(6764)
calls=2 +56 
* 12
* 12
fi=(117)
1166 2
3002 6
1166 2
3002 6
1166 2
3002 8
fe=(67)
492 12
cfn=(6766)
calls=2 -79 
* 543
* 4
+8 8
cfi=(117)
cfn=(6772)
calls=2 3073 
* 74
+3 2
643 12

fn=(7062)
897 5
+9 1
+17 3
+1 1
+1 45
-1 63
+2 4

fn=(7130)
897 80
+9 16
+17 48
+1 16
+1 48308040
-1 64410768
+2 64

fn=(7146)
633 61440
+9 18432
cfi=(125)
cfn=(7148)
calls=6144 +56 
* 36864
* 24576
cfi=(125)
cfn=(7148)
calls=6144 +56 
* 36864
* 24576
500 12288
fi=(117)
3011 61440
fe=(67)
492 36864
cfn=(7150) float* std::__copy_move_a2<false, float const*, float const*, float*>(float const*, float const*, float*)
calls=6144 -79 
* 2857090
* 12288
fi=(117)
3082 6144
fe=(67)
503 6144
643 36864

fn=(7150)
413 55296
fi=(88)
589 6144
fe=(67)
419 12288
+4 24576
fi=(145)
242 6144
fi=(146)
-89 24576
-45 18432
+46 6144
fe=(67)
423 6144
+1 30720
+4 6144
-2 36864
cob=(2)
cfi=(2)
cfn=(4702)
calls=6143 0 
* 2536291
cob=(1)
cfi=(1)
cfn=(4650)
calls=1 0 
* 1307
* 6148
+3 36864
+7 12288
+28 30720

fn=(4902)
234 732
+5 1098
+2 183
+1 366

fn=(5798)
258 68
+5 102
+1 8
+1 13
+1 34

fn=(6170)
1496 9984
fi=(145)
242 5376
fi=(117)
1166 768
1340 2304
1166 768
1340 1536
fi=(146)
108 768
+46 768
fe=(67)
1502 768
+2 2304
+14 768
+1 3840

fn=(7156)
633 1800
+9 540
cfi=(125)
cfn=(7158)
calls=180 +56 
* 1080
* 720
cfi=(125)
cfn=(7158)
calls=180 +56 
* 1080
* 720
500 360
fi=(117)
3011 1800
fe=(67)
492 1080
cfn=(7160)
calls=180 -79 
* 85848
* 360
fi=(117)
3082 180
fe=(67)
503 180
643 1080

fl=(57)
fn=(6826)
483 33
fi=(117)
1166 3
1340 9
1166 3
1340 12
1166 3
3002 3
fe=(57)
489 12
cfn=(4694)
calls=3 -41 
* 159
+17 18

fn=(4640) std::__cxx11::basic_string<char, std::char_traits<char>, std::allocator<char> >::_Alloc_hider::_Alloc_hider(char*, std::allocator<char> const&)
204 91
fi=(62)
92 7
fi=(63)
+81 7
fe=(57)
+32 42

fn=(4692)
483 24
+6 20
fi=(117)
3011 4
fe=(57)
489 16
cfn=(4694)
calls=4 -41 
* 1241
+17 12

fn=(4694)
448 222
+2 74
+1 150
cfi=(59)
cfn=(4720)
calls=30 345 
* 330
+3 30
-1 42
cfi=(59)
cfn=(4696)
calls=7 -32 
* 1303
+1 111

fn=(4716)
270 344
+2 215
cfn=(4718)
calls=43 -39 
* 430
+1 172
cfn=(4690)
calls=43 -35 
* 301
* 258
cfi=(59)
cfn=(4720)
calls=43 +72 
* 473
+1 258

fn=(4718)
233 176
+1 264

fn=(4890) std::__cxx11::basic_string<char, std::char_traits<char>, std::allocator<char> >::_M_get_allocator() const
364 390
+1 390

fn=(5126)
228 60
+1 90

fn=(6820)
852 33
+2 12
cfn=(4636) std::__cxx11::basic_string<char, std::char_traits<char>, std::allocator<char> >::_M_local_data()
calls=3 243 
* 63
* 18
cfn=(4640)
calls=3 204 
* 63
* 6
fi=(145)
242 3
fe=(57)
857 18
cfi=(60)
cfn=(6822)
calls=3 227 
* 705
+5 21

fn=(4896)
1175 136
+1 102
cfn=(4898)
calls=34 -13 
* 2312
* 68

fn=(6112)
1497 18
+2 15
cfn=(6114) std::__cxx11::basic_string<char, std::char_traits<char>, std::allocator<char> >::push_back(char)
calls=3 1724 
* 927
+1 3
+1 6

fn=(6114)
1724 21
+2 9
cfn=(4898)
calls=3 1163 
* 204
* 3
+1 15
cfn=(5110)
calls=3 1277 
* 381
* 12
+2 9
cfn=(4690)
calls=3 238 
* 21
* 18
cfi=(59)
cfn=(4720)
calls=3 345 
* 33
+1 18
cfn=(4716)
calls=3 270 
* 171
+1 12

fn=(4690)
238 612
+1 816

fn=(5116)
140 135
fi=(81)
614 90
cfi=(62)
cfn=(5118)
calls=15 126 
* 5911
* 15
fe=(57)
142 15
+10 15
+1 30

fn=(5582)
4062 24
+3 12
cfn=(4898)
calls=4 1163 
* 272
* 16
cfi=(59)
cfn=(4642)
calls=4 387 
* 112
+1 20
cfn=(4898)
calls=4 1163 
* 272
* 16
cfn=(5584)
calls=4 2886 
* 64
* 24
cfi=(59)
cfn=(5586)
calls=4 368 
* 1039
* 16
+1 12

fn=(5978) std::__cxx11::basic_string<char, std::char_traits<char>, std::allocator<char> >::assign(std::__cxx11::basic_string<char, std::char_traits<char>, std::allocator<char> > const&)
1740 171
fi=(123)
108 19
fe=(57)
1743 38
+28 95
cfi=(60)
cfn=(5980)
calls=19 308 
* 6563
+1 19
+1 114

fn=(4634)
706 28
+1 16
cfn=(4636)
calls=4 243 
* 84
* 24
cfn=(4640)
calls=4 204 
* 84
+3 8
+3 12
cfi=(59)
cfn=(4642)
calls=4 387 
* 992
* 12
+1 24
cfi=(60)
cfn=(4686)
calls=4 227 
* 2818
+1 16

fn=(4636)
243 72
+3 72
cfi=(58)
cfn=(4638)
calls=18 134 
* 198
+4 36

fn=(4790)
296 128
+2 96
cfn=(4792) std::__cxx11::basic_string<char, std::char_traits<char>, std::allocator<char> >::_M_is_local() const
calls=32 -20 
* 1660
* 96
+1 6
cfn=(8146) std::__cxx11::basic_string<char, std::char_traits<char>, std::allocator<char> >::_M_destroy(unsigned long)
calls=1 +5 
* 123
+1 96

fn=(4794) std::__cxx11::basic_string<char, std::char_traits<char>, std::allocator<char> >::_M_local_data() const
254 288
+3 288
cfi=(58)
cfn=(4796)
calls=72 134 
* 792
+4 144

fn=(5580)
4150 5
+2 5
cfn=(5582)
calls=1 -90 
* 1161
* 3

fn=(4726) std::__cxx11::basic_string<char, std::char_traits<char>, std::allocator<char> >::c_str() const
2873 20
+1 15
cfn=(4690)
calls=5 238 
* 35
* 10

fn=(4798) std::__cxx11::basic_string<char, std::char_traits<char>, std::allocator<char> >::_Alloc_hider::~_Alloc_hider()
197 108
fi=(63)
-8 54
cfi=(62)
cfn=(4800)
calls=18 -85 
* 108
* 18
fe=(57)
+8 54

fn=(4888)
613 9
+1 1
+1 3
cfn=(4890)
calls=1 364 
* 6
* 11
fi=(62)
92 1
fi=(63)
+81 1
fi=(81)
726 1
fi=(123)
100 1
fe=(57)
614 3
cfn=(4636)
calls=1 243 
* 21
* 6
cfn=(4892) std::__cxx11::basic_string<char, std::char_traits<char>, std::allocator<char> >::_Alloc_hider::_Alloc_hider(char*, std::allocator<char>&&)
calls=1 208 
* 23
fi=(63)
189 3
cfi=(62)
cfn=(4800)
calls=1 -85 
* 6
* 1
fe=(57)
617 3
cfn=(4896)
calls=1 1175 
* 77
* 4
cfn=(4690)
calls=1 238 
* 7
* 6
cfi=(60)
cfn=(4904)
calls=1 286 
* 106
+1 7

fn=(5128)
265 60
+1 90

fn=(6502)
1056 14
+1 6
cfn=(4690)
calls=2 238 
* 14
* 2
fi=(117)
+2 6
fe=(57)
-2 12

fn=(4788)
895 72
+1 54
cfn=(4790)
calls=18 296 
* 1295
* 54
cfn=(4798)
calls=18 197 
* 342
* 54

fn=(4792)
278 360
+2 216
cfn=(4690)
calls=72 -42 
* 504
* 288
cfn=(4794)
calls=72 -26 
* 1512
* 288
+2 213
+2 142
+2 1
+1 216

fn=(4900)
1181 903
+2 258
+2 387
cfn=(4890)
calls=129 364 
* 774
* 645
fi=(62)
233 129
-50 129
fi=(81)
712 129
fe=(57)
1185 129
+1 645
cfi=(67)
cfn=(4902)
calls=129 234 
* 1677
* 258
+1 645

fn=(5114)
359 48
+1 48

fn=(8146)
304 7
+1 5
cfn=(4690)
calls=1 -67 
* 7
* 4
cfn=(5114)
calls=1 +54 
* 6
* 3
fi=(81)
649 6
cfi=(62)
cfn=(8148)
calls=1 156 
* 78
* 1
fe=(57)
305 6

fn=(4892)
208 77
fi=(105)
-69 88
fi=(62)
-47 11
fi=(63)
+81 11
fe=(57)
+36 66

fn=(4898)
1163 280
+2 210
+1 210
cfn=(4900)
calls=70 +15 
* 3640
* 210
+2 70
+1 140

fn=(5976)
904 95
+2 95
cfn=(5978)
calls=19 1740 
* 7019
+1 38

fn=(6044)
1862 32
+1 16
cfn=(4898)
calls=4 1163 
* 272
* 36
cfi=(60)
cfn=(6046)
calls=4 481 
* 2028
* 12

fn=(6048)
420 32
+2 12
cfn=(4900)
calls=4 1181 
* 208
* 16
cfn=(4898)
calls=4 1163 
* 272
* 28
+2 16

fn=(6500)
1074 16
+1 6
cfn=(4690)
calls=2 238 
* 14
* 8
cfn=(4898)
calls=2 +88 
* 136
* 4
fi=(117)
-16 6
fe=(57)
+16 14

fn=(4724)
4465 36
cfn=(4726)
calls=4 2873 
* 64
* 32
cfi=(61) /usr/include/c++/15.1.1/ext/string_conversions.h
cfn=(4728) unsigned long __gnu_cxx::__stoa<unsigned long, unsigned long, char, int>(unsigned long (*)(char const*, char**, int), char const*, char const*, unsigned long*, int)
calls=4 58 
* 2037
+1 8

fn=(4806)
4455 9
cfn=(4726)
calls=1 2873 
* 16
* 8
cfi=(61)
cfn=(4808) int __gnu_cxx::__stoa<long, int, char, int>(long (*)(char const*, char**, int), char const*, char const*, unsigned long*, int)
calls=1 58 
* 224
+1 2

fn=(5110)
1277 160
+2 120
cfn=(4792)
calls=40 278 
* 2080
* 160
+2 200
cfn=(4900)
calls=40 1181 
* 2080
* 160
+2 40
+1 80

fn=(5544)
585 80
+5 30
fi=(62)
88 10
fi=(63)
+80 10
fe=(57)
590 30
cfn=(4636)
calls=10 243 
* 210
* 60
cfn=(4892)
calls=10 208 
* 230
fi=(63)
189 30
cfi=(62)
cfn=(4800)
calls=10 -85 
* 60
* 30
fe=(57)
378 10
593 40
cfn=(4716)
calls=10 270 
* 570
+1 70

fn=(5584)
2886 40
+1 30
cfn=(4690)
calls=10 238 
* 70
* 20

fn=(5606)
1365 25
+4 15
cfn=(4898)
calls=5 1163 
* 340
* 35
+3 15
cfn=(4690)
calls=5 238 
* 35
* 10
+1 10

fn=(6050)
468 28
+2 8
+1 20
cfi=(59)
cfn=(4720)
calls=4 345 
* 44
+3 16

fl=(64)
fn=(8152)
21 7
cob=(1)
cfi=(1)
cfn=(4650)
calls=1 -21 
* 1249
* 5
* 3

fn=(4864)
21 7
cob=(1)
cfi=(1)
cfn=(4650)
calls=1 -21 
* 1729
* 5
* 3

fl=(90)
fn=(5614)
201 14
cfi=(91)
cfn=(5616)
calls=2 1469 
* 42
* 6

fn=(6476)
175 14
cfi=(91)
cfn=(6478)
calls=2 1531 
* 44
* 6

fn=(5670)
1003 22
fi=(105)
73 8
fe=(90)
1008 10
cfn=(5672) std::shared_ptr<std::__detail::_NFA<std::__cxx11::regex_traits<char> > >::shared_ptr<std::allocator<void>, std::locale const&, std::regex_constants::syntax_option_type&>(std::_Sp_alloc_shared_tag<std::allocator<void> >, std::locale const&, std::regex_constants::syntax_option_type&)
calls=2 462 
* 2858
+1 12

fn=(5672)
462 14
+1 6
fi=(105)
73 8
fe=(90)
463 6
cfi=(91)
cfn=(5674)
calls=2 1718 
* 2818
+1 6

fn=(6420)
367 10
+1 6
fi=(105)
139 2
fe=(90)
368 6
cfi=(91)
cfn=(6422)
calls=2 1546 
* 100
* 6

fn=(6426)
437 10
+2 6
fi=(105)
139 2
fe=(90)
439 6
cfi=(91)
cfn=(6428)
calls=2 1625 
* 334
+1 2
+1 4

fn=(6508)
560 10
+1 6
cfi=(91)
cfn=(6510)
calls=2 1676 
* 18
* 6

fn=(6440)
175 28
cfi=(91)
cfn=(6436)
calls=4 1531 
* 4663
* 12

fl=(61)
fn=(4728)
58 48
+12 12
cfn=(4730) __gnu_cxx::__stoa<unsigned long, unsigned long, char, int>(unsigned long (*)(char const*, char**, int), char const*, char const*, unsigned long*, int)::_Save_errno::_Save_errno()
calls=4 -3 
* 1062
+14 28
cob=(2)
cfi=(2)
cfn=(4738)
calls=4 -84 
* 619
* 4
+2 12
+2 4
cob=(2)
cfi=(2)
cfn=(4736)
calls=4 -88 
* 16
* 4
* 4
+1 20
cfn=(4784) __gnu_cxx::__stoa<unsigned long, unsigned long, char, int>(unsigned long (*)(char const*, char**, int), char const*, char const*, unsigned long*, int)::_Range_chk::_S_chk(unsigned long, std::integral_constant<bool, false>)
calls=4 -15 
* 24
* 12
-1 8
+4 8
+2 8
+3 4
+1 12
cfn=(4786) __gnu_cxx::__stoa<unsigned long, unsigned long, char, int>(unsigned long (*)(char const*, char**, int), char const*, char const*, unsigned long*, int)::_Save_errno::~_Save_errno()
calls=4 -30 
* 100
-1 4
+1 24

fn=(4786)
68 20
cob=(2)
cfi=(2)
cfn=(4736)
calls=4 -68 
* 16
* 4
* 16
cob=(2)
cfi=(2)
cfn=(4736)
calls=4 -68 
* 16
* 4
* 24

fn=(4810) __gnu_cxx::__stoa<long, int, char, int>(long (*)(char const*, char**, int), char const*, char const*, unsigned long*, int)::_Save_errno::_Save_errno()
67 5
cob=(2)
cfi=(2)
cfn=(4736)
calls=1 -67 
* 4
* 1
* 4
cob=(2)
cfi=(2)
cfn=(4736)
calls=1 -67 
* 4
* 1
* 4

fn=(4860) __gnu_cxx::__stoa<long, int, char, int>(long (*)(char const*, char**, int), char const*, char const*, unsigned long*, int)::_Range_chk::_S_chk(long, std::integral_constant<bool, true>)
77 3
+3 5
+1 2

fn=(4784)
74 24

fn=(4808)
58 12
+12 3
cfn=(4810)
calls=1 -3 
* 23
+14 7
cob=(2)
cfi=(2)
cfn=(4812)
calls=1 -84 
* 108
* 1
+2 3
+2 1
cob=(2)
cfi=(2)
cfn=(4736)
calls=1 -88 
* 4
* 1
* 1
+1 5
cfn=(4860)
calls=1 -12 
* 10
* 3
-1 2
+4 2
+2 2
+3 1
+1 3
cfn=(4862) __gnu_cxx::__stoa<long, int, char, int>(long (*)(char const*, char**, int), char const*, char const*, unsigned long*, int)::_Save_errno::~_Save_errno()
calls=1 -30 
* 25
-1 1
+1 6

fn=(4730)
67 20
cob=(2)
cfi=(2)
cfn=(4736)
calls=3 -67 
* 12
cob=(1)
cfi=(1)
cfn=(4650)
calls=1 -67 
* 970
* 8
* 16
cob=(2)
cfi=(2)
cfn=(4736)
calls=4 -67 
* 16
* 4
* 16

fn=(4862)
68 5
cob=(2)
cfi=(2)
cfn=(4736)
calls=1 -68 
* 4
* 1
* 4
cob=(2)
cfi=(2)
cfn=(4736)
calls=1 -68 
* 4
* 1
* 6

fl=(111)
fn=(6004)
164 91
+3 26
+1 39
-1 52
fi=(105)
-94 13
fe=(111)
+98 26
-1 78
fi=(105)
-97 78
fi=(62)
191 52
cfi=(100)
cfn=(5722)
calls=13 +17 
* 91
* 26
fi=(105)
73 13
fi=(62)
191 130
fi=(81)
680 13
fe=(111)
173 78
+5 39
cfi=(107)
cfn=(6008)
calls=13 1535 
* 1534
+2 65

fl=(96)
fn=(5642)
125 36
+1 45
cfi=(94)
cfn=(5630)
calls=9 +66 
* 72
* 36

fn=(6480)
210 16
cfi=(57)
cfn=(4788)
calls=2 895 
* 194
* 6

fn=(5974)
229 57
+1 76

fn=(6038)
129 12
+1 9
cfi=(94)
cfn=(5628)
calls=3 +70 
* 24
* 18
cfi=(94)
cfn=(5630)
calls=3 +62 
* 24
* 12

fn=(5640)
91 10
+19 242
-18 4
+1 6
+1 6
cfn=(5642)
calls=2 +31 
* 42
+1 10
-1 4
+3 6
cfn=(5642)
calls=2 +28 
* 42
+1 10
-1 4
+13 4
+1 20

fn=(5972)
225 591
+1 788

fn=(6042)
115 15
+2 9
+1 3
+1 84
-1 117
+3 3
+1 6

fl=(106)
fn=(6026)
243 260
+1 195
cfi=(107)
cfn=(6010)
calls=65 1414 
* 1625
* 130

fn=(6028)
331 120
+2 90
cfn=(6026)
calls=30 -90 
* 1020
* 150
+1 90
cfi=(107)
cfn=(6030)
calls=30 1664 
* 2160
+1 90

fn=(6366)
286 85
+1 85
cfi=(107)
cfn=(6368)
calls=17 1605 
* 1122
* 51

fn=(6444)
107 14
cfi=(107)
cfn=(6446)
calls=2 1042 
* 942
* 6

fn=(5782)
170 8
+1 20
cfi=(107)
cfn=(5784)
calls=2 858 
* 1465
* 6

fn=(6000)
291 65
+1 39
fi=(105)
139 13
fe=(106)
292 39
cfi=(107)
cfn=(6002)
calls=13 1620 
* 2639
* 39

fn=(6024)
258 120
+2 90
cfn=(6026)
calls=30 -17 
* 1020
* 150
+1 90
cfi=(107)
cfn=(6008)
calls=30 1535 
* 3540
+1 60

fl=(127)
fn=(6998)
10 8
+1 3
+1 3
+1 3
+1 3
+1 3
+1 3
+2 3

fn=(7008)
141 26214400
+1 57671680
+1 10485760

fn=(8088)
121 3
+1 2
+1 2

fn=(7006)
166 26214400
+1 52428800
+1 10485760

fn=(7000)
42 20
+1 32
cob=(7)
cfi=(71)
cfn=(5020)
calls=4 -12 
* 1891
* 4
* 12
+1 32
cob=(7)
cfi=(71)
cfn=(5020)
calls=4 -13 
* 2149
* 4
* 12
+1 32
cob=(7)
cfi=(71)
cfn=(5020)
calls=4 -14 
* 2234
* 4
* 12
+1 16
+1 16
+1 16
+2 8
+1 8192
+1 25165824
cfn=(7002)
calls=4194304 156 
* 71303168
* 29360128
cfn=(7004)
calls=4194304 161 
* 71303168
* 29360128
cfn=(7006)
calls=4194304 166 
* 71303168
* 4194304
+1 25165824
cfn=(7008)
calls=4194304 +88 
* 75497472
* 29360128
cfn=(7010)
calls=4194304 +93 
* 75497472
* 29360128
cfn=(7012)
calls=4194304 +98 
* 75497472
* 4194304
+2 12582912
+1 12582912
+1 12582912
-6 25186304
-1 24596
+10 16

fn=(7004)
161 26214400
+1 52428800
+1 10485760

fn=(7002)
156 26214400
+1 52428800
+1 10485760

fn=(7858)
92 20
+2 20
+1 40
cob=(7)
cfi=(85)
cfn=(5460)
calls=4 -61 
* 803
cob=(1)
cfi=(1)
cfn=(4650)
calls=1 -95 
* 935
* 9
+1 10
+2 20
+1 40
cob=(7)
cfi=(85)
cfn=(5460)
calls=5 -65 
* 1090
* 5
+1 10
+2 20
+1 40
cob=(7)
cfi=(85)
cfn=(5460)
calls=5 -69 
* 1098
* 5
+1 10
+3 50
+1 15

fn=(8090)
126 3
+1 2
+1 2

fn=(8092)
131 3
+1 2
+1 2

fn=(8094)
136 3
+1 2
+1 2

fn=(7012)
151 26214400
+1 57671680
+1 10485760

fn=(7016)
111 15
+1 10
+1 10

fn=(7018)
116 15
+1 10
+1 10

fn=(7010)
146 26214400
+1 57671680
+1 10485760

ob=(1)
fl=(1)
fn=(998) 0x000000000001ae90
0 36

fn=(1574) 0x0000000000024650
0 601

fn=(2342) 0x00000000000110c0
0 513

fn=(2756) 0x000000000000e160
0 307205
cfn=(2850) 0x000000000000a560
calls=2828 0 
0 2058917
0 149423
cfn=(3760) 0x00000000000184b0
calls=1 0 
0 6
cob=(3)
cfi=(3)
cfn=(3340)
calls=1 0 
0 10
cob=(3)
cfi=(3)
cfn=(3338)
calls=1 0 
0 9
cob=(3)
cfi=(3)
cfn=(3336)
calls=1 0 
0 10
cob=(3)
cfi=(3)
cfn=(3334)
calls=1 0 
0 9
cob=(3)
cfi=(3)
cfn=(3332)
calls=1 0 
0 10
cob=(3)
cfi=(3)
cfn=(3330)
calls=1 0 
0 9
cob=(3)
cfi=(3)
cfn=(3328)
calls=1 0 
0 10
cob=(3)
cfi=(3)
cfn=(3326)
calls=1 0 
0 10
cob=(3)
cfi=(3)
cfn=(3324)
calls=1 0 
0 10
cob=(3)
cfi=(3)
cfn=(3322)
calls=1 0 
0 8
cob=(3)
cfi=(3)
cfn=(3320)
calls=1 0 
0 10
cob=(3)
cfi=(3)
cfn=(3316)
calls=1 0 
0 10
cob=(3)
cfi=(3)
cfn=(3314)
calls=1 0 
0 9
cob=(3)
cfi=(3)
cfn=(3312)
calls=1 0 
0 9
cob=(3)
cfi=(3)
cfn=(3310)
calls=1 0 
0 8
cob=(3)
cfi=(3)
cfn=(3308)
calls=1 0 
0 10
cob=(3)
cfi=(3)
cfn=(3306)
calls=1 0 
0 6
cob=(3)
cfi=(3)
cfn=(3304)
calls=1 0 
0 7
cob=(3)
cfi=(3)
cfn=(3302)
calls=1 0 
0 8
cob=(3)
cfi=(3)
cfn=(3300)
calls=1 0 
0 10
cob=(3)
cfi=(3)
cfn=(3298)
calls=1 0 
0 10
cob=(3)
cfi=(3)
cfn=(3296)
calls=1 0 
0 10
cob=(3)
cfi=(3)
cfn=(3294)
calls=1 0 
0 10
cob=(3)
cfi=(3)
cfn=(3292)
calls=1 0 
0 9
cob=(3)
cfi=(3)
cfn=(3290)
calls=1 0 
0 9
cob=(3)
cfi=(3)
cfn=(3288)
calls=1 0 
0 6
cob=(3)
cfi=(3)
cfn=(3286)
calls=1 0 
0 8
cob=(2)
cfi=(2)
cfn=(3148)
calls=1 0 
0 7
cob=(2)
cfi=(2)
cfn=(3146)
calls=1 0 
0 21
cob=(2)
cfi=(2)
cfn=(3144)
calls=1 0 
0 22
cob=(2)
cfi=(2)
cfn=(3142)
calls=1 0 
0 21
cob=(2)
cfi=(2)
cfn=(3140)
calls=1 0 
0 25
cob=(2)
cfi=(2)
cfn=(3138)
calls=1 0 
0 22
cob=(2)
cfi=(2)
cfn=(3136)
calls=1 0 
0 19
cob=(2)
cfi=(2)
cfn=(3134)
calls=1 0 
0 25
cob=(2)
cfi=(2)
cfn=(3132)
calls=1 0 
0 25
cob=(2)
cfi=(2)
cfn=(3130)
calls=1 0 
0 22
cob=(2)
cfi=(2)
cfn=(3128)
calls=1 0 
0 17
cob=(2)
cfi=(2)
cfn=(3126)
calls=1 0 
0 7
cob=(2)
cfi=(2)
cfn=(3124)
calls=1 0 
0 22
cob=(2)
cfi=(2)
cfn=(3122)
calls=1 0 
0 22
cob=(2)
cfi=(2)
cfn=(3120)
calls=2 0 
0 42
cob=(2)
cfi=(2)
cfn=(3118)
calls=1 0 
0 21
cob=(2)
cfi=(2)
cfn=(3116)
calls=1 0 
0 25
cob=(2)
cfi=(2)
cfn=(3114)
calls=1 0 
0 25
cob=(2)
cfi=(2)
cfn=(3112)
calls=1 0 
0 21
cob=(2)
cfi=(2)
cfn=(3110)
calls=2 0 
0 50
cob=(2)
cfi=(2)
cfn=(3108)
calls=1 0 
0 25
cob=(2)
cfi=(2)
cfn=(3106)
calls=1 0 
0 20
cob=(2)
cfi=(2)
cfn=(3104)
calls=1 0 
0 7
cob=(2)
cfi=(2)
cfn=(3102)
calls=2 0 
0 50
cob=(2)
cfi=(2)
cfn=(3100)
calls=1 0 
0 20
cob=(2)
cfi=(2)
cfn=(3098)
calls=1 0 
0 23
cob=(2)
cfi=(2)
cfn=(3096)
calls=1 0 
0 20
cob=(2)
cfi=(2)
cfn=(3094)
calls=1 0 
0 22
cob=(2)
cfi=(2)
cfn=(3092)
calls=1 0 
0 22
cob=(2)
cfi=(2)
cfn=(3090)
calls=1 0 
0 18
cob=(2)
cfi=(2)
cfn=(3088)
calls=1 0 
0 22
cob=(2)
cfi=(2)
cfn=(3086)
calls=1 0 
0 23
cob=(2)
cfi=(2)
cfn=(3084)
calls=1 0 
0 19
cob=(2)
cfi=(2)
cfn=(3082)
calls=2 0 
0 20
cob=(2)
cfi=(2)
cfn=(3080)
calls=1 0 
0 18
cob=(2)
cfi=(2)
cfn=(3078)
calls=1 0 
0 25
cob=(2)
cfi=(2)
cfn=(3076)
calls=1 0 
0 22
cob=(2)
cfi=(2)
cfn=(3074)
calls=1 0 
0 19
cob=(2)
cfi=(2)
cfn=(3072)
calls=1 0 
0 18
cob=(2)
cfi=(2)
cfn=(3070)
calls=1 0 
0 22
cob=(2)
cfi=(2)
cfn=(3068)
calls=1 0 
0 22
cob=(2)
cfi=(2)
cfn=(3058)
calls=1 0 
0 30
0 696
cfn=(732) 0x0000000000025320
calls=7 0 
0 148
0 834
cob=(2)
cfi=(2)
cfn=(3082)
calls=1 0 
0 10
cob=(2)
cfi=(2)
cfn=(3076)
calls=1 0 
0 22
cob=(2)
cfi=(2)
cfn=(3116)
calls=1 0 
0 25
cob=(2)
cfi=(2)
cfn=(3142)
calls=1 0 
0 21
cob=(2)
cfi=(2)
cfn=(3134)
calls=1 0 
0 25
cob=(2)
cfi=(2)
cfn=(3106)
calls=1 0 
0 20
cob=(2)
cfi=(2)
cfn=(3112)
calls=1 0 
0 21
cob=(2)
cfi=(2)
cfn=(3148)
calls=1 0 
0 7
cob=(2)
cfi=(2)
cfn=(3484)
calls=1 0 
0 7
cob=(2)
cfi=(2)
cfn=(3120)
calls=1 0 
0 21
cob=(2)
cfi=(2)
cfn=(3092)
calls=1 0 
0 22
cob=(2)
cfi=(2)
cfn=(3122)
calls=1 0 
0 22
cob=(2)
cfi=(2)
cfn=(3472)
calls=1 0 
0 7
cob=(2)
cfi=(2)
cfn=(3078)
calls=1 0 
0 25
cob=(2)
cfi=(2)
cfn=(3146)
calls=1 0 
0 21
cob=(2)
cfi=(2)
cfn=(3096)
calls=1 0 
0 20
cob=(2)
cfi=(2)
cfn=(3086)
calls=2 0 
0 46
cob=(2)
cfi=(2)
cfn=(3144)
calls=3 0 
0 66
cob=(2)
cfi=(2)
cfn=(3088)
calls=3 0 
0 66
cob=(2)
cfi=(2)
cfn=(3098)
calls=2 0 
0 46
cob=(2)
cfi=(2)
cfn=(3140)
calls=3 0 
0 75
0 25290
cfn=(2850)
calls=6 0 
0 3821
0 7166

fn=(3918) 0x0000000000014d80
0 9
cfn=(3922) 0x0000000000024730
calls=1 0 
0 6
0 4

fn=(226) 0x0000000000022500
0 8

fn=(636) 0x0000000000022e30
0 13

fn=(1452) 0x0000000000024240
0 36

fn=(1734) 0x0000000000024370
0 36

fn=(8278) 0x00000000000187a0
0 35

fn=(466) 0x0000000000016190
0 225

fn=(628) 0x0000000000027520
0 729

fn=(732)
0 471

fn=(1060) 0x000000000001afd0
0 30

fn=(1294) 0x000000000001dc20
0 19
cfn=(1296) 0x0000000000002540
calls=1 0 
0 2675
0 12

fn=(1362) 0x0000000000006640
0 9
cfn=(1364) 0x0000000000006420
calls=1 0 
0 63
0 34
cfn=(628)
calls=1 0 
0 35
0 3
cfn=(718) 0x000000000000b430
calls=1 0 
0 18
0 9

fn=(1398) 0x0000000000024490
0 126

fn=(2424) 0x0000000000013880
0 748
cfn=(1316) 0x000000000000b750
calls=73 0 
0 6760
0 13645
cfn=(890) 0x0000000000025ee0
calls=69 0 
0 2983
0 423
cfn=(890)
calls=3 0 
0 195
0 1308
cfn=(714) 0x000000000000b580
calls=6 0 
0 239
0 4248
cfn=(2582) 0x00000000000276c0
calls=1 0 
0 32
0 2

fn=(2674) 0x00000000000118c0
0 18
cob=(2)
cfi=(2)
cfn=(7254)
calls=1 0 
0 267
cfn=(714)
calls=1 0 
0 29
0 22

fn=(3766) 0x000000000001b570
0 12
cfn=(3768) 0x000000000000b280
calls=1 0 
0 267
0 18
cfn=(3768)
calls=1 0 
0 268
0 14

fn=(3824) 0x000000000001b2d0
0 60
cfn=(2850)
calls=4 0 
0 2980
0 96

fn=(3912) 0x00000000000185b0
0 27

fn=(3952) 0x0000000000005220
0 248
cob=(4)
cfi=(4)
cfn=(4068)
calls=1 0 
0 7
cob=(4)
cfi=(4)
cfn=(4058)
calls=1 0 
0 7
cob=(4)
cfi=(4)
cfn=(4042)
calls=1 0 
0 7
cob=(4)
cfi=(4)
cfn=(3966)
calls=1 0 
0 7
0 148
cob=(7)
cfi=(54)
cfn=(4588)
calls=1 160 
0 50
cob=(7)
cfi=(54)
cfn=(4580)
calls=1 160 
0 50
cob=(7)
cfi=(54)
cfn=(4572)
calls=1 160 
0 34
cob=(7)
cfi=(54)
cfn=(4564)
calls=1 160 
0 34
cob=(7)
cfi=(53)
cfn=(4562)
calls=1 42 
0 47
cob=(7)
cfi=(50)
cfn=(4556)
calls=1 127 
0 74
cob=(7)
cfi=(48)
cfn=(4344)
calls=1 456 
0 2325
cob=(7)
cfi=(46)
cfn=(4340)
calls=1 128 
0 11
cob=(7)
cfi=(45)
cfn=(4338)
calls=1 108 
0 3
cob=(7)
cfi=(44)
cfn=(4334)
calls=1 260 
0 184
cob=(7)
cfi=(43)
cfn=(4328)
calls=1 0 
0 12
cob=(7)
cfi=(42)
cfn=(4320)
calls=1 2174 
0 81
cob=(6) /usr/lib/libgcc_s.so.1
cfi=(9) ???
cfn=(4052) 0x0000000000005410
calls=1 0 
0 12
cob=(2)
cfi=(2)
cfn=(4034)
calls=1 0 
0 22
cob=(2)
cfi=(2)
cfn=(4026)
calls=1 0 
0 12
0 20
cob=(7)
cfi=(10)
cfn=(4072)
calls=1 118 
0 39394
cob=(3)
cfi=(3)
cfn=(4062)
calls=1 0 
0 12
cob=(6)
cfi=(6) /usr/src/debug/gcc/gcc/libgcc/config/i386/cpuinfo.c
cfn=(4046) __cpu_indicator_init@GCC_4.8.0
calls=1 60 
0 362
cob=(2)
cfi=(2)
cfn=(4000)
calls=1 0 
0 69
cob=(5) /usr/lib/valgrind/vgpreload_core-amd64-linux.so
cfi=(5) ???
cfn=(3978) 0x00000000000010e0
calls=1 0 
0 12
0 126

fn=(126) 0x0000000000011000
0 189

fn=(138) 0x000000000001c040
0 487

fn=(366) 0x0000000000016640
0 5351

fn=(1124) 0x000000000001aa60
0 48
cfn=(1136) 0x0000000000025310
calls=2 0 
0 26
0 22
cfn=(1020) 0x000000000001b090
calls=2 0 
0 140
0 4
cfn=(1020)
calls=2 0 
0 178
0 22

fn=(122) 0x000000000001b100
0 10

fn=(160) 0x0000000000013180
0 15500

fn=(2692) 0x0000000000012a60
0 33
cfn=(220)
calls=1 0 
0 18
0 21
cfn=(1158) 0x0000000000025510
calls=1 0 
0 13
0 10

fn=(2850)
0 903749
cfn=(2870) 0x00000000000099c0
calls=2881 0 
0 1065094
0 131096

fn=(3178) 0x0000000000024700
0 42

fn=(3394) 0x000000000000b7b0
0 159

fn=(3676)
0 54
cob=(2)
cfi=(2)
cfn=(7272)
calls=2 0 
0 82
cfn=(772) 0x0000000000012a00
calls=1 0 
0 3
0 399
cfn=(1136)
calls=9 0 
0 117
0 54
cfn=(1158)
calls=9 0 
0 156
0 105
cob=(2)
cfi=(2)
cfn=(7274)
calls=2 0 
0 82
cfn=(772)
calls=1 0 
0 3
0 33

fn=(3690) 0x00000000000232c0
0 449

fn=(3702) 0x0000000000023330
0 272
cfn=(3690)
calls=6 0 
0 377
0 24

fn=(3738) 0x0000000000023830
0 265

fn=(3780) 0x000000000000b1a0
0 93
cfn=(890)
calls=3 0 
0 232
0 36
cfn=(890)
calls=3 0 
0 213
0 36

fn=(3904) 0x000000000001d020
0 2

fn=(4652) 0x0000000000010940
0 2615
cfn=(2850)
calls=11 0 
0 9045
0 288
cfn=(2850)
calls=32 0 
0 25176
0 1645
cob=(2)
cfi=(2)
cfn=(3144)
calls=1 0 
0 22
cob=(2)
cfi=(2)
cfn=(3112)
calls=1 0 
0 21
cob=(2)
cfi=(2)
cfn=(3134)
calls=1 0 
0 25
cob=(2)
cfi=(2)
cfn=(3088)
calls=1 0 
0 22
cob=(2)
cfi=(2)
cfn=(3140)
calls=1 0 
0 25
0 15

fn=(234) 0x00000000000184e0
0 28
cfn=(246) 0x0000000000015ff0
calls=1 0 
0 71
0 28
cfn=(272) 0x00000000000169a0
calls=1 0 
0 196
0 96
cfn=(220)
calls=1 0 
0 17
0 7
cfn=(220)
calls=1 0 
0 17
0 15
cfn=(220)
calls=1 0 
0 17
0 10
cfn=(220)
calls=1 0 
0 17
0 11
cfn=(220)
calls=1 0 
0 17
0 8
cfn=(220)
calls=1 0 
0 17
0 14
cfn=(564) 0x0000000000013160
calls=1 0 
0 39
0 12
cfn=(564)
calls=1 0 
0 39
0 9
cfn=(564)
calls=1 0 
0 39
0 10
cfn=(564)
calls=1 0 
0 39
0 11
cfn=(564)
calls=1 0 
0 39
0 10
cfn=(564)
calls=1 0 
0 39
0 16
cfn=(220)
calls=1 0 
0 16
0 4
cfn=(220)
calls=1 0 
0 18
0 11
cfn=(220)
calls=1 0 
0 16
0 4
cfn=(220)
calls=1 0 
0 16
0 12
cfn=(220)
calls=1 0 
0 18
0 37
cfn=(360) 0x00000000000168b0
calls=1 0 
0 456
0 3
cfn=(360)
calls=1 0 
0 523
0 5
cfn=(360)
calls=1 0 
0 473
0 3
cfn=(360)
calls=1 0 
0 465
0 5
cfn=(360)
calls=1 0 
0 446
0 3
cfn=(360)
calls=1 0 
0 448
0 3
cfn=(360)
calls=1 0 
0 498
0 3
cfn=(360)
calls=1 0 
0 488
0 3
cfn=(360)
calls=1 0 
0 490
0 4
cfn=(360)
calls=1 0 
0 513
0 3
cfn=(360)
calls=1 0 
0 515
0 3
cfn=(360)
calls=1 0 
0 516
0 7
cfn=(466)
calls=1 0 
0 225
0 43

fn=(1230) _dl_debug_state
0 4

fn=(1244) 0x000000000001e880
0 30
cfn=(1294)
calls=1 0 
0 2706
0 6
cfn=(1250) 0x0000000000027340
calls=1 0 
0 238
0 8
cfn=(732)
calls=1 0 
0 19
0 11

fn=(1296)
0 14
cfn=(1298) _dl_catch_exception
calls=1 0 
0 2647
0 14

fn=(1942) 0x000000000000b680
0 11
cfn=(1398)
calls=1 0 
0 21
0 7
cfn=(1452)
calls=1 0 
0 6
0 10
cfn=(1734)
calls=1 0 
0 6
0 13
cfn=(1574)
calls=1 0 
0 26
0 3

fn=(1234) 0x0000000000018510
0 5

fn=(1250)
0 238

fn=(2414) 0x000000000001de70
0 10
cfn=(2416) 0x00000000000141d0
calls=1 0 
0 30674
0 5

fn=(2618) 0x000000000001e100
0 14
cfn=(714)
calls=1 0 
0 29
0 5
cfn=(2624) 0x0000000000011c10
calls=1 0 
0 73
0 1
cfn=(2634) 0x0000000000011e10
calls=1 0 
0 234
0 1
cfn=(2662) 0x0000000000012020
calls=1 0 
0 471
0 14
cfn=(2692)
calls=1 0 
0 95
0 6

fn=(2752) 0x0000000000010910
0 144
cfn=(3178)
calls=6 0 
0 36
0 86
cfn=(2756)
calls=6 0 
0 2555033
0 18

fn=(3432) 0x000000000000b5c0
0 10

fn=(3686) 0x00000000000238f0
0 10
cfn=(3702)
calls=1 0 
0 133
0 4
cfn=(718)
calls=1 0 
0 18
0 8
cfn=(3702)
calls=1 0 
0 540
0 11
cfn=(3690)
calls=1 0 
0 72
0 2
cfn=(3738)
calls=1 0 
0 265
0 7

fn=(3760)
0 6

fn=(3818) 0x000000000001b3a0
0 88
cfn=(3824)
calls=1 0 
0 746
0 5
cfn=(3824)
calls=1 0 
0 783
0 5
cfn=(3824)
calls=1 0 
0 844
0 5
cfn=(3824)
calls=1 0 
0 763
0 12

fn=(650) 0x0000000000012a10
0 17

fn=(1020)
0 88
cfn=(1022) 0x000000000001af20
calls=11 0 
0 467
0 6
cfn=(1022)
calls=3 0 
0 192
0 106
cfn=(1060)
calls=6 0 
0 30
0 45

fn=(1394) 0x0000000000005800
0 95
cfn=(1398)
calls=5 0 
0 105
0 55
cfn=(1412) 0x0000000000024530
calls=5 0 
0 30
0 256
cfn=(2180) 0x0000000000024500
calls=1 0 
0 7
0 13

fn=(1900) 0x0000000000006c50
0 96

fn=(1980) 0x0000000000014350
0 772
cfn=(1988) 0x0000000000014260
calls=46 0 
0 3544
0 284
cfn=(1988)
calls=4 0 
0 326
0 200

fn=(772)
0 516

fn=(1304) 0x0000000000008900
0 1187
cfn=(1316)
calls=60 0 
0 6492
0 683
cfn=(890)
calls=28 0 
0 945
0 252
cfn=(1042) 0x0000000000025cb0
calls=5 0 
0 120
0 21
cfn=(1362)
calls=1 0 
0 171
0 15
cfn=(1394)
calls=1 0 
0 105
0 23
cfn=(1448) 0x0000000000007220
calls=1 0 
0 1817
0 72
cfn=(1448)
calls=4 0 
0 8829
0 41
cfn=(628)
calls=4 0 
0 68
0 68
cfn=(1900)
calls=4 0 
0 32
0 44
cfn=(1936) 0x0000000000014a00
calls=4 0 
0 5990
0 72
cfn=(1394)
calls=4 0 
0 456
0 60
cfn=(1900)
calls=4 0 
0 32
0 116
cfn=(1900)
calls=4 0 
0 32
0 64

fn=(1448)
0 155
cfn=(702) 0x000000000000baa0
calls=5 0 
0 1750
0 2191
cfn=(1574)
calls=5 0 
0 140
0 295
cfn=(1158)
calls=5 0 
0 826
0 280
cfn=(1574)
calls=15 0 
0 315
0 45
cfn=(1452)
calls=5 0 
0 30
0 293
cfn=(2180)
calls=1 0 
0 7
0 2274
cfn=(836) 0x0000000000007030
calls=5 0 
0 420
0 408
cfn=(1734)
calls=5 0 
0 30
0 60
cfn=(126)
calls=5 0 
0 135
0 129
cfn=(2142) 0x0000000000011cb0
calls=3 0 
0 33
0 15
cfn=(770) 0x000000000000ba00
calls=5 0 
0 265
0 30
cfn=(1776) 0x0000000000005760
calls=5 0 
0 220
0 21
cfn=(1574)
calls=2 0 
0 42
0 59
cfn=(890)
calls=4 0 
0 125
0 53

fn=(1822) 0x0000000000024210
0 9

fn=(2634)
0 144
cfn=(220)
calls=1 0 
0 18
0 17
cfn=(220)
calls=1 0 
0 18
0 37

fn=(2738) 0x00000000000159b0
0 25

fn=(2870)
0 739188
cfn=(2904) 0x0000000000009840
calls=2874 0 
0 275629
0 29933
cfn=(772)
calls=82 0 
0 246
0 9893
cfn=(714)
calls=1 0 
0 29
0 1260
cfn=(772)
calls=82 0 
0 246
0 4257
cfn=(3394)
calls=2 0 
0 159
0 8
cfn=(714)
calls=2 0 
0 58
0 2334
cfn=(3432)
calls=2 0 
0 10
0 1844

fn=(3658) 0x00000000000126d0
0 43

fn=(3922)
0 6

fn=(3948) 0x0000000000005350
0 33
cfn=(3952)
calls=1 0 
0 41
0 42
cfn=(3952)
calls=6 0 
0 43245
0 24
cfn=(3952)
calls=1 0 
0 84
0 3

fn=(1302) 0x000000000001d700
0 15
cfn=(1304)
calls=1 0 
0 2560
0 4

fn=(1316)
0 1197
cfn=(890)
calls=133 0 
0 4059
0 1638
cfn=(890)
calls=151 0 
0 5391
0 967

fn=(1364)
0 112
cfn=(1042)
calls=14 0 
0 456
0 98

fn=(1412)
0 30

fn=(564)
0 234

fn=(656) 0x000000000001a940
0 369

fn=(718)
0 346
cfn=(1574)
calls=1 0 
0 26
0 7
cfn=(2094) 0x0000000000024760
calls=1 0 
0 5
0 79

fn=(878) 0x0000000000004ee0
0 8
cfn=(220)
calls=1 0 
0 18
0 7

fn=(890)
0 120132

fn=(1136)
0 216

fn=(1222) 0x0000000000011da0
0 6

fn=(1298)
0 294
cfn=(1300) 0x0000000000024960
calls=14 0 
0 336
0 84
cfn=(1878) 0x0000000000003740
calls=13 0 
0 25533
cfn=(1302)
calls=1 0 
0 2579
0 238

fn=(1300)
0 336

fn=(1776)
0 55
cfn=(1778) 0x0000000000003580
calls=5 0 
0 35
0 130

fn=(2410) 0x00000000000022e0
0 13
cfn=(2414)
calls=1 0 
0 30689
0 8

fn=(2624)
0 12
cfn=(220)
calls=1 0 
0 17
0 5
cfn=(220)
calls=1 0 
0 17
0 22

fn=(218) 0x00000000000111c0
0 8
cfn=(220)
calls=1 0 
0 18
0 6

fn=(272)
0 196

fn=(714)
0 286
cfn=(1574)
calls=2 0 
0 52
0 14
cfn=(2094)
calls=2 0 
0 50
0 267

fn=(996) 0x000000000001ab00
0 18
cfn=(998)
calls=1 0 
0 36
0 8
cfn=(1020)
calls=1 0 
0 20
0 24
cfn=(1020)
calls=2 0 
0 140
0 2
cfn=(1020)
calls=1 0 
0 158
0 12
cfn=(718)
calls=1 0 
0 18
0 13
cfn=(1022)
calls=1 0 
0 7
0 40
cfn=(1020)
calls=2 0 
0 140
0 2
cfn=(1020)
calls=1 0 
0 158
0 39
cfn=(1100) 0x0000000000025040
calls=1 0 
0 19
0 30
cfn=(718)
calls=1 0 
0 18
0 14
cfn=(1124)
calls=1 0 
0 46
0 5
cfn=(1124)
calls=1 0 
0 394
0 17

fn=(1100)
0 19

fn=(2142)
0 33

fn=(2234) 0x0000000000024590
0 125

fn=(8236) 0x0000000000001f70
0 148
cob=(6)
cfi=(138) /usr/src/debug/gcc/gcc/libgcc/unwind-dw2-fde.c
cfn=(8384) release_registered_frames
calls=1 58 
0 42
cob=(3)
cfi=(3)
cfn=(8354)
calls=1 0 
0 42
cob=(7)
cfi=(43)
cfn=(8302)
calls=1 0 
0 1601
cob=(5)
cfi=(5)
cfn=(8286) 0x0000000000001090
calls=1 0 
0 116
cob=(8)
cfi=(55)
cfn=(8244)
calls=1 0 
0 116
0 2
cob=(6)
cfi=(9)
cfn=(8388) 0x00000000000053c0
calls=1 0 
0 116
cob=(3)
cfi=(3)
cfn=(8368)
calls=1 0 
0 116
0 82
cob=(4)
cfi=(4)
cfn=(8402)
calls=1 0 
0 4
cob=(4)
cfi=(4)
cfn=(8382)
calls=1 0 
0 4
cob=(4)
cfi=(4)
cfn=(8352)
calls=1 0 
0 4
cob=(4)
cfi=(4)
cfn=(8300)
calls=1 0 
0 4
cob=(4)
cfi=(4)
cfn=(8274)
calls=1 0 
0 4
0 12

fn=(360)
0 372
cfn=(366)
calls=12 0 
0 4044
0 84
cfn=(366)
calls=12 0 
0 1307
0 24

fn=(702)
0 117
cfn=(628)
calls=5 0 
0 103
0 45
cfn=(714)
calls=5 0 
0 250
0 3
cfn=(714)
calls=1 0 
0 35
0 84
cfn=(732)
calls=6 0 
0 77
0 412
cfn=(628)
calls=5 0 
0 175
0 55
cfn=(1136)
calls=5 0 
0 73
0 477
cfn=(718)
calls=5 0 
0 90
0 40

fn=(1022)
0 291
cfn=(1042)
calls=9 0 
0 216
0 90
cfn=(628)
calls=3 0 
0 51
0 18

fn=(1158)
0 1009

fn=(2324) 0x00000000000111f0
0 300
cfn=(2342)
calls=14 0 
0 513
0 102
cfn=(732)
calls=2 0 
0 38
0 2

fn=(2416)
0 56
cfn=(2424)
calls=7 0 
0 30583
0 35

fn=(3208) 0x0000000000012720
0 81

fn=(4650)
0 1092
cfn=(4652)
calls=42 0 
0 38281
0 630

fn=(4651)
0 26
cfn=(4652)
calls=1 0 
0 618
0 15

fn=(770)
0 54
cfn=(772)
calls=6 0 
0 18
0 229

fn=(1178) 0x00000000000035d0
0 32

fn=(1378) 0x00000000000274c0
0 72
cfn=(628)
calls=4 0 
0 140
0 12
cfn=(718)
calls=4 0 
0 72
0 36

fn=(1988)
0 3870

fn=(7252)
0 6
cfn=(2674)
calls=1 0 
0 287
0 4
cfn=(3676)
calls=1 0 
0 387

fn=(8194)
0 23
cob=(2)
cfi=(2)
cfn=(7272)
calls=1 0 
0 41
0 34
cfn=(3912)
calls=1 0 
0 9
0 123
cfn=(2324)
calls=1 0 
0 511
0 2
cob=(2)
cfi=(2)
cfn=(7274)
calls=1 0 
0 41
0 91
cfn=(8236)
calls=7 0 
0 2413
0 14
cfn=(8278)
calls=7 0 
0 35
0 33
cfn=(3912)
calls=1 0 
0 9
0 2

fn=(0) 0x000000000001d5c0
0 2
cfn=(2) 0x000000000001e1d0
calls=1 0 
0 2654540
0 8
cfn=(3942) 0x0000000000015930
calls=1 0 
0 4
0 10
cfn=(3948)
calls=1 0 
0 43472
0 3
cob=(8)
cfi=(55)
cfn=(4602)
calls=1 0 
0 1836995928

fn=(246)
0 71

fn=(836)
0 474

fn=(1778)
0 42

fn=(1846) 0x0000000000003790
0 187
cfn=(718)
calls=5 0 
0 90
0 40
cfn=(732)
calls=5 0 
0 63
0 30
cfn=(732)
calls=5 0 
0 63
0 555
cfn=(1364)
calls=13 0 
0 603
0 104
cfn=(1298)
calls=13 0 
0 26417
0 1233
cfn=(718)
calls=1 0 
0 18
0 122
cfn=(2324)
calls=1 0 
0 444
0 86
cfn=(2234)
calls=5 0 
0 125
0 24
cfn=(732)
calls=1 0 
0 19
0 5

fn=(2094)
0 27
cfn=(220)
calls=1 0 
0 18
0 10

fn=(2180)
0 14

fn=(2)
0 563
cfn=(122)
calls=1 0 
0 10
0 8
cfn=(126)
calls=1 0 
0 27
0 8
cfn=(136) 0x000000000001cf60
calls=1 0 
0 2653901
0 23

fn=(4616)
0 5

fn=(136)
0 9
cfn=(138)
calls=1 0 
0 487
0 2
cfn=(160)
calls=1 0 
0 15500
0 1
cfn=(218)
calls=1 0 
0 32
0 2
cfn=(226)
calls=1 0 
0 8
0 1
cfn=(234)
calls=1 0 
0 7184
0 4
cfn=(628)
calls=1 0 
0 17
0 3
cfn=(636)
calls=1 0 
0 13
0 11
cfn=(648) 0x000000000001e9a0
calls=1 0 
0 2630623
0 4

fn=(220)
0 695

fn=(648)
0 22
cfn=(650)
calls=1 0 
0 17
0 11
cfn=(656)
calls=1 0 
0 363
0 2
cfn=(656)
calls=1 0 
0 6
0 84
cfn=(702)
calls=1 0 
0 286
0 13
cfn=(770)
calls=1 0 
0 36
0 289
cfn=(836)
calls=1 0 
0 54
0 154
cfn=(878)
calls=1 0 
0 33
0 13
cfn=(890)
calls=1 0 
0 43
0 326
cfn=(126)
calls=1 0 
0 27
0 10
cfn=(994) 0x0000000000006cc0
calls=1 0 
0 1508
0 3
cfn=(1178)
calls=1 0 
0 32
0 48
cfn=(1222)
calls=1 0 
0 6
0 10
cfn=(1230)
calls=1 0 
0 2
0 4
cfn=(1234)
calls=1 0 
0 5
0 10
cfn=(1822)
calls=1 0 
0 9
0 21
cfn=(1846)
calls=1 0 
0 30228
0 127
cfn=(2410)
calls=1 0 
0 30710
0 133
cfn=(2738)
calls=1 0 
0 25
0 17
cfn=(2752)
calls=1 0 
0 83300
0 137
cfn=(2752)
calls=7 0 
0 2472017
0 32
cfn=(3208)
calls=3 0 
0 81
0 14
cfn=(3658)
calls=1 0 
0 43
0 10
cfn=(3676)
calls=1 0 
0 314
0 6
cfn=(3686)
calls=1 0 
0 1070
0 12
cfn=(2756)
calls=1 0 
0 260
0 6
cfn=(3766)
calls=1 0 
0 579
0 2
cfn=(3818)
calls=1 0 
0 3251
0 2
cfn=(3172) 0x000000000000dff0
calls=1 0 
0 35
0 3
cfn=(3852) 0x0000000000001f00
calls=1 0 
0 582
0 1
cfn=(3904)
calls=1 0 
0 2
0 2
cfn=(1778)
calls=1 0 
0 7
0 3
cfn=(1230)
calls=1 0 
0 2
0 4
cfn=(3912)
calls=1 0 
0 9
0 1
cfn=(3918)
calls=1 0 
0 19
0 111
cfn=(2618)
calls=1 0 
0 943
0 23
cfn=(1244)
calls=1 0 
0 3018
0 35

fn=(994)
0 14
cfn=(996)
calls=1 0 
0 1378
0 3
cfn=(718)
calls=1 0 
0 18
0 12
cfn=(718)
calls=1 0 
0 18
0 21
cfn=(1158)
calls=1 0 
0 14
0 30

fn=(1042)
0 792

fn=(1878)
0 234
cfn=(1304)
calls=13 0 
0 25247
0 52

fn=(1936)
0 85
cfn=(1980)
calls=4 0 
0 5126
0 28
cfn=(628)
calls=4 0 
0 140
0 68
cfn=(732)
calls=4 0 
0 44
0 8
cfn=(1378)
calls=4 0 
0 332
0 17
cfn=(1942)
calls=1 0 
0 103
0 39

fn=(2582)
0 32

fn=(2662)
0 11
cfn=(718)
calls=1 0 
0 85
0 318
cfn=(2674)
calls=1 0 
0 49
0 8

fn=(2904)
0 71160
cfn=(890)
calls=368 0 
0 21454
0 84321
cfn=(890)
calls=2838 0 
0 84492
0 14202

fn=(3172)
0 24
cfn=(3178)
calls=1 0 
0 6
0 5

fn=(3768)
0 136
cfn=(3780)
calls=3 0 
0 610
0 42

fn=(3852)
0 14
cfn=(3768)
calls=1 0 
0 253
0 12
cob=(2)
cfi=(2)
cfn=(3862)
calls=1 0 
0 303

fn=(3942)
0 4

fn=(8330)
0 24

ob=(5)
fl=(5)
fn=(3978)
0 12

fn=(8286)
0 9
cob=(2)
cfi=(2)
cfn=(8250)
calls=1 0 
0 98
0 1
cfn=(8294) 0x0000000000001020
calls=1 0 
0 5
0 3

fn=(8294)
0 5

ob=(6)
fl=(138)
fn=(8384)
58 2
+3 1
-3 1
+3 1
cfi=(139) /usr/src/debug/gcc/gcc/libgcc/unwind-dw2-btree.h
cfn=(8386) btree_destroy
calls=1 354 
* 16
+1 2
cfi=(139)
cfn=(8386)
calls=1 354 
* 16
+1 1
+1 2

fl=(9)
fn=(4052)
0 12

fn=(8388)
0 9
cob=(2)
cfi=(2)
cfn=(8250)
calls=1 0 
0 98
0 1
cfn=(8396) 0x0000000000005350
calls=1 0 
0 5
0 3

fn=(8396)
0 5

fl=(6)
fn=(4046)
60 1
fi=(8) /usr/src/debug/gcc/gcc/libgcc/../gcc/common/config/i386/cpuinfo.h
1123 4
fe=(6)
60 1
fi=(7) /usr/src/debug/gcc/gcc-build/gcc/include/cpuid.h
309 1
fe=(6)
60 6
fi=(7)
309 1
+21 2
+3 4
fi=(8)
1136 2
fi=(7)
309 2
+21 2
+3 3
fi=(8)
1150 1
+1 1
fi=(7)
333 1
fi=(8)
1150 1
+1 1
-1 1
+1 1
-1 1
+2 1
+1 1
-2 1
+2 1
-1 1
+1 1
744 1
1152 1
744 1
1152 1
744 2
+24 2
92 1
770 2
92 1
772 2
92 1
774 2
92 1
+9 1
776 2
+2 2
+3 2
92 1
783 3
92 1
785 2
92 1
787 2
92 1
789 2
92 1
791 2
92 1
793 2
92 1
795 2
+2 2
+2 2
+2 2
92 1
803 2
+2 2
+2 2
+2 2
92 1
811 2
92 1
813 2
+5 2
+4 5
+1 2
92 1
825 2
+2 2
+2 2
+2 2
+2 2
92 1
835 2
+2 2
+3 2
92 1
842 2
+2 2
+2 2
+2 2
+2 2
+2 2
+3 2
+2 2
+2 2
+2 2
+2 2
+2 2
+2 2
+2 2
+2 2
+4 2
+2 2
+2 2
+2 2
+2 2
+2 2
+9 2
+30 2
+58 2
+2 3
+1 2
+2 2
+2 2
+5 2
+63 3
+4 2
+2 2
+2 2
+2 2
+2 3
+2 2
+2 2
+2 2
+2 2
+2 2
+3 2
+2 2
+2 2
+3 2
+2 2
+2 2
+5 2
+2 3
+1 2
+2 2
75 1
1159 2
+16 1
75 1
1216 2
66 1
1217 2
fe=(6)
64 7
fi=(8)
750 2
+3 4
+7 5
+2 1
-1 3
1162 2
+5 2
+8 2
101 1
+2 1
-2 1
+2 1
-2 1
+2 1
-2 1
+2 1
-2 1
+2 1
-2 1
+2 1
-2 1
+2 1
742 2
1222 1
101 1
1222 3
+1 4
101 4
1232 4
+1 3
101 8
1124 2
+44 2
348 11
+99 2
+2 1
757 2
-2 1
+2 4
101 1
+2 1
-2 1
+2 1
-2 1
+2 1
-2 1
+2 1
-2 1
+2 1
-2 1
+2 1
fe=(6)

fl=(139)
fn=(8386)
354 2
+3 2
-3 8
+3 2
+1 4
+4 6
+6 8

totals: 8908439626
